type=DAEMON_START msg=audit(1720285231.298:6020): op=start ver=3.0.9 format=enriched kernel=6.6.36-amd64-vyos auid=4294967295 pid=935 uid=0 ses=4294967295 res=successAUID="unset" UID="root"
type=CONFIG_CHANGE msg=audit(1720285231.597:3): op=set audit_backlog_limit=8192 old=64 auid=4294967295 ses=4294967295 res=1AUID="unset"
type=SYSCALL msg=audit(1720285231.597:3): arch=c000003e syscall=44 success=yes exit=60 a0=3 a1=7ffeb7ced1c0 a2=3c a3=0 items=0 ppid=939 pid=965 auid=4294967295 uid=0 gid=0 euid=0 suid=0 fsuid=0 egid=0 sgid=0 fsgid=0 tty=(none) ses=4294967295 comm="auditctl" exe="/usr/sbin/auditctl" key=(null)ARCH=x86_64 SYSCALL=sendto AUID="unset" UID="root" GID="root" EUID="root" SUID="root" FSUID="root" EGID="root" SGID="root" FSGID="root"
type=PROCTITLE msg=audit(1720285231.597:3): proctitle=2F7362696E2F617564697463746C002D52002F6574632F61756469742F61756469742E72756C6573
type=CONFIG_CHANGE msg=audit(1720285231.597:4): op=set audit_failure=1 old=1 auid=4294967295 ses=4294967295 res=1AUID="unset"
type=SYSCALL msg=audit(1720285231.597:4): arch=c000003e syscall=44 success=yes exit=60 a0=3 a1=7ffeb7ced1c0 a2=3c a3=0 items=0 ppid=939 pid=965 auid=4294967295 uid=0 gid=0 euid=0 suid=0 fsuid=0 egid=0 sgid=0 fsgid=0 tty=(none) ses=4294967295 comm="auditctl" exe="/usr/sbin/auditctl" key=(null)ARCH=x86_64 SYSCALL=sendto AUID="unset" UID="root" GID="root" EUID="root" SUID="root" FSUID="root" EGID="root" SGID="root" FSGID="root"
type=PROCTITLE msg=audit(1720285231.597:4): proctitle=2F7362696E2F617564697463746C002D52002F6574632F61756469742F61756469742E72756C6573
type=CONFIG_CHANGE msg=audit(1720285231.598:5): op=set audit_backlog_wait_time=60000 old=60000 auid=4294967295 ses=4294967295 res=1AUID="unset"
type=SYSCALL msg=audit(1720285231.598:5): arch=c000003e syscall=44 success=yes exit=60 a0=3 a1=7ffeb7ced1c0 a2=3c a3=0 items=0 ppid=939 pid=965 auid=4294967295 uid=0 gid=0 euid=0 suid=0 fsuid=0 egid=0 sgid=0 fsgid=0 tty=(none) ses=4294967295 comm="auditctl" exe="/usr/sbin/auditctl" key=(null)ARCH=x86_64 SYSCALL=sendto AUID="unset" UID="root" GID="root" EUID="root" SUID="root" FSUID="root" EGID="root" SGID="root" FSGID="root"
type=PROCTITLE msg=audit(1720285231.598:5): proctitle=2F7362696E2F617564697463746C002D52002F6574632F61756469742F61756469742E72756C6573
type=SERVICE_START msg=audit(1720285231.601:6): pid=1 uid=0 auid=4294967295 ses=4294967295 msg='unit=auditd comm="systemd" exe="/usr/lib/systemd/systemd" hostname=? addr=? terminal=? res=success'UID="root" AUID="unset"
type=SYSTEM_BOOT msg=audit(1720285231.651:7): pid=976 uid=0 auid=4294967295 ses=4294967295 msg=' comm="systemd-update-utmp" exe="/usr/lib/systemd/systemd-update-utmp" hostname=? addr=? terminal=? res=success'UID="root" AUID="unset"
type=SERVICE_START msg=audit(1720285231.660:8): pid=1 uid=0 auid=4294967295 ses=4294967295 msg='unit=systemd-update-utmp comm="systemd" exe="/usr/lib/systemd/systemd" hostname=? addr=? terminal=? res=success'UID="root" AUID="unset"
type=SERVICE_START msg=audit(1720285235.835:9): pid=1 uid=0 auid=4294967295 ses=4294967295 msg='unit=live-config comm="systemd" exe="/usr/lib/systemd/systemd" hostname=? addr=? terminal=? res=success'UID="root" AUID="unset"
type=SERVICE_START msg=audit(1720285235.851:10): pid=1 uid=0 auid=4294967295 ses=4294967295 msg='unit=acpid comm="systemd" exe="/usr/lib/systemd/systemd" hostname=? addr=? terminal=? res=success'UID="root" AUID="unset"
type=SERVICE_START msg=audit(1720285235.876:11): pid=1 uid=0 auid=4294967295 ses=4294967295 msg='unit=cron comm="systemd" exe="/usr/lib/systemd/systemd" hostname=? addr=? terminal=? res=success'UID="root" AUID="unset"
type=BPF msg=audit(1720285235.902:12): prog-id=9 op=LOAD
type=BPF msg=audit(1720285235.902:13): prog-id=10 op=LOAD
type=BPF msg=audit(1720285235.902:14): prog-id=11 op=LOAD
type=SERVICE_START msg=audit(1720285235.908:15): pid=1 uid=0 auid=4294967295 ses=4294967295 msg='unit=atd comm="systemd" exe="/usr/lib/systemd/systemd" hostname=? addr=? terminal=? res=success'UID="root" AUID="unset"
type=SERVICE_START msg=audit(1720285235.940:16): pid=1 uid=0 auid=4294967295 ses=4294967295 msg='unit=atopacct comm="systemd" exe="/usr/lib/systemd/systemd" hostname=? addr=? terminal=? res=success'UID="root" AUID="unset"
type=SERVICE_START msg=audit(1720285235.940:17): pid=1 uid=0 auid=4294967295 ses=4294967295 msg='unit=podman comm="systemd" exe="/usr/lib/systemd/systemd" hostname=? addr=? terminal=? res=success'UID="root" AUID="unset"
type=SERVICE_START msg=audit(1720285235.959:18): pid=1 uid=0 auid=4294967295 ses=4294967295 msg='unit=atop comm="systemd" exe="/usr/lib/systemd/systemd" hostname=? addr=? terminal=? res=success'UID="root" AUID="unset"
type=SERVICE_START msg=audit(1720285236.201:19): pid=1 uid=0 auid=4294967295 ses=4294967295 msg='unit=e2scrub_reap comm="systemd" exe="/usr/lib/systemd/systemd" hostname=? addr=? terminal=? res=success'UID="root" AUID="unset"
type=SERVICE_STOP msg=audit(1720285236.201:20): pid=1 uid=0 auid=4294967295 ses=4294967295 msg='unit=e2scrub_reap comm="systemd" exe="/usr/lib/systemd/systemd" hostname=? addr=? terminal=? res=success'UID="root" AUID="unset"
type=SERVICE_START msg=audit(1720285236.406:21): pid=1 uid=0 auid=4294967295 ses=4294967295 msg='unit=rsyslog comm="systemd" exe="/usr/lib/systemd/systemd" hostname=? addr=? terminal=? res=success'UID="root" AUID="unset"
type=SERVICE_START msg=audit(1720285236.412:22): pid=1 uid=0 auid=4294967295 ses=4294967295 msg='unit=dbus comm="systemd" exe="/usr/lib/systemd/systemd" hostname=? addr=? terminal=? res=success'UID="root" AUID="unset"
type=SERVICE_START msg=audit(1720285236.418:23): pid=1 uid=0 auid=4294967295 ses=4294967295 msg='unit=systemd-logind comm="systemd" exe="/usr/lib/systemd/systemd" hostname=? addr=? terminal=? res=success'UID="root" AUID="unset"
type=SERVICE_START msg=audit(1720285236.455:24): pid=1 uid=0 auid=4294967295 ses=4294967295 msg='unit=vyos-grub-update comm="systemd" exe="/usr/lib/systemd/systemd" hostname=? addr=? terminal=? res=success'UID="root" AUID="unset"
type=SERVICE_STOP msg=audit(1720285236.455:25): pid=1 uid=0 auid=4294967295 ses=4294967295 msg='unit=vyos-grub-update comm="systemd" exe="/usr/lib/systemd/systemd" hostname=? addr=? terminal=? res=success'UID="root" AUID="unset"
type=SERVICE_START msg=audit(1720285236.467:26): pid=1 uid=0 auid=4294967295 ses=4294967295 msg='unit=vyos-router comm="systemd" exe="/usr/lib/systemd/systemd" hostname=? addr=? terminal=? res=success'UID="root" AUID="unset"
type=SERVICE_START msg=audit(1720285236.523:27): pid=1 uid=0 auid=4294967295 ses=4294967295 msg='unit=systemd-user-sessions comm="systemd" exe="/usr/lib/systemd/systemd" hostname=? addr=? terminal=? res=success'UID="root" AUID="unset"
type=SERVICE_START msg=audit(1720285236.527:28): pid=1 uid=0 auid=4294967295 ses=4294967295 msg='unit=getty@tty1 comm="systemd" exe="/usr/lib/systemd/systemd" hostname=? addr=? terminal=? res=success'UID="root" AUID="unset"
type=SERVICE_START msg=audit(1720285236.611:29): pid=1 uid=0 auid=4294967295 ses=4294967295 msg='unit=netplug comm="systemd" exe="/usr/lib/systemd/systemd" hostname=? addr=? terminal=? res=success'UID="root" AUID="unset"
type=SERVICE_START msg=audit(1720285238.028:30): pid=1 uid=0 auid=4294967295 ses=4294967295 msg='unit=podman-clean-transient comm="systemd" exe="/usr/lib/systemd/systemd" hostname=? addr=? terminal=? res=success'UID="root" AUID="unset"
type=SERVICE_STOP msg=audit(1720285238.028:31): pid=1 uid=0 auid=4294967295 ses=4294967295 msg='unit=podman-clean-transient comm="systemd" exe="/usr/lib/systemd/systemd" hostname=? addr=? terminal=? res=success'UID="root" AUID="unset"
type=SYSTEM_RUNLEVEL msg=audit(1720285238.041:32): pid=1581 uid=0 auid=4294967295 ses=4294967295 msg='old-level=N new-level=3 comm="systemd-update-utmp" exe="/usr/lib/systemd/systemd-update-utmp" hostname=? addr=? terminal=? res=success'UID="root" AUID="unset"
type=SERVICE_START msg=audit(1720285238.049:33): pid=1 uid=0 auid=4294967295 ses=4294967295 msg='unit=systemd-update-utmp-runlevel comm="systemd" exe="/usr/lib/systemd/systemd" hostname=? addr=? terminal=? res=success'UID="root" AUID="unset"
type=SERVICE_STOP msg=audit(1720285238.049:34): pid=1 uid=0 auid=4294967295 ses=4294967295 msg='unit=systemd-update-utmp-runlevel comm="systemd" exe="/usr/lib/systemd/systemd" hostname=? addr=? terminal=? res=success'UID="root" AUID="unset"
type=NETFILTER_CFG msg=audit(1720285238.292:35): table=vrf_zones:2 family=1 entries=4 op=nft_register_chain pid=1618 comm="nft"
type=NETFILTER_CFG msg=audit(1720285238.292:35): table=raw:2 family=10 entries=7 op=nft_register_chain pid=1618 comm="nft"
type=NETFILTER_CFG msg=audit(1720285238.292:35): table=raw:2 family=2 entries=7 op=nft_register_chain pid=1618 comm="nft"
type=NETFILTER_CFG msg=audit(1720285238.292:35): table=mangle:2 family=1 entries=2 op=nft_register_chain pid=1618 comm="nft"
type=NETFILTER_CFG msg=audit(1720285238.292:35): table=nat:2 family=2 entries=3 op=nft_register_chain pid=1618 comm="nft"
type=SYSCALL msg=audit(1720285238.292:35): arch=c000003e syscall=46 success=yes exit=2036 a0=3 a1=7ffd138de700 a2=0 a3=7fd525db8680 items=0 ppid=1424 pid=1618 auid=4294967295 uid=0 gid=0 euid=0 suid=0 fsuid=0 egid=0 sgid=0 fsgid=0 tty=(none) ses=4294967295 comm="nft" exe="/usr/sbin/nft" key=(null)ARCH=x86_64 SYSCALL=sendmsg AUID="unset" UID="root" GID="root" EUID="root" SUID="root" FSUID="root" EGID="root" SGID="root" FSGID="root"
type=PROCTITLE msg=audit(1720285238.292:35): proctitle=6E6674002D2D66696C65002F7573722F73686172652F76796F732F76796F732D6669726577616C6C2D696E69742E636F6E66
type=BPF msg=audit(1720285239.105:36): prog-id=12 op=LOAD
type=BPF msg=audit(1720285239.105:37): prog-id=8 op=UNLOAD
type=BPF msg=audit(1720285239.107:38): prog-id=13 op=LOAD
type=BPF msg=audit(1720285239.107:39): prog-id=9 op=UNLOAD
type=BPF msg=audit(1720285239.107:40): prog-id=14 op=LOAD
type=BPF msg=audit(1720285239.107:41): prog-id=15 op=LOAD
type=BPF msg=audit(1720285239.107:42): prog-id=10 op=UNLOAD
type=BPF msg=audit(1720285239.107:43): prog-id=11 op=UNLOAD
type=BPF msg=audit(1720285239.110:44): prog-id=16 op=LOAD
type=BPF msg=audit(1720285239.110:45): prog-id=17 op=LOAD
type=BPF msg=audit(1720285239.110:46): prog-id=6 op=UNLOAD
type=BPF msg=audit(1720285239.110:47): prog-id=7 op=UNLOAD
type=BPF msg=audit(1720285239.111:48): prog-id=18 op=LOAD
type=BPF msg=audit(1720285239.111:49): prog-id=3 op=UNLOAD
type=BPF msg=audit(1720285239.111:50): prog-id=19 op=LOAD
type=BPF msg=audit(1720285239.111:51): prog-id=20 op=LOAD
type=BPF msg=audit(1720285239.112:52): prog-id=4 op=UNLOAD
type=BPF msg=audit(1720285239.112:53): prog-id=5 op=UNLOAD
type=BPF msg=audit(1720285239.687:54): prog-id=21 op=LOAD
type=BPF msg=audit(1720285239.687:55): prog-id=12 op=UNLOAD
type=BPF msg=audit(1720285239.689:56): prog-id=22 op=LOAD
type=BPF msg=audit(1720285239.689:57): prog-id=13 op=UNLOAD
type=BPF msg=audit(1720285239.689:58): prog-id=23 op=LOAD
type=BPF msg=audit(1720285239.689:59): prog-id=24 op=LOAD
type=BPF msg=audit(1720285239.689:60): prog-id=14 op=UNLOAD
type=BPF msg=audit(1720285239.689:61): prog-id=15 op=UNLOAD
type=BPF msg=audit(1720285239.692:62): prog-id=25 op=LOAD
type=BPF msg=audit(1720285239.692:63): prog-id=26 op=LOAD
type=BPF msg=audit(1720285239.692:64): prog-id=16 op=UNLOAD
type=BPF msg=audit(1720285239.692:65): prog-id=17 op=UNLOAD
type=BPF msg=audit(1720285239.693:66): prog-id=27 op=LOAD
type=BPF msg=audit(1720285239.693:67): prog-id=18 op=UNLOAD
type=BPF msg=audit(1720285239.693:68): prog-id=28 op=LOAD
type=BPF msg=audit(1720285239.693:69): prog-id=29 op=LOAD
type=BPF msg=audit(1720285239.693:70): prog-id=19 op=UNLOAD
type=BPF msg=audit(1720285239.693:71): prog-id=20 op=UNLOAD
type=BPF msg=audit(1720285239.981:72): prog-id=30 op=LOAD
type=BPF msg=audit(1720285239.981:73): prog-id=21 op=UNLOAD
type=BPF msg=audit(1720285239.982:74): prog-id=31 op=LOAD
type=BPF msg=audit(1720285239.982:75): prog-id=22 op=UNLOAD
type=BPF msg=audit(1720285239.982:76): prog-id=32 op=LOAD
type=BPF msg=audit(1720285239.983:77): prog-id=33 op=LOAD
type=BPF msg=audit(1720285239.983:78): prog-id=23 op=UNLOAD
type=BPF msg=audit(1720285239.983:79): prog-id=24 op=UNLOAD
type=BPF msg=audit(1720285239.985:80): prog-id=34 op=LOAD
type=BPF msg=audit(1720285239.985:81): prog-id=35 op=LOAD
type=BPF msg=audit(1720285239.985:82): prog-id=25 op=UNLOAD
type=BPF msg=audit(1720285239.985:83): prog-id=26 op=UNLOAD
type=BPF msg=audit(1720285239.987:84): prog-id=36 op=LOAD
type=BPF msg=audit(1720285239.987:85): prog-id=27 op=UNLOAD
type=BPF msg=audit(1720285239.987:86): prog-id=37 op=LOAD
type=BPF msg=audit(1720285239.987:87): prog-id=38 op=LOAD
type=BPF msg=audit(1720285239.987:88): prog-id=28 op=UNLOAD
type=BPF msg=audit(1720285239.987:89): prog-id=29 op=UNLOAD
type=BPF msg=audit(1720285240.021:90): prog-id=39 op=LOAD
type=BPF msg=audit(1720285240.021:91): prog-id=40 op=LOAD
type=BPF msg=audit(1720285240.021:92): prog-id=41 op=LOAD
type=SERVICE_START msg=audit(1720285240.079:93): pid=1 uid=0 auid=4294967295 ses=4294967295 msg='unit=systemd-localed comm="systemd" exe="/usr/lib/systemd/systemd" hostname=? addr=? terminal=? res=success'UID="root" AUID="unset"
type=NETFILTER_CFG msg=audit(1720285240.745:94): table=vyos_conntrack:3 family=10 entries=23 op=nft_register_chain pid=1766 comm="nft"
type=NETFILTER_CFG msg=audit(1720285240.745:94): table=vyos_conntrack:3 family=2 entries=26 op=nft_register_chain pid=1766 comm="nft"
type=SYSCALL msg=audit(1720285240.745:94): arch=c000003e syscall=46 success=yes exit=5184 a0=3 a1=7ffd50b928f0 a2=0 a3=7f2dec3b7680 items=0 ppid=1763 pid=1766 auid=4294967295 uid=0 gid=0 euid=0 suid=0 fsuid=0 egid=0 sgid=0 fsgid=0 tty=(none) ses=4294967295 comm="nft" exe="/usr/sbin/nft" key=(null)ARCH=x86_64 SYSCALL=sendmsg AUID="unset" UID="root" GID="root" EUID="root" SUID="root" FSUID="root" EGID="root" SGID="root" FSGID="root"
type=PROCTITLE msg=audit(1720285240.745:94): proctitle=6E6674002D2D66696C65002F72756E2F6E667461626C65732D63742E636F6E66
type=BPF msg=audit(1720285241.177:95): prog-id=42 op=LOAD
type=BPF msg=audit(1720285241.177:96): prog-id=30 op=UNLOAD
type=BPF msg=audit(1720285241.179:97): prog-id=43 op=LOAD
type=BPF msg=audit(1720285241.179:98): prog-id=31 op=UNLOAD
type=BPF msg=audit(1720285241.179:99): prog-id=44 op=LOAD
type=BPF msg=audit(1720285241.179:100): prog-id=45 op=LOAD
type=BPF msg=audit(1720285241.179:101): prog-id=32 op=UNLOAD
type=BPF msg=audit(1720285241.179:102): prog-id=33 op=UNLOAD
type=BPF msg=audit(1720285241.182:103): prog-id=46 op=LOAD
type=BPF msg=audit(1720285241.182:104): prog-id=47 op=LOAD
type=BPF msg=audit(1720285241.182:105): prog-id=34 op=UNLOAD
type=BPF msg=audit(1720285241.182:106): prog-id=35 op=UNLOAD
type=BPF msg=audit(1720285241.184:107): prog-id=48 op=LOAD
type=BPF msg=audit(1720285241.184:108): prog-id=36 op=UNLOAD
type=BPF msg=audit(1720285241.184:109): prog-id=49 op=LOAD
type=BPF msg=audit(1720285241.184:110): prog-id=50 op=LOAD
type=BPF msg=audit(1720285241.184:111): prog-id=37 op=UNLOAD
type=BPF msg=audit(1720285241.184:112): prog-id=38 op=UNLOAD
type=BPF msg=audit(1720285241.185:113): prog-id=51 op=LOAD
type=BPF msg=audit(1720285241.185:114): prog-id=39 op=UNLOAD
type=BPF msg=audit(1720285241.185:115): prog-id=52 op=LOAD
type=BPF msg=audit(1720285241.185:116): prog-id=53 op=LOAD
type=BPF msg=audit(1720285241.185:117): prog-id=40 op=UNLOAD
type=BPF msg=audit(1720285241.185:118): prog-id=41 op=UNLOAD
type=BPF msg=audit(1720285241.357:119): prog-id=54 op=LOAD
type=BPF msg=audit(1720285241.357:120): prog-id=55 op=LOAD
type=BPF msg=audit(1720285241.357:121): prog-id=56 op=LOAD
type=SERVICE_START msg=audit(1720285241.418:122): pid=1 uid=0 auid=4294967295 ses=4294967295 msg='unit=systemd-hostnamed comm="systemd" exe="/usr/lib/systemd/systemd" hostname=? addr=? terminal=? res=success'UID="root" AUID="unset"
type=USER_AUTH msg=audit(1720285242.482:123): pid=1912 uid=0 auid=4294967295 ses=4294967295 msg='op=PAM:authentication grantors=pam_permit acct="root" exe="/usr/bin/vtysh" hostname=? addr=? terminal=? res=success'UID="root" AUID="unset"
type=USER_ACCT msg=audit(1720285242.482:124): pid=1912 uid=0 auid=4294967295 ses=4294967295 msg='op=PAM:accounting grantors=pam_permit acct="root" exe="/usr/bin/vtysh" hostname=? addr=? terminal=? res=success'UID="root" AUID="unset"
type=SERVICE_START msg=audit(1720285242.520:125): pid=1 uid=0 auid=4294967295 ses=4294967295 msg='unit=frr comm="systemd" exe="/usr/lib/systemd/systemd" hostname=? addr=? terminal=? res=success'UID="root" AUID="unset"
type=SERVICE_STOP msg=audit(1720285243.058:126): pid=1 uid=0 auid=4294967295 ses=4294967295 msg='unit=podman comm="systemd" exe="/usr/lib/systemd/systemd" hostname=? addr=? terminal=? res=success'UID="root" AUID="unset"
type=USER_ACCT msg=audit(1720285243.693:127): pid=2017 uid=0 auid=4294967295 ses=4294967295 msg='op=PAM:accounting grantors=pam_permit acct="root" exe="/usr/bin/sudo" hostname=? addr=? terminal=? res=success'UID="root" AUID="unset"
type=USER_CMD msg=audit(1720285243.693:128): pid=2017 uid=0 auid=4294967295 ses=4294967295 msg='cwd="/" cmd=7368202D63202F7573722F7362696E2F76797368696D202F7573722F6C6962657865632F76796F732F636F6E665F6D6F64652F73797374656D5F686F73742D6E616D652E7079 exe="/usr/bin/sudo" terminal=? res=success'UID="root" AUID="unset"
type=CRED_REFR msg=audit(1720285243.698:129): pid=2017 uid=0 auid=4294967295 ses=4294967295 msg='op=PAM:setcred grantors=pam_permit,pam_cap acct="root" exe="/usr/bin/sudo" hostname=? addr=? terminal=? res=success'UID="root" AUID="unset"
type=USER_START msg=audit(1720285243.698:130): pid=2017 uid=0 auid=4294967295 ses=4294967295 msg='op=PAM:session_open grantors=pam_limits,pam_permit,pam_mkhomedir,pam_unix acct="root" exe="/usr/bin/sudo" hostname=? addr=? terminal=? res=success'UID="root" AUID="unset"
type=USER_END msg=audit(1720285243.869:131): pid=2017 uid=0 auid=4294967295 ses=4294967295 msg='op=PAM:session_close grantors=pam_limits,pam_permit,pam_mkhomedir,pam_unix acct="root" exe="/usr/bin/sudo" hostname=? addr=? terminal=? res=success'UID="root" AUID="unset"
type=CRED_DISP msg=audit(1720285243.869:132): pid=2017 uid=0 auid=4294967295 ses=4294967295 msg='op=PAM:setcred grantors=pam_permit acct="root" exe="/usr/bin/sudo" hostname=? addr=? terminal=? res=success'UID="root" AUID="unset"
type=USER_ACCT msg=audit(1720285243.881:133): pid=2029 uid=0 auid=4294967295 ses=4294967295 msg='op=PAM:accounting grantors=pam_permit acct="root" exe="/usr/bin/sudo" hostname=? addr=? terminal=? res=success'UID="root" AUID="unset"
type=USER_CMD msg=audit(1720285243.881:134): pid=2029 uid=0 auid=4294967295 ses=4294967295 msg='cwd="/" cmd=7368202D63202F7573722F7362696E2F76797368696D202F7573722F6C6962657865632F76796F732F636F6E665F6D6F64652F73797374656D5F636F6E736F6C652E7079 exe="/usr/bin/sudo" terminal=? res=success'UID="root" AUID="unset"
type=CRED_REFR msg=audit(1720285243.882:135): pid=2029 uid=0 auid=4294967295 ses=4294967295 msg='op=PAM:setcred grantors=pam_permit,pam_cap acct="root" exe="/usr/bin/sudo" hostname=? addr=? terminal=? res=success'UID="root" AUID="unset"
type=USER_START msg=audit(1720285243.882:136): pid=2029 uid=0 auid=4294967295 ses=4294967295 msg='op=PAM:session_open grantors=pam_limits,pam_permit,pam_mkhomedir,pam_unix acct="root" exe="/usr/bin/sudo" hostname=? addr=? terminal=? res=success'UID="root" AUID="unset"
type=BPF msg=audit(1720285244.120:137): prog-id=57 op=LOAD
type=BPF msg=audit(1720285244.120:138): prog-id=42 op=UNLOAD
type=BPF msg=audit(1720285244.122:139): prog-id=58 op=LOAD
type=BPF msg=audit(1720285244.122:140): prog-id=43 op=UNLOAD
type=BPF msg=audit(1720285244.122:141): prog-id=59 op=LOAD
type=BPF msg=audit(1720285244.122:142): prog-id=60 op=LOAD
type=BPF msg=audit(1720285244.122:143): prog-id=44 op=UNLOAD
type=BPF msg=audit(1720285244.122:144): prog-id=45 op=UNLOAD
type=BPF msg=audit(1720285244.125:145): prog-id=61 op=LOAD
type=BPF msg=audit(1720285244.125:146): prog-id=62 op=LOAD
type=BPF msg=audit(1720285244.125:147): prog-id=46 op=UNLOAD
type=BPF msg=audit(1720285244.125:148): prog-id=47 op=UNLOAD
type=BPF msg=audit(1720285244.128:149): prog-id=63 op=LOAD
type=BPF msg=audit(1720285244.128:150): prog-id=48 op=UNLOAD
type=BPF msg=audit(1720285244.128:151): prog-id=64 op=LOAD
type=BPF msg=audit(1720285244.128:152): prog-id=65 op=LOAD
type=BPF msg=audit(1720285244.128:153): prog-id=49 op=UNLOAD
type=BPF msg=audit(1720285244.129:154): prog-id=50 op=UNLOAD
type=BPF msg=audit(1720285244.130:155): prog-id=66 op=LOAD
type=BPF msg=audit(1720285244.130:156): prog-id=51 op=UNLOAD
type=BPF msg=audit(1720285244.130:157): prog-id=67 op=LOAD
type=BPF msg=audit(1720285244.131:158): prog-id=68 op=LOAD
type=BPF msg=audit(1720285244.131:159): prog-id=52 op=UNLOAD
type=BPF msg=audit(1720285244.131:160): prog-id=53 op=UNLOAD
type=BPF msg=audit(1720285244.133:161): prog-id=69 op=LOAD
type=BPF msg=audit(1720285244.133:162): prog-id=54 op=UNLOAD
type=BPF msg=audit(1720285244.134:163): prog-id=70 op=LOAD
type=BPF msg=audit(1720285244.134:164): prog-id=71 op=LOAD
type=BPF msg=audit(1720285244.134:165): prog-id=55 op=UNLOAD
type=BPF msg=audit(1720285244.134:166): prog-id=56 op=UNLOAD
type=SERVICE_START msg=audit(1720285244.158:167): pid=1 uid=0 auid=4294967295 ses=4294967295 msg='unit=serial-getty@ttyS0 comm="systemd" exe="/usr/lib/systemd/systemd" hostname=? addr=? terminal=? res=success'UID="root" AUID="unset"
type=USER_END msg=audit(1720285244.162:168): pid=2029 uid=0 auid=4294967295 ses=4294967295 msg='op=PAM:session_close grantors=pam_limits,pam_permit,pam_mkhomedir,pam_unix acct="root" exe="/usr/bin/sudo" hostname=? addr=? terminal=? res=success'UID="root" AUID="unset"
type=CRED_DISP msg=audit(1720285244.162:169): pid=2029 uid=0 auid=4294967295 ses=4294967295 msg='op=PAM:setcred grantors=pam_permit acct="root" exe="/usr/bin/sudo" hostname=? addr=? terminal=? res=success'UID="root" AUID="unset"
type=USER_ACCT msg=audit(1720285244.173:170): pid=2068 uid=0 auid=4294967295 ses=4294967295 msg='op=PAM:accounting grantors=pam_permit acct="root" exe="/usr/bin/sudo" hostname=? addr=? terminal=? res=success'UID="root" AUID="unset"
type=USER_CMD msg=audit(1720285244.173:171): pid=2068 uid=0 auid=4294967295 ses=4294967295 msg='cwd="/" cmd=7368202D63202F7573722F7362696E2F76797368696D2056594F535F5441474E4F44455F56414C55453D276C6F27202F7573722F6C6962657865632F76796F732F636F6E665F6D6F64652F696E74657266616365735F6C6F6F706261636B2E7079 exe="/usr/bin/sudo" terminal=? res=success'UID="root" AUID="unset"
type=CRED_REFR msg=audit(1720285244.173:172): pid=2068 uid=0 auid=4294967295 ses=4294967295 msg='op=PAM:setcred grantors=pam_permit,pam_cap acct="root" exe="/usr/bin/sudo" hostname=? addr=? terminal=? res=success'UID="root" AUID="unset"
type=USER_START msg=audit(1720285244.173:173): pid=2068 uid=0 auid=4294967295 ses=4294967295 msg='op=PAM:session_open grantors=pam_limits,pam_permit,pam_mkhomedir,pam_unix acct="root" exe="/usr/bin/sudo" hostname=? addr=? terminal=? res=success'UID="root" AUID="unset"
type=USER_END msg=audit(1720285244.313:174): pid=2068 uid=0 auid=4294967295 ses=4294967295 msg='op=PAM:session_close grantors=pam_limits,pam_permit,pam_mkhomedir,pam_unix acct="root" exe="/usr/bin/sudo" hostname=? addr=? terminal=? res=success'UID="root" AUID="unset"
type=CRED_DISP msg=audit(1720285244.313:175): pid=2068 uid=0 auid=4294967295 ses=4294967295 msg='op=PAM:setcred grantors=pam_permit acct="root" exe="/usr/bin/sudo" hostname=? addr=? terminal=? res=success'UID="root" AUID="unset"
type=USER_ACCT msg=audit(1720285244.348:176): pid=2102 uid=0 auid=4294967295 ses=4294967295 msg='op=PAM:accounting grantors=pam_permit acct="root" exe="/usr/bin/sudo" hostname=? addr=? terminal=? res=success'UID="root" AUID="unset"
type=USER_CMD msg=audit(1720285244.348:177): pid=2102 uid=0 auid=4294967295 ses=4294967295 msg='cwd="/" cmd=7368202D63202F7573722F7362696E2F76797368696D2056594F535F5441474E4F44455F56414C55453D276574683027202F7573722F6C6962657865632F76796F732F636F6E665F6D6F64652F696E74657266616365735F65746865726E65742E7079 exe="/usr/bin/sudo" terminal=? res=success'UID="root" AUID="unset"
type=CRED_REFR msg=audit(1720285244.348:178): pid=2102 uid=0 auid=4294967295 ses=4294967295 msg='op=PAM:setcred grantors=pam_permit,pam_cap acct="root" exe="/usr/bin/sudo" hostname=? addr=? terminal=? res=success'UID="root" AUID="unset"
type=USER_START msg=audit(1720285244.348:179): pid=2102 uid=0 auid=4294967295 ses=4294967295 msg='op=PAM:session_open grantors=pam_limits,pam_permit,pam_mkhomedir,pam_unix acct="root" exe="/usr/bin/sudo" hostname=? addr=? terminal=? res=success'UID="root" AUID="unset"
type=BPF msg=audit(1720285244.660:180): prog-id=72 op=LOAD
type=BPF msg=audit(1720285244.660:181): prog-id=57 op=UNLOAD
type=BPF msg=audit(1720285244.661:182): prog-id=73 op=LOAD
type=BPF msg=audit(1720285244.661:183): prog-id=58 op=UNLOAD
type=BPF msg=audit(1720285244.661:184): prog-id=74 op=LOAD
type=BPF msg=audit(1720285244.661:185): prog-id=75 op=LOAD
type=BPF msg=audit(1720285244.661:186): prog-id=59 op=UNLOAD
type=BPF msg=audit(1720285244.661:187): prog-id=60 op=UNLOAD
type=BPF msg=audit(1720285244.664:188): prog-id=76 op=LOAD
type=BPF msg=audit(1720285244.665:189): prog-id=77 op=LOAD
type=BPF msg=audit(1720285244.665:190): prog-id=61 op=UNLOAD
type=BPF msg=audit(1720285244.665:191): prog-id=62 op=UNLOAD
type=BPF msg=audit(1720285244.666:192): prog-id=78 op=LOAD
type=BPF msg=audit(1720285244.666:193): prog-id=63 op=UNLOAD
type=BPF msg=audit(1720285244.666:194): prog-id=79 op=LOAD
type=BPF msg=audit(1720285244.666:195): prog-id=80 op=LOAD
type=BPF msg=audit(1720285244.666:196): prog-id=64 op=UNLOAD
type=BPF msg=audit(1720285244.666:197): prog-id=65 op=UNLOAD
type=BPF msg=audit(1720285244.667:198): prog-id=81 op=LOAD
type=BPF msg=audit(1720285244.667:199): prog-id=66 op=UNLOAD
type=BPF msg=audit(1720285244.667:200): prog-id=82 op=LOAD
type=BPF msg=audit(1720285244.667:201): prog-id=83 op=LOAD
type=BPF msg=audit(1720285244.667:202): prog-id=67 op=UNLOAD
type=BPF msg=audit(1720285244.667:203): prog-id=68 op=UNLOAD
type=BPF msg=audit(1720285244.669:204): prog-id=84 op=LOAD
type=BPF msg=audit(1720285244.669:205): prog-id=69 op=UNLOAD
type=BPF msg=audit(1720285244.669:206): prog-id=85 op=LOAD
type=BPF msg=audit(1720285244.669:207): prog-id=86 op=LOAD
type=BPF msg=audit(1720285244.669:208): prog-id=70 op=UNLOAD
type=BPF msg=audit(1720285244.669:209): prog-id=71 op=UNLOAD
type=SERVICE_START msg=audit(1720285244.725:210): pid=1 uid=0 auid=4294967295 ses=4294967295 msg='unit=dhclient@eth0 comm="systemd" exe="/usr/lib/systemd/systemd" hostname=? addr=? terminal=? res=success'UID="root" AUID="unset"
type=USER_AUTH msg=audit(1720285245.216:211): pid=2188 uid=0 auid=4294967295 ses=4294967295 msg='op=PAM:authentication grantors=pam_permit acct="root" exe="/usr/bin/vtysh" hostname=? addr=? terminal=? res=success'UID="root" AUID="unset"
type=USER_ACCT msg=audit(1720285245.216:212): pid=2188 uid=0 auid=4294967295 ses=4294967295 msg='op=PAM:accounting grantors=pam_permit acct="root" exe="/usr/bin/vtysh" hostname=? addr=? terminal=? res=success'UID="root" AUID="unset"
type=USER_AUTH msg=audit(1720285245.325:213): pid=2211 uid=0 auid=4294967295 ses=4294967295 msg='op=PAM:authentication grantors=pam_permit acct="root" exe="/usr/bin/vtysh" hostname=? addr=? terminal=? res=success'UID="root" AUID="unset"
type=USER_ACCT msg=audit(1720285245.325:214): pid=2211 uid=0 auid=4294967295 ses=4294967295 msg='op=PAM:accounting grantors=pam_permit acct="root" exe="/usr/bin/vtysh" hostname=? addr=? terminal=? res=success'UID="root" AUID="unset"
type=USER_AUTH msg=audit(1720285245.356:215): pid=2212 uid=0 auid=4294967295 ses=4294967295 msg='op=PAM:authentication grantors=pam_permit acct="root" exe="/usr/bin/vtysh" hostname=? addr=? terminal=? res=success'UID="root" AUID="unset"
type=USER_ACCT msg=audit(1720285245.356:216): pid=2212 uid=0 auid=4294967295 ses=4294967295 msg='op=PAM:accounting grantors=pam_permit acct="root" exe="/usr/bin/vtysh" hostname=? addr=? terminal=? res=success'UID="root" AUID="unset"
type=USER_AUTH msg=audit(1720285245.413:217): pid=2214 uid=0 auid=4294967295 ses=4294967295 msg='op=PAM:authentication grantors=pam_permit acct="root" exe="/usr/bin/vtysh" hostname=? addr=? terminal=? res=success'UID="root" AUID="unset"
type=USER_ACCT msg=audit(1720285245.413:218): pid=2214 uid=0 auid=4294967295 ses=4294967295 msg='op=PAM:accounting grantors=pam_permit acct="root" exe="/usr/bin/vtysh" hostname=? addr=? terminal=? res=success'UID="root" AUID="unset"
type=USER_AUTH msg=audit(1720285245.529:219): pid=2237 uid=0 auid=4294967295 ses=4294967295 msg='op=PAM:authentication grantors=pam_permit acct="root" exe="/usr/bin/vtysh" hostname=? addr=? terminal=? res=success'UID="root" AUID="unset"
type=USER_ACCT msg=audit(1720285245.530:220): pid=2237 uid=0 auid=4294967295 ses=4294967295 msg='op=PAM:accounting grantors=pam_permit acct="root" exe="/usr/bin/vtysh" hostname=? addr=? terminal=? res=success'UID="root" AUID="unset"
type=USER_AUTH msg=audit(1720285245.562:221): pid=2245 uid=0 auid=4294967295 ses=4294967295 msg='op=PAM:authentication grantors=pam_permit acct="root" exe="/usr/bin/vtysh" hostname=? addr=? terminal=? res=success'UID="root" AUID="unset"
type=USER_ACCT msg=audit(1720285245.562:222): pid=2245 uid=0 auid=4294967295 ses=4294967295 msg='op=PAM:accounting grantors=pam_permit acct="root" exe="/usr/bin/vtysh" hostname=? addr=? terminal=? res=success'UID="root" AUID="unset"
type=USER_AUTH msg=audit(1720285245.641:223): pid=2269 uid=0 auid=4294967295 ses=4294967295 msg='op=PAM:authentication grantors=pam_permit acct="root" exe="/usr/bin/vtysh" hostname=? addr=? terminal=? res=success'UID="root" AUID="unset"
type=USER_ACCT msg=audit(1720285245.642:224): pid=2269 uid=0 auid=4294967295 ses=4294967295 msg='op=PAM:accounting grantors=pam_permit acct="root" exe="/usr/bin/vtysh" hostname=? addr=? terminal=? res=success'UID="root" AUID="unset"
type=USER_END msg=audit(1720285245.648:225): pid=2102 uid=0 auid=4294967295 ses=4294967295 msg='op=PAM:session_close grantors=pam_limits,pam_permit,pam_mkhomedir,pam_unix acct="root" exe="/usr/bin/sudo" hostname=? addr=? terminal=? res=success'UID="root" AUID="unset"
type=CRED_DISP msg=audit(1720285245.648:226): pid=2102 uid=0 auid=4294967295 ses=4294967295 msg='op=PAM:setcred grantors=pam_permit acct="root" exe="/usr/bin/sudo" hostname=? addr=? terminal=? res=success'UID="root" AUID="unset"
type=USER_ACCT msg=audit(1720285245.682:227): pid=2273 uid=0 auid=4294967295 ses=4294967295 msg='op=PAM:accounting grantors=pam_permit acct="root" exe="/usr/bin/sudo" hostname=? addr=? terminal=? res=success'UID="root" AUID="unset"
type=USER_CMD msg=audit(1720285245.682:228): pid=2273 uid=0 auid=4294967295 ses=4294967295 msg='cwd="/" cmd=7368202D63202F7573722F7362696E2F76797368696D202F7573722F6C6962657865632F76796F732F636F6E665F6D6F64652F73797374656D5F636F6E6669672D6D616E6167656D656E742E7079 exe="/usr/bin/sudo" terminal=? res=success'UID="root" AUID="unset"
type=CRED_REFR msg=audit(1720285245.682:229): pid=2273 uid=0 auid=4294967295 ses=4294967295 msg='op=PAM:setcred grantors=pam_permit,pam_cap acct="root" exe="/usr/bin/sudo" hostname=? addr=? terminal=? res=success'UID="root" AUID="unset"
type=USER_START msg=audit(1720285245.682:230): pid=2273 uid=0 auid=4294967295 ses=4294967295 msg='op=PAM:session_open grantors=pam_limits,pam_permit,pam_mkhomedir,pam_unix acct="root" exe="/usr/bin/sudo" hostname=? addr=? terminal=? res=success'UID="root" AUID="unset"
type=USER_ACCT msg=audit(1720285245.892:231): pid=2279 uid=0 auid=4294967295 ses=4294967295 msg='op=PAM:accounting grantors=pam_permit acct="root" exe="/usr/bin/sudo" hostname=? addr=? terminal=? res=success'UID="root" AUID="unset"
type=USER_CMD msg=audit(1720285245.892:232): pid=2279 uid=0 auid=4294967295 ses=4294967295 msg='cwd="/" cmd=6D76202F746D702F636F6E6669672E626F6F742E383537202F6F70742F7679617474612F6574632F636F6E6669672F617263686976652F636F6E6669672E626F6F74 exe="/usr/bin/sudo" terminal=? res=success'UID="root" AUID="unset"
type=CRED_REFR msg=audit(1720285245.893:233): pid=2279 uid=0 auid=4294967295 ses=4294967295 msg='op=PAM:setcred grantors=pam_permit,pam_cap acct="root" exe="/usr/bin/sudo" hostname=? addr=? terminal=? res=success'UID="root" AUID="unset"
type=USER_START msg=audit(1720285245.893:234): pid=2279 uid=0 auid=4294967295 ses=4294967295 msg='op=PAM:session_open grantors=pam_limits,pam_permit,pam_mkhomedir,pam_unix acct="root" exe="/usr/bin/sudo" hostname=? addr=? terminal=? res=success'UID="root" AUID="unset"
type=USER_END msg=audit(1720285245.896:235): pid=2279 uid=0 auid=4294967295 ses=4294967295 msg='op=PAM:session_close grantors=pam_limits,pam_permit,pam_mkhomedir,pam_unix acct="root" exe="/usr/bin/sudo" hostname=? addr=? terminal=? res=success'UID="root" AUID="unset"
type=CRED_DISP msg=audit(1720285245.897:236): pid=2279 uid=0 auid=4294967295 ses=4294967295 msg='op=PAM:setcred grantors=pam_permit acct="root" exe="/usr/bin/sudo" hostname=? addr=? terminal=? res=success'UID="root" AUID="unset"
type=USER_ACCT msg=audit(1720285245.902:237): pid=2281 uid=0 auid=4294967295 ses=4294967295 msg='op=PAM:accounting grantors=pam_permit acct="root" exe="/usr/bin/sudo" hostname=? addr=? terminal=? res=success'UID="root" AUID="unset"
type=USER_CMD msg=audit(1720285245.902:238): pid=2281 uid=0 auid=4294967295 ses=4294967295 msg='cwd="/" cmd=6C6F67726F74617465202D66202D73202F6F70742F7679617474612F6574632F636F6E6669672F617263686976652F6C722E7374617465202F6F70742F7679617474612F6574632F636F6E6669672F617263686976652F6C722E636F6E66 exe="/usr/bin/sudo" terminal=? res=success'UID="root" AUID="unset"
type=CRED_REFR msg=audit(1720285245.902:239): pid=2281 uid=0 auid=4294967295 ses=4294967295 msg='op=PAM:setcred grantors=pam_permit,pam_cap acct="root" exe="/usr/bin/sudo" hostname=? addr=? terminal=? res=success'UID="root" AUID="unset"
type=USER_START msg=audit(1720285245.903:240): pid=2281 uid=0 auid=4294967295 ses=4294967295 msg='op=PAM:session_open grantors=pam_limits,pam_permit,pam_mkhomedir,pam_unix acct="root" exe="/usr/bin/sudo" hostname=? addr=? terminal=? res=success'UID="root" AUID="unset"
type=USER_END msg=audit(1720285245.925:241): pid=2281 uid=0 auid=4294967295 ses=4294967295 msg='op=PAM:session_close grantors=pam_limits,pam_permit,pam_mkhomedir,pam_unix acct="root" exe="/usr/bin/sudo" hostname=? addr=? terminal=? res=success'UID="root" AUID="unset"
type=CRED_DISP msg=audit(1720285245.925:242): pid=2281 uid=0 auid=4294967295 ses=4294967295 msg='op=PAM:setcred grantors=pam_permit acct="root" exe="/usr/bin/sudo" hostname=? addr=? terminal=? res=success'UID="root" AUID="unset"
type=USER_END msg=audit(1720285245.927:243): pid=2273 uid=0 auid=4294967295 ses=4294967295 msg='op=PAM:session_close grantors=pam_limits,pam_permit,pam_mkhomedir,pam_unix acct="root" exe="/usr/bin/sudo" hostname=? addr=? terminal=? res=success'UID="root" AUID="unset"
type=CRED_DISP msg=audit(1720285245.927:244): pid=2273 uid=0 auid=4294967295 ses=4294967295 msg='op=PAM:setcred grantors=pam_permit acct="root" exe="/usr/bin/sudo" hostname=? addr=? terminal=? res=success'UID="root" AUID="unset"
type=USER_ACCT msg=audit(1720285245.945:245): pid=2288 uid=0 auid=4294967295 ses=4294967295 msg='op=PAM:accounting grantors=pam_permit acct="root" exe="/usr/bin/sudo" hostname=? addr=? terminal=? res=success'UID="root" AUID="unset"
type=USER_CMD msg=audit(1720285245.945:246): pid=2288 uid=0 auid=4294967295 ses=4294967295 msg='cwd="/" cmd=7368202D63202F7573722F7362696E2F76797368696D202F7573722F6C6962657865632F76796F732F636F6E665F6D6F64652F73797374656D5F7379736C6F672E7079 exe="/usr/bin/sudo" terminal=? res=success'UID="root" AUID="unset"
type=CRED_REFR msg=audit(1720285245.945:247): pid=2288 uid=0 auid=4294967295 ses=4294967295 msg='op=PAM:setcred grantors=pam_permit,pam_cap acct="root" exe="/usr/bin/sudo" hostname=? addr=? terminal=? res=success'UID="root" AUID="unset"
type=USER_START msg=audit(1720285245.946:248): pid=2288 uid=0 auid=4294967295 ses=4294967295 msg='op=PAM:session_open grantors=pam_limits,pam_permit,pam_mkhomedir,pam_unix acct="root" exe="/usr/bin/sudo" hostname=? addr=? terminal=? res=success'UID="root" AUID="unset"
type=BPF msg=audit(1720285246.174:249): prog-id=87 op=LOAD
type=BPF msg=audit(1720285246.174:250): prog-id=72 op=UNLOAD
type=BPF msg=audit(1720285246.176:251): prog-id=88 op=LOAD
type=BPF msg=audit(1720285246.176:252): prog-id=73 op=UNLOAD
type=BPF msg=audit(1720285246.176:253): prog-id=89 op=LOAD
type=BPF msg=audit(1720285246.176:254): prog-id=90 op=LOAD
type=BPF msg=audit(1720285246.176:255): prog-id=74 op=UNLOAD
type=BPF msg=audit(1720285246.176:256): prog-id=75 op=UNLOAD
type=BPF msg=audit(1720285246.179:257): prog-id=91 op=LOAD
type=BPF msg=audit(1720285246.179:258): prog-id=92 op=LOAD
type=BPF msg=audit(1720285246.179:259): prog-id=76 op=UNLOAD
type=BPF msg=audit(1720285246.179:260): prog-id=77 op=UNLOAD
type=BPF msg=audit(1720285246.181:261): prog-id=93 op=LOAD
type=BPF msg=audit(1720285246.181:262): prog-id=78 op=UNLOAD
type=BPF msg=audit(1720285246.181:263): prog-id=94 op=LOAD
type=BPF msg=audit(1720285246.181:264): prog-id=95 op=LOAD
type=BPF msg=audit(1720285246.181:265): prog-id=79 op=UNLOAD
type=BPF msg=audit(1720285246.181:266): prog-id=80 op=UNLOAD
type=BPF msg=audit(1720285246.182:267): prog-id=96 op=LOAD
type=BPF msg=audit(1720285246.182:268): prog-id=81 op=UNLOAD
type=BPF msg=audit(1720285246.182:269): prog-id=97 op=LOAD
type=BPF msg=audit(1720285246.182:270): prog-id=98 op=LOAD
type=BPF msg=audit(1720285246.182:271): prog-id=82 op=UNLOAD
type=BPF msg=audit(1720285246.182:272): prog-id=83 op=UNLOAD
type=BPF msg=audit(1720285246.184:273): prog-id=99 op=LOAD
type=BPF msg=audit(1720285246.184:274): prog-id=84 op=UNLOAD
type=BPF msg=audit(1720285246.184:275): prog-id=100 op=LOAD
type=BPF msg=audit(1720285246.184:276): prog-id=101 op=LOAD
type=BPF msg=audit(1720285246.184:277): prog-id=85 op=UNLOAD
type=BPF msg=audit(1720285246.184:278): prog-id=86 op=UNLOAD
type=SERVICE_STOP msg=audit(1720285246.201:279): pid=1 uid=0 auid=4294967295 ses=4294967295 msg='unit=rsyslog comm="systemd" exe="/usr/lib/systemd/systemd" hostname=? addr=? terminal=? res=success'UID="root" AUID="unset"
type=SERVICE_START msg=audit(1720285246.215:280): pid=1 uid=0 auid=4294967295 ses=4294967295 msg='unit=rsyslog comm="systemd" exe="/usr/lib/systemd/systemd" hostname=? addr=? terminal=? res=success'UID="root" AUID="unset"
type=USER_END msg=audit(1720285246.218:281): pid=2288 uid=0 auid=4294967295 ses=4294967295 msg='op=PAM:session_close grantors=pam_limits,pam_permit,pam_mkhomedir,pam_unix acct="root" exe="/usr/bin/sudo" hostname=? addr=? terminal=? res=success'UID="root" AUID="unset"
type=CRED_DISP msg=audit(1720285246.219:282): pid=2288 uid=0 auid=4294967295 ses=4294967295 msg='op=PAM:setcred grantors=pam_permit acct="root" exe="/usr/bin/sudo" hostname=? addr=? terminal=? res=success'UID="root" AUID="unset"
type=USER_ACCT msg=audit(1720285246.236:283): pid=2330 uid=0 auid=4294967295 ses=4294967295 msg='op=PAM:accounting grantors=pam_permit acct="root" exe="/usr/bin/sudo" hostname=? addr=? terminal=? res=success'UID="root" AUID="unset"
type=USER_CMD msg=audit(1720285246.237:284): pid=2330 uid=0 auid=4294967295 ses=4294967295 msg='cwd="/" cmd=7368202D63202F7573722F7362696E2F76797368696D202F7573722F6C6962657865632F76796F732F636F6E665F6D6F64652F73797374656D5F6C6F67696E2E7079 exe="/usr/bin/sudo" terminal=? res=success'UID="root" AUID="unset"
type=CRED_REFR msg=audit(1720285246.237:285): pid=2330 uid=0 auid=4294967295 ses=4294967295 msg='op=PAM:setcred grantors=pam_permit,pam_cap acct="root" exe="/usr/bin/sudo" hostname=? addr=? terminal=? res=success'UID="root" AUID="unset"
type=USER_START msg=audit(1720285246.237:286): pid=2330 uid=0 auid=4294967295 ses=4294967295 msg='op=PAM:session_open grantors=pam_limits,pam_permit,pam_mkhomedir,pam_unix acct="root" exe="/usr/bin/sudo" hostname=? addr=? terminal=? res=success'UID="root" AUID="unset"
type=ADD_USER msg=audit(1720285246.292:287): pid=2334 uid=0 auid=4294967295 ses=4294967295 msg='op=adding user id=1002 exe="/usr/sbin/useradd" hostname=? addr=? terminal=? res=success'UID="root" AUID="unset" ID="unknown(1002)"
type=ADD_USER msg=audit(1720285246.292:288): pid=2334 uid=0 auid=4294967295 ses=4294967295 msg='op=adding user to group acct="vyos" exe="/usr/sbin/useradd" hostname=? addr=? terminal=? res=success'UID="root" AUID="unset"
type=ADD_USER msg=audit(1720285246.293:289): pid=2334 uid=0 auid=4294967295 ses=4294967295 msg='op=adding user to group acct="vyos" exe="/usr/sbin/useradd" hostname=? addr=? terminal=? res=success'UID="root" AUID="unset"
type=ADD_USER msg=audit(1720285246.293:290): pid=2334 uid=0 auid=4294967295 ses=4294967295 msg='op=adding user to group acct="vyos" exe="/usr/sbin/useradd" hostname=? addr=? terminal=? res=success'UID="root" AUID="unset"
type=ADD_USER msg=audit(1720285246.293:291): pid=2334 uid=0 auid=4294967295 ses=4294967295 msg='op=adding user to group acct="vyos" exe="/usr/sbin/useradd" hostname=? addr=? terminal=? res=success'UID="root" AUID="unset"
type=ADD_USER msg=audit(1720285246.293:292): pid=2334 uid=0 auid=4294967295 ses=4294967295 msg='op=adding user to group acct="vyos" exe="/usr/sbin/useradd" hostname=? addr=? terminal=? res=success'UID="root" AUID="unset"
type=ADD_USER msg=audit(1720285246.293:293): pid=2334 uid=0 auid=4294967295 ses=4294967295 msg='op=adding user to group acct="vyos" exe="/usr/sbin/useradd" hostname=? addr=? terminal=? res=success'UID="root" AUID="unset"
type=ADD_USER msg=audit(1720285246.293:294): pid=2334 uid=0 auid=4294967295 ses=4294967295 msg='op=adding user to group acct="vyos" exe="/usr/sbin/useradd" hostname=? addr=? terminal=? res=success'UID="root" AUID="unset"
type=ADD_USER msg=audit(1720285246.293:295): pid=2334 uid=0 auid=4294967295 ses=4294967295 msg='op=adding user to group acct="vyos" exe="/usr/sbin/useradd" hostname=? addr=? terminal=? res=success'UID="root" AUID="unset"
type=ADD_USER msg=audit(1720285246.293:296): pid=2334 uid=0 auid=4294967295 ses=4294967295 msg='op=adding user to shadow group acct="vyos" exe="/usr/sbin/useradd" hostname=? addr=? terminal=? res=success'UID="root" AUID="unset"
type=ADD_USER msg=audit(1720285246.293:297): pid=2334 uid=0 auid=4294967295 ses=4294967295 msg='op=adding user to shadow group acct="vyos" exe="/usr/sbin/useradd" hostname=? addr=? terminal=? res=success'UID="root" AUID="unset"
type=ADD_USER msg=audit(1720285246.293:298): pid=2334 uid=0 auid=4294967295 ses=4294967295 msg='op=adding user to shadow group acct="vyos" exe="/usr/sbin/useradd" hostname=? addr=? terminal=? res=success'UID="root" AUID="unset"
type=ADD_USER msg=audit(1720285246.293:299): pid=2334 uid=0 auid=4294967295 ses=4294967295 msg='op=adding user to shadow group acct="vyos" exe="/usr/sbin/useradd" hostname=? addr=? terminal=? res=success'UID="root" AUID="unset"
type=ADD_USER msg=audit(1720285246.293:300): pid=2334 uid=0 auid=4294967295 ses=4294967295 msg='op=adding user to shadow group acct="vyos" exe="/usr/sbin/useradd" hostname=? addr=? terminal=? res=success'UID="root" AUID="unset"
type=ADD_USER msg=audit(1720285246.293:301): pid=2334 uid=0 auid=4294967295 ses=4294967295 msg='op=adding user to shadow group acct="vyos" exe="/usr/sbin/useradd" hostname=? addr=? terminal=? res=success'UID="root" AUID="unset"
type=ADD_USER msg=audit(1720285246.293:302): pid=2334 uid=0 auid=4294967295 ses=4294967295 msg='op=adding user to shadow group acct="vyos" exe="/usr/sbin/useradd" hostname=? addr=? terminal=? res=success'UID="root" AUID="unset"
type=ADD_USER msg=audit(1720285246.293:303): pid=2334 uid=0 auid=4294967295 ses=4294967295 msg='op=adding user to shadow group acct="vyos" exe="/usr/sbin/useradd" hostname=? addr=? terminal=? res=success'UID="root" AUID="unset"
type=ADD_USER msg=audit(1720285246.314:304): pid=2334 uid=0 auid=4294967295 ses=4294967295 msg='op=adding home directory id=1002 exe="/usr/sbin/useradd" hostname=? addr=? terminal=? res=success'UID="root" AUID="unset" ID="vyos"
type=USER_END msg=audit(1720285246.770:305): pid=2330 uid=0 auid=4294967295 ses=4294967295 msg='op=PAM:session_close grantors=pam_limits,pam_permit,pam_mkhomedir,pam_unix acct="root" exe="/usr/bin/sudo" hostname=? addr=? terminal=? res=success'UID="root" AUID="unset"
type=CRED_DISP msg=audit(1720285246.770:306): pid=2330 uid=0 auid=4294967295 ses=4294967295 msg='op=PAM:setcred grantors=pam_permit acct="root" exe="/usr/bin/sudo" hostname=? addr=? terminal=? res=success'UID="root" AUID="unset"
type=USER_ACCT msg=audit(1720285246.857:307): pid=2450 uid=0 auid=4294967295 ses=4294967295 msg='op=PAM:accounting grantors=pam_permit acct="root" exe="/usr/bin/sudo" hostname=? addr=? terminal=? res=success'UID="root" AUID="unset"
type=USER_CMD msg=audit(1720285246.857:308): pid=2450 uid=0 auid=4294967295 ses=4294967295 msg='cwd="/" cmd=7368202D63202F7573722F7362696E2F76797368696D202F7573722F6C6962657865632F76796F732F636F6E665F6D6F64652F736572766963655F6E74702E7079 exe="/usr/bin/sudo" terminal=? res=success'UID="root" AUID="unset"
type=CRED_REFR msg=audit(1720285246.857:309): pid=2450 uid=0 auid=4294967295 ses=4294967295 msg='op=PAM:setcred grantors=pam_permit,pam_cap acct="root" exe="/usr/bin/sudo" hostname=? addr=? terminal=? res=success'UID="root" AUID="unset"
type=USER_START msg=audit(1720285246.858:310): pid=2450 uid=0 auid=4294967295 ses=4294967295 msg='op=PAM:session_open grantors=pam_limits,pam_permit,pam_mkhomedir,pam_unix acct="root" exe="/usr/bin/sudo" hostname=? addr=? terminal=? res=success'UID="root" AUID="unset"
type=BPF msg=audit(1720285247.071:311): prog-id=102 op=LOAD
type=BPF msg=audit(1720285247.071:312): prog-id=87 op=UNLOAD
type=BPF msg=audit(1720285247.072:313): prog-id=103 op=LOAD
type=BPF msg=audit(1720285247.072:314): prog-id=88 op=UNLOAD
type=BPF msg=audit(1720285247.073:315): prog-id=104 op=LOAD
type=BPF msg=audit(1720285247.073:316): prog-id=105 op=LOAD
type=BPF msg=audit(1720285247.073:317): prog-id=89 op=UNLOAD
type=BPF msg=audit(1720285247.073:318): prog-id=90 op=UNLOAD
type=BPF msg=audit(1720285247.077:319): prog-id=106 op=LOAD
type=BPF msg=audit(1720285247.077:320): prog-id=107 op=LOAD
type=BPF msg=audit(1720285247.077:321): prog-id=91 op=UNLOAD
type=BPF msg=audit(1720285247.077:322): prog-id=92 op=UNLOAD
type=BPF msg=audit(1720285247.078:323): prog-id=108 op=LOAD
type=BPF msg=audit(1720285247.078:324): prog-id=93 op=UNLOAD
type=BPF msg=audit(1720285247.078:325): prog-id=109 op=LOAD
type=BPF msg=audit(1720285247.079:326): prog-id=110 op=LOAD
type=BPF msg=audit(1720285247.079:327): prog-id=94 op=UNLOAD
type=BPF msg=audit(1720285247.079:328): prog-id=95 op=UNLOAD
type=BPF msg=audit(1720285247.079:329): prog-id=111 op=LOAD
type=BPF msg=audit(1720285247.079:330): prog-id=96 op=UNLOAD
type=BPF msg=audit(1720285247.080:331): prog-id=112 op=LOAD
type=BPF msg=audit(1720285247.080:332): prog-id=113 op=LOAD
type=BPF msg=audit(1720285247.080:333): prog-id=97 op=UNLOAD
type=BPF msg=audit(1720285247.080:334): prog-id=98 op=UNLOAD
type=BPF msg=audit(1720285247.081:335): prog-id=114 op=LOAD
type=BPF msg=audit(1720285247.081:336): prog-id=99 op=UNLOAD
type=BPF msg=audit(1720285247.081:337): prog-id=115 op=LOAD
type=BPF msg=audit(1720285247.081:338): prog-id=116 op=LOAD
type=BPF msg=audit(1720285247.081:339): prog-id=100 op=UNLOAD
type=BPF msg=audit(1720285247.081:340): prog-id=101 op=UNLOAD
type=BPF msg=audit(1720285247.097:341): prog-id=117 op=LOAD
type=SERVICE_START msg=audit(1720285247.380:342): pid=1 uid=0 auid=4294967295 ses=4294967295 msg='unit=chrony comm="systemd" exe="/usr/lib/systemd/systemd" hostname=? addr=? terminal=? res=success'UID="root" AUID="unset"
type=USER_END msg=audit(1720285247.382:343): pid=2450 uid=0 auid=4294967295 ses=4294967295 msg='op=PAM:session_close grantors=pam_limits,pam_permit,pam_mkhomedir,pam_unix acct="root" exe="/usr/bin/sudo" hostname=? addr=? terminal=? res=success'UID="root" AUID="unset"
type=CRED_DISP msg=audit(1720285247.383:344): pid=2450 uid=0 auid=4294967295 ses=4294967295 msg='op=PAM:setcred grantors=pam_permit acct="root" exe="/usr/bin/sudo" hostname=? addr=? terminal=? res=success'UID="root" AUID="unset"
type=USER_ACCT msg=audit(1720285247.395:345): pid=2495 uid=0 auid=4294967295 ses=4294967295 msg='op=PAM:accounting grantors=pam_permit acct="root" exe="/usr/bin/sudo" hostname=? addr=? terminal=? res=success'UID="root" AUID="unset"
type=USER_CMD msg=audit(1720285247.395:346): pid=2495 uid=0 auid=4294967295 ses=4294967295 msg='cwd="/" cmd=7368202D63202F7573722F7362696E2F76797368696D202F7573722F6C6962657865632F76796F732F636F6E665F6D6F64652F736572766963655F7373682E7079 exe="/usr/bin/sudo" terminal=? res=success'UID="root" AUID="unset"
type=CRED_REFR msg=audit(1720285247.395:347): pid=2495 uid=0 auid=4294967295 ses=4294967295 msg='op=PAM:setcred grantors=pam_permit,pam_cap acct="root" exe="/usr/bin/sudo" hostname=? addr=? terminal=? res=success'UID="root" AUID="unset"
type=USER_START msg=audit(1720285247.396:348): pid=2495 uid=0 auid=4294967295 ses=4294967295 msg='op=PAM:session_open grantors=pam_limits,pam_permit,pam_mkhomedir,pam_unix acct="root" exe="/usr/bin/sudo" hostname=? addr=? terminal=? res=success'UID="root" AUID="unset"
type=SERVICE_START msg=audit(1720285247.589:349): pid=1 uid=0 auid=4294967295 ses=4294967295 msg='unit=ssh@default comm="systemd" exe="/usr/lib/systemd/systemd" hostname=? addr=? terminal=? res=success'UID="root" AUID="unset"
type=USER_END msg=audit(1720285247.615:350): pid=2495 uid=0 auid=4294967295 ses=4294967295 msg='op=PAM:session_close grantors=pam_limits,pam_permit,pam_mkhomedir,pam_unix acct="root" exe="/usr/bin/sudo" hostname=? addr=? terminal=? res=success'UID="root" AUID="unset"
type=CRED_DISP msg=audit(1720285247.615:351): pid=2495 uid=0 auid=4294967295 ses=4294967295 msg='op=PAM:setcred grantors=pam_permit acct="root" exe="/usr/bin/sudo" hostname=? addr=? terminal=? res=success'UID="root" AUID="unset"
type=USER_ACCT msg=audit(1720285248.016:352): pid=2532 uid=0 auid=4294967295 ses=4294967295 msg='op=PAM:accounting grantors=pam_permit acct="root" exe="/usr/bin/sudo" hostname=? addr=? terminal=? res=success'UID="root" AUID="unset"
type=USER_CMD msg=audit(1720285248.016:353): pid=2532 uid=0 auid=4294967295 ses=4294967295 msg='cwd="/" cmd=6D76202F746D702F636F6E6669672E626F6F742E32353238202F6F70742F7679617474612F6574632F636F6E6669672F617263686976652F636F6E6669672E626F6F74 exe="/usr/bin/sudo" terminal=? res=success'UID="root" AUID="unset"
type=CRED_REFR msg=audit(1720285248.016:354): pid=2532 uid=0 auid=4294967295 ses=4294967295 msg='op=PAM:setcred grantors=pam_permit,pam_cap acct="root" exe="/usr/bin/sudo" hostname=? addr=? terminal=? res=success'UID="root" AUID="unset"
type=USER_START msg=audit(1720285248.017:355): pid=2532 uid=0 auid=4294967295 ses=4294967295 msg='op=PAM:session_open grantors=pam_limits,pam_permit,pam_mkhomedir,pam_unix acct="root" exe="/usr/bin/sudo" hostname=? addr=? terminal=? res=success'UID="root" AUID="unset"
type=USER_END msg=audit(1720285248.019:356): pid=2532 uid=0 auid=4294967295 ses=4294967295 msg='op=PAM:session_close grantors=pam_limits,pam_permit,pam_mkhomedir,pam_unix acct="root" exe="/usr/bin/sudo" hostname=? addr=? terminal=? res=success'UID="root" AUID="unset"
type=CRED_DISP msg=audit(1720285248.019:357): pid=2532 uid=0 auid=4294967295 ses=4294967295 msg='op=PAM:setcred grantors=pam_permit acct="root" exe="/usr/bin/sudo" hostname=? addr=? terminal=? res=success'UID="root" AUID="unset"
type=USER_ACCT msg=audit(1720285248.027:358): pid=2534 uid=0 auid=4294967295 ses=4294967295 msg='op=PAM:accounting grantors=pam_permit acct="root" exe="/usr/bin/sudo" hostname=? addr=? terminal=? res=success'UID="root" AUID="unset"
type=USER_CMD msg=audit(1720285248.027:359): pid=2534 uid=0 auid=4294967295 ses=4294967295 msg='cwd="/" cmd=6C6F67726F74617465202D66202D73202F6F70742F7679617474612F6574632F636F6E6669672F617263686976652F6C722E7374617465202F6F70742F7679617474612F6574632F636F6E6669672F617263686976652F6C722E636F6E66 exe="/usr/bin/sudo" terminal=? res=success'UID="root" AUID="unset"
type=CRED_REFR msg=audit(1720285248.027:360): pid=2534 uid=0 auid=4294967295 ses=4294967295 msg='op=PAM:setcred grantors=pam_permit,pam_cap acct="root" exe="/usr/bin/sudo" hostname=? addr=? terminal=? res=success'UID="root" AUID="unset"
type=USER_START msg=audit(1720285248.027:361): pid=2534 uid=0 auid=4294967295 ses=4294967295 msg='op=PAM:session_open grantors=pam_limits,pam_permit,pam_mkhomedir,pam_unix acct="root" exe="/usr/bin/sudo" hostname=? addr=? terminal=? res=success'UID="root" AUID="unset"
type=USER_END msg=audit(1720285248.033:362): pid=2534 uid=0 auid=4294967295 ses=4294967295 msg='op=PAM:session_close grantors=pam_limits,pam_permit,pam_mkhomedir,pam_unix acct="root" exe="/usr/bin/sudo" hostname=? addr=? terminal=? res=success'UID="root" AUID="unset"
type=CRED_DISP msg=audit(1720285248.033:363): pid=2534 uid=0 auid=4294967295 ses=4294967295 msg='op=PAM:setcred grantors=pam_permit acct="root" exe="/usr/bin/sudo" hostname=? addr=? terminal=? res=success'UID="root" AUID="unset"
type=BPF msg=audit(1720285248.368:364): prog-id=118 op=LOAD
type=BPF msg=audit(1720285248.368:365): prog-id=102 op=UNLOAD
type=BPF msg=audit(1720285248.369:366): prog-id=119 op=LOAD
type=BPF msg=audit(1720285248.369:367): prog-id=117 op=UNLOAD
type=BPF msg=audit(1720285248.371:368): prog-id=120 op=LOAD
type=BPF msg=audit(1720285248.371:369): prog-id=103 op=UNLOAD
type=BPF msg=audit(1720285248.371:370): prog-id=121 op=LOAD
type=BPF msg=audit(1720285248.371:371): prog-id=122 op=LOAD
type=BPF msg=audit(1720285248.371:372): prog-id=104 op=UNLOAD
type=BPF msg=audit(1720285248.371:373): prog-id=105 op=UNLOAD
type=BPF msg=audit(1720285248.374:374): prog-id=123 op=LOAD
type=BPF msg=audit(1720285248.374:375): prog-id=124 op=LOAD
type=BPF msg=audit(1720285248.374:376): prog-id=106 op=UNLOAD
type=BPF msg=audit(1720285248.374:377): prog-id=107 op=UNLOAD
type=BPF msg=audit(1720285248.376:378): prog-id=125 op=LOAD
type=BPF msg=audit(1720285248.376:379): prog-id=108 op=UNLOAD
type=BPF msg=audit(1720285248.376:380): prog-id=126 op=LOAD
type=BPF msg=audit(1720285248.376:381): prog-id=127 op=LOAD
type=BPF msg=audit(1720285248.376:382): prog-id=109 op=UNLOAD
type=BPF msg=audit(1720285248.376:383): prog-id=110 op=UNLOAD
type=BPF msg=audit(1720285248.377:384): prog-id=128 op=LOAD
type=BPF msg=audit(1720285248.377:385): prog-id=111 op=UNLOAD
type=BPF msg=audit(1720285248.377:386): prog-id=129 op=LOAD
type=BPF msg=audit(1720285248.377:387): prog-id=130 op=LOAD
type=BPF msg=audit(1720285248.377:388): prog-id=112 op=UNLOAD
type=BPF msg=audit(1720285248.377:389): prog-id=113 op=UNLOAD
type=BPF msg=audit(1720285248.379:390): prog-id=131 op=LOAD
type=BPF msg=audit(1720285248.379:391): prog-id=114 op=UNLOAD
type=BPF msg=audit(1720285248.379:392): prog-id=132 op=LOAD
type=BPF msg=audit(1720285248.379:393): prog-id=133 op=LOAD
type=BPF msg=audit(1720285248.379:394): prog-id=115 op=UNLOAD
type=BPF msg=audit(1720285248.379:395): prog-id=116 op=UNLOAD
type=USER_AUTH msg=audit(1720285248.600:396): pid=2620 uid=0 auid=4294967295 ses=4294967295 msg='op=PAM:authentication grantors=pam_permit acct="root" exe="/usr/bin/vtysh" hostname=? addr=? terminal=? res=success'UID="root" AUID="unset"
type=USER_ACCT msg=audit(1720285248.600:397): pid=2620 uid=0 auid=4294967295 ses=4294967295 msg='op=PAM:accounting grantors=pam_permit acct="root" exe="/usr/bin/vtysh" hostname=? addr=? terminal=? res=success'UID="root" AUID="unset"
type=SERVICE_STOP msg=audit(1720285258.464:398): pid=1 uid=0 auid=4294967295 ses=4294967295 msg='unit=serial-getty@ttyS0 comm="systemd" exe="/usr/lib/systemd/systemd" hostname=? addr=? terminal=? res=success'UID="root" AUID="unset"
type=USER_LOGIN msg=audit(1720285258.714:399): pid=2646 uid=0 auid=4294967295 ses=4294967295 msg='op=login acct="vyos" exe="/usr/sbin/sshd" hostname=? addr=192.168.1.25 terminal=sshd res=failed'UID="root" AUID="unset"
type=USER_LOGIN msg=audit(1720285258.721:400): pid=2646 uid=0 auid=4294967295 ses=4294967295 msg='op=login acct="vyos" exe="/usr/sbin/sshd" hostname=? addr=192.168.1.25 terminal=sshd res=failed'UID="root" AUID="unset"
type=SERVICE_START msg=audit(1720285258.812:401): pid=1 uid=0 auid=4294967295 ses=4294967295 msg='unit=serial-getty@ttyS0 comm="systemd" exe="/usr/lib/systemd/systemd" hostname=? addr=? terminal=? res=success'UID="root" AUID="unset"
type=SERVICE_STOP msg=audit(1720285258.812:402): pid=1 uid=0 auid=4294967295 ses=4294967295 msg='unit=serial-getty@ttyS0 comm="systemd" exe="/usr/lib/systemd/systemd" hostname=? addr=? terminal=? res=success'UID="root" AUID="unset"
type=SERVICE_START msg=audit(1720285258.822:403): pid=1 uid=0 auid=4294967295 ses=4294967295 msg='unit=serial-getty@ttyS0 comm="systemd" exe="/usr/lib/systemd/systemd" hostname=? addr=? terminal=? res=success'UID="root" AUID="unset"
type=USER_AUTH msg=audit(1720285260.513:404): pid=2646 uid=0 auid=4294967295 ses=4294967295 msg='op=PAM:authentication grantors=pam_permit,pam_cap acct="vyos" exe="/usr/sbin/sshd" hostname=192.168.1.25 addr=192.168.1.25 terminal=ssh res=success'UID="root" AUID="unset"
type=USER_ACCT msg=audit(1720285260.537:405): pid=2646 uid=0 auid=4294967295 ses=4294967295 msg='op=PAM:accounting grantors=pam_permit acct="vyos" exe="/usr/sbin/sshd" hostname=192.168.1.25 addr=192.168.1.25 terminal=ssh res=success'UID="root" AUID="unset"
type=CRED_ACQ msg=audit(1720285260.539:406): pid=2646 uid=0 auid=4294967295 ses=4294967295 msg='op=PAM:setcred grantors=pam_permit,pam_cap acct="vyos" exe="/usr/sbin/sshd" hostname=192.168.1.25 addr=192.168.1.25 terminal=ssh res=success'UID="root" AUID="unset"
type=LOGIN msg=audit(1720285260.539:407): pid=2646 uid=0 old-auid=4294967295 auid=1002 tty=(none) old-ses=4294967295 ses=1 res=1UID="root" OLD-AUID="unset" AUID="vyos"
type=SYSCALL msg=audit(1720285260.539:407): arch=c000003e syscall=1 success=yes exit=4 a0=3 a1=7ffeecc5fbc0 a2=4 a3=7ffeecc5f8d4 items=0 ppid=2503 pid=2646 auid=1002 uid=0 gid=0 euid=0 suid=0 fsuid=0 egid=0 sgid=0 fsgid=0 tty=(none) ses=1 comm="sshd" exe="/usr/sbin/sshd" key=(null)ARCH=x86_64 SYSCALL=write AUID="vyos" UID="root" GID="root" EUID="root" SUID="root" FSUID="root" EGID="root" SGID="root" FSGID="root"
type=PROCTITLE msg=audit(1720285260.539:407): proctitle=737368643A2076796F73205B707269765D
type=SERVICE_START msg=audit(1720285260.575:408): pid=1 uid=0 auid=4294967295 ses=4294967295 msg='unit=user-runtime-dir@1002 comm="systemd" exe="/usr/lib/systemd/systemd" hostname=? addr=? terminal=? res=success'UID="root" AUID="unset"
type=USER_ACCT msg=audit(1720285260.588:409): pid=2652 uid=0 auid=4294967295 ses=4294967295 msg='op=PAM:accounting grantors=pam_permit acct="vyos" exe="/usr/lib/systemd/systemd" hostname=? addr=? terminal=? res=success'UID="root" AUID="unset"
type=CRED_ACQ msg=audit(1720285260.588:410): pid=2652 uid=0 auid=4294967295 ses=4294967295 msg='op=PAM:setcred grantors=pam_permit,pam_cap acct="vyos" exe="/usr/lib/systemd/systemd" hostname=? addr=? terminal=? res=success'UID="root" AUID="unset"
type=LOGIN msg=audit(1720285260.588:411): pid=2652 uid=0 old-auid=4294967295 auid=1002 tty=(none) old-ses=4294967295 ses=2 res=1UID="root" OLD-AUID="unset" AUID="vyos"
type=SYSCALL msg=audit(1720285260.588:411): arch=c000003e syscall=1 success=yes exit=4 a0=7 a1=7ffc798fc470 a2=4 a3=7ffc798fc184 items=0 ppid=1 pid=2652 auid=1002 uid=0 gid=0 euid=0 suid=0 fsuid=0 egid=0 sgid=0 fsgid=0 tty=(none) ses=2 comm="(systemd)" exe="/usr/lib/systemd/systemd" key=(null)ARCH=x86_64 SYSCALL=write AUID="vyos" UID="root" GID="root" EUID="root" SUID="root" FSUID="root" EGID="root" SGID="root" FSGID="root"
type=PROCTITLE msg=audit(1720285260.588:411): proctitle="(systemd)"
type=USER_START msg=audit(1720285260.589:412): pid=2652 uid=0 auid=1002 ses=2 msg='op=PAM:session_open grantors=pam_selinux,pam_selinux,pam_loginuid,pam_limits,pam_permit,pam_mkhomedir,pam_unix,pam_keyinit,pam_systemd acct="vyos" exe="/usr/lib/systemd/systemd" hostname=? addr=? terminal=? res=success'UID="root" AUID="vyos"
type=BPF msg=audit(1720285260.608:413): prog-id=134 op=LOAD
type=SYSCALL msg=audit(1720285260.608:413): arch=c000003e syscall=321 success=yes exit=8 a0=5 a1=7ffc87a44e90 a2=90 a3=0 items=0 ppid=1 pid=2652 auid=1002 uid=1002 gid=100 euid=1002 suid=1002 fsuid=1002 egid=100 sgid=100 fsgid=100 tty=(none) ses=2 comm="systemd" exe="/usr/lib/systemd/systemd" key=(null)ARCH=x86_64 SYSCALL=bpf AUID="vyos" UID="vyos" GID="users" EUID="vyos" SUID="vyos" FSUID="vyos" EGID="users" SGID="users" FSGID="users"
type=PROCTITLE msg=audit(1720285260.608:413): proctitle="(systemd)"
type=BPF msg=audit(1720285260.608:414): prog-id=134 op=UNLOAD
type=SYSCALL msg=audit(1720285260.608:414): arch=c000003e syscall=3 success=yes exit=0 a0=8 a1=7ffc87a44f70 a2=90 a3=200000008 items=0 ppid=1 pid=2652 auid=1002 uid=1002 gid=100 euid=1002 suid=1002 fsuid=1002 egid=100 sgid=100 fsgid=100 tty=(none) ses=2 comm="systemd" exe="/usr/lib/systemd/systemd" key=(null)ARCH=x86_64 SYSCALL=close AUID="vyos" UID="vyos" GID="users" EUID="vyos" SUID="vyos" FSUID="vyos" EGID="users" SGID="users" FSGID="users"
type=PROCTITLE msg=audit(1720285260.608:414): proctitle="(systemd)"
type=SERVICE_START msg=audit(1720285260.735:415): pid=1 uid=0 auid=4294967295 ses=4294967295 msg='unit=user@1002 comm="systemd" exe="/usr/lib/systemd/systemd" hostname=? addr=? terminal=? res=success'UID="root" AUID="unset"
type=USER_START msg=audit(1720285261.002:416): pid=2646 uid=0 auid=1002 ses=1 msg='op=PAM:session_open grantors=pam_selinux,pam_loginuid,pam_keyinit,pam_permit,pam_mkhomedir,pam_unix,pam_systemd,pam_mail,pam_limits,pam_env,pam_env,pam_selinux acct="vyos" exe="/usr/sbin/sshd" hostname=192.168.1.25 addr=192.168.1.25 terminal=ssh res=success'UID="root" AUID="vyos"
type=CRED_ACQ msg=audit(1720285261.004:417): pid=2749 uid=0 auid=1002 ses=1 msg='op=PAM:setcred grantors=pam_permit,pam_cap acct="vyos" exe="/usr/sbin/sshd" hostname=192.168.1.25 addr=192.168.1.25 terminal=ssh res=success'UID="root" AUID="vyos"
type=USER_LOGIN msg=audit(1720285261.010:418): pid=2646 uid=0 auid=1002 ses=1 msg='op=login id=1002 exe="/usr/sbin/sshd" hostname=192.168.1.25 addr=192.168.1.25 terminal=/dev/pts/0 res=success'UID="root" AUID="vyos" ID="vyos"
type=SERVICE_STOP msg=audit(1720285268.840:419): pid=1 uid=0 auid=4294967295 ses=4294967295 msg='unit=serial-getty@ttyS0 comm="systemd" exe="/usr/lib/systemd/systemd" hostname=? addr=? terminal=? res=success'UID="root" AUID="unset"
type=SERVICE_START msg=audit(1720285269.062:420): pid=1 uid=0 auid=4294967295 ses=4294967295 msg='unit=serial-getty@ttyS0 comm="systemd" exe="/usr/lib/systemd/systemd" hostname=? addr=? terminal=? res=success'UID="root" AUID="unset"
type=SERVICE_STOP msg=audit(1720285269.062:421): pid=1 uid=0 auid=4294967295 ses=4294967295 msg='unit=serial-getty@ttyS0 comm="systemd" exe="/usr/lib/systemd/systemd" hostname=? addr=? terminal=? res=success'UID="root" AUID="unset"
type=SERVICE_START msg=audit(1720285269.072:422): pid=1 uid=0 auid=4294967295 ses=4294967295 msg='unit=serial-getty@ttyS0 comm="systemd" exe="/usr/lib/systemd/systemd" hostname=? addr=? terminal=? res=success'UID="root" AUID="unset"
type=SERVICE_STOP msg=audit(1720285270.114:423): pid=1 uid=0 auid=4294967295 ses=4294967295 msg='unit=systemd-localed comm="systemd" exe="/usr/lib/systemd/systemd" hostname=? addr=? terminal=? res=success'UID="root" AUID="unset"
type=BPF msg=audit(1720285270.148:424): prog-id=130 op=UNLOAD
type=BPF msg=audit(1720285270.148:425): prog-id=129 op=UNLOAD
type=BPF msg=audit(1720285270.148:426): prog-id=128 op=UNLOAD
type=SERVICE_STOP msg=audit(1720285273.875:427): pid=1 uid=0 auid=4294967295 ses=4294967295 msg='unit=systemd-hostnamed comm="systemd" exe="/usr/lib/systemd/systemd" hostname=? addr=? terminal=? res=success'UID="root" AUID="unset"
type=BPF msg=audit(1720285273.907:428): prog-id=133 op=UNLOAD
type=BPF msg=audit(1720285273.907:429): prog-id=132 op=UNLOAD
type=BPF msg=audit(1720285273.907:430): prog-id=131 op=UNLOAD
type=SERVICE_STOP msg=audit(1720285279.083:431): pid=1 uid=0 auid=4294967295 ses=4294967295 msg='unit=serial-getty@ttyS0 comm="systemd" exe="/usr/lib/systemd/systemd" hostname=? addr=? terminal=? res=success'UID="root" AUID="unset"
type=SERVICE_START msg=audit(1720285279.312:432): pid=1 uid=0 auid=4294967295 ses=4294967295 msg='unit=serial-getty@ttyS0 comm="systemd" exe="/usr/lib/systemd/systemd" hostname=? addr=? terminal=? res=success'UID="root" AUID="unset"
type=SERVICE_STOP msg=audit(1720285279.312:433): pid=1 uid=0 auid=4294967295 ses=4294967295 msg='unit=serial-getty@ttyS0 comm="systemd" exe="/usr/lib/systemd/systemd" hostname=? addr=? terminal=? res=success'UID="root" AUID="unset"
type=SERVICE_START msg=audit(1720285279.327:434): pid=1 uid=0 auid=4294967295 ses=4294967295 msg='unit=serial-getty@ttyS0 comm="systemd" exe="/usr/lib/systemd/systemd" hostname=? addr=? terminal=? res=success'UID="root" AUID="unset"
type=SERVICE_STOP msg=audit(1720285289.337:435): pid=1 uid=0 auid=4294967295 ses=4294967295 msg='unit=serial-getty@ttyS0 comm="systemd" exe="/usr/lib/systemd/systemd" hostname=? addr=? terminal=? res=success'UID="root" AUID="unset"
type=SERVICE_START msg=audit(1720285289.562:436): pid=1 uid=0 auid=4294967295 ses=4294967295 msg='unit=serial-getty@ttyS0 comm="systemd" exe="/usr/lib/systemd/systemd" hostname=? addr=? terminal=? res=success'UID="root" AUID="unset"
type=SERVICE_STOP msg=audit(1720285289.562:437): pid=1 uid=0 auid=4294967295 ses=4294967295 msg='unit=serial-getty@ttyS0 comm="systemd" exe="/usr/lib/systemd/systemd" hostname=? addr=? terminal=? res=success'UID="root" AUID="unset"
type=SERVICE_START msg=audit(1720285289.577:438): pid=1 uid=0 auid=4294967295 ses=4294967295 msg='unit=serial-getty@ttyS0 comm="systemd" exe="/usr/lib/systemd/systemd" hostname=? addr=? terminal=? res=success'UID="root" AUID="unset"
type=SERVICE_STOP msg=audit(1720285299.586:439): pid=1 uid=0 auid=4294967295 ses=4294967295 msg='unit=serial-getty@ttyS0 comm="systemd" exe="/usr/lib/systemd/systemd" hostname=? addr=? terminal=? res=success'UID="root" AUID="unset"
type=SERVICE_START msg=audit(1720285299.812:440): pid=1 uid=0 auid=4294967295 ses=4294967295 msg='unit=serial-getty@ttyS0 comm="systemd" exe="/usr/lib/systemd/systemd" hostname=? addr=? terminal=? res=success'UID="root" AUID="unset"
type=SERVICE_STOP msg=audit(1720285299.813:441): pid=1 uid=0 auid=4294967295 ses=4294967295 msg='unit=serial-getty@ttyS0 comm="systemd" exe="/usr/lib/systemd/systemd" hostname=? addr=? terminal=? res=success'UID="root" AUID="unset"
type=SERVICE_START msg=audit(1720285299.821:442): pid=1 uid=0 auid=4294967295 ses=4294967295 msg='unit=serial-getty@ttyS0 comm="systemd" exe="/usr/lib/systemd/systemd" hostname=? addr=? terminal=? res=success'UID="root" AUID="unset"
type=SERVICE_STOP msg=audit(1720285309.833:443): pid=1 uid=0 auid=4294967295 ses=4294967295 msg='unit=serial-getty@ttyS0 comm="systemd" exe="/usr/lib/systemd/systemd" hostname=? addr=? terminal=? res=success'UID="root" AUID="unset"
type=SERVICE_START msg=audit(1720285310.063:444): pid=1 uid=0 auid=4294967295 ses=4294967295 msg='unit=serial-getty@ttyS0 comm="systemd" exe="/usr/lib/systemd/systemd" hostname=? addr=? terminal=? res=success'UID="root" AUID="unset"
type=SERVICE_STOP msg=audit(1720285310.063:445): pid=1 uid=0 auid=4294967295 ses=4294967295 msg='unit=serial-getty@ttyS0 comm="systemd" exe="/usr/lib/systemd/systemd" hostname=? addr=? terminal=? res=success'UID="root" AUID="unset"
type=SERVICE_START msg=audit(1720285310.072:446): pid=1 uid=0 auid=4294967295 ses=4294967295 msg='unit=serial-getty@ttyS0 comm="systemd" exe="/usr/lib/systemd/systemd" hostname=? addr=? terminal=? res=success'UID="root" AUID="unset"
type=SERVICE_STOP msg=audit(1720285320.095:447): pid=1 uid=0 auid=4294967295 ses=4294967295 msg='unit=serial-getty@ttyS0 comm="systemd" exe="/usr/lib/systemd/systemd" hostname=? addr=? terminal=? res=success'UID="root" AUID="unset"
type=SERVICE_START msg=audit(1720285320.312:448): pid=1 uid=0 auid=4294967295 ses=4294967295 msg='unit=serial-getty@ttyS0 comm="systemd" exe="/usr/lib/systemd/systemd" hostname=? addr=? terminal=? res=success'UID="root" AUID="unset"
type=SERVICE_STOP msg=audit(1720285320.312:449): pid=1 uid=0 auid=4294967295 ses=4294967295 msg='unit=serial-getty@ttyS0 comm="systemd" exe="/usr/lib/systemd/systemd" hostname=? addr=? terminal=? res=success'UID="root" AUID="unset"
type=SERVICE_START msg=audit(1720285320.321:450): pid=1 uid=0 auid=4294967295 ses=4294967295 msg='unit=serial-getty@ttyS0 comm="systemd" exe="/usr/lib/systemd/systemd" hostname=? addr=? terminal=? res=success'UID="root" AUID="unset"
type=SERVICE_STOP msg=audit(1720285330.330:451): pid=1 uid=0 auid=4294967295 ses=4294967295 msg='unit=serial-getty@ttyS0 comm="systemd" exe="/usr/lib/systemd/systemd" hostname=? addr=? terminal=? res=success'UID="root" AUID="unset"
type=SERVICE_START msg=audit(1720285330.562:452): pid=1 uid=0 auid=4294967295 ses=4294967295 msg='unit=serial-getty@ttyS0 comm="systemd" exe="/usr/lib/systemd/systemd" hostname=? addr=? terminal=? res=success'UID="root" AUID="unset"
type=SERVICE_STOP msg=audit(1720285330.562:453): pid=1 uid=0 auid=4294967295 ses=4294967295 msg='unit=serial-getty@ttyS0 comm="systemd" exe="/usr/lib/systemd/systemd" hostname=? addr=? terminal=? res=success'UID="root" AUID="unset"
type=SERVICE_START msg=audit(1720285330.573:454): pid=1 uid=0 auid=4294967295 ses=4294967295 msg='unit=serial-getty@ttyS0 comm="systemd" exe="/usr/lib/systemd/systemd" hostname=? addr=? terminal=? res=success'UID="root" AUID="unset"
type=SERVICE_STOP msg=audit(1720285340.595:455): pid=1 uid=0 auid=4294967295 ses=4294967295 msg='unit=serial-getty@ttyS0 comm="systemd" exe="/usr/lib/systemd/systemd" hostname=? addr=? terminal=? res=success'UID="root" AUID="unset"
type=SERVICE_START msg=audit(1720285340.812:456): pid=1 uid=0 auid=4294967295 ses=4294967295 msg='unit=serial-getty@ttyS0 comm="systemd" exe="/usr/lib/systemd/systemd" hostname=? addr=? terminal=? res=success'UID="root" AUID="unset"
type=SERVICE_STOP msg=audit(1720285340.813:457): pid=1 uid=0 auid=4294967295 ses=4294967295 msg='unit=serial-getty@ttyS0 comm="systemd" exe="/usr/lib/systemd/systemd" hostname=? addr=? terminal=? res=success'UID="root" AUID="unset"
type=SERVICE_START msg=audit(1720285340.822:458): pid=1 uid=0 auid=4294967295 ses=4294967295 msg='unit=serial-getty@ttyS0 comm="systemd" exe="/usr/lib/systemd/systemd" hostname=? addr=? terminal=? res=success'UID="root" AUID="unset"
type=SERVICE_STOP msg=audit(1720285350.845:459): pid=1 uid=0 auid=4294967295 ses=4294967295 msg='unit=serial-getty@ttyS0 comm="systemd" exe="/usr/lib/systemd/systemd" hostname=? addr=? terminal=? res=success'UID="root" AUID="unset"
type=SERVICE_START msg=audit(1720285351.062:460): pid=1 uid=0 auid=4294967295 ses=4294967295 msg='unit=serial-getty@ttyS0 comm="systemd" exe="/usr/lib/systemd/systemd" hostname=? addr=? terminal=? res=success'UID="root" AUID="unset"
type=SERVICE_STOP msg=audit(1720285351.062:461): pid=1 uid=0 auid=4294967295 ses=4294967295 msg='unit=serial-getty@ttyS0 comm="systemd" exe="/usr/lib/systemd/systemd" hostname=? addr=? terminal=? res=success'UID="root" AUID="unset"
type=SERVICE_START msg=audit(1720285351.072:462): pid=1 uid=0 auid=4294967295 ses=4294967295 msg='unit=serial-getty@ttyS0 comm="systemd" exe="/usr/lib/systemd/systemd" hostname=? addr=? terminal=? res=success'UID="root" AUID="unset"
type=SERVICE_STOP msg=audit(1720285361.090:463): pid=1 uid=0 auid=4294967295 ses=4294967295 msg='unit=serial-getty@ttyS0 comm="systemd" exe="/usr/lib/systemd/systemd" hostname=? addr=? terminal=? res=success'UID="root" AUID="unset"
type=SERVICE_START msg=audit(1720285361.312:464): pid=1 uid=0 auid=4294967295 ses=4294967295 msg='unit=serial-getty@ttyS0 comm="systemd" exe="/usr/lib/systemd/systemd" hostname=? addr=? terminal=? res=success'UID="root" AUID="unset"
type=SERVICE_STOP msg=audit(1720285361.312:465): pid=1 uid=0 auid=4294967295 ses=4294967295 msg='unit=serial-getty@ttyS0 comm="systemd" exe="/usr/lib/systemd/systemd" hostname=? addr=? terminal=? res=success'UID="root" AUID="unset"
type=SERVICE_START msg=audit(1720285361.327:466): pid=1 uid=0 auid=4294967295 ses=4294967295 msg='unit=serial-getty@ttyS0 comm="systemd" exe="/usr/lib/systemd/systemd" hostname=? addr=? terminal=? res=success'UID="root" AUID="unset"
type=SERVICE_STOP msg=audit(1720285371.346:467): pid=1 uid=0 auid=4294967295 ses=4294967295 msg='unit=serial-getty@ttyS0 comm="systemd" exe="/usr/lib/systemd/systemd" hostname=? addr=? terminal=? res=success'UID="root" AUID="unset"
type=SERVICE_START msg=audit(1720285371.562:468): pid=1 uid=0 auid=4294967295 ses=4294967295 msg='unit=serial-getty@ttyS0 comm="systemd" exe="/usr/lib/systemd/systemd" hostname=? addr=? terminal=? res=success'UID="root" AUID="unset"
type=SERVICE_STOP msg=audit(1720285371.562:469): pid=1 uid=0 auid=4294967295 ses=4294967295 msg='unit=serial-getty@ttyS0 comm="systemd" exe="/usr/lib/systemd/systemd" hostname=? addr=? terminal=? res=success'UID="root" AUID="unset"
type=SERVICE_START msg=audit(1720285371.572:470): pid=1 uid=0 auid=4294967295 ses=4294967295 msg='unit=serial-getty@ttyS0 comm="systemd" exe="/usr/lib/systemd/systemd" hostname=? addr=? terminal=? res=success'UID="root" AUID="unset"
type=SERVICE_STOP msg=audit(1720285381.590:471): pid=1 uid=0 auid=4294967295 ses=4294967295 msg='unit=serial-getty@ttyS0 comm="systemd" exe="/usr/lib/systemd/systemd" hostname=? addr=? terminal=? res=success'UID="root" AUID="unset"
type=SERVICE_START msg=audit(1720285381.812:472): pid=1 uid=0 auid=4294967295 ses=4294967295 msg='unit=serial-getty@ttyS0 comm="systemd" exe="/usr/lib/systemd/systemd" hostname=? addr=? terminal=? res=success'UID="root" AUID="unset"
type=SERVICE_STOP msg=audit(1720285381.813:473): pid=1 uid=0 auid=4294967295 ses=4294967295 msg='unit=serial-getty@ttyS0 comm="systemd" exe="/usr/lib/systemd/systemd" hostname=? addr=? terminal=? res=success'UID="root" AUID="unset"
type=SERVICE_START msg=audit(1720285381.821:474): pid=1 uid=0 auid=4294967295 ses=4294967295 msg='unit=serial-getty@ttyS0 comm="systemd" exe="/usr/lib/systemd/systemd" hostname=? addr=? terminal=? res=success'UID="root" AUID="unset"
type=SERVICE_STOP msg=audit(1720285391.837:475): pid=1 uid=0 auid=4294967295 ses=4294967295 msg='unit=serial-getty@ttyS0 comm="systemd" exe="/usr/lib/systemd/systemd" hostname=? addr=? terminal=? res=success'UID="root" AUID="unset"
type=SERVICE_START msg=audit(1720285392.062:476): pid=1 uid=0 auid=4294967295 ses=4294967295 msg='unit=serial-getty@ttyS0 comm="systemd" exe="/usr/lib/systemd/systemd" hostname=? addr=? terminal=? res=success'UID="root" AUID="unset"
type=SERVICE_STOP msg=audit(1720285392.062:477): pid=1 uid=0 auid=4294967295 ses=4294967295 msg='unit=serial-getty@ttyS0 comm="systemd" exe="/usr/lib/systemd/systemd" hostname=? addr=? terminal=? res=success'UID="root" AUID="unset"
type=SERVICE_START msg=audit(1720285392.075:478): pid=1 uid=0 auid=4294967295 ses=4294967295 msg='unit=serial-getty@ttyS0 comm="systemd" exe="/usr/lib/systemd/systemd" hostname=? addr=? terminal=? res=success'UID="root" AUID="unset"
type=SERVICE_STOP msg=audit(1720285402.098:479): pid=1 uid=0 auid=4294967295 ses=4294967295 msg='unit=serial-getty@ttyS0 comm="systemd" exe="/usr/lib/systemd/systemd" hostname=? addr=? terminal=? res=success'UID="root" AUID="unset"
type=SERVICE_START msg=audit(1720285402.312:480): pid=1 uid=0 auid=4294967295 ses=4294967295 msg='unit=serial-getty@ttyS0 comm="systemd" exe="/usr/lib/systemd/systemd" hostname=? addr=? terminal=? res=success'UID="root" AUID="unset"
type=SERVICE_STOP msg=audit(1720285402.312:481): pid=1 uid=0 auid=4294967295 ses=4294967295 msg='unit=serial-getty@ttyS0 comm="systemd" exe="/usr/lib/systemd/systemd" hostname=? addr=? terminal=? res=success'UID="root" AUID="unset"
type=SERVICE_START msg=audit(1720285402.318:482): pid=1 uid=0 auid=4294967295 ses=4294967295 msg='unit=serial-getty@ttyS0 comm="systemd" exe="/usr/lib/systemd/systemd" hostname=? addr=? terminal=? res=success'UID="root" AUID="unset"
type=SERVICE_STOP msg=audit(1720285412.330:483): pid=1 uid=0 auid=4294967295 ses=4294967295 msg='unit=serial-getty@ttyS0 comm="systemd" exe="/usr/lib/systemd/systemd" hostname=? addr=? terminal=? res=success'UID="root" AUID="unset"
type=SERVICE_START msg=audit(1720285412.562:484): pid=1 uid=0 auid=4294967295 ses=4294967295 msg='unit=serial-getty@ttyS0 comm="systemd" exe="/usr/lib/systemd/systemd" hostname=? addr=? terminal=? res=success'UID="root" AUID="unset"
type=SERVICE_STOP msg=audit(1720285412.562:485): pid=1 uid=0 auid=4294967295 ses=4294967295 msg='unit=serial-getty@ttyS0 comm="systemd" exe="/usr/lib/systemd/systemd" hostname=? addr=? terminal=? res=success'UID="root" AUID="unset"
type=SERVICE_START msg=audit(1720285412.570:486): pid=1 uid=0 auid=4294967295 ses=4294967295 msg='unit=serial-getty@ttyS0 comm="systemd" exe="/usr/lib/systemd/systemd" hostname=? addr=? terminal=? res=success'UID="root" AUID="unset"
type=SERVICE_STOP msg=audit(1720285422.591:487): pid=1 uid=0 auid=4294967295 ses=4294967295 msg='unit=serial-getty@ttyS0 comm="systemd" exe="/usr/lib/systemd/systemd" hostname=? addr=? terminal=? res=success'UID="root" AUID="unset"
type=SERVICE_START msg=audit(1720285422.812:488): pid=1 uid=0 auid=4294967295 ses=4294967295 msg='unit=serial-getty@ttyS0 comm="systemd" exe="/usr/lib/systemd/systemd" hostname=? addr=? terminal=? res=success'UID="root" AUID="unset"
type=SERVICE_STOP msg=audit(1720285422.812:489): pid=1 uid=0 auid=4294967295 ses=4294967295 msg='unit=serial-getty@ttyS0 comm="systemd" exe="/usr/lib/systemd/systemd" hostname=? addr=? terminal=? res=success'UID="root" AUID="unset"
type=SERVICE_START msg=audit(1720285422.825:490): pid=1 uid=0 auid=4294967295 ses=4294967295 msg='unit=serial-getty@ttyS0 comm="systemd" exe="/usr/lib/systemd/systemd" hostname=? addr=? terminal=? res=success'UID="root" AUID="unset"
type=USER_ACCT msg=audit(1720285426.576:491): pid=3571 uid=1002 auid=1002 ses=1 msg='op=PAM:accounting grantors=pam_permit acct="vyos" exe="/usr/bin/sudo" hostname=? addr=? terminal=/dev/pts/0 res=success'UID="vyos" AUID="vyos"
type=USER_CMD msg=audit(1720285426.576:492): pid=3571 uid=1002 auid=1002 ses=1 msg='cwd="/home/vyos" cmd=7368202D63202F7573722F7362696E2F76797368696D2056594F535F5441474E4F44455F56414C55453D276574683027202F7573722F6C6962657865632F76796F732F636F6E665F6D6F64652F696E74657266616365735F65746865726E65742E7079 exe="/usr/bin/sudo" terminal=pts/0 res=success'UID="vyos" AUID="vyos"
type=CRED_REFR msg=audit(1720285426.576:493): pid=3571 uid=1002 auid=1002 ses=1 msg='op=PAM:setcred grantors=pam_permit,pam_cap acct="root" exe="/usr/bin/sudo" hostname=? addr=? terminal=/dev/pts/0 res=success'UID="vyos" AUID="vyos"
type=USER_START msg=audit(1720285426.577:494): pid=3571 uid=1002 auid=1002 ses=1 msg='op=PAM:session_open grantors=pam_limits,pam_permit,pam_mkhomedir,pam_unix acct="root" exe="/usr/bin/sudo" hostname=? addr=? terminal=/dev/pts/0 res=success'UID="vyos" AUID="vyos"
type=BPF msg=audit(1720285427.072:495): prog-id=135 op=LOAD
type=BPF msg=audit(1720285427.072:496): prog-id=118 op=UNLOAD
type=BPF msg=audit(1720285427.074:497): prog-id=136 op=LOAD
type=BPF msg=audit(1720285427.074:498): prog-id=119 op=UNLOAD
type=BPF msg=audit(1720285427.076:499): prog-id=137 op=LOAD
type=BPF msg=audit(1720285427.076:500): prog-id=120 op=UNLOAD
type=BPF msg=audit(1720285427.076:501): prog-id=138 op=LOAD
type=BPF msg=audit(1720285427.076:502): prog-id=139 op=LOAD
type=BPF msg=audit(1720285427.076:503): prog-id=121 op=UNLOAD
type=BPF msg=audit(1720285427.076:504): prog-id=122 op=UNLOAD
type=BPF msg=audit(1720285427.080:505): prog-id=140 op=LOAD
type=BPF msg=audit(1720285427.080:506): prog-id=141 op=LOAD
type=BPF msg=audit(1720285427.080:507): prog-id=123 op=UNLOAD
type=BPF msg=audit(1720285427.080:508): prog-id=124 op=UNLOAD
type=BPF msg=audit(1720285427.081:509): prog-id=142 op=LOAD
type=BPF msg=audit(1720285427.081:510): prog-id=125 op=UNLOAD
type=BPF msg=audit(1720285427.081:511): prog-id=143 op=LOAD
type=BPF msg=audit(1720285427.081:512): prog-id=144 op=LOAD
type=BPF msg=audit(1720285427.081:513): prog-id=126 op=UNLOAD
type=BPF msg=audit(1720285427.081:514): prog-id=127 op=UNLOAD
type=USER_AUTH msg=audit(1720285427.393:515): pid=3651 uid=0 auid=4294967295 ses=4294967295 msg='op=PAM:authentication grantors=pam_permit acct="root" exe="/usr/bin/vtysh" hostname=? addr=? terminal=? res=success'UID="root" AUID="unset"
type=USER_ACCT msg=audit(1720285427.393:516): pid=3651 uid=0 auid=4294967295 ses=4294967295 msg='op=PAM:accounting grantors=pam_permit acct="root" exe="/usr/bin/vtysh" hostname=? addr=? terminal=? res=success'UID="root" AUID="unset"
type=USER_AUTH msg=audit(1720285427.520:517): pid=3654 uid=0 auid=4294967295 ses=4294967295 msg='op=PAM:authentication grantors=pam_permit acct="root" exe="/usr/bin/vtysh" hostname=? addr=? terminal=? res=success'UID="root" AUID="unset"
type=USER_ACCT msg=audit(1720285427.521:518): pid=3654 uid=0 auid=4294967295 ses=4294967295 msg='op=PAM:accounting grantors=pam_permit acct="root" exe="/usr/bin/vtysh" hostname=? addr=? terminal=? res=success'UID="root" AUID="unset"
type=USER_AUTH msg=audit(1720285427.552:519): pid=3655 uid=0 auid=4294967295 ses=4294967295 msg='op=PAM:authentication grantors=pam_permit acct="root" exe="/usr/bin/vtysh" hostname=? addr=? terminal=? res=success'UID="root" AUID="unset"
type=USER_ACCT msg=audit(1720285427.552:520): pid=3655 uid=0 auid=4294967295 ses=4294967295 msg='op=PAM:accounting grantors=pam_permit acct="root" exe="/usr/bin/vtysh" hostname=? addr=? terminal=? res=success'UID="root" AUID="unset"
type=USER_AUTH msg=audit(1720285427.599:521): pid=3657 uid=0 auid=4294967295 ses=4294967295 msg='op=PAM:authentication grantors=pam_permit acct="root" exe="/usr/bin/vtysh" hostname=? addr=? terminal=? res=success'UID="root" AUID="unset"
type=USER_ACCT msg=audit(1720285427.599:522): pid=3657 uid=0 auid=4294967295 ses=4294967295 msg='op=PAM:accounting grantors=pam_permit acct="root" exe="/usr/bin/vtysh" hostname=? addr=? terminal=? res=success'UID="root" AUID="unset"
type=USER_AUTH msg=audit(1720285427.679:523): pid=3680 uid=0 auid=4294967295 ses=4294967295 msg='op=PAM:authentication grantors=pam_permit acct="root" exe="/usr/bin/vtysh" hostname=? addr=? terminal=? res=success'UID="root" AUID="unset"
type=USER_ACCT msg=audit(1720285427.679:524): pid=3680 uid=0 auid=4294967295 ses=4294967295 msg='op=PAM:accounting grantors=pam_permit acct="root" exe="/usr/bin/vtysh" hostname=? addr=? terminal=? res=success'UID="root" AUID="unset"
type=USER_AUTH msg=audit(1720285427.712:525): pid=3682 uid=0 auid=4294967295 ses=4294967295 msg='op=PAM:authentication grantors=pam_permit acct="root" exe="/usr/bin/vtysh" hostname=? addr=? terminal=? res=success'UID="root" AUID="unset"
type=USER_ACCT msg=audit(1720285427.712:526): pid=3682 uid=0 auid=4294967295 ses=4294967295 msg='op=PAM:accounting grantors=pam_permit acct="root" exe="/usr/bin/vtysh" hostname=? addr=? terminal=? res=success'UID="root" AUID="unset"
type=USER_AUTH msg=audit(1720285427.794:527): pid=3705 uid=0 auid=4294967295 ses=4294967295 msg='op=PAM:authentication grantors=pam_permit acct="root" exe="/usr/bin/vtysh" hostname=? addr=? terminal=? res=success'UID="root" AUID="unset"
type=USER_ACCT msg=audit(1720285427.794:528): pid=3705 uid=0 auid=4294967295 ses=4294967295 msg='op=PAM:accounting grantors=pam_permit acct="root" exe="/usr/bin/vtysh" hostname=? addr=? terminal=? res=success'UID="root" AUID="unset"
type=USER_END msg=audit(1720285427.801:529): pid=3571 uid=1002 auid=1002 ses=1 msg='op=PAM:session_close grantors=pam_limits,pam_permit,pam_mkhomedir,pam_unix acct="root" exe="/usr/bin/sudo" hostname=? addr=? terminal=/dev/pts/0 res=success'UID="vyos" AUID="vyos"
type=CRED_DISP msg=audit(1720285427.801:530): pid=3571 uid=1002 auid=1002 ses=1 msg='op=PAM:setcred grantors=pam_permit acct="root" exe="/usr/bin/sudo" hostname=? addr=? terminal=/dev/pts/0 res=success'UID="vyos" AUID="vyos"
type=USER_ACCT msg=audit(1720285427.904:531): pid=3744 uid=1002 auid=1002 ses=1 msg='op=PAM:accounting grantors=pam_permit acct="vyos" exe="/usr/bin/sudo" hostname=? addr=? terminal=/dev/pts/0 res=success'UID="vyos" AUID="vyos"
type=USER_CMD msg=audit(1720285427.904:532): pid=3744 uid=1002 auid=1002 ses=1 msg='cwd="/home/vyos" cmd=7368202D63202F7573722F7362696E2F76797368696D202F7573722F6C6962657865632F76796F732F636F6E665F6D6F64652F6669726577616C6C2E7079 exe="/usr/bin/sudo" terminal=pts/0 res=success'UID="vyos" AUID="vyos"
type=CRED_REFR msg=audit(1720285427.904:533): pid=3744 uid=1002 auid=1002 ses=1 msg='op=PAM:setcred grantors=pam_permit,pam_cap acct="root" exe="/usr/bin/sudo" hostname=? addr=? terminal=/dev/pts/0 res=success'UID="vyos" AUID="vyos"
type=USER_START msg=audit(1720285427.904:534): pid=3744 uid=1002 auid=1002 ses=1 msg='op=PAM:session_open grantors=pam_limits,pam_permit,pam_mkhomedir,pam_unix acct="root" exe="/usr/bin/sudo" hostname=? addr=? terminal=/dev/pts/0 res=success'UID="vyos" AUID="vyos"
type=USER_END msg=audit(1720285427.922:535): pid=3744 uid=1002 auid=1002 ses=1 msg='op=PAM:session_close grantors=pam_limits,pam_permit,pam_mkhomedir,pam_unix acct="root" exe="/usr/bin/sudo" hostname=? addr=? terminal=/dev/pts/0 res=success'UID="vyos" AUID="vyos"
type=CRED_DISP msg=audit(1720285427.922:536): pid=3744 uid=1002 auid=1002 ses=1 msg='op=PAM:setcred grantors=pam_permit acct="root" exe="/usr/bin/sudo" hostname=? addr=? terminal=/dev/pts/0 res=success'UID="vyos" AUID="vyos"
type=USER_ACCT msg=audit(1720285428.828:537): pid=3783 uid=1002 auid=1002 ses=1 msg='op=PAM:accounting grantors=pam_permit acct="vyos" exe="/usr/bin/sudo" hostname=? addr=? terminal=/dev/pts/0 res=success'UID="vyos" AUID="vyos"
type=USER_CMD msg=audit(1720285428.828:538): pid=3783 uid=1002 auid=1002 ses=1 msg='cwd="/home/vyos" cmd=6D76202F746D702F636F6E6669672E626F6F742E33373735202F6F70742F7679617474612F6574632F636F6E6669672F617263686976652F636F6E6669672E626F6F74 exe="/usr/bin/sudo" terminal=pts/0 res=success'UID="vyos" AUID="vyos"
type=CRED_REFR msg=audit(1720285428.828:539): pid=3783 uid=1002 auid=1002 ses=1 msg='op=PAM:setcred grantors=pam_permit,pam_cap acct="root" exe="/usr/bin/sudo" hostname=? addr=? terminal=/dev/pts/0 res=success'UID="vyos" AUID="vyos"
type=USER_START msg=audit(1720285428.828:540): pid=3783 uid=1002 auid=1002 ses=1 msg='op=PAM:session_open grantors=pam_limits,pam_permit,pam_mkhomedir,pam_unix acct="root" exe="/usr/bin/sudo" hostname=? addr=? terminal=/dev/pts/0 res=success'UID="vyos" AUID="vyos"
type=USER_END msg=audit(1720285428.832:541): pid=3783 uid=1002 auid=1002 ses=1 msg='op=PAM:session_close grantors=pam_limits,pam_permit,pam_mkhomedir,pam_unix acct="root" exe="/usr/bin/sudo" hostname=? addr=? terminal=/dev/pts/0 res=success'UID="vyos" AUID="vyos"
type=CRED_DISP msg=audit(1720285428.832:542): pid=3783 uid=1002 auid=1002 ses=1 msg='op=PAM:setcred grantors=pam_permit acct="root" exe="/usr/bin/sudo" hostname=? addr=? terminal=/dev/pts/0 res=success'UID="vyos" AUID="vyos"
type=USER_ACCT msg=audit(1720285428.838:543): pid=3786 uid=1002 auid=1002 ses=1 msg='op=PAM:accounting grantors=pam_permit acct="vyos" exe="/usr/bin/sudo" hostname=? addr=? terminal=/dev/pts/0 res=success'UID="vyos" AUID="vyos"
type=USER_CMD msg=audit(1720285428.838:544): pid=3786 uid=1002 auid=1002 ses=1 msg='cwd="/home/vyos" cmd=6C6F67726F74617465202D66202D73202F6F70742F7679617474612F6574632F636F6E6669672F617263686976652F6C722E7374617465202F6F70742F7679617474612F6574632F636F6E6669672F617263686976652F6C722E636F6E66 exe="/usr/bin/sudo" terminal=pts/0 res=success'UID="vyos" AUID="vyos"
type=CRED_REFR msg=audit(1720285428.838:545): pid=3786 uid=1002 auid=1002 ses=1 msg='op=PAM:setcred grantors=pam_permit,pam_cap acct="root" exe="/usr/bin/sudo" hostname=? addr=? terminal=/dev/pts/0 res=success'UID="vyos" AUID="vyos"
type=USER_START msg=audit(1720285428.839:546): pid=3786 uid=1002 auid=1002 ses=1 msg='op=PAM:session_open grantors=pam_limits,pam_permit,pam_mkhomedir,pam_unix acct="root" exe="/usr/bin/sudo" hostname=? addr=? terminal=/dev/pts/0 res=success'UID="vyos" AUID="vyos"
type=USER_END msg=audit(1720285428.846:547): pid=3786 uid=1002 auid=1002 ses=1 msg='op=PAM:session_close grantors=pam_limits,pam_permit,pam_mkhomedir,pam_unix acct="root" exe="/usr/bin/sudo" hostname=? addr=? terminal=/dev/pts/0 res=success'UID="vyos" AUID="vyos"
type=CRED_DISP msg=audit(1720285428.846:548): pid=3786 uid=1002 auid=1002 ses=1 msg='op=PAM:setcred grantors=pam_permit acct="root" exe="/usr/bin/sudo" hostname=? addr=? terminal=/dev/pts/0 res=success'UID="vyos" AUID="vyos"
type=SERVICE_STOP msg=audit(1720285432.842:549): pid=1 uid=0 auid=4294967295 ses=4294967295 msg='unit=serial-getty@ttyS0 comm="systemd" exe="/usr/lib/systemd/systemd" hostname=? addr=? terminal=? res=success'UID="root" AUID="unset"
type=SERVICE_START msg=audit(1720285433.062:550): pid=1 uid=0 auid=4294967295 ses=4294967295 msg='unit=serial-getty@ttyS0 comm="systemd" exe="/usr/lib/systemd/systemd" hostname=? addr=? terminal=? res=success'UID="root" AUID="unset"
type=SERVICE_STOP msg=audit(1720285433.062:551): pid=1 uid=0 auid=4294967295 ses=4294967295 msg='unit=serial-getty@ttyS0 comm="systemd" exe="/usr/lib/systemd/systemd" hostname=? addr=? terminal=? res=success'UID="root" AUID="unset"
type=SERVICE_START msg=audit(1720285433.072:552): pid=1 uid=0 auid=4294967295 ses=4294967295 msg='unit=serial-getty@ttyS0 comm="systemd" exe="/usr/lib/systemd/systemd" hostname=? addr=? terminal=? res=success'UID="root" AUID="unset"
type=SERVICE_STOP msg=audit(1720285443.088:553): pid=1 uid=0 auid=4294967295 ses=4294967295 msg='unit=serial-getty@ttyS0 comm="systemd" exe="/usr/lib/systemd/systemd" hostname=? addr=? terminal=? res=success'UID="root" AUID="unset"
type=SERVICE_START msg=audit(1720285443.312:554): pid=1 uid=0 auid=4294967295 ses=4294967295 msg='unit=serial-getty@ttyS0 comm="systemd" exe="/usr/lib/systemd/systemd" hostname=? addr=? terminal=? res=success'UID="root" AUID="unset"
type=SERVICE_STOP msg=audit(1720285443.313:555): pid=1 uid=0 auid=4294967295 ses=4294967295 msg='unit=serial-getty@ttyS0 comm="systemd" exe="/usr/lib/systemd/systemd" hostname=? addr=? terminal=? res=success'UID="root" AUID="unset"
type=SERVICE_START msg=audit(1720285443.322:556): pid=1 uid=0 auid=4294967295 ses=4294967295 msg='unit=serial-getty@ttyS0 comm="systemd" exe="/usr/lib/systemd/systemd" hostname=? addr=? terminal=? res=success'UID="root" AUID="unset"
type=SERVICE_STOP msg=audit(1720285453.338:557): pid=1 uid=0 auid=4294967295 ses=4294967295 msg='unit=serial-getty@ttyS0 comm="systemd" exe="/usr/lib/systemd/systemd" hostname=? addr=? terminal=? res=success'UID="root" AUID="unset"
type=SERVICE_START msg=audit(1720285453.562:558): pid=1 uid=0 auid=4294967295 ses=4294967295 msg='unit=serial-getty@ttyS0 comm="systemd" exe="/usr/lib/systemd/systemd" hostname=? addr=? terminal=? res=success'UID="root" AUID="unset"
type=SERVICE_STOP msg=audit(1720285453.562:559): pid=1 uid=0 auid=4294967295 ses=4294967295 msg='unit=serial-getty@ttyS0 comm="systemd" exe="/usr/lib/systemd/systemd" hostname=? addr=? terminal=? res=success'UID="root" AUID="unset"
type=SERVICE_START msg=audit(1720285453.576:560): pid=1 uid=0 auid=4294967295 ses=4294967295 msg='unit=serial-getty@ttyS0 comm="systemd" exe="/usr/lib/systemd/systemd" hostname=? addr=? terminal=? res=success'UID="root" AUID="unset"
type=USER_ACCT msg=audit(1720285455.606:561): pid=3931 uid=1002 auid=1002 ses=1 msg='op=PAM:accounting grantors=pam_permit acct="vyos" exe="/usr/bin/sudo" hostname=? addr=? terminal=/dev/pts/0 res=success'UID="vyos" AUID="vyos"
type=USER_CMD msg=audit(1720285455.606:562): pid=3931 uid=1002 auid=1002 ses=1 msg='cwd="/home/vyos" cmd=7368202D63202F7573722F7362696E2F76797368696D202F7573722F6C6962657865632F76796F732F636F6E665F6D6F64652F6669726577616C6C2E7079 exe="/usr/bin/sudo" terminal=pts/0 res=success'UID="vyos" AUID="vyos"
type=CRED_REFR msg=audit(1720285455.607:563): pid=3931 uid=1002 auid=1002 ses=1 msg='op=PAM:setcred grantors=pam_permit,pam_cap acct="root" exe="/usr/bin/sudo" hostname=? addr=? terminal=/dev/pts/0 res=success'UID="vyos" AUID="vyos"
type=USER_START msg=audit(1720285455.608:564): pid=3931 uid=1002 auid=1002 ses=1 msg='op=PAM:session_open grantors=pam_limits,pam_permit,pam_mkhomedir,pam_unix acct="root" exe="/usr/bin/sudo" hostname=? addr=? terminal=/dev/pts/0 res=success'UID="vyos" AUID="vyos"
type=NETFILTER_CFG msg=audit(1720285455.871:565): table=vyos_filter:4 family=7 entries=3 op=nft_register_chain pid=3938 comm="nft"
type=NETFILTER_CFG msg=audit(1720285455.871:565): table=vyos_filter:4 family=10 entries=21 op=nft_register_chain pid=3938 comm="nft"
type=NETFILTER_CFG msg=audit(1720285455.871:565): table=vyos_filter:4 family=2 entries=38 op=nft_register_chain pid=3938 comm="nft"
type=NETFILTER_CFG msg=audit(1720285455.871:565): table=raw:4 family=10 entries=3 op=nft_register_chain pid=3938 comm="nft"
type=NETFILTER_CFG msg=audit(1720285455.871:565): table=raw:4 family=2 entries=3 op=nft_register_chain pid=3938 comm="nft"
type=SYSCALL msg=audit(1720285455.871:565): arch=c000003e syscall=46 success=yes exit=9952 a0=3 a1=7ffe02f09530 a2=0 a3=7fcdf7855680 items=0 ppid=857 pid=3938 auid=4294967295 uid=0 gid=102 euid=0 suid=0 fsuid=0 egid=102 sgid=102 fsgid=102 tty=(none) ses=4294967295 comm="nft" exe="/usr/sbin/nft" key=(null)ARCH=x86_64 SYSCALL=sendmsg AUID="unset" UID="root" GID="vyattacfg" EUID="root" SUID="root" FSUID="root" EGID="vyattacfg" SGID="vyattacfg" FSGID="vyattacfg"
type=PROCTITLE msg=audit(1720285455.871:565): proctitle=6E6674002D2D66696C65002F72756E2F6E667461626C65732E636F6E66
type=NETFILTER_CFG msg=audit(1720285455.927:566): table=vyos_conntrack:5 family=10 entries=27 op=nft_register_chain pid=3941 comm="nft"
type=NETFILTER_CFG msg=audit(1720285455.927:566): table=vyos_conntrack:5 family=10 entries=23 op=nft_unregister_table pid=3941 comm="nft"
type=NETFILTER_CFG msg=audit(1720285455.927:566): table=vyos_conntrack:5 family=2 entries=30 op=nft_register_chain pid=3941 comm="nft"
type=NETFILTER_CFG msg=audit(1720285455.927:566): table=vyos_conntrack:5 family=2 entries=26 op=nft_unregister_table pid=3941 comm="nft"
type=SYSCALL msg=audit(1720285455.927:566): arch=c000003e syscall=46 success=yes exit=6288 a0=3 a1=7ffcc69fe830 a2=0 a3=7f1d02385680 items=0 ppid=857 pid=3941 auid=4294967295 uid=0 gid=102 euid=0 suid=0 fsuid=0 egid=102 sgid=102 fsgid=102 tty=(none) ses=4294967295 comm="nft" exe="/usr/sbin/nft" key=(null)ARCH=x86_64 SYSCALL=sendmsg AUID="unset" UID="root" GID="vyattacfg" EUID="root" SUID="root" FSUID="root" EGID="vyattacfg" SGID="vyattacfg" FSGID="vyattacfg"
type=PROCTITLE msg=audit(1720285455.927:566): proctitle=6E6674002D2D66696C65002F72756E2F6E667461626C65732D63742E636F6E66
type=USER_END msg=audit(1720285455.936:567): pid=3931 uid=1002 auid=1002 ses=1 msg='op=PAM:session_close grantors=pam_limits,pam_permit,pam_mkhomedir,pam_unix acct="root" exe="/usr/bin/sudo" hostname=? addr=? terminal=/dev/pts/0 res=success'UID="vyos" AUID="vyos"
type=CRED_DISP msg=audit(1720285455.936:568): pid=3931 uid=1002 auid=1002 ses=1 msg='op=PAM:setcred grantors=pam_permit acct="root" exe="/usr/bin/sudo" hostname=? addr=? terminal=/dev/pts/0 res=success'UID="vyos" AUID="vyos"
type=USER_ACCT msg=audit(1720285456.851:569): pid=3975 uid=1002 auid=1002 ses=1 msg='op=PAM:accounting grantors=pam_permit acct="vyos" exe="/usr/bin/sudo" hostname=? addr=? terminal=/dev/pts/0 res=success'UID="vyos" AUID="vyos"
type=USER_CMD msg=audit(1720285456.851:570): pid=3975 uid=1002 auid=1002 ses=1 msg='cwd="/home/vyos" cmd=6D76202F746D702F636F6E6669672E626F6F742E33393637202F6F70742F7679617474612F6574632F636F6E6669672F617263686976652F636F6E6669672E626F6F74 exe="/usr/bin/sudo" terminal=pts/0 res=success'UID="vyos" AUID="vyos"
type=CRED_REFR msg=audit(1720285456.852:571): pid=3975 uid=1002 auid=1002 ses=1 msg='op=PAM:setcred grantors=pam_permit,pam_cap acct="root" exe="/usr/bin/sudo" hostname=? addr=? terminal=/dev/pts/0 res=success'UID="vyos" AUID="vyos"
type=USER_START msg=audit(1720285456.852:572): pid=3975 uid=1002 auid=1002 ses=1 msg='op=PAM:session_open grantors=pam_limits,pam_permit,pam_mkhomedir,pam_unix acct="root" exe="/usr/bin/sudo" hostname=? addr=? terminal=/dev/pts/0 res=success'UID="vyos" AUID="vyos"
type=USER_END msg=audit(1720285456.855:573): pid=3975 uid=1002 auid=1002 ses=1 msg='op=PAM:session_close grantors=pam_limits,pam_permit,pam_mkhomedir,pam_unix acct="root" exe="/usr/bin/sudo" hostname=? addr=? terminal=/dev/pts/0 res=success'UID="vyos" AUID="vyos"
type=CRED_DISP msg=audit(1720285456.855:574): pid=3975 uid=1002 auid=1002 ses=1 msg='op=PAM:setcred grantors=pam_permit acct="root" exe="/usr/bin/sudo" hostname=? addr=? terminal=/dev/pts/0 res=success'UID="vyos" AUID="vyos"
type=USER_ACCT msg=audit(1720285456.862:575): pid=3978 uid=1002 auid=1002 ses=1 msg='op=PAM:accounting grantors=pam_permit acct="vyos" exe="/usr/bin/sudo" hostname=? addr=? terminal=/dev/pts/0 res=success'UID="vyos" AUID="vyos"
type=USER_CMD msg=audit(1720285456.862:576): pid=3978 uid=1002 auid=1002 ses=1 msg='cwd="/home/vyos" cmd=6C6F67726F74617465202D66202D73202F6F70742F7679617474612F6574632F636F6E6669672F617263686976652F6C722E7374617465202F6F70742F7679617474612F6574632F636F6E6669672F617263686976652F6C722E636F6E66 exe="/usr/bin/sudo" terminal=pts/0 res=success'UID="vyos" AUID="vyos"
type=CRED_REFR msg=audit(1720285456.862:577): pid=3978 uid=1002 auid=1002 ses=1 msg='op=PAM:setcred grantors=pam_permit,pam_cap acct="root" exe="/usr/bin/sudo" hostname=? addr=? terminal=/dev/pts/0 res=success'UID="vyos" AUID="vyos"
type=USER_START msg=audit(1720285456.862:578): pid=3978 uid=1002 auid=1002 ses=1 msg='op=PAM:session_open grantors=pam_limits,pam_permit,pam_mkhomedir,pam_unix acct="root" exe="/usr/bin/sudo" hostname=? addr=? terminal=/dev/pts/0 res=success'UID="vyos" AUID="vyos"
type=USER_END msg=audit(1720285456.871:579): pid=3978 uid=1002 auid=1002 ses=1 msg='op=PAM:session_close grantors=pam_limits,pam_permit,pam_mkhomedir,pam_unix acct="root" exe="/usr/bin/sudo" hostname=? addr=? terminal=/dev/pts/0 res=success'UID="vyos" AUID="vyos"
type=CRED_DISP msg=audit(1720285456.871:580): pid=3978 uid=1002 auid=1002 ses=1 msg='op=PAM:setcred grantors=pam_permit acct="root" exe="/usr/bin/sudo" hostname=? addr=? terminal=/dev/pts/0 res=success'UID="vyos" AUID="vyos"
type=USER_ACCT msg=audit(1720285458.783:581): pid=3987 uid=1002 auid=1002 ses=1 msg='op=PAM:accounting grantors=pam_permit acct="vyos" exe="/usr/bin/sudo" hostname=? addr=? terminal=/dev/pts/0 res=success'UID="vyos" AUID="vyos"
type=USER_CMD msg=audit(1720285458.783:582): pid=3987 uid=1002 auid=1002 ses=1 msg='cwd="/home/vyos" cmd=73672076796174746163666720756D61736B2030303032203B202F7573722F6C6962657865632F76796F732F76796F732D736176652D636F6E6669672E7079 exe="/usr/bin/sudo" terminal=pts/0 res=success'UID="vyos" AUID="vyos"
type=CRED_REFR msg=audit(1720285458.784:583): pid=3987 uid=1002 auid=1002 ses=1 msg='op=PAM:setcred grantors=pam_permit,pam_cap acct="root" exe="/usr/bin/sudo" hostname=? addr=? terminal=/dev/pts/0 res=success'UID="vyos" AUID="vyos"
type=USER_START msg=audit(1720285458.785:584): pid=3987 uid=1002 auid=1002 ses=1 msg='op=PAM:session_open grantors=pam_limits,pam_permit,pam_mkhomedir,pam_unix acct="root" exe="/usr/bin/sudo" hostname=? addr=? terminal=/dev/pts/0 res=success'UID="vyos" AUID="vyos"
type=USER_END msg=audit(1720285459.235:585): pid=3987 uid=1002 auid=1002 ses=1 msg='op=PAM:session_close grantors=pam_limits,pam_permit,pam_mkhomedir,pam_unix acct="root" exe="/usr/bin/sudo" hostname=? addr=? terminal=/dev/pts/0 res=success'UID="vyos" AUID="vyos"
type=CRED_DISP msg=audit(1720285459.235:586): pid=3987 uid=1002 auid=1002 ses=1 msg='op=PAM:setcred grantors=pam_permit acct="root" exe="/usr/bin/sudo" hostname=? addr=? terminal=/dev/pts/0 res=success'UID="vyos" AUID="vyos"
type=SERVICE_STOP msg=audit(1720285463.598:587): pid=1 uid=0 auid=4294967295 ses=4294967295 msg='unit=serial-getty@ttyS0 comm="systemd" exe="/usr/lib/systemd/systemd" hostname=? addr=? terminal=? res=success'UID="root" AUID="unset"
type=SERVICE_START msg=audit(1720285463.812:588): pid=1 uid=0 auid=4294967295 ses=4294967295 msg='unit=serial-getty@ttyS0 comm="systemd" exe="/usr/lib/systemd/systemd" hostname=? addr=? terminal=? res=success'UID="root" AUID="unset"
type=SERVICE_STOP msg=audit(1720285463.812:589): pid=1 uid=0 auid=4294967295 ses=4294967295 msg='unit=serial-getty@ttyS0 comm="systemd" exe="/usr/lib/systemd/systemd" hostname=? addr=? terminal=? res=success'UID="root" AUID="unset"
type=SERVICE_START msg=audit(1720285463.822:590): pid=1 uid=0 auid=4294967295 ses=4294967295 msg='unit=serial-getty@ttyS0 comm="systemd" exe="/usr/lib/systemd/systemd" hostname=? addr=? terminal=? res=success'UID="root" AUID="unset"
type=SERVICE_STOP msg=audit(1720285473.845:591): pid=1 uid=0 auid=4294967295 ses=4294967295 msg='unit=serial-getty@ttyS0 comm="systemd" exe="/usr/lib/systemd/systemd" hostname=? addr=? terminal=? res=success'UID="root" AUID="unset"
type=SERVICE_START msg=audit(1720285474.062:592): pid=1 uid=0 auid=4294967295 ses=4294967295 msg='unit=serial-getty@ttyS0 comm="systemd" exe="/usr/lib/systemd/systemd" hostname=? addr=? terminal=? res=success'UID="root" AUID="unset"
type=SERVICE_STOP msg=audit(1720285474.062:593): pid=1 uid=0 auid=4294967295 ses=4294967295 msg='unit=serial-getty@ttyS0 comm="systemd" exe="/usr/lib/systemd/systemd" hostname=? addr=? terminal=? res=success'UID="root" AUID="unset"
type=SERVICE_START msg=audit(1720285474.072:594): pid=1 uid=0 auid=4294967295 ses=4294967295 msg='unit=serial-getty@ttyS0 comm="systemd" exe="/usr/lib/systemd/systemd" hostname=? addr=? terminal=? res=success'UID="root" AUID="unset"
type=USER_ACCT msg=audit(1720285475.544:595): pid=4124 uid=1002 auid=1002 ses=1 msg='op=PAM:accounting grantors=pam_permit acct="vyos" exe="/usr/bin/sudo" hostname=? addr=? terminal=/dev/pts/0 res=success'UID="vyos" AUID="vyos"
type=USER_CMD msg=audit(1720285475.544:596): pid=4124 uid=1002 auid=1002 ses=1 msg='cwd="/home/vyos" cmd=7368202D63202F7573722F7362696E2F76797368696D202F7573722F6C6962657865632F76796F732F636F6E665F6D6F64652F6669726577616C6C2E7079 exe="/usr/bin/sudo" terminal=pts/0 res=success'UID="vyos" AUID="vyos"
type=CRED_REFR msg=audit(1720285475.545:597): pid=4124 uid=1002 auid=1002 ses=1 msg='op=PAM:setcred grantors=pam_permit,pam_cap acct="root" exe="/usr/bin/sudo" hostname=? addr=? terminal=/dev/pts/0 res=success'UID="vyos" AUID="vyos"
type=USER_START msg=audit(1720285475.545:598): pid=4124 uid=1002 auid=1002 ses=1 msg='op=PAM:session_open grantors=pam_limits,pam_permit,pam_mkhomedir,pam_unix acct="root" exe="/usr/bin/sudo" hostname=? addr=? terminal=/dev/pts/0 res=success'UID="vyos" AUID="vyos"
type=NETFILTER_CFG msg=audit(1720285475.759:599): table=vyos_filter:6 family=7 entries=3 op=nft_register_chain pid=4131 comm="nft"
type=NETFILTER_CFG msg=audit(1720285475.759:599): table=vyos_filter:6 family=7 entries=3 op=nft_unregister_table pid=4131 comm="nft"
type=NETFILTER_CFG msg=audit(1720285475.759:599): table=vyos_filter:6 family=10 entries=21 op=nft_register_chain pid=4131 comm="nft"
type=NETFILTER_CFG msg=audit(1720285475.759:599): table=vyos_filter:6 family=10 entries=21 op=nft_unregister_table pid=4131 comm="nft"
type=NETFILTER_CFG msg=audit(1720285475.759:599): table=vyos_filter:6 family=2 entries=41 op=nft_register_chain pid=4131 comm="nft"
type=NETFILTER_CFG msg=audit(1720285475.759:599): table=vyos_filter:6 family=2 entries=29 op=nft_unregister_table pid=4131 comm="nft"
type=NETFILTER_CFG msg=audit(1720285475.759:599): table=raw:6 family=10 entries=3 op=nft_register_chain pid=4131 comm="nft"
type=NETFILTER_CFG msg=audit(1720285475.759:599): table=raw:6 family=2 entries=3 op=nft_register_chain pid=4131 comm="nft"
type=SYSCALL msg=audit(1720285475.759:599): arch=c000003e syscall=46 success=yes exit=10672 a0=3 a1=7ffdf29f3840 a2=0 a3=7f6d8474e680 items=0 ppid=857 pid=4131 auid=4294967295 uid=0 gid=102 euid=0 suid=0 fsuid=0 egid=102 sgid=102 fsgid=102 tty=(none) ses=4294967295 comm="nft" exe="/usr/sbin/nft" key=(null)ARCH=x86_64 SYSCALL=sendmsg AUID="unset" UID="root" GID="vyattacfg" EUID="root" SUID="root" FSUID="root" EGID="vyattacfg" SGID="vyattacfg" FSGID="vyattacfg"
type=PROCTITLE msg=audit(1720285475.759:599): proctitle=6E6674002D2D66696C65002F72756E2F6E667461626C65732E636F6E66
type=USER_END msg=audit(1720285475.783:600): pid=4124 uid=1002 auid=1002 ses=1 msg='op=PAM:session_close grantors=pam_limits,pam_permit,pam_mkhomedir,pam_unix acct="root" exe="/usr/bin/sudo" hostname=? addr=? terminal=/dev/pts/0 res=success'UID="vyos" AUID="vyos"
type=CRED_DISP msg=audit(1720285475.783:601): pid=4124 uid=1002 auid=1002 ses=1 msg='op=PAM:setcred grantors=pam_permit acct="root" exe="/usr/bin/sudo" hostname=? addr=? terminal=/dev/pts/0 res=success'UID="vyos" AUID="vyos"
type=USER_ACCT msg=audit(1720285475.797:602): pid=4135 uid=1002 auid=1002 ses=1 msg='op=PAM:accounting grantors=pam_permit acct="vyos" exe="/usr/bin/sudo" hostname=? addr=? terminal=/dev/pts/0 res=success'UID="vyos" AUID="vyos"
type=USER_CMD msg=audit(1720285475.797:603): pid=4135 uid=1002 auid=1002 ses=1 msg='cwd="/home/vyos" cmd=7368202D63202F7573722F7362696E2F76797368696D202F7573722F6C6962657865632F76796F732F636F6E665F6D6F64652F73797374656D5F6C6F67696E2E7079 exe="/usr/bin/sudo" terminal=pts/0 res=success'UID="vyos" AUID="vyos"
type=CRED_REFR msg=audit(1720285475.798:604): pid=4135 uid=1002 auid=1002 ses=1 msg='op=PAM:setcred grantors=pam_permit,pam_cap acct="root" exe="/usr/bin/sudo" hostname=? addr=? terminal=/dev/pts/0 res=success'UID="vyos" AUID="vyos"
type=USER_START msg=audit(1720285475.798:605): pid=4135 uid=1002 auid=1002 ses=1 msg='op=PAM:session_open grantors=pam_limits,pam_permit,pam_mkhomedir,pam_unix acct="root" exe="/usr/bin/sudo" hostname=? addr=? terminal=/dev/pts/0 res=success'UID="vyos" AUID="vyos"
type=ADD_USER msg=audit(1720285476.538:606): pid=4144 uid=0 auid=1002 ses=1 msg='op=adding user id=1003 exe="/usr/sbin/useradd" hostname=vyos addr=? terminal=pts/1 res=success'UID="root" AUID="vyos" ID="unknown(1003)"
type=ADD_USER msg=audit(1720285476.538:607): pid=4144 uid=0 auid=1002 ses=1 msg='op=adding user to group acct="admin" exe="/usr/sbin/useradd" hostname=vyos addr=? terminal=pts/1 res=success'UID="root" AUID="vyos"
type=ADD_USER msg=audit(1720285476.538:608): pid=4144 uid=0 auid=1002 ses=1 msg='op=adding user to group acct="admin" exe="/usr/sbin/useradd" hostname=vyos addr=? terminal=pts/1 res=success'UID="root" AUID="vyos"
type=ADD_USER msg=audit(1720285476.538:609): pid=4144 uid=0 auid=1002 ses=1 msg='op=adding user to group acct="admin" exe="/usr/sbin/useradd" hostname=vyos addr=? terminal=pts/1 res=success'UID="root" AUID="vyos"
type=ADD_USER msg=audit(1720285476.539:610): pid=4144 uid=0 auid=1002 ses=1 msg='op=adding user to group acct="admin" exe="/usr/sbin/useradd" hostname=vyos addr=? terminal=pts/1 res=success'UID="root" AUID="vyos"
type=ADD_USER msg=audit(1720285476.539:611): pid=4144 uid=0 auid=1002 ses=1 msg='op=adding user to group acct="admin" exe="/usr/sbin/useradd" hostname=vyos addr=? terminal=pts/1 res=success'UID="root" AUID="vyos"
type=ADD_USER msg=audit(1720285476.539:612): pid=4144 uid=0 auid=1002 ses=1 msg='op=adding user to group acct="admin" exe="/usr/sbin/useradd" hostname=vyos addr=? terminal=pts/1 res=success'UID="root" AUID="vyos"
type=ADD_USER msg=audit(1720285476.539:613): pid=4144 uid=0 auid=1002 ses=1 msg='op=adding user to group acct="admin" exe="/usr/sbin/useradd" hostname=vyos addr=? terminal=pts/1 res=success'UID="root" AUID="vyos"
type=ADD_USER msg=audit(1720285476.539:614): pid=4144 uid=0 auid=1002 ses=1 msg='op=adding user to group acct="admin" exe="/usr/sbin/useradd" hostname=vyos addr=? terminal=pts/1 res=success'UID="root" AUID="vyos"
type=ADD_USER msg=audit(1720285476.540:615): pid=4144 uid=0 auid=1002 ses=1 msg='op=adding user to shadow group acct="admin" exe="/usr/sbin/useradd" hostname=vyos addr=? terminal=pts/1 res=success'UID="root" AUID="vyos"
type=ADD_USER msg=audit(1720285476.540:616): pid=4144 uid=0 auid=1002 ses=1 msg='op=adding user to shadow group acct="admin" exe="/usr/sbin/useradd" hostname=vyos addr=? terminal=pts/1 res=success'UID="root" AUID="vyos"
type=ADD_USER msg=audit(1720285476.540:617): pid=4144 uid=0 auid=1002 ses=1 msg='op=adding user to shadow group acct="admin" exe="/usr/sbin/useradd" hostname=vyos addr=? terminal=pts/1 res=success'UID="root" AUID="vyos"
type=ADD_USER msg=audit(1720285476.540:618): pid=4144 uid=0 auid=1002 ses=1 msg='op=adding user to shadow group acct="admin" exe="/usr/sbin/useradd" hostname=vyos addr=? terminal=pts/1 res=success'UID="root" AUID="vyos"
type=ADD_USER msg=audit(1720285476.540:619): pid=4144 uid=0 auid=1002 ses=1 msg='op=adding user to shadow group acct="admin" exe="/usr/sbin/useradd" hostname=vyos addr=? terminal=pts/1 res=success'UID="root" AUID="vyos"
type=ADD_USER msg=audit(1720285476.541:620): pid=4144 uid=0 auid=1002 ses=1 msg='op=adding user to shadow group acct="admin" exe="/usr/sbin/useradd" hostname=vyos addr=? terminal=pts/1 res=success'UID="root" AUID="vyos"
type=ADD_USER msg=audit(1720285476.541:621): pid=4144 uid=0 auid=1002 ses=1 msg='op=adding user to shadow group acct="admin" exe="/usr/sbin/useradd" hostname=vyos addr=? terminal=pts/1 res=success'UID="root" AUID="vyos"
type=ADD_USER msg=audit(1720285476.541:622): pid=4144 uid=0 auid=1002 ses=1 msg='op=adding user to shadow group acct="admin" exe="/usr/sbin/useradd" hostname=vyos addr=? terminal=pts/1 res=success'UID="root" AUID="vyos"
type=ADD_USER msg=audit(1720285476.556:623): pid=4144 uid=0 auid=1002 ses=1 msg='op=adding home directory id=1003 exe="/usr/sbin/useradd" hostname=vyos addr=? terminal=pts/1 res=success'UID="root" AUID="vyos" ID="admin"
type=USER_END msg=audit(1720285477.055:624): pid=4135 uid=1002 auid=1002 ses=1 msg='op=PAM:session_close grantors=pam_limits,pam_permit,pam_mkhomedir,pam_unix acct="root" exe="/usr/bin/sudo" hostname=? addr=? terminal=/dev/pts/0 res=success'UID="vyos" AUID="vyos"
type=CRED_DISP msg=audit(1720285477.055:625): pid=4135 uid=1002 auid=1002 ses=1 msg='op=PAM:setcred grantors=pam_permit acct="root" exe="/usr/bin/sudo" hostname=? addr=? terminal=/dev/pts/0 res=success'UID="vyos" AUID="vyos"
type=USER_ACCT msg=audit(1720285478.046:626): pid=4242 uid=1002 auid=1002 ses=1 msg='op=PAM:accounting grantors=pam_permit acct="vyos" exe="/usr/bin/sudo" hostname=? addr=? terminal=/dev/pts/0 res=success'UID="vyos" AUID="vyos"
type=USER_CMD msg=audit(1720285478.046:627): pid=4242 uid=1002 auid=1002 ses=1 msg='cwd="/home/vyos" cmd=6D76202F746D702F636F6E6669672E626F6F742E34323334202F6F70742F7679617474612F6574632F636F6E6669672F617263686976652F636F6E6669672E626F6F74 exe="/usr/bin/sudo" terminal=pts/0 res=success'UID="vyos" AUID="vyos"
type=CRED_REFR msg=audit(1720285478.047:628): pid=4242 uid=1002 auid=1002 ses=1 msg='op=PAM:setcred grantors=pam_permit,pam_cap acct="root" exe="/usr/bin/sudo" hostname=? addr=? terminal=/dev/pts/0 res=success'UID="vyos" AUID="vyos"
type=USER_START msg=audit(1720285478.047:629): pid=4242 uid=1002 auid=1002 ses=1 msg='op=PAM:session_open grantors=pam_limits,pam_permit,pam_mkhomedir,pam_unix acct="root" exe="/usr/bin/sudo" hostname=? addr=? terminal=/dev/pts/0 res=success'UID="vyos" AUID="vyos"
type=USER_END msg=audit(1720285478.051:630): pid=4242 uid=1002 auid=1002 ses=1 msg='op=PAM:session_close grantors=pam_limits,pam_permit,pam_mkhomedir,pam_unix acct="root" exe="/usr/bin/sudo" hostname=? addr=? terminal=/dev/pts/0 res=success'UID="vyos" AUID="vyos"
type=CRED_DISP msg=audit(1720285478.051:631): pid=4242 uid=1002 auid=1002 ses=1 msg='op=PAM:setcred grantors=pam_permit acct="root" exe="/usr/bin/sudo" hostname=? addr=? terminal=/dev/pts/0 res=success'UID="vyos" AUID="vyos"
type=USER_ACCT msg=audit(1720285478.058:632): pid=4245 uid=1002 auid=1002 ses=1 msg='op=PAM:accounting grantors=pam_permit acct="vyos" exe="/usr/bin/sudo" hostname=? addr=? terminal=/dev/pts/0 res=success'UID="vyos" AUID="vyos"
type=USER_CMD msg=audit(1720285478.058:633): pid=4245 uid=1002 auid=1002 ses=1 msg='cwd="/home/vyos" cmd=6C6F67726F74617465202D66202D73202F6F70742F7679617474612F6574632F636F6E6669672F617263686976652F6C722E7374617465202F6F70742F7679617474612F6574632F636F6E6669672F617263686976652F6C722E636F6E66 exe="/usr/bin/sudo" terminal=pts/0 res=success'UID="vyos" AUID="vyos"
type=CRED_REFR msg=audit(1720285478.058:634): pid=4245 uid=1002 auid=1002 ses=1 msg='op=PAM:setcred grantors=pam_permit,pam_cap acct="root" exe="/usr/bin/sudo" hostname=? addr=? terminal=/dev/pts/0 res=success'UID="vyos" AUID="vyos"
type=USER_START msg=audit(1720285478.058:635): pid=4245 uid=1002 auid=1002 ses=1 msg='op=PAM:session_open grantors=pam_limits,pam_permit,pam_mkhomedir,pam_unix acct="root" exe="/usr/bin/sudo" hostname=? addr=? terminal=/dev/pts/0 res=success'UID="vyos" AUID="vyos"
type=USER_END msg=audit(1720285478.067:636): pid=4245 uid=1002 auid=1002 ses=1 msg='op=PAM:session_close grantors=pam_limits,pam_permit,pam_mkhomedir,pam_unix acct="root" exe="/usr/bin/sudo" hostname=? addr=? terminal=/dev/pts/0 res=success'UID="vyos" AUID="vyos"
type=CRED_DISP msg=audit(1720285478.067:637): pid=4245 uid=1002 auid=1002 ses=1 msg='op=PAM:setcred grantors=pam_permit acct="root" exe="/usr/bin/sudo" hostname=? addr=? terminal=/dev/pts/0 res=success'UID="vyos" AUID="vyos"
type=SERVICE_STOP msg=audit(1720285484.089:638): pid=1 uid=0 auid=4294967295 ses=4294967295 msg='unit=serial-getty@ttyS0 comm="systemd" exe="/usr/lib/systemd/systemd" hostname=? addr=? terminal=? res=success'UID="root" AUID="unset"
type=SERVICE_START msg=audit(1720285484.312:639): pid=1 uid=0 auid=4294967295 ses=4294967295 msg='unit=serial-getty@ttyS0 comm="systemd" exe="/usr/lib/systemd/systemd" hostname=? addr=? terminal=? res=success'UID="root" AUID="unset"
type=SERVICE_STOP msg=audit(1720285484.313:640): pid=1 uid=0 auid=4294967295 ses=4294967295 msg='unit=serial-getty@ttyS0 comm="systemd" exe="/usr/lib/systemd/systemd" hostname=? addr=? terminal=? res=success'UID="root" AUID="unset"
type=SERVICE_START msg=audit(1720285484.326:641): pid=1 uid=0 auid=4294967295 ses=4294967295 msg='unit=serial-getty@ttyS0 comm="systemd" exe="/usr/lib/systemd/systemd" hostname=? addr=? terminal=? res=success'UID="root" AUID="unset"
type=SERVICE_STOP msg=audit(1720285494.345:642): pid=1 uid=0 auid=4294967295 ses=4294967295 msg='unit=serial-getty@ttyS0 comm="systemd" exe="/usr/lib/systemd/systemd" hostname=? addr=? terminal=? res=success'UID="root" AUID="unset"
type=SERVICE_START msg=audit(1720285494.562:643): pid=1 uid=0 auid=4294967295 ses=4294967295 msg='unit=serial-getty@ttyS0 comm="systemd" exe="/usr/lib/systemd/systemd" hostname=? addr=? terminal=? res=success'UID="root" AUID="unset"
type=SERVICE_STOP msg=audit(1720285494.562:644): pid=1 uid=0 auid=4294967295 ses=4294967295 msg='unit=serial-getty@ttyS0 comm="systemd" exe="/usr/lib/systemd/systemd" hostname=? addr=? terminal=? res=success'UID="root" AUID="unset"
type=SERVICE_START msg=audit(1720285494.571:645): pid=1 uid=0 auid=4294967295 ses=4294967295 msg='unit=serial-getty@ttyS0 comm="systemd" exe="/usr/lib/systemd/systemd" hostname=? addr=? terminal=? res=success'UID="root" AUID="unset"
type=SERVICE_STOP msg=audit(1720285504.584:646): pid=1 uid=0 auid=4294967295 ses=4294967295 msg='unit=serial-getty@ttyS0 comm="systemd" exe="/usr/lib/systemd/systemd" hostname=? addr=? terminal=? res=success'UID="root" AUID="unset"
type=SERVICE_START msg=audit(1720285504.812:647): pid=1 uid=0 auid=4294967295 ses=4294967295 msg='unit=serial-getty@ttyS0 comm="systemd" exe="/usr/lib/systemd/systemd" hostname=? addr=? terminal=? res=success'UID="root" AUID="unset"
type=SERVICE_STOP msg=audit(1720285504.812:648): pid=1 uid=0 auid=4294967295 ses=4294967295 msg='unit=serial-getty@ttyS0 comm="systemd" exe="/usr/lib/systemd/systemd" hostname=? addr=? terminal=? res=success'UID="root" AUID="unset"
type=SERVICE_START msg=audit(1720285504.821:649): pid=1 uid=0 auid=4294967295 ses=4294967295 msg='unit=serial-getty@ttyS0 comm="systemd" exe="/usr/lib/systemd/systemd" hostname=? addr=? terminal=? res=success'UID="root" AUID="unset"
type=SERVICE_STOP msg=audit(1720285514.839:650): pid=1 uid=0 auid=4294967295 ses=4294967295 msg='unit=serial-getty@ttyS0 comm="systemd" exe="/usr/lib/systemd/systemd" hostname=? addr=? terminal=? res=success'UID="root" AUID="unset"
type=SERVICE_START msg=audit(1720285515.062:651): pid=1 uid=0 auid=4294967295 ses=4294967295 msg='unit=serial-getty@ttyS0 comm="systemd" exe="/usr/lib/systemd/systemd" hostname=? addr=? terminal=? res=success'UID="root" AUID="unset"
type=SERVICE_STOP msg=audit(1720285515.062:652): pid=1 uid=0 auid=4294967295 ses=4294967295 msg='unit=serial-getty@ttyS0 comm="systemd" exe="/usr/lib/systemd/systemd" hostname=? addr=? terminal=? res=success'UID="root" AUID="unset"
type=SERVICE_START msg=audit(1720285515.075:653): pid=1 uid=0 auid=4294967295 ses=4294967295 msg='unit=serial-getty@ttyS0 comm="systemd" exe="/usr/lib/systemd/systemd" hostname=? addr=? terminal=? res=success'UID="root" AUID="unset"
type=SERVICE_STOP msg=audit(1720285525.096:654): pid=1 uid=0 auid=4294967295 ses=4294967295 msg='unit=serial-getty@ttyS0 comm="systemd" exe="/usr/lib/systemd/systemd" hostname=? addr=? terminal=? res=success'UID="root" AUID="unset"
type=SERVICE_START msg=audit(1720285525.312:655): pid=1 uid=0 auid=4294967295 ses=4294967295 msg='unit=serial-getty@ttyS0 comm="systemd" exe="/usr/lib/systemd/systemd" hostname=? addr=? terminal=? res=success'UID="root" AUID="unset"
type=SERVICE_STOP msg=audit(1720285525.312:656): pid=1 uid=0 auid=4294967295 ses=4294967295 msg='unit=serial-getty@ttyS0 comm="systemd" exe="/usr/lib/systemd/systemd" hostname=? addr=? terminal=? res=success'UID="root" AUID="unset"
type=SERVICE_START msg=audit(1720285525.321:657): pid=1 uid=0 auid=4294967295 ses=4294967295 msg='unit=serial-getty@ttyS0 comm="systemd" exe="/usr/lib/systemd/systemd" hostname=? addr=? terminal=? res=success'UID="root" AUID="unset"
type=SERVICE_STOP msg=audit(1720285535.343:658): pid=1 uid=0 auid=4294967295 ses=4294967295 msg='unit=serial-getty@ttyS0 comm="systemd" exe="/usr/lib/systemd/systemd" hostname=? addr=? terminal=? res=success'UID="root" AUID="unset"
type=SERVICE_START msg=audit(1720285535.562:659): pid=1 uid=0 auid=4294967295 ses=4294967295 msg='unit=serial-getty@ttyS0 comm="systemd" exe="/usr/lib/systemd/systemd" hostname=? addr=? terminal=? res=success'UID="root" AUID="unset"
type=SERVICE_STOP msg=audit(1720285535.562:660): pid=1 uid=0 auid=4294967295 ses=4294967295 msg='unit=serial-getty@ttyS0 comm="systemd" exe="/usr/lib/systemd/systemd" hostname=? addr=? terminal=? res=success'UID="root" AUID="unset"
type=SERVICE_START msg=audit(1720285535.571:661): pid=1 uid=0 auid=4294967295 ses=4294967295 msg='unit=serial-getty@ttyS0 comm="systemd" exe="/usr/lib/systemd/systemd" hostname=? addr=? terminal=? res=success'UID="root" AUID="unset"
type=SERVICE_STOP msg=audit(1720285545.588:662): pid=1 uid=0 auid=4294967295 ses=4294967295 msg='unit=serial-getty@ttyS0 comm="systemd" exe="/usr/lib/systemd/systemd" hostname=? addr=? terminal=? res=success'UID="root" AUID="unset"
type=SERVICE_START msg=audit(1720285545.812:663): pid=1 uid=0 auid=4294967295 ses=4294967295 msg='unit=serial-getty@ttyS0 comm="systemd" exe="/usr/lib/systemd/systemd" hostname=? addr=? terminal=? res=success'UID="root" AUID="unset"
type=SERVICE_STOP msg=audit(1720285545.812:664): pid=1 uid=0 auid=4294967295 ses=4294967295 msg='unit=serial-getty@ttyS0 comm="systemd" exe="/usr/lib/systemd/systemd" hostname=? addr=? terminal=? res=success'UID="root" AUID="unset"
type=SERVICE_START msg=audit(1720285545.822:665): pid=1 uid=0 auid=4294967295 ses=4294967295 msg='unit=serial-getty@ttyS0 comm="systemd" exe="/usr/lib/systemd/systemd" hostname=? addr=? terminal=? res=success'UID="root" AUID="unset"
type=SERVICE_STOP msg=audit(1720285555.833:666): pid=1 uid=0 auid=4294967295 ses=4294967295 msg='unit=serial-getty@ttyS0 comm="systemd" exe="/usr/lib/systemd/systemd" hostname=? addr=? terminal=? res=success'UID="root" AUID="unset"
type=SERVICE_START msg=audit(1720285556.062:667): pid=1 uid=0 auid=4294967295 ses=4294967295 msg='unit=serial-getty@ttyS0 comm="systemd" exe="/usr/lib/systemd/systemd" hostname=? addr=? terminal=? res=success'UID="root" AUID="unset"
type=SERVICE_STOP msg=audit(1720285556.063:668): pid=1 uid=0 auid=4294967295 ses=4294967295 msg='unit=serial-getty@ttyS0 comm="systemd" exe="/usr/lib/systemd/systemd" hostname=? addr=? terminal=? res=success'UID="root" AUID="unset"
type=SERVICE_START msg=audit(1720285556.074:669): pid=1 uid=0 auid=4294967295 ses=4294967295 msg='unit=serial-getty@ttyS0 comm="systemd" exe="/usr/lib/systemd/systemd" hostname=? addr=? terminal=? res=success'UID="root" AUID="unset"
type=USER_ACCT msg=audit(1720285563.677:670): pid=4591 uid=1002 auid=1002 ses=1 msg='op=PAM:accounting grantors=pam_permit acct="vyos" exe="/usr/bin/sudo" hostname=? addr=? terminal=/dev/pts/0 res=success'UID="vyos" AUID="vyos"
type=USER_CMD msg=audit(1720285563.677:671): pid=4591 uid=1002 auid=1002 ses=1 msg='cwd="/home/vyos" cmd=7368202D63202F7573722F7362696E2F76797368696D202F7573722F6C6962657865632F76796F732F636F6E665F6D6F64652F706B692E7079 exe="/usr/bin/sudo" terminal=pts/0 res=success'UID="vyos" AUID="vyos"
type=CRED_REFR msg=audit(1720285563.678:672): pid=4591 uid=1002 auid=1002 ses=1 msg='op=PAM:setcred grantors=pam_permit,pam_cap acct="root" exe="/usr/bin/sudo" hostname=? addr=? terminal=/dev/pts/0 res=success'UID="vyos" AUID="vyos"
type=USER_START msg=audit(1720285563.679:673): pid=4591 uid=1002 auid=1002 ses=1 msg='op=PAM:session_open grantors=pam_limits,pam_permit,pam_mkhomedir,pam_unix acct="root" exe="/usr/bin/sudo" hostname=? addr=? terminal=/dev/pts/0 res=success'UID="vyos" AUID="vyos"
type=USER_END msg=audit(1720285563.937:674): pid=4591 uid=1002 auid=1002 ses=1 msg='op=PAM:session_close grantors=pam_limits,pam_permit,pam_mkhomedir,pam_unix acct="root" exe="/usr/bin/sudo" hostname=? addr=? terminal=/dev/pts/0 res=success'UID="vyos" AUID="vyos"
type=CRED_DISP msg=audit(1720285563.937:675): pid=4591 uid=1002 auid=1002 ses=1 msg='op=PAM:setcred grantors=pam_permit acct="root" exe="/usr/bin/sudo" hostname=? addr=? terminal=/dev/pts/0 res=success'UID="vyos" AUID="vyos"
type=USER_ACCT msg=audit(1720285565.020:676): pid=4632 uid=1002 auid=1002 ses=1 msg='op=PAM:accounting grantors=pam_permit acct="vyos" exe="/usr/bin/sudo" hostname=? addr=? terminal=/dev/pts/0 res=success'UID="vyos" AUID="vyos"
type=USER_CMD msg=audit(1720285565.020:677): pid=4632 uid=1002 auid=1002 ses=1 msg='cwd="/home/vyos" cmd=6D76202F746D702F636F6E6669672E626F6F742E34363234202F6F70742F7679617474612F6574632F636F6E6669672F617263686976652F636F6E6669672E626F6F74 exe="/usr/bin/sudo" terminal=pts/0 res=success'UID="vyos" AUID="vyos"
type=CRED_REFR msg=audit(1720285565.021:678): pid=4632 uid=1002 auid=1002 ses=1 msg='op=PAM:setcred grantors=pam_permit,pam_cap acct="root" exe="/usr/bin/sudo" hostname=? addr=? terminal=/dev/pts/0 res=success'UID="vyos" AUID="vyos"
type=USER_START msg=audit(1720285565.021:679): pid=4632 uid=1002 auid=1002 ses=1 msg='op=PAM:session_open grantors=pam_limits,pam_permit,pam_mkhomedir,pam_unix acct="root" exe="/usr/bin/sudo" hostname=? addr=? terminal=/dev/pts/0 res=success'UID="vyos" AUID="vyos"
type=USER_END msg=audit(1720285565.025:680): pid=4632 uid=1002 auid=1002 ses=1 msg='op=PAM:session_close grantors=pam_limits,pam_permit,pam_mkhomedir,pam_unix acct="root" exe="/usr/bin/sudo" hostname=? addr=? terminal=/dev/pts/0 res=success'UID="vyos" AUID="vyos"
type=CRED_DISP msg=audit(1720285565.025:681): pid=4632 uid=1002 auid=1002 ses=1 msg='op=PAM:setcred grantors=pam_permit acct="root" exe="/usr/bin/sudo" hostname=? addr=? terminal=/dev/pts/0 res=success'UID="vyos" AUID="vyos"
type=USER_ACCT msg=audit(1720285565.036:682): pid=4635 uid=1002 auid=1002 ses=1 msg='op=PAM:accounting grantors=pam_permit acct="vyos" exe="/usr/bin/sudo" hostname=? addr=? terminal=/dev/pts/0 res=success'UID="vyos" AUID="vyos"
type=USER_CMD msg=audit(1720285565.036:683): pid=4635 uid=1002 auid=1002 ses=1 msg='cwd="/home/vyos" cmd=6C6F67726F74617465202D66202D73202F6F70742F7679617474612F6574632F636F6E6669672F617263686976652F6C722E7374617465202F6F70742F7679617474612F6574632F636F6E6669672F617263686976652F6C722E636F6E66 exe="/usr/bin/sudo" terminal=pts/0 res=success'UID="vyos" AUID="vyos"
type=CRED_REFR msg=audit(1720285565.037:684): pid=4635 uid=1002 auid=1002 ses=1 msg='op=PAM:setcred grantors=pam_permit,pam_cap acct="root" exe="/usr/bin/sudo" hostname=? addr=? terminal=/dev/pts/0 res=success'UID="vyos" AUID="vyos"
type=USER_START msg=audit(1720285565.038:685): pid=4635 uid=1002 auid=1002 ses=1 msg='op=PAM:session_open grantors=pam_limits,pam_permit,pam_mkhomedir,pam_unix acct="root" exe="/usr/bin/sudo" hostname=? addr=? terminal=/dev/pts/0 res=success'UID="vyos" AUID="vyos"
type=USER_END msg=audit(1720285565.044:686): pid=4635 uid=1002 auid=1002 ses=1 msg='op=PAM:session_close grantors=pam_limits,pam_permit,pam_mkhomedir,pam_unix acct="root" exe="/usr/bin/sudo" hostname=? addr=? terminal=/dev/pts/0 res=success'UID="vyos" AUID="vyos"
type=CRED_DISP msg=audit(1720285565.044:687): pid=4635 uid=1002 auid=1002 ses=1 msg='op=PAM:setcred grantors=pam_permit acct="root" exe="/usr/bin/sudo" hostname=? addr=? terminal=/dev/pts/0 res=success'UID="vyos" AUID="vyos"
type=SERVICE_STOP msg=audit(1720285566.085:688): pid=1 uid=0 auid=4294967295 ses=4294967295 msg='unit=serial-getty@ttyS0 comm="systemd" exe="/usr/lib/systemd/systemd" hostname=? addr=? terminal=? res=success'UID="root" AUID="unset"
type=USER_ACCT msg=audit(1720285566.114:689): pid=4644 uid=1002 auid=1002 ses=1 msg='op=PAM:accounting grantors=pam_permit acct="vyos" exe="/usr/bin/sudo" hostname=? addr=? terminal=/dev/pts/0 res=success'UID="vyos" AUID="vyos"
type=USER_CMD msg=audit(1720285566.115:690): pid=4644 uid=1002 auid=1002 ses=1 msg='cwd="/home/vyos" cmd=73672076796174746163666720756D61736B2030303032203B202F7573722F6C6962657865632F76796F732F76796F732D736176652D636F6E6669672E7079 exe="/usr/bin/sudo" terminal=pts/0 res=success'UID="vyos" AUID="vyos"
type=CRED_REFR msg=audit(1720285566.116:691): pid=4644 uid=1002 auid=1002 ses=1 msg='op=PAM:setcred grantors=pam_permit,pam_cap acct="root" exe="/usr/bin/sudo" hostname=? addr=? terminal=/dev/pts/0 res=success'UID="vyos" AUID="vyos"
type=USER_START msg=audit(1720285566.116:692): pid=4644 uid=1002 auid=1002 ses=1 msg='op=PAM:session_open grantors=pam_limits,pam_permit,pam_mkhomedir,pam_unix acct="root" exe="/usr/bin/sudo" hostname=? addr=? terminal=/dev/pts/0 res=success'UID="vyos" AUID="vyos"
type=SERVICE_START msg=audit(1720285566.312:693): pid=1 uid=0 auid=4294967295 ses=4294967295 msg='unit=serial-getty@ttyS0 comm="systemd" exe="/usr/lib/systemd/systemd" hostname=? addr=? terminal=? res=success'UID="root" AUID="unset"
type=SERVICE_STOP msg=audit(1720285566.312:694): pid=1 uid=0 auid=4294967295 ses=4294967295 msg='unit=serial-getty@ttyS0 comm="systemd" exe="/usr/lib/systemd/systemd" hostname=? addr=? terminal=? res=success'UID="root" AUID="unset"
type=SERVICE_START msg=audit(1720285566.315:695): pid=1 uid=0 auid=4294967295 ses=4294967295 msg='unit=serial-getty@ttyS0 comm="systemd" exe="/usr/lib/systemd/systemd" hostname=? addr=? terminal=? res=success'UID="root" AUID="unset"
type=USER_END msg=audit(1720285566.497:696): pid=4644 uid=1002 auid=1002 ses=1 msg='op=PAM:session_close grantors=pam_limits,pam_permit,pam_mkhomedir,pam_unix acct="root" exe="/usr/bin/sudo" hostname=? addr=? terminal=/dev/pts/0 res=success'UID="vyos" AUID="vyos"
type=CRED_DISP msg=audit(1720285566.497:697): pid=4644 uid=1002 auid=1002 ses=1 msg='op=PAM:setcred grantors=pam_permit acct="root" exe="/usr/bin/sudo" hostname=? addr=? terminal=/dev/pts/0 res=success'UID="vyos" AUID="vyos"
type=SERVICE_STOP msg=audit(1720285576.329:698): pid=1 uid=0 auid=4294967295 ses=4294967295 msg='unit=serial-getty@ttyS0 comm="systemd" exe="/usr/lib/systemd/systemd" hostname=? addr=? terminal=? res=success'UID="root" AUID="unset"
type=SERVICE_START msg=audit(1720285576.562:699): pid=1 uid=0 auid=4294967295 ses=4294967295 msg='unit=serial-getty@ttyS0 comm="systemd" exe="/usr/lib/systemd/systemd" hostname=? addr=? terminal=? res=success'UID="root" AUID="unset"
type=SERVICE_STOP msg=audit(1720285576.562:700): pid=1 uid=0 auid=4294967295 ses=4294967295 msg='unit=serial-getty@ttyS0 comm="systemd" exe="/usr/lib/systemd/systemd" hostname=? addr=? terminal=? res=success'UID="root" AUID="unset"
type=SERVICE_START msg=audit(1720285576.574:701): pid=1 uid=0 auid=4294967295 ses=4294967295 msg='unit=serial-getty@ttyS0 comm="systemd" exe="/usr/lib/systemd/systemd" hostname=? addr=? terminal=? res=success'UID="root" AUID="unset"
type=SERVICE_STOP msg=audit(1720285586.592:702): pid=1 uid=0 auid=4294967295 ses=4294967295 msg='unit=serial-getty@ttyS0 comm="systemd" exe="/usr/lib/systemd/systemd" hostname=? addr=? terminal=? res=success'UID="root" AUID="unset"
type=SERVICE_START msg=audit(1720285586.812:703): pid=1 uid=0 auid=4294967295 ses=4294967295 msg='unit=serial-getty@ttyS0 comm="systemd" exe="/usr/lib/systemd/systemd" hostname=? addr=? terminal=? res=success'UID="root" AUID="unset"
type=SERVICE_STOP msg=audit(1720285586.812:704): pid=1 uid=0 auid=4294967295 ses=4294967295 msg='unit=serial-getty@ttyS0 comm="systemd" exe="/usr/lib/systemd/systemd" hostname=? addr=? terminal=? res=success'UID="root" AUID="unset"
type=SERVICE_START msg=audit(1720285586.822:705): pid=1 uid=0 auid=4294967295 ses=4294967295 msg='unit=serial-getty@ttyS0 comm="systemd" exe="/usr/lib/systemd/systemd" hostname=? addr=? terminal=? res=success'UID="root" AUID="unset"
type=SERVICE_STOP msg=audit(1720285596.839:706): pid=1 uid=0 auid=4294967295 ses=4294967295 msg='unit=serial-getty@ttyS0 comm="systemd" exe="/usr/lib/systemd/systemd" hostname=? addr=? terminal=? res=success'UID="root" AUID="unset"
type=SERVICE_START msg=audit(1720285597.062:707): pid=1 uid=0 auid=4294967295 ses=4294967295 msg='unit=serial-getty@ttyS0 comm="systemd" exe="/usr/lib/systemd/systemd" hostname=? addr=? terminal=? res=success'UID="root" AUID="unset"
type=SERVICE_STOP msg=audit(1720285597.062:708): pid=1 uid=0 auid=4294967295 ses=4294967295 msg='unit=serial-getty@ttyS0 comm="systemd" exe="/usr/lib/systemd/systemd" hostname=? addr=? terminal=? res=success'UID="root" AUID="unset"
type=SERVICE_START msg=audit(1720285597.073:709): pid=1 uid=0 auid=4294967295 ses=4294967295 msg='unit=serial-getty@ttyS0 comm="systemd" exe="/usr/lib/systemd/systemd" hostname=? addr=? terminal=? res=success'UID="root" AUID="unset"
type=SERVICE_STOP msg=audit(1720285607.085:710): pid=1 uid=0 auid=4294967295 ses=4294967295 msg='unit=serial-getty@ttyS0 comm="systemd" exe="/usr/lib/systemd/systemd" hostname=? addr=? terminal=? res=success'UID="root" AUID="unset"
type=SERVICE_START msg=audit(1720285607.312:711): pid=1 uid=0 auid=4294967295 ses=4294967295 msg='unit=serial-getty@ttyS0 comm="systemd" exe="/usr/lib/systemd/systemd" hostname=? addr=? terminal=? res=success'UID="root" AUID="unset"
type=SERVICE_STOP msg=audit(1720285607.312:712): pid=1 uid=0 auid=4294967295 ses=4294967295 msg='unit=serial-getty@ttyS0 comm="systemd" exe="/usr/lib/systemd/systemd" hostname=? addr=? terminal=? res=success'UID="root" AUID="unset"
type=SERVICE_START msg=audit(1720285607.321:713): pid=1 uid=0 auid=4294967295 ses=4294967295 msg='unit=serial-getty@ttyS0 comm="systemd" exe="/usr/lib/systemd/systemd" hostname=? addr=? terminal=? res=success'UID="root" AUID="unset"
type=SERVICE_STOP msg=audit(1720285617.339:714): pid=1 uid=0 auid=4294967295 ses=4294967295 msg='unit=serial-getty@ttyS0 comm="systemd" exe="/usr/lib/systemd/systemd" hostname=? addr=? terminal=? res=success'UID="root" AUID="unset"
type=SERVICE_START msg=audit(1720285617.562:715): pid=1 uid=0 auid=4294967295 ses=4294967295 msg='unit=serial-getty@ttyS0 comm="systemd" exe="/usr/lib/systemd/systemd" hostname=? addr=? terminal=? res=success'UID="root" AUID="unset"
type=SERVICE_STOP msg=audit(1720285617.562:716): pid=1 uid=0 auid=4294967295 ses=4294967295 msg='unit=serial-getty@ttyS0 comm="systemd" exe="/usr/lib/systemd/systemd" hostname=? addr=? terminal=? res=success'UID="root" AUID="unset"
type=SERVICE_START msg=audit(1720285617.574:717): pid=1 uid=0 auid=4294967295 ses=4294967295 msg='unit=serial-getty@ttyS0 comm="systemd" exe="/usr/lib/systemd/systemd" hostname=? addr=? terminal=? res=success'UID="root" AUID="unset"
type=USER_ACCT msg=audit(1720285624.284:718): pid=4954 uid=1002 auid=1002 ses=1 msg='op=PAM:accounting grantors=pam_permit acct="vyos" exe="/usr/bin/sudo" hostname=? addr=? terminal=/dev/pts/0 res=success'UID="vyos" AUID="vyos"
type=USER_CMD msg=audit(1720285624.284:719): pid=4954 uid=1002 auid=1002 ses=1 msg='cwd="/home/vyos" cmd=7368202D63202F7573722F7362696E2F76797368696D202F7573722F6C6962657865632F76796F732F636F6E665F6D6F64652F706B692E7079 exe="/usr/bin/sudo" terminal=pts/0 res=success'UID="vyos" AUID="vyos"
type=CRED_REFR msg=audit(1720285624.285:720): pid=4954 uid=1002 auid=1002 ses=1 msg='op=PAM:setcred grantors=pam_permit,pam_cap acct="root" exe="/usr/bin/sudo" hostname=? addr=? terminal=/dev/pts/0 res=success'UID="vyos" AUID="vyos"
type=USER_START msg=audit(1720285624.285:721): pid=4954 uid=1002 auid=1002 ses=1 msg='op=PAM:session_open grantors=pam_limits,pam_permit,pam_mkhomedir,pam_unix acct="root" exe="/usr/bin/sudo" hostname=? addr=? terminal=/dev/pts/0 res=success'UID="vyos" AUID="vyos"
type=USER_END msg=audit(1720285624.478:722): pid=4954 uid=1002 auid=1002 ses=1 msg='op=PAM:session_close grantors=pam_limits,pam_permit,pam_mkhomedir,pam_unix acct="root" exe="/usr/bin/sudo" hostname=? addr=? terminal=/dev/pts/0 res=success'UID="vyos" AUID="vyos"
type=CRED_DISP msg=audit(1720285624.478:723): pid=4954 uid=1002 auid=1002 ses=1 msg='op=PAM:setcred grantors=pam_permit acct="root" exe="/usr/bin/sudo" hostname=? addr=? terminal=/dev/pts/0 res=success'UID="vyos" AUID="vyos"
type=USER_ACCT msg=audit(1720285625.535:724): pid=4996 uid=1002 auid=1002 ses=1 msg='op=PAM:accounting grantors=pam_permit acct="vyos" exe="/usr/bin/sudo" hostname=? addr=? terminal=/dev/pts/0 res=success'UID="vyos" AUID="vyos"
type=USER_CMD msg=audit(1720285625.535:725): pid=4996 uid=1002 auid=1002 ses=1 msg='cwd="/home/vyos" cmd=6D76202F746D702F636F6E6669672E626F6F742E34393838202F6F70742F7679617474612F6574632F636F6E6669672F617263686976652F636F6E6669672E626F6F74 exe="/usr/bin/sudo" terminal=pts/0 res=success'UID="vyos" AUID="vyos"
type=CRED_REFR msg=audit(1720285625.536:726): pid=4996 uid=1002 auid=1002 ses=1 msg='op=PAM:setcred grantors=pam_permit,pam_cap acct="root" exe="/usr/bin/sudo" hostname=? addr=? terminal=/dev/pts/0 res=success'UID="vyos" AUID="vyos"
type=USER_START msg=audit(1720285625.536:727): pid=4996 uid=1002 auid=1002 ses=1 msg='op=PAM:session_open grantors=pam_limits,pam_permit,pam_mkhomedir,pam_unix acct="root" exe="/usr/bin/sudo" hostname=? addr=? terminal=/dev/pts/0 res=success'UID="vyos" AUID="vyos"
type=USER_END msg=audit(1720285625.540:728): pid=4996 uid=1002 auid=1002 ses=1 msg='op=PAM:session_close grantors=pam_limits,pam_permit,pam_mkhomedir,pam_unix acct="root" exe="/usr/bin/sudo" hostname=? addr=? terminal=/dev/pts/0 res=success'UID="vyos" AUID="vyos"
type=CRED_DISP msg=audit(1720285625.541:729): pid=4996 uid=1002 auid=1002 ses=1 msg='op=PAM:setcred grantors=pam_permit acct="root" exe="/usr/bin/sudo" hostname=? addr=? terminal=/dev/pts/0 res=success'UID="vyos" AUID="vyos"
type=USER_ACCT msg=audit(1720285625.546:730): pid=4999 uid=1002 auid=1002 ses=1 msg='op=PAM:accounting grantors=pam_permit acct="vyos" exe="/usr/bin/sudo" hostname=? addr=? terminal=/dev/pts/0 res=success'UID="vyos" AUID="vyos"
type=USER_CMD msg=audit(1720285625.547:731): pid=4999 uid=1002 auid=1002 ses=1 msg='cwd="/home/vyos" cmd=6C6F67726F74617465202D66202D73202F6F70742F7679617474612F6574632F636F6E6669672F617263686976652F6C722E7374617465202F6F70742F7679617474612F6574632F636F6E6669672F617263686976652F6C722E636F6E66 exe="/usr/bin/sudo" terminal=pts/0 res=success'UID="vyos" AUID="vyos"
type=CRED_REFR msg=audit(1720285625.547:732): pid=4999 uid=1002 auid=1002 ses=1 msg='op=PAM:setcred grantors=pam_permit,pam_cap acct="root" exe="/usr/bin/sudo" hostname=? addr=? terminal=/dev/pts/0 res=success'UID="vyos" AUID="vyos"
type=USER_START msg=audit(1720285625.547:733): pid=4999 uid=1002 auid=1002 ses=1 msg='op=PAM:session_open grantors=pam_limits,pam_permit,pam_mkhomedir,pam_unix acct="root" exe="/usr/bin/sudo" hostname=? addr=? terminal=/dev/pts/0 res=success'UID="vyos" AUID="vyos"
type=USER_END msg=audit(1720285625.556:734): pid=4999 uid=1002 auid=1002 ses=1 msg='op=PAM:session_close grantors=pam_limits,pam_permit,pam_mkhomedir,pam_unix acct="root" exe="/usr/bin/sudo" hostname=? addr=? terminal=/dev/pts/0 res=success'UID="vyos" AUID="vyos"
type=CRED_DISP msg=audit(1720285625.556:735): pid=4999 uid=1002 auid=1002 ses=1 msg='op=PAM:setcred grantors=pam_permit acct="root" exe="/usr/bin/sudo" hostname=? addr=? terminal=/dev/pts/0 res=success'UID="vyos" AUID="vyos"
type=USER_ACCT msg=audit(1720285626.837:736): pid=5008 uid=1002 auid=1002 ses=1 msg='op=PAM:accounting grantors=pam_permit acct="vyos" exe="/usr/bin/sudo" hostname=? addr=? terminal=/dev/pts/0 res=success'UID="vyos" AUID="vyos"
type=USER_CMD msg=audit(1720285626.837:737): pid=5008 uid=1002 auid=1002 ses=1 msg='cwd="/home/vyos" cmd=73672076796174746163666720756D61736B2030303032203B202F7573722F6C6962657865632F76796F732F76796F732D736176652D636F6E6669672E7079 exe="/usr/bin/sudo" terminal=pts/0 res=success'UID="vyos" AUID="vyos"
type=CRED_REFR msg=audit(1720285626.839:738): pid=5008 uid=1002 auid=1002 ses=1 msg='op=PAM:setcred grantors=pam_permit,pam_cap acct="root" exe="/usr/bin/sudo" hostname=? addr=? terminal=/dev/pts/0 res=success'UID="vyos" AUID="vyos"
type=USER_START msg=audit(1720285626.839:739): pid=5008 uid=1002 auid=1002 ses=1 msg='op=PAM:session_open grantors=pam_limits,pam_permit,pam_mkhomedir,pam_unix acct="root" exe="/usr/bin/sudo" hostname=? addr=? terminal=/dev/pts/0 res=success'UID="vyos" AUID="vyos"
type=USER_END msg=audit(1720285627.337:740): pid=5008 uid=1002 auid=1002 ses=1 msg='op=PAM:session_close grantors=pam_limits,pam_permit,pam_mkhomedir,pam_unix acct="root" exe="/usr/bin/sudo" hostname=? addr=? terminal=/dev/pts/0 res=success'UID="vyos" AUID="vyos"
type=CRED_DISP msg=audit(1720285627.337:741): pid=5008 uid=1002 auid=1002 ses=1 msg='op=PAM:setcred grantors=pam_permit acct="root" exe="/usr/bin/sudo" hostname=? addr=? terminal=/dev/pts/0 res=success'UID="vyos" AUID="vyos"
type=SERVICE_STOP msg=audit(1720285627.592:742): pid=1 uid=0 auid=4294967295 ses=4294967295 msg='unit=serial-getty@ttyS0 comm="systemd" exe="/usr/lib/systemd/systemd" hostname=? addr=? terminal=? res=success'UID="root" AUID="unset"
type=SERVICE_START msg=audit(1720285627.812:743): pid=1 uid=0 auid=4294967295 ses=4294967295 msg='unit=serial-getty@ttyS0 comm="systemd" exe="/usr/lib/systemd/systemd" hostname=? addr=? terminal=? res=success'UID="root" AUID="unset"
type=SERVICE_STOP msg=audit(1720285627.812:744): pid=1 uid=0 auid=4294967295 ses=4294967295 msg='unit=serial-getty@ttyS0 comm="systemd" exe="/usr/lib/systemd/systemd" hostname=? addr=? terminal=? res=success'UID="root" AUID="unset"
type=SERVICE_START msg=audit(1720285627.822:745): pid=1 uid=0 auid=4294967295 ses=4294967295 msg='unit=serial-getty@ttyS0 comm="systemd" exe="/usr/lib/systemd/systemd" hostname=? addr=? terminal=? res=success'UID="root" AUID="unset"
type=SERVICE_STOP msg=audit(1720285637.835:746): pid=1 uid=0 auid=4294967295 ses=4294967295 msg='unit=serial-getty@ttyS0 comm="systemd" exe="/usr/lib/systemd/systemd" hostname=? addr=? terminal=? res=success'UID="root" AUID="unset"
type=SERVICE_START msg=audit(1720285638.062:747): pid=1 uid=0 auid=4294967295 ses=4294967295 msg='unit=serial-getty@ttyS0 comm="systemd" exe="/usr/lib/systemd/systemd" hostname=? addr=? terminal=? res=success'UID="root" AUID="unset"
type=SERVICE_STOP msg=audit(1720285638.062:748): pid=1 uid=0 auid=4294967295 ses=4294967295 msg='unit=serial-getty@ttyS0 comm="systemd" exe="/usr/lib/systemd/systemd" hostname=? addr=? terminal=? res=success'UID="root" AUID="unset"
type=SERVICE_START msg=audit(1720285638.074:749): pid=1 uid=0 auid=4294967295 ses=4294967295 msg='unit=serial-getty@ttyS0 comm="systemd" exe="/usr/lib/systemd/systemd" hostname=? addr=? terminal=? res=success'UID="root" AUID="unset"
type=SERVICE_STOP msg=audit(1720285648.097:750): pid=1 uid=0 auid=4294967295 ses=4294967295 msg='unit=serial-getty@ttyS0 comm="systemd" exe="/usr/lib/systemd/systemd" hostname=? addr=? terminal=? res=success'UID="root" AUID="unset"
type=SERVICE_START msg=audit(1720285648.312:751): pid=1 uid=0 auid=4294967295 ses=4294967295 msg='unit=serial-getty@ttyS0 comm="systemd" exe="/usr/lib/systemd/systemd" hostname=? addr=? terminal=? res=success'UID="root" AUID="unset"
type=SERVICE_STOP msg=audit(1720285648.312:752): pid=1 uid=0 auid=4294967295 ses=4294967295 msg='unit=serial-getty@ttyS0 comm="systemd" exe="/usr/lib/systemd/systemd" hostname=? addr=? terminal=? res=success'UID="root" AUID="unset"
type=SERVICE_START msg=audit(1720285648.331:753): pid=1 uid=0 auid=4294967295 ses=4294967295 msg='unit=serial-getty@ttyS0 comm="systemd" exe="/usr/lib/systemd/systemd" hostname=? addr=? terminal=? res=success'UID="root" AUID="unset"
type=SERVICE_STOP msg=audit(1720285658.344:754): pid=1 uid=0 auid=4294967295 ses=4294967295 msg='unit=serial-getty@ttyS0 comm="systemd" exe="/usr/lib/systemd/systemd" hostname=? addr=? terminal=? res=success'UID="root" AUID="unset"
type=SERVICE_START msg=audit(1720285658.562:755): pid=1 uid=0 auid=4294967295 ses=4294967295 msg='unit=serial-getty@ttyS0 comm="systemd" exe="/usr/lib/systemd/systemd" hostname=? addr=? terminal=? res=success'UID="root" AUID="unset"
type=SERVICE_STOP msg=audit(1720285658.562:756): pid=1 uid=0 auid=4294967295 ses=4294967295 msg='unit=serial-getty@ttyS0 comm="systemd" exe="/usr/lib/systemd/systemd" hostname=? addr=? terminal=? res=success'UID="root" AUID="unset"
type=SERVICE_START msg=audit(1720285658.572:757): pid=1 uid=0 auid=4294967295 ses=4294967295 msg='unit=serial-getty@ttyS0 comm="systemd" exe="/usr/lib/systemd/systemd" hostname=? addr=? terminal=? res=success'UID="root" AUID="unset"
type=USER_ACCT msg=audit(1720285664.904:758): pid=5374 uid=1002 auid=1002 ses=1 msg='op=PAM:accounting grantors=pam_permit acct="vyos" exe="/usr/bin/sudo" hostname=? addr=? terminal=/dev/pts/0 res=success'UID="vyos" AUID="vyos"
type=USER_CMD msg=audit(1720285664.904:759): pid=5374 uid=1002 auid=1002 ses=1 msg='cwd="/home/vyos" cmd=7368202D63202F7573722F7362696E2F76797368696D202F7573722F6C6962657865632F76796F732F636F6E665F6D6F64652F76706E5F737374702E7079 exe="/usr/bin/sudo" terminal=pts/0 res=success'UID="vyos" AUID="vyos"
type=CRED_REFR msg=audit(1720285664.905:760): pid=5374 uid=1002 auid=1002 ses=1 msg='op=PAM:setcred grantors=pam_permit,pam_cap acct="root" exe="/usr/bin/sudo" hostname=? addr=? terminal=/dev/pts/0 res=success'UID="vyos" AUID="vyos"
type=USER_START msg=audit(1720285664.905:761): pid=5374 uid=1002 auid=1002 ses=1 msg='op=PAM:session_open grantors=pam_limits,pam_permit,pam_mkhomedir,pam_unix acct="root" exe="/usr/bin/sudo" hostname=? addr=? terminal=/dev/pts/0 res=success'UID="vyos" AUID="vyos"
type=SERVICE_START msg=audit(1720285665.226:762): pid=1 uid=0 auid=4294967295 ses=4294967295 msg='unit=accel-ppp@sstp comm="systemd" exe="/usr/lib/systemd/systemd" hostname=? addr=? terminal=? res=success'UID="root" AUID="unset"
type=USER_END msg=audit(1720285665.230:763): pid=5374 uid=1002 auid=1002 ses=1 msg='op=PAM:session_close grantors=pam_limits,pam_permit,pam_mkhomedir,pam_unix acct="root" exe="/usr/bin/sudo" hostname=? addr=? terminal=/dev/pts/0 res=success'UID="vyos" AUID="vyos"
type=CRED_DISP msg=audit(1720285665.230:764): pid=5374 uid=1002 auid=1002 ses=1 msg='op=PAM:setcred grantors=pam_permit acct="root" exe="/usr/bin/sudo" hostname=? addr=? terminal=/dev/pts/0 res=success'UID="vyos" AUID="vyos"
type=USER_ACCT msg=audit(1720285666.390:765): pid=5423 uid=1002 auid=1002 ses=1 msg='op=PAM:accounting grantors=pam_permit acct="vyos" exe="/usr/bin/sudo" hostname=? addr=? terminal=/dev/pts/0 res=success'UID="vyos" AUID="vyos"
type=USER_CMD msg=audit(1720285666.390:766): pid=5423 uid=1002 auid=1002 ses=1 msg='cwd="/home/vyos" cmd=6D76202F746D702F636F6E6669672E626F6F742E35343135202F6F70742F7679617474612F6574632F636F6E6669672F617263686976652F636F6E6669672E626F6F74 exe="/usr/bin/sudo" terminal=pts/0 res=success'UID="vyos" AUID="vyos"
type=CRED_REFR msg=audit(1720285666.391:767): pid=5423 uid=1002 auid=1002 ses=1 msg='op=PAM:setcred grantors=pam_permit,pam_cap acct="root" exe="/usr/bin/sudo" hostname=? addr=? terminal=/dev/pts/0 res=success'UID="vyos" AUID="vyos"
type=USER_START msg=audit(1720285666.391:768): pid=5423 uid=1002 auid=1002 ses=1 msg='op=PAM:session_open grantors=pam_limits,pam_permit,pam_mkhomedir,pam_unix acct="root" exe="/usr/bin/sudo" hostname=? addr=? terminal=/dev/pts/0 res=success'UID="vyos" AUID="vyos"
type=USER_END msg=audit(1720285666.395:769): pid=5423 uid=1002 auid=1002 ses=1 msg='op=PAM:session_close grantors=pam_limits,pam_permit,pam_mkhomedir,pam_unix acct="root" exe="/usr/bin/sudo" hostname=? addr=? terminal=/dev/pts/0 res=success'UID="vyos" AUID="vyos"
type=CRED_DISP msg=audit(1720285666.395:770): pid=5423 uid=1002 auid=1002 ses=1 msg='op=PAM:setcred grantors=pam_permit acct="root" exe="/usr/bin/sudo" hostname=? addr=? terminal=/dev/pts/0 res=success'UID="vyos" AUID="vyos"
type=USER_ACCT msg=audit(1720285666.401:771): pid=5426 uid=1002 auid=1002 ses=1 msg='op=PAM:accounting grantors=pam_permit acct="vyos" exe="/usr/bin/sudo" hostname=? addr=? terminal=/dev/pts/0 res=success'UID="vyos" AUID="vyos"
type=USER_CMD msg=audit(1720285666.401:772): pid=5426 uid=1002 auid=1002 ses=1 msg='cwd="/home/vyos" cmd=6C6F67726F74617465202D66202D73202F6F70742F7679617474612F6574632F636F6E6669672F617263686976652F6C722E7374617465202F6F70742F7679617474612F6574632F636F6E6669672F617263686976652F6C722E636F6E66 exe="/usr/bin/sudo" terminal=pts/0 res=success'UID="vyos" AUID="vyos"
type=CRED_REFR msg=audit(1720285666.402:773): pid=5426 uid=1002 auid=1002 ses=1 msg='op=PAM:setcred grantors=pam_permit,pam_cap acct="root" exe="/usr/bin/sudo" hostname=? addr=? terminal=/dev/pts/0 res=success'UID="vyos" AUID="vyos"
type=USER_START msg=audit(1720285666.402:774): pid=5426 uid=1002 auid=1002 ses=1 msg='op=PAM:session_open grantors=pam_limits,pam_permit,pam_mkhomedir,pam_unix acct="root" exe="/usr/bin/sudo" hostname=? addr=? terminal=/dev/pts/0 res=success'UID="vyos" AUID="vyos"
type=USER_END msg=audit(1720285666.410:775): pid=5426 uid=1002 auid=1002 ses=1 msg='op=PAM:session_close grantors=pam_limits,pam_permit,pam_mkhomedir,pam_unix acct="root" exe="/usr/bin/sudo" hostname=? addr=? terminal=/dev/pts/0 res=success'UID="vyos" AUID="vyos"
type=CRED_DISP msg=audit(1720285666.410:776): pid=5426 uid=1002 auid=1002 ses=1 msg='op=PAM:setcred grantors=pam_permit acct="root" exe="/usr/bin/sudo" hostname=? addr=? terminal=/dev/pts/0 res=success'UID="vyos" AUID="vyos"
type=USER_ACCT msg=audit(1720285667.659:777): pid=5438 uid=1002 auid=1002 ses=1 msg='op=PAM:accounting grantors=pam_permit acct="vyos" exe="/usr/bin/sudo" hostname=? addr=? terminal=/dev/pts/0 res=success'UID="vyos" AUID="vyos"
type=USER_CMD msg=audit(1720285667.659:778): pid=5438 uid=1002 auid=1002 ses=1 msg='cwd="/home/vyos" cmd=73672076796174746163666720756D61736B2030303032203B202F7573722F6C6962657865632F76796F732F76796F732D736176652D636F6E6669672E7079 exe="/usr/bin/sudo" terminal=pts/0 res=success'UID="vyos" AUID="vyos"
type=CRED_REFR msg=audit(1720285667.660:779): pid=5438 uid=1002 auid=1002 ses=1 msg='op=PAM:setcred grantors=pam_permit,pam_cap acct="root" exe="/usr/bin/sudo" hostname=? addr=? terminal=/dev/pts/0 res=success'UID="vyos" AUID="vyos"
type=USER_START msg=audit(1720285667.661:780): pid=5438 uid=1002 auid=1002 ses=1 msg='op=PAM:session_open grantors=pam_limits,pam_permit,pam_mkhomedir,pam_unix acct="root" exe="/usr/bin/sudo" hostname=? addr=? terminal=/dev/pts/0 res=success'UID="vyos" AUID="vyos"
type=USER_END msg=audit(1720285668.203:781): pid=5438 uid=1002 auid=1002 ses=1 msg='op=PAM:session_close grantors=pam_limits,pam_permit,pam_mkhomedir,pam_unix acct="root" exe="/usr/bin/sudo" hostname=? addr=? terminal=/dev/pts/0 res=success'UID="vyos" AUID="vyos"
type=CRED_DISP msg=audit(1720285668.203:782): pid=5438 uid=1002 auid=1002 ses=1 msg='op=PAM:setcred grantors=pam_permit acct="root" exe="/usr/bin/sudo" hostname=? addr=? terminal=/dev/pts/0 res=success'UID="vyos" AUID="vyos"
type=SERVICE_STOP msg=audit(1720285668.589:783): pid=1 uid=0 auid=4294967295 ses=4294967295 msg='unit=serial-getty@ttyS0 comm="systemd" exe="/usr/lib/systemd/systemd" hostname=? addr=? terminal=? res=success'UID="root" AUID="unset"
type=SERVICE_START msg=audit(1720285668.812:784): pid=1 uid=0 auid=4294967295 ses=4294967295 msg='unit=serial-getty@ttyS0 comm="systemd" exe="/usr/lib/systemd/systemd" hostname=? addr=? terminal=? res=success'UID="root" AUID="unset"
type=SERVICE_STOP msg=audit(1720285668.812:785): pid=1 uid=0 auid=4294967295 ses=4294967295 msg='unit=serial-getty@ttyS0 comm="systemd" exe="/usr/lib/systemd/systemd" hostname=? addr=? terminal=? res=success'UID="root" AUID="unset"
type=SERVICE_START msg=audit(1720285668.821:786): pid=1 uid=0 auid=4294967295 ses=4294967295 msg='unit=serial-getty@ttyS0 comm="systemd" exe="/usr/lib/systemd/systemd" hostname=? addr=? terminal=? res=success'UID="root" AUID="unset"
type=SERVICE_STOP msg=audit(1720285678.835:787): pid=1 uid=0 auid=4294967295 ses=4294967295 msg='unit=serial-getty@ttyS0 comm="systemd" exe="/usr/lib/systemd/systemd" hostname=? addr=? terminal=? res=success'UID="root" AUID="unset"
type=SERVICE_START msg=audit(1720285679.062:788): pid=1 uid=0 auid=4294967295 ses=4294967295 msg='unit=serial-getty@ttyS0 comm="systemd" exe="/usr/lib/systemd/systemd" hostname=? addr=? terminal=? res=success'UID="root" AUID="unset"
type=SERVICE_STOP msg=audit(1720285679.062:789): pid=1 uid=0 auid=4294967295 ses=4294967295 msg='unit=serial-getty@ttyS0 comm="systemd" exe="/usr/lib/systemd/systemd" hostname=? addr=? terminal=? res=success'UID="root" AUID="unset"
type=SERVICE_START msg=audit(1720285679.070:790): pid=1 uid=0 auid=4294967295 ses=4294967295 msg='unit=serial-getty@ttyS0 comm="systemd" exe="/usr/lib/systemd/systemd" hostname=? addr=? terminal=? res=success'UID="root" AUID="unset"
type=SERVICE_STOP msg=audit(1720285689.086:791): pid=1 uid=0 auid=4294967295 ses=4294967295 msg='unit=serial-getty@ttyS0 comm="systemd" exe="/usr/lib/systemd/systemd" hostname=? addr=? terminal=? res=success'UID="root" AUID="unset"
type=SERVICE_START msg=audit(1720285689.312:792): pid=1 uid=0 auid=4294967295 ses=4294967295 msg='unit=serial-getty@ttyS0 comm="systemd" exe="/usr/lib/systemd/systemd" hostname=? addr=? terminal=? res=success'UID="root" AUID="unset"
type=SERVICE_STOP msg=audit(1720285689.312:793): pid=1 uid=0 auid=4294967295 ses=4294967295 msg='unit=serial-getty@ttyS0 comm="systemd" exe="/usr/lib/systemd/systemd" hostname=? addr=? terminal=? res=success'UID="root" AUID="unset"
type=SERVICE_START msg=audit(1720285689.321:794): pid=1 uid=0 auid=4294967295 ses=4294967295 msg='unit=serial-getty@ttyS0 comm="systemd" exe="/usr/lib/systemd/systemd" hostname=? addr=? terminal=? res=success'UID="root" AUID="unset"
type=SERVICE_STOP msg=audit(1720285699.395:795): pid=1 uid=0 auid=4294967295 ses=4294967295 msg='unit=serial-getty@ttyS0 comm="systemd" exe="/usr/lib/systemd/systemd" hostname=? addr=? terminal=? res=success'UID="root" AUID="unset"
type=SERVICE_START msg=audit(1720285699.562:796): pid=1 uid=0 auid=4294967295 ses=4294967295 msg='unit=serial-getty@ttyS0 comm="systemd" exe="/usr/lib/systemd/systemd" hostname=? addr=? terminal=? res=success'UID="root" AUID="unset"
type=SERVICE_STOP msg=audit(1720285699.562:797): pid=1 uid=0 auid=4294967295 ses=4294967295 msg='unit=serial-getty@ttyS0 comm="systemd" exe="/usr/lib/systemd/systemd" hostname=? addr=? terminal=? res=success'UID="root" AUID="unset"
type=SERVICE_START msg=audit(1720285699.579:798): pid=1 uid=0 auid=4294967295 ses=4294967295 msg='unit=serial-getty@ttyS0 comm="systemd" exe="/usr/lib/systemd/systemd" hostname=? addr=? terminal=? res=success'UID="root" AUID="unset"
type=SERVICE_STOP msg=audit(1720285709.604:799): pid=1 uid=0 auid=4294967295 ses=4294967295 msg='unit=serial-getty@ttyS0 comm="systemd" exe="/usr/lib/systemd/systemd" hostname=? addr=? terminal=? res=success'UID="root" AUID="unset"
type=SERVICE_START msg=audit(1720285709.812:800): pid=1 uid=0 auid=4294967295 ses=4294967295 msg='unit=serial-getty@ttyS0 comm="systemd" exe="/usr/lib/systemd/systemd" hostname=? addr=? terminal=? res=success'UID="root" AUID="unset"
type=SERVICE_STOP msg=audit(1720285709.812:801): pid=1 uid=0 auid=4294967295 ses=4294967295 msg='unit=serial-getty@ttyS0 comm="systemd" exe="/usr/lib/systemd/systemd" hostname=? addr=? terminal=? res=success'UID="root" AUID="unset"
type=SERVICE_START msg=audit(1720285709.821:802): pid=1 uid=0 auid=4294967295 ses=4294967295 msg='unit=serial-getty@ttyS0 comm="systemd" exe="/usr/lib/systemd/systemd" hostname=? addr=? terminal=? res=success'UID="root" AUID="unset"
type=SERVICE_STOP msg=audit(1720285719.847:803): pid=1 uid=0 auid=4294967295 ses=4294967295 msg='unit=serial-getty@ttyS0 comm="systemd" exe="/usr/lib/systemd/systemd" hostname=? addr=? terminal=? res=success'UID="root" AUID="unset"
type=SERVICE_START msg=audit(1720285720.062:804): pid=1 uid=0 auid=4294967295 ses=4294967295 msg='unit=serial-getty@ttyS0 comm="systemd" exe="/usr/lib/systemd/systemd" hostname=? addr=? terminal=? res=success'UID="root" AUID="unset"
type=SERVICE_STOP msg=audit(1720285720.063:805): pid=1 uid=0 auid=4294967295 ses=4294967295 msg='unit=serial-getty@ttyS0 comm="systemd" exe="/usr/lib/systemd/systemd" hostname=? addr=? terminal=? res=success'UID="root" AUID="unset"
type=SERVICE_START msg=audit(1720285720.077:806): pid=1 uid=0 auid=4294967295 ses=4294967295 msg='unit=serial-getty@ttyS0 comm="systemd" exe="/usr/lib/systemd/systemd" hostname=? addr=? terminal=? res=success'UID="root" AUID="unset"
type=SERVICE_STOP msg=audit(1720285730.093:807): pid=1 uid=0 auid=4294967295 ses=4294967295 msg='unit=serial-getty@ttyS0 comm="systemd" exe="/usr/lib/systemd/systemd" hostname=? addr=? terminal=? res=success'UID="root" AUID="unset"
type=SERVICE_START msg=audit(1720285730.312:808): pid=1 uid=0 auid=4294967295 ses=4294967295 msg='unit=serial-getty@ttyS0 comm="systemd" exe="/usr/lib/systemd/systemd" hostname=? addr=? terminal=? res=success'UID="root" AUID="unset"
type=SERVICE_STOP msg=audit(1720285730.312:809): pid=1 uid=0 auid=4294967295 ses=4294967295 msg='unit=serial-getty@ttyS0 comm="systemd" exe="/usr/lib/systemd/systemd" hostname=? addr=? terminal=? res=success'UID="root" AUID="unset"
type=SERVICE_START msg=audit(1720285730.327:810): pid=1 uid=0 auid=4294967295 ses=4294967295 msg='unit=serial-getty@ttyS0 comm="systemd" exe="/usr/lib/systemd/systemd" hostname=? addr=? terminal=? res=success'UID="root" AUID="unset"
type=SERVICE_STOP msg=audit(1720285740.345:811): pid=1 uid=0 auid=4294967295 ses=4294967295 msg='unit=serial-getty@ttyS0 comm="systemd" exe="/usr/lib/systemd/systemd" hostname=? addr=? terminal=? res=success'UID="root" AUID="unset"
type=SERVICE_START msg=audit(1720285740.562:812): pid=1 uid=0 auid=4294967295 ses=4294967295 msg='unit=serial-getty@ttyS0 comm="systemd" exe="/usr/lib/systemd/systemd" hostname=? addr=? terminal=? res=success'UID="root" AUID="unset"
type=SERVICE_STOP msg=audit(1720285740.563:813): pid=1 uid=0 auid=4294967295 ses=4294967295 msg='unit=serial-getty@ttyS0 comm="systemd" exe="/usr/lib/systemd/systemd" hostname=? addr=? terminal=? res=success'UID="root" AUID="unset"
type=SERVICE_START msg=audit(1720285740.572:814): pid=1 uid=0 auid=4294967295 ses=4294967295 msg='unit=serial-getty@ttyS0 comm="systemd" exe="/usr/lib/systemd/systemd" hostname=? addr=? terminal=? res=success'UID="root" AUID="unset"
type=SERVICE_STOP msg=audit(1720285750.585:815): pid=1 uid=0 auid=4294967295 ses=4294967295 msg='unit=serial-getty@ttyS0 comm="systemd" exe="/usr/lib/systemd/systemd" hostname=? addr=? terminal=? res=success'UID="root" AUID="unset"
type=SERVICE_START msg=audit(1720285750.812:816): pid=1 uid=0 auid=4294967295 ses=4294967295 msg='unit=serial-getty@ttyS0 comm="systemd" exe="/usr/lib/systemd/systemd" hostname=? addr=? terminal=? res=success'UID="root" AUID="unset"
type=SERVICE_STOP msg=audit(1720285750.812:817): pid=1 uid=0 auid=4294967295 ses=4294967295 msg='unit=serial-getty@ttyS0 comm="systemd" exe="/usr/lib/systemd/systemd" hostname=? addr=? terminal=? res=success'UID="root" AUID="unset"
type=SERVICE_START msg=audit(1720285750.821:818): pid=1 uid=0 auid=4294967295 ses=4294967295 msg='unit=serial-getty@ttyS0 comm="systemd" exe="/usr/lib/systemd/systemd" hostname=? addr=? terminal=? res=success'UID="root" AUID="unset"
type=SERVICE_STOP msg=audit(1720285760.840:819): pid=1 uid=0 auid=4294967295 ses=4294967295 msg='unit=serial-getty@ttyS0 comm="systemd" exe="/usr/lib/systemd/systemd" hostname=? addr=? terminal=? res=success'UID="root" AUID="unset"
type=SERVICE_START msg=audit(1720285761.062:820): pid=1 uid=0 auid=4294967295 ses=4294967295 msg='unit=serial-getty@ttyS0 comm="systemd" exe="/usr/lib/systemd/systemd" hostname=? addr=? terminal=? res=success'UID="root" AUID="unset"
type=SERVICE_STOP msg=audit(1720285761.062:821): pid=1 uid=0 auid=4294967295 ses=4294967295 msg='unit=serial-getty@ttyS0 comm="systemd" exe="/usr/lib/systemd/systemd" hostname=? addr=? terminal=? res=success'UID="root" AUID="unset"
type=SERVICE_START msg=audit(1720285761.075:822): pid=1 uid=0 auid=4294967295 ses=4294967295 msg='unit=serial-getty@ttyS0 comm="systemd" exe="/usr/lib/systemd/systemd" hostname=? addr=? terminal=? res=success'UID="root" AUID="unset"
type=SERVICE_STOP msg=audit(1720285771.091:823): pid=1 uid=0 auid=4294967295 ses=4294967295 msg='unit=serial-getty@ttyS0 comm="systemd" exe="/usr/lib/systemd/systemd" hostname=? addr=? terminal=? res=success'UID="root" AUID="unset"
type=SERVICE_START msg=audit(1720285771.312:824): pid=1 uid=0 auid=4294967295 ses=4294967295 msg='unit=serial-getty@ttyS0 comm="systemd" exe="/usr/lib/systemd/systemd" hostname=? addr=? terminal=? res=success'UID="root" AUID="unset"
type=SERVICE_STOP msg=audit(1720285771.312:825): pid=1 uid=0 auid=4294967295 ses=4294967295 msg='unit=serial-getty@ttyS0 comm="systemd" exe="/usr/lib/systemd/systemd" hostname=? addr=? terminal=? res=success'UID="root" AUID="unset"
type=SERVICE_START msg=audit(1720285771.322:826): pid=1 uid=0 auid=4294967295 ses=4294967295 msg='unit=serial-getty@ttyS0 comm="systemd" exe="/usr/lib/systemd/systemd" hostname=? addr=? terminal=? res=success'UID="root" AUID="unset"
type=SERVICE_STOP msg=audit(1720285781.340:827): pid=1 uid=0 auid=4294967295 ses=4294967295 msg='unit=serial-getty@ttyS0 comm="systemd" exe="/usr/lib/systemd/systemd" hostname=? addr=? terminal=? res=success'UID="root" AUID="unset"
type=SERVICE_START msg=audit(1720285781.562:828): pid=1 uid=0 auid=4294967295 ses=4294967295 msg='unit=serial-getty@ttyS0 comm="systemd" exe="/usr/lib/systemd/systemd" hostname=? addr=? terminal=? res=success'UID="root" AUID="unset"
type=SERVICE_STOP msg=audit(1720285781.562:829): pid=1 uid=0 auid=4294967295 ses=4294967295 msg='unit=serial-getty@ttyS0 comm="systemd" exe="/usr/lib/systemd/systemd" hostname=? addr=? terminal=? res=success'UID="root" AUID="unset"
type=SERVICE_START msg=audit(1720285781.576:830): pid=1 uid=0 auid=4294967295 ses=4294967295 msg='unit=serial-getty@ttyS0 comm="systemd" exe="/usr/lib/systemd/systemd" hostname=? addr=? terminal=? res=success'UID="root" AUID="unset"
type=SERVICE_STOP msg=audit(1720285791.593:831): pid=1 uid=0 auid=4294967295 ses=4294967295 msg='unit=serial-getty@ttyS0 comm="systemd" exe="/usr/lib/systemd/systemd" hostname=? addr=? terminal=? res=success'UID="root" AUID="unset"
type=SERVICE_START msg=audit(1720285791.812:832): pid=1 uid=0 auid=4294967295 ses=4294967295 msg='unit=serial-getty@ttyS0 comm="systemd" exe="/usr/lib/systemd/systemd" hostname=? addr=? terminal=? res=success'UID="root" AUID="unset"
type=SERVICE_STOP msg=audit(1720285791.812:833): pid=1 uid=0 auid=4294967295 ses=4294967295 msg='unit=serial-getty@ttyS0 comm="systemd" exe="/usr/lib/systemd/systemd" hostname=? addr=? terminal=? res=success'UID="root" AUID="unset"
type=SERVICE_START msg=audit(1720285791.821:834): pid=1 uid=0 auid=4294967295 ses=4294967295 msg='unit=serial-getty@ttyS0 comm="systemd" exe="/usr/lib/systemd/systemd" hostname=? addr=? terminal=? res=success'UID="root" AUID="unset"
type=SERVICE_STOP msg=audit(1720285801.839:835): pid=1 uid=0 auid=4294967295 ses=4294967295 msg='unit=serial-getty@ttyS0 comm="systemd" exe="/usr/lib/systemd/systemd" hostname=? addr=? terminal=? res=success'UID="root" AUID="unset"
type=SERVICE_START msg=audit(1720285802.062:836): pid=1 uid=0 auid=4294967295 ses=4294967295 msg='unit=serial-getty@ttyS0 comm="systemd" exe="/usr/lib/systemd/systemd" hostname=? addr=? terminal=? res=success'UID="root" AUID="unset"
type=SERVICE_STOP msg=audit(1720285802.062:837): pid=1 uid=0 auid=4294967295 ses=4294967295 msg='unit=serial-getty@ttyS0 comm="systemd" exe="/usr/lib/systemd/systemd" hostname=? addr=? terminal=? res=success'UID="root" AUID="unset"
type=SERVICE_START msg=audit(1720285802.072:838): pid=1 uid=0 auid=4294967295 ses=4294967295 msg='unit=serial-getty@ttyS0 comm="systemd" exe="/usr/lib/systemd/systemd" hostname=? addr=? terminal=? res=success'UID="root" AUID="unset"
type=SERVICE_STOP msg=audit(1720285812.080:839): pid=1 uid=0 auid=4294967295 ses=4294967295 msg='unit=serial-getty@ttyS0 comm="systemd" exe="/usr/lib/systemd/systemd" hostname=? addr=? terminal=? res=success'UID="root" AUID="unset"
type=SERVICE_START msg=audit(1720285812.313:840): pid=1 uid=0 auid=4294967295 ses=4294967295 msg='unit=serial-getty@ttyS0 comm="systemd" exe="/usr/lib/systemd/systemd" hostname=? addr=? terminal=? res=success'UID="root" AUID="unset"
type=SERVICE_STOP msg=audit(1720285812.313:841): pid=1 uid=0 auid=4294967295 ses=4294967295 msg='unit=serial-getty@ttyS0 comm="systemd" exe="/usr/lib/systemd/systemd" hostname=? addr=? terminal=? res=success'UID="root" AUID="unset"
type=SERVICE_START msg=audit(1720285812.325:842): pid=1 uid=0 auid=4294967295 ses=4294967295 msg='unit=serial-getty@ttyS0 comm="systemd" exe="/usr/lib/systemd/systemd" hostname=? addr=? terminal=? res=success'UID="root" AUID="unset"
type=SERVICE_STOP msg=audit(1720285822.338:843): pid=1 uid=0 auid=4294967295 ses=4294967295 msg='unit=serial-getty@ttyS0 comm="systemd" exe="/usr/lib/systemd/systemd" hostname=? addr=? terminal=? res=success'UID="root" AUID="unset"
type=SERVICE_START msg=audit(1720285822.524:844): pid=1 uid=0 auid=4294967295 ses=4294967295 msg='unit=serial-getty@ttyS0 comm="systemd" exe="/usr/lib/systemd/systemd" hostname=? addr=? terminal=? res=success'UID="root" AUID="unset"
type=SERVICE_STOP msg=audit(1720285822.524:845): pid=1 uid=0 auid=4294967295 ses=4294967295 msg='unit=serial-getty@ttyS0 comm="systemd" exe="/usr/lib/systemd/systemd" hostname=? addr=? terminal=? res=success'UID="root" AUID="unset"
type=SERVICE_START msg=audit(1720285822.534:846): pid=1 uid=0 auid=4294967295 ses=4294967295 msg='unit=serial-getty@ttyS0 comm="systemd" exe="/usr/lib/systemd/systemd" hostname=? addr=? terminal=? res=success'UID="root" AUID="unset"
type=SERVICE_STOP msg=audit(1720285832.553:847): pid=1 uid=0 auid=4294967295 ses=4294967295 msg='unit=serial-getty@ttyS0 comm="systemd" exe="/usr/lib/systemd/systemd" hostname=? addr=? terminal=? res=success'UID="root" AUID="unset"
type=SERVICE_START msg=audit(1720285832.812:848): pid=1 uid=0 auid=4294967295 ses=4294967295 msg='unit=serial-getty@ttyS0 comm="systemd" exe="/usr/lib/systemd/systemd" hostname=? addr=? terminal=? res=success'UID="root" AUID="unset"
type=SERVICE_STOP msg=audit(1720285832.812:849): pid=1 uid=0 auid=4294967295 ses=4294967295 msg='unit=serial-getty@ttyS0 comm="systemd" exe="/usr/lib/systemd/systemd" hostname=? addr=? terminal=? res=success'UID="root" AUID="unset"
type=SERVICE_START msg=audit(1720285832.824:850): pid=1 uid=0 auid=4294967295 ses=4294967295 msg='unit=serial-getty@ttyS0 comm="systemd" exe="/usr/lib/systemd/systemd" hostname=? addr=? terminal=? res=success'UID="root" AUID="unset"
type=SERVICE_STOP msg=audit(1720285842.845:851): pid=1 uid=0 auid=4294967295 ses=4294967295 msg='unit=serial-getty@ttyS0 comm="systemd" exe="/usr/lib/systemd/systemd" hostname=? addr=? terminal=? res=success'UID="root" AUID="unset"
type=SERVICE_START msg=audit(1720285843.062:852): pid=1 uid=0 auid=4294967295 ses=4294967295 msg='unit=serial-getty@ttyS0 comm="systemd" exe="/usr/lib/systemd/systemd" hostname=? addr=? terminal=? res=success'UID="root" AUID="unset"
type=SERVICE_STOP msg=audit(1720285843.062:853): pid=1 uid=0 auid=4294967295 ses=4294967295 msg='unit=serial-getty@ttyS0 comm="systemd" exe="/usr/lib/systemd/systemd" hostname=? addr=? terminal=? res=success'UID="root" AUID="unset"
type=SERVICE_START msg=audit(1720285843.071:854): pid=1 uid=0 auid=4294967295 ses=4294967295 msg='unit=serial-getty@ttyS0 comm="systemd" exe="/usr/lib/systemd/systemd" hostname=? addr=? terminal=? res=success'UID="root" AUID="unset"
type=SERVICE_STOP msg=audit(1720285853.090:855): pid=1 uid=0 auid=4294967295 ses=4294967295 msg='unit=serial-getty@ttyS0 comm="systemd" exe="/usr/lib/systemd/systemd" hostname=? addr=? terminal=? res=success'UID="root" AUID="unset"
type=SERVICE_START msg=audit(1720285853.312:856): pid=1 uid=0 auid=4294967295 ses=4294967295 msg='unit=serial-getty@ttyS0 comm="systemd" exe="/usr/lib/systemd/systemd" hostname=? addr=? terminal=? res=success'UID="root" AUID="unset"
type=SERVICE_STOP msg=audit(1720285853.312:857): pid=1 uid=0 auid=4294967295 ses=4294967295 msg='unit=serial-getty@ttyS0 comm="systemd" exe="/usr/lib/systemd/systemd" hostname=? addr=? terminal=? res=success'UID="root" AUID="unset"
type=SERVICE_START msg=audit(1720285853.324:858): pid=1 uid=0 auid=4294967295 ses=4294967295 msg='unit=serial-getty@ttyS0 comm="systemd" exe="/usr/lib/systemd/systemd" hostname=? addr=? terminal=? res=success'UID="root" AUID="unset"
type=SERVICE_STOP msg=audit(1720285863.336:859): pid=1 uid=0 auid=4294967295 ses=4294967295 msg='unit=serial-getty@ttyS0 comm="systemd" exe="/usr/lib/systemd/systemd" hostname=? addr=? terminal=? res=success'UID="root" AUID="unset"
type=SERVICE_START msg=audit(1720285863.562:860): pid=1 uid=0 auid=4294967295 ses=4294967295 msg='unit=serial-getty@ttyS0 comm="systemd" exe="/usr/lib/systemd/systemd" hostname=? addr=? terminal=? res=success'UID="root" AUID="unset"
type=SERVICE_STOP msg=audit(1720285863.562:861): pid=1 uid=0 auid=4294967295 ses=4294967295 msg='unit=serial-getty@ttyS0 comm="systemd" exe="/usr/lib/systemd/systemd" hostname=? addr=? terminal=? res=success'UID="root" AUID="unset"
type=SERVICE_START msg=audit(1720285863.576:862): pid=1 uid=0 auid=4294967295 ses=4294967295 msg='unit=serial-getty@ttyS0 comm="systemd" exe="/usr/lib/systemd/systemd" hostname=? addr=? terminal=? res=success'UID="root" AUID="unset"
type=SERVICE_STOP msg=audit(1720285873.588:863): pid=1 uid=0 auid=4294967295 ses=4294967295 msg='unit=serial-getty@ttyS0 comm="systemd" exe="/usr/lib/systemd/systemd" hostname=? addr=? terminal=? res=success'UID="root" AUID="unset"
type=SERVICE_START msg=audit(1720285873.812:864): pid=1 uid=0 auid=4294967295 ses=4294967295 msg='unit=serial-getty@ttyS0 comm="systemd" exe="/usr/lib/systemd/systemd" hostname=? addr=? terminal=? res=success'UID="root" AUID="unset"
type=SERVICE_STOP msg=audit(1720285873.812:865): pid=1 uid=0 auid=4294967295 ses=4294967295 msg='unit=serial-getty@ttyS0 comm="systemd" exe="/usr/lib/systemd/systemd" hostname=? addr=? terminal=? res=success'UID="root" AUID="unset"
type=SERVICE_START msg=audit(1720285873.821:866): pid=1 uid=0 auid=4294967295 ses=4294967295 msg='unit=serial-getty@ttyS0 comm="systemd" exe="/usr/lib/systemd/systemd" hostname=? addr=? terminal=? res=success'UID="root" AUID="unset"
type=SERVICE_STOP msg=audit(1720285883.840:867): pid=1 uid=0 auid=4294967295 ses=4294967295 msg='unit=serial-getty@ttyS0 comm="systemd" exe="/usr/lib/systemd/systemd" hostname=? addr=? terminal=? res=success'UID="root" AUID="unset"
type=SERVICE_START msg=audit(1720285884.062:868): pid=1 uid=0 auid=4294967295 ses=4294967295 msg='unit=serial-getty@ttyS0 comm="systemd" exe="/usr/lib/systemd/systemd" hostname=? addr=? terminal=? res=success'UID="root" AUID="unset"
type=SERVICE_STOP msg=audit(1720285884.063:869): pid=1 uid=0 auid=4294967295 ses=4294967295 msg='unit=serial-getty@ttyS0 comm="systemd" exe="/usr/lib/systemd/systemd" hostname=? addr=? terminal=? res=success'UID="root" AUID="unset"
type=SERVICE_START msg=audit(1720285884.073:870): pid=1 uid=0 auid=4294967295 ses=4294967295 msg='unit=serial-getty@ttyS0 comm="systemd" exe="/usr/lib/systemd/systemd" hostname=? addr=? terminal=? res=success'UID="root" AUID="unset"
type=SERVICE_STOP msg=audit(1720285894.085:871): pid=1 uid=0 auid=4294967295 ses=4294967295 msg='unit=serial-getty@ttyS0 comm="systemd" exe="/usr/lib/systemd/systemd" hostname=? addr=? terminal=? res=success'UID="root" AUID="unset"
type=SERVICE_START msg=audit(1720285894.312:872): pid=1 uid=0 auid=4294967295 ses=4294967295 msg='unit=serial-getty@ttyS0 comm="systemd" exe="/usr/lib/systemd/systemd" hostname=? addr=? terminal=? res=success'UID="root" AUID="unset"
type=SERVICE_STOP msg=audit(1720285894.312:873): pid=1 uid=0 auid=4294967295 ses=4294967295 msg='unit=serial-getty@ttyS0 comm="systemd" exe="/usr/lib/systemd/systemd" hostname=? addr=? terminal=? res=success'UID="root" AUID="unset"
type=SERVICE_START msg=audit(1720285894.321:874): pid=1 uid=0 auid=4294967295 ses=4294967295 msg='unit=serial-getty@ttyS0 comm="systemd" exe="/usr/lib/systemd/systemd" hostname=? addr=? terminal=? res=success'UID="root" AUID="unset"
type=SERVICE_STOP msg=audit(1720285904.340:875): pid=1 uid=0 auid=4294967295 ses=4294967295 msg='unit=serial-getty@ttyS0 comm="systemd" exe="/usr/lib/systemd/systemd" hostname=? addr=? terminal=? res=success'UID="root" AUID="unset"
type=SERVICE_START msg=audit(1720285904.562:876): pid=1 uid=0 auid=4294967295 ses=4294967295 msg='unit=serial-getty@ttyS0 comm="systemd" exe="/usr/lib/systemd/systemd" hostname=? addr=? terminal=? res=success'UID="root" AUID="unset"
type=SERVICE_STOP msg=audit(1720285904.562:877): pid=1 uid=0 auid=4294967295 ses=4294967295 msg='unit=serial-getty@ttyS0 comm="systemd" exe="/usr/lib/systemd/systemd" hostname=? addr=? terminal=? res=success'UID="root" AUID="unset"
type=SERVICE_START msg=audit(1720285904.571:878): pid=1 uid=0 auid=4294967295 ses=4294967295 msg='unit=serial-getty@ttyS0 comm="systemd" exe="/usr/lib/systemd/systemd" hostname=? addr=? terminal=? res=success'UID="root" AUID="unset"
type=SERVICE_STOP msg=audit(1720285914.590:879): pid=1 uid=0 auid=4294967295 ses=4294967295 msg='unit=serial-getty@ttyS0 comm="systemd" exe="/usr/lib/systemd/systemd" hostname=? addr=? terminal=? res=success'UID="root" AUID="unset"
type=SERVICE_START msg=audit(1720285914.812:880): pid=1 uid=0 auid=4294967295 ses=4294967295 msg='unit=serial-getty@ttyS0 comm="systemd" exe="/usr/lib/systemd/systemd" hostname=? addr=? terminal=? res=success'UID="root" AUID="unset"
type=SERVICE_STOP msg=audit(1720285914.812:881): pid=1 uid=0 auid=4294967295 ses=4294967295 msg='unit=serial-getty@ttyS0 comm="systemd" exe="/usr/lib/systemd/systemd" hostname=? addr=? terminal=? res=success'UID="root" AUID="unset"
type=SERVICE_START msg=audit(1720285914.823:882): pid=1 uid=0 auid=4294967295 ses=4294967295 msg='unit=serial-getty@ttyS0 comm="systemd" exe="/usr/lib/systemd/systemd" hostname=? addr=? terminal=? res=success'UID="root" AUID="unset"
type=SERVICE_STOP msg=audit(1720285924.841:883): pid=1 uid=0 auid=4294967295 ses=4294967295 msg='unit=serial-getty@ttyS0 comm="systemd" exe="/usr/lib/systemd/systemd" hostname=? addr=? terminal=? res=success'UID="root" AUID="unset"
type=SERVICE_START msg=audit(1720285925.062:884): pid=1 uid=0 auid=4294967295 ses=4294967295 msg='unit=serial-getty@ttyS0 comm="systemd" exe="/usr/lib/systemd/systemd" hostname=? addr=? terminal=? res=success'UID="root" AUID="unset"
type=SERVICE_STOP msg=audit(1720285925.063:885): pid=1 uid=0 auid=4294967295 ses=4294967295 msg='unit=serial-getty@ttyS0 comm="systemd" exe="/usr/lib/systemd/systemd" hostname=? addr=? terminal=? res=success'UID="root" AUID="unset"
type=SERVICE_START msg=audit(1720285925.072:886): pid=1 uid=0 auid=4294967295 ses=4294967295 msg='unit=serial-getty@ttyS0 comm="systemd" exe="/usr/lib/systemd/systemd" hostname=? addr=? terminal=? res=success'UID="root" AUID="unset"
type=SERVICE_STOP msg=audit(1720285935.087:887): pid=1 uid=0 auid=4294967295 ses=4294967295 msg='unit=serial-getty@ttyS0 comm="systemd" exe="/usr/lib/systemd/systemd" hostname=? addr=? terminal=? res=success'UID="root" AUID="unset"
type=SERVICE_START msg=audit(1720285935.312:888): pid=1 uid=0 auid=4294967295 ses=4294967295 msg='unit=serial-getty@ttyS0 comm="systemd" exe="/usr/lib/systemd/systemd" hostname=? addr=? terminal=? res=success'UID="root" AUID="unset"
type=SERVICE_STOP msg=audit(1720285935.312:889): pid=1 uid=0 auid=4294967295 ses=4294967295 msg='unit=serial-getty@ttyS0 comm="systemd" exe="/usr/lib/systemd/systemd" hostname=? addr=? terminal=? res=success'UID="root" AUID="unset"
type=SERVICE_START msg=audit(1720285935.321:890): pid=1 uid=0 auid=4294967295 ses=4294967295 msg='unit=serial-getty@ttyS0 comm="systemd" exe="/usr/lib/systemd/systemd" hostname=? addr=? terminal=? res=success'UID="root" AUID="unset"
type=SERVICE_STOP msg=audit(1720285945.337:891): pid=1 uid=0 auid=4294967295 ses=4294967295 msg='unit=serial-getty@ttyS0 comm="systemd" exe="/usr/lib/systemd/systemd" hostname=? addr=? terminal=? res=success'UID="root" AUID="unset"
type=SERVICE_START msg=audit(1720285945.562:892): pid=1 uid=0 auid=4294967295 ses=4294967295 msg='unit=serial-getty@ttyS0 comm="systemd" exe="/usr/lib/systemd/systemd" hostname=? addr=? terminal=? res=success'UID="root" AUID="unset"
type=SERVICE_STOP msg=audit(1720285945.562:893): pid=1 uid=0 auid=4294967295 ses=4294967295 msg='unit=serial-getty@ttyS0 comm="systemd" exe="/usr/lib/systemd/systemd" hostname=? addr=? terminal=? res=success'UID="root" AUID="unset"
type=SERVICE_START msg=audit(1720285945.571:894): pid=1 uid=0 auid=4294967295 ses=4294967295 msg='unit=serial-getty@ttyS0 comm="systemd" exe="/usr/lib/systemd/systemd" hostname=? addr=? terminal=? res=success'UID="root" AUID="unset"
type=SERVICE_STOP msg=audit(1720285955.589:895): pid=1 uid=0 auid=4294967295 ses=4294967295 msg='unit=serial-getty@ttyS0 comm="systemd" exe="/usr/lib/systemd/systemd" hostname=? addr=? terminal=? res=success'UID="root" AUID="unset"
type=SERVICE_START msg=audit(1720285955.813:896): pid=1 uid=0 auid=4294967295 ses=4294967295 msg='unit=serial-getty@ttyS0 comm="systemd" exe="/usr/lib/systemd/systemd" hostname=? addr=? terminal=? res=success'UID="root" AUID="unset"
type=SERVICE_STOP msg=audit(1720285955.813:897): pid=1 uid=0 auid=4294967295 ses=4294967295 msg='unit=serial-getty@ttyS0 comm="systemd" exe="/usr/lib/systemd/systemd" hostname=? addr=? terminal=? res=success'UID="root" AUID="unset"
type=SERVICE_START msg=audit(1720285955.825:898): pid=1 uid=0 auid=4294967295 ses=4294967295 msg='unit=serial-getty@ttyS0 comm="systemd" exe="/usr/lib/systemd/systemd" hostname=? addr=? terminal=? res=success'UID="root" AUID="unset"
type=SERVICE_STOP msg=audit(1720285965.841:899): pid=1 uid=0 auid=4294967295 ses=4294967295 msg='unit=serial-getty@ttyS0 comm="systemd" exe="/usr/lib/systemd/systemd" hostname=? addr=? terminal=? res=success'UID="root" AUID="unset"
type=SERVICE_START msg=audit(1720285966.063:900): pid=1 uid=0 auid=4294967295 ses=4294967295 msg='unit=serial-getty@ttyS0 comm="systemd" exe="/usr/lib/systemd/systemd" hostname=? addr=? terminal=? res=success'UID="root" AUID="unset"
type=SERVICE_STOP msg=audit(1720285966.063:901): pid=1 uid=0 auid=4294967295 ses=4294967295 msg='unit=serial-getty@ttyS0 comm="systemd" exe="/usr/lib/systemd/systemd" hostname=? addr=? terminal=? res=success'UID="root" AUID="unset"
type=SERVICE_START msg=audit(1720285966.077:902): pid=1 uid=0 auid=4294967295 ses=4294967295 msg='unit=serial-getty@ttyS0 comm="systemd" exe="/usr/lib/systemd/systemd" hostname=? addr=? terminal=? res=success'UID="root" AUID="unset"
type=SERVICE_STOP msg=audit(1720285976.098:903): pid=1 uid=0 auid=4294967295 ses=4294967295 msg='unit=serial-getty@ttyS0 comm="systemd" exe="/usr/lib/systemd/systemd" hostname=? addr=? terminal=? res=success'UID="root" AUID="unset"
type=SERVICE_START msg=audit(1720285976.312:904): pid=1 uid=0 auid=4294967295 ses=4294967295 msg='unit=serial-getty@ttyS0 comm="systemd" exe="/usr/lib/systemd/systemd" hostname=? addr=? terminal=? res=success'UID="root" AUID="unset"
type=SERVICE_STOP msg=audit(1720285976.312:905): pid=1 uid=0 auid=4294967295 ses=4294967295 msg='unit=serial-getty@ttyS0 comm="systemd" exe="/usr/lib/systemd/systemd" hostname=? addr=? terminal=? res=success'UID="root" AUID="unset"
type=SERVICE_START msg=audit(1720285976.322:906): pid=1 uid=0 auid=4294967295 ses=4294967295 msg='unit=serial-getty@ttyS0 comm="systemd" exe="/usr/lib/systemd/systemd" hostname=? addr=? terminal=? res=success'UID="root" AUID="unset"
type=SERVICE_STOP msg=audit(1720285986.332:907): pid=1 uid=0 auid=4294967295 ses=4294967295 msg='unit=serial-getty@ttyS0 comm="systemd" exe="/usr/lib/systemd/systemd" hostname=? addr=? terminal=? res=success'UID="root" AUID="unset"
type=SERVICE_START msg=audit(1720285986.562:908): pid=1 uid=0 auid=4294967295 ses=4294967295 msg='unit=serial-getty@ttyS0 comm="systemd" exe="/usr/lib/systemd/systemd" hostname=? addr=? terminal=? res=success'UID="root" AUID="unset"
type=SERVICE_STOP msg=audit(1720285986.563:909): pid=1 uid=0 auid=4294967295 ses=4294967295 msg='unit=serial-getty@ttyS0 comm="systemd" exe="/usr/lib/systemd/systemd" hostname=? addr=? terminal=? res=success'UID="root" AUID="unset"
type=SERVICE_START msg=audit(1720285986.573:910): pid=1 uid=0 auid=4294967295 ses=4294967295 msg='unit=serial-getty@ttyS0 comm="systemd" exe="/usr/lib/systemd/systemd" hostname=? addr=? terminal=? res=success'UID="root" AUID="unset"
type=SERVICE_STOP msg=audit(1720285996.585:911): pid=1 uid=0 auid=4294967295 ses=4294967295 msg='unit=serial-getty@ttyS0 comm="systemd" exe="/usr/lib/systemd/systemd" hostname=? addr=? terminal=? res=success'UID="root" AUID="unset"
type=SERVICE_START msg=audit(1720285996.812:912): pid=1 uid=0 auid=4294967295 ses=4294967295 msg='unit=serial-getty@ttyS0 comm="systemd" exe="/usr/lib/systemd/systemd" hostname=? addr=? terminal=? res=success'UID="root" AUID="unset"
type=SERVICE_STOP msg=audit(1720285996.812:913): pid=1 uid=0 auid=4294967295 ses=4294967295 msg='unit=serial-getty@ttyS0 comm="systemd" exe="/usr/lib/systemd/systemd" hostname=? addr=? terminal=? res=success'UID="root" AUID="unset"
type=SERVICE_START msg=audit(1720285996.821:914): pid=1 uid=0 auid=4294967295 ses=4294967295 msg='unit=serial-getty@ttyS0 comm="systemd" exe="/usr/lib/systemd/systemd" hostname=? addr=? terminal=? res=success'UID="root" AUID="unset"
type=SERVICE_STOP msg=audit(1720286006.837:915): pid=1 uid=0 auid=4294967295 ses=4294967295 msg='unit=serial-getty@ttyS0 comm="systemd" exe="/usr/lib/systemd/systemd" hostname=? addr=? terminal=? res=success'UID="root" AUID="unset"
type=SERVICE_START msg=audit(1720286007.064:916): pid=1 uid=0 auid=4294967295 ses=4294967295 msg='unit=serial-getty@ttyS0 comm="systemd" exe="/usr/lib/systemd/systemd" hostname=? addr=? terminal=? res=success'UID="root" AUID="unset"
type=SERVICE_STOP msg=audit(1720286007.064:917): pid=1 uid=0 auid=4294967295 ses=4294967295 msg='unit=serial-getty@ttyS0 comm="systemd" exe="/usr/lib/systemd/systemd" hostname=? addr=? terminal=? res=success'UID="root" AUID="unset"
type=SERVICE_START msg=audit(1720286007.076:918): pid=1 uid=0 auid=4294967295 ses=4294967295 msg='unit=serial-getty@ttyS0 comm="systemd" exe="/usr/lib/systemd/systemd" hostname=? addr=? terminal=? res=success'UID="root" AUID="unset"
type=SERVICE_STOP msg=audit(1720286017.088:919): pid=1 uid=0 auid=4294967295 ses=4294967295 msg='unit=serial-getty@ttyS0 comm="systemd" exe="/usr/lib/systemd/systemd" hostname=? addr=? terminal=? res=success'UID="root" AUID="unset"
type=SERVICE_START msg=audit(1720286017.312:920): pid=1 uid=0 auid=4294967295 ses=4294967295 msg='unit=serial-getty@ttyS0 comm="systemd" exe="/usr/lib/systemd/systemd" hostname=? addr=? terminal=? res=success'UID="root" AUID="unset"
type=SERVICE_STOP msg=audit(1720286017.312:921): pid=1 uid=0 auid=4294967295 ses=4294967295 msg='unit=serial-getty@ttyS0 comm="systemd" exe="/usr/lib/systemd/systemd" hostname=? addr=? terminal=? res=success'UID="root" AUID="unset"
type=SERVICE_START msg=audit(1720286017.322:922): pid=1 uid=0 auid=4294967295 ses=4294967295 msg='unit=serial-getty@ttyS0 comm="systemd" exe="/usr/lib/systemd/systemd" hostname=? addr=? terminal=? res=success'UID="root" AUID="unset"
type=SERVICE_STOP msg=audit(1720286027.332:923): pid=1 uid=0 auid=4294967295 ses=4294967295 msg='unit=serial-getty@ttyS0 comm="systemd" exe="/usr/lib/systemd/systemd" hostname=? addr=? terminal=? res=success'UID="root" AUID="unset"
type=SERVICE_START msg=audit(1720286027.562:924): pid=1 uid=0 auid=4294967295 ses=4294967295 msg='unit=serial-getty@ttyS0 comm="systemd" exe="/usr/lib/systemd/systemd" hostname=? addr=? terminal=? res=success'UID="root" AUID="unset"
type=SERVICE_STOP msg=audit(1720286027.562:925): pid=1 uid=0 auid=4294967295 ses=4294967295 msg='unit=serial-getty@ttyS0 comm="systemd" exe="/usr/lib/systemd/systemd" hostname=? addr=? terminal=? res=success'UID="root" AUID="unset"
type=SERVICE_START msg=audit(1720286027.571:926): pid=1 uid=0 auid=4294967295 ses=4294967295 msg='unit=serial-getty@ttyS0 comm="systemd" exe="/usr/lib/systemd/systemd" hostname=? addr=? terminal=? res=success'UID="root" AUID="unset"
type=SERVICE_STOP msg=audit(1720286037.590:927): pid=1 uid=0 auid=4294967295 ses=4294967295 msg='unit=serial-getty@ttyS0 comm="systemd" exe="/usr/lib/systemd/systemd" hostname=? addr=? terminal=? res=success'UID="root" AUID="unset"
type=SERVICE_START msg=audit(1720286037.812:928): pid=1 uid=0 auid=4294967295 ses=4294967295 msg='unit=serial-getty@ttyS0 comm="systemd" exe="/usr/lib/systemd/systemd" hostname=? addr=? terminal=? res=success'UID="root" AUID="unset"
type=SERVICE_STOP msg=audit(1720286037.812:929): pid=1 uid=0 auid=4294967295 ses=4294967295 msg='unit=serial-getty@ttyS0 comm="systemd" exe="/usr/lib/systemd/systemd" hostname=? addr=? terminal=? res=success'UID="root" AUID="unset"
type=SERVICE_START msg=audit(1720286037.824:930): pid=1 uid=0 auid=4294967295 ses=4294967295 msg='unit=serial-getty@ttyS0 comm="systemd" exe="/usr/lib/systemd/systemd" hostname=? addr=? terminal=? res=success'UID="root" AUID="unset"
type=SERVICE_STOP msg=audit(1720286047.840:931): pid=1 uid=0 auid=4294967295 ses=4294967295 msg='unit=serial-getty@ttyS0 comm="systemd" exe="/usr/lib/systemd/systemd" hostname=? addr=? terminal=? res=success'UID="root" AUID="unset"
type=SERVICE_START msg=audit(1720286048.062:932): pid=1 uid=0 auid=4294967295 ses=4294967295 msg='unit=serial-getty@ttyS0 comm="systemd" exe="/usr/lib/systemd/systemd" hostname=? addr=? terminal=? res=success'UID="root" AUID="unset"
type=SERVICE_STOP msg=audit(1720286048.062:933): pid=1 uid=0 auid=4294967295 ses=4294967295 msg='unit=serial-getty@ttyS0 comm="systemd" exe="/usr/lib/systemd/systemd" hostname=? addr=? terminal=? res=success'UID="root" AUID="unset"
type=SERVICE_START msg=audit(1720286048.072:934): pid=1 uid=0 auid=4294967295 ses=4294967295 msg='unit=serial-getty@ttyS0 comm="systemd" exe="/usr/lib/systemd/systemd" hostname=? addr=? terminal=? res=success'UID="root" AUID="unset"
type=SERVICE_STOP msg=audit(1720286058.092:935): pid=1 uid=0 auid=4294967295 ses=4294967295 msg='unit=serial-getty@ttyS0 comm="systemd" exe="/usr/lib/systemd/systemd" hostname=? addr=? terminal=? res=success'UID="root" AUID="unset"
type=SERVICE_START msg=audit(1720286058.312:936): pid=1 uid=0 auid=4294967295 ses=4294967295 msg='unit=serial-getty@ttyS0 comm="systemd" exe="/usr/lib/systemd/systemd" hostname=? addr=? terminal=? res=success'UID="root" AUID="unset"
type=SERVICE_STOP msg=audit(1720286058.312:937): pid=1 uid=0 auid=4294967295 ses=4294967295 msg='unit=serial-getty@ttyS0 comm="systemd" exe="/usr/lib/systemd/systemd" hostname=? addr=? terminal=? res=success'UID="root" AUID="unset"
type=SERVICE_START msg=audit(1720286058.323:938): pid=1 uid=0 auid=4294967295 ses=4294967295 msg='unit=serial-getty@ttyS0 comm="systemd" exe="/usr/lib/systemd/systemd" hostname=? addr=? terminal=? res=success'UID="root" AUID="unset"
type=SERVICE_STOP msg=audit(1720286068.342:939): pid=1 uid=0 auid=4294967295 ses=4294967295 msg='unit=serial-getty@ttyS0 comm="systemd" exe="/usr/lib/systemd/systemd" hostname=? addr=? terminal=? res=success'UID="root" AUID="unset"
type=SERVICE_START msg=audit(1720286068.562:940): pid=1 uid=0 auid=4294967295 ses=4294967295 msg='unit=serial-getty@ttyS0 comm="systemd" exe="/usr/lib/systemd/systemd" hostname=? addr=? terminal=? res=success'UID="root" AUID="unset"
type=SERVICE_STOP msg=audit(1720286068.562:941): pid=1 uid=0 auid=4294967295 ses=4294967295 msg='unit=serial-getty@ttyS0 comm="systemd" exe="/usr/lib/systemd/systemd" hostname=? addr=? terminal=? res=success'UID="root" AUID="unset"
type=SERVICE_START msg=audit(1720286068.573:942): pid=1 uid=0 auid=4294967295 ses=4294967295 msg='unit=serial-getty@ttyS0 comm="systemd" exe="/usr/lib/systemd/systemd" hostname=? addr=? terminal=? res=success'UID="root" AUID="unset"
type=SERVICE_STOP msg=audit(1720286078.592:943): pid=1 uid=0 auid=4294967295 ses=4294967295 msg='unit=serial-getty@ttyS0 comm="systemd" exe="/usr/lib/systemd/systemd" hostname=? addr=? terminal=? res=success'UID="root" AUID="unset"
type=SERVICE_START msg=audit(1720286078.812:944): pid=1 uid=0 auid=4294967295 ses=4294967295 msg='unit=serial-getty@ttyS0 comm="systemd" exe="/usr/lib/systemd/systemd" hostname=? addr=? terminal=? res=success'UID="root" AUID="unset"
type=SERVICE_STOP msg=audit(1720286078.812:945): pid=1 uid=0 auid=4294967295 ses=4294967295 msg='unit=serial-getty@ttyS0 comm="systemd" exe="/usr/lib/systemd/systemd" hostname=? addr=? terminal=? res=success'UID="root" AUID="unset"
type=SERVICE_START msg=audit(1720286078.822:946): pid=1 uid=0 auid=4294967295 ses=4294967295 msg='unit=serial-getty@ttyS0 comm="systemd" exe="/usr/lib/systemd/systemd" hostname=? addr=? terminal=? res=success'UID="root" AUID="unset"
type=SERVICE_STOP msg=audit(1720286088.841:947): pid=1 uid=0 auid=4294967295 ses=4294967295 msg='unit=serial-getty@ttyS0 comm="systemd" exe="/usr/lib/systemd/systemd" hostname=? addr=? terminal=? res=success'UID="root" AUID="unset"
type=SERVICE_START msg=audit(1720286089.062:948): pid=1 uid=0 auid=4294967295 ses=4294967295 msg='unit=serial-getty@ttyS0 comm="systemd" exe="/usr/lib/systemd/systemd" hostname=? addr=? terminal=? res=success'UID="root" AUID="unset"
type=SERVICE_STOP msg=audit(1720286089.063:949): pid=1 uid=0 auid=4294967295 ses=4294967295 msg='unit=serial-getty@ttyS0 comm="systemd" exe="/usr/lib/systemd/systemd" hostname=? addr=? terminal=? res=success'UID="root" AUID="unset"
type=SERVICE_START msg=audit(1720286089.077:950): pid=1 uid=0 auid=4294967295 ses=4294967295 msg='unit=serial-getty@ttyS0 comm="systemd" exe="/usr/lib/systemd/systemd" hostname=? addr=? terminal=? res=success'UID="root" AUID="unset"
type=SERVICE_STOP msg=audit(1720286099.086:951): pid=1 uid=0 auid=4294967295 ses=4294967295 msg='unit=serial-getty@ttyS0 comm="systemd" exe="/usr/lib/systemd/systemd" hostname=? addr=? terminal=? res=success'UID="root" AUID="unset"
type=SERVICE_START msg=audit(1720286099.312:952): pid=1 uid=0 auid=4294967295 ses=4294967295 msg='unit=serial-getty@ttyS0 comm="systemd" exe="/usr/lib/systemd/systemd" hostname=? addr=? terminal=? res=success'UID="root" AUID="unset"
type=SERVICE_STOP msg=audit(1720286099.312:953): pid=1 uid=0 auid=4294967295 ses=4294967295 msg='unit=serial-getty@ttyS0 comm="systemd" exe="/usr/lib/systemd/systemd" hostname=? addr=? terminal=? res=success'UID="root" AUID="unset"
type=SERVICE_START msg=audit(1720286099.322:954): pid=1 uid=0 auid=4294967295 ses=4294967295 msg='unit=serial-getty@ttyS0 comm="systemd" exe="/usr/lib/systemd/systemd" hostname=? addr=? terminal=? res=success'UID="root" AUID="unset"
type=SERVICE_STOP msg=audit(1720286109.341:955): pid=1 uid=0 auid=4294967295 ses=4294967295 msg='unit=serial-getty@ttyS0 comm="systemd" exe="/usr/lib/systemd/systemd" hostname=? addr=? terminal=? res=success'UID="root" AUID="unset"
type=SERVICE_START msg=audit(1720286109.562:956): pid=1 uid=0 auid=4294967295 ses=4294967295 msg='unit=serial-getty@ttyS0 comm="systemd" exe="/usr/lib/systemd/systemd" hostname=? addr=? terminal=? res=success'UID="root" AUID="unset"
type=SERVICE_STOP msg=audit(1720286109.562:957): pid=1 uid=0 auid=4294967295 ses=4294967295 msg='unit=serial-getty@ttyS0 comm="systemd" exe="/usr/lib/systemd/systemd" hostname=? addr=? terminal=? res=success'UID="root" AUID="unset"
type=SERVICE_START msg=audit(1720286109.571:958): pid=1 uid=0 auid=4294967295 ses=4294967295 msg='unit=serial-getty@ttyS0 comm="systemd" exe="/usr/lib/systemd/systemd" hostname=? addr=? terminal=? res=success'UID="root" AUID="unset"
type=SERVICE_STOP msg=audit(1720286119.591:959): pid=1 uid=0 auid=4294967295 ses=4294967295 msg='unit=serial-getty@ttyS0 comm="systemd" exe="/usr/lib/systemd/systemd" hostname=? addr=? terminal=? res=success'UID="root" AUID="unset"
type=SERVICE_START msg=audit(1720286119.736:960): pid=1 uid=0 auid=4294967295 ses=4294967295 msg='unit=systemd-tmpfiles-clean comm="systemd" exe="/usr/lib/systemd/systemd" hostname=? addr=? terminal=? res=success'UID="root" AUID="unset"
type=SERVICE_STOP msg=audit(1720286119.736:961): pid=1 uid=0 auid=4294967295 ses=4294967295 msg='unit=systemd-tmpfiles-clean comm="systemd" exe="/usr/lib/systemd/systemd" hostname=? addr=? terminal=? res=success'UID="root" AUID="unset"
type=SERVICE_START msg=audit(1720286119.741:962): pid=1 uid=0 auid=4294967295 ses=4294967295 msg='unit=serial-getty@ttyS0 comm="systemd" exe="/usr/lib/systemd/systemd" hostname=? addr=? terminal=? res=success'UID="root" AUID="unset"
type=SERVICE_STOP msg=audit(1720286119.741:963): pid=1 uid=0 auid=4294967295 ses=4294967295 msg='unit=serial-getty@ttyS0 comm="systemd" exe="/usr/lib/systemd/systemd" hostname=? addr=? terminal=? res=success'UID="root" AUID="unset"
type=SERVICE_START msg=audit(1720286119.748:964): pid=1 uid=0 auid=4294967295 ses=4294967295 msg='unit=serial-getty@ttyS0 comm="systemd" exe="/usr/lib/systemd/systemd" hostname=? addr=? terminal=? res=success'UID="root" AUID="unset"
type=SERVICE_STOP msg=audit(1720286129.757:965): pid=1 uid=0 auid=4294967295 ses=4294967295 msg='unit=serial-getty@ttyS0 comm="systemd" exe="/usr/lib/systemd/systemd" hostname=? addr=? terminal=? res=success'UID="root" AUID="unset"
type=SERVICE_START msg=audit(1720286130.063:966): pid=1 uid=0 auid=4294967295 ses=4294967295 msg='unit=serial-getty@ttyS0 comm="systemd" exe="/usr/lib/systemd/systemd" hostname=? addr=? terminal=? res=success'UID="root" AUID="unset"
type=SERVICE_STOP msg=audit(1720286130.063:967): pid=1 uid=0 auid=4294967295 ses=4294967295 msg='unit=serial-getty@ttyS0 comm="systemd" exe="/usr/lib/systemd/systemd" hostname=? addr=? terminal=? res=success'UID="root" AUID="unset"
type=SERVICE_START msg=audit(1720286130.075:968): pid=1 uid=0 auid=4294967295 ses=4294967295 msg='unit=serial-getty@ttyS0 comm="systemd" exe="/usr/lib/systemd/systemd" hostname=? addr=? terminal=? res=success'UID="root" AUID="unset"
type=SERVICE_STOP msg=audit(1720286140.088:969): pid=1 uid=0 auid=4294967295 ses=4294967295 msg='unit=serial-getty@ttyS0 comm="systemd" exe="/usr/lib/systemd/systemd" hostname=? addr=? terminal=? res=success'UID="root" AUID="unset"
type=SERVICE_START msg=audit(1720286140.312:970): pid=1 uid=0 auid=4294967295 ses=4294967295 msg='unit=serial-getty@ttyS0 comm="systemd" exe="/usr/lib/systemd/systemd" hostname=? addr=? terminal=? res=success'UID="root" AUID="unset"
type=SERVICE_STOP msg=audit(1720286140.312:971): pid=1 uid=0 auid=4294967295 ses=4294967295 msg='unit=serial-getty@ttyS0 comm="systemd" exe="/usr/lib/systemd/systemd" hostname=? addr=? terminal=? res=success'UID="root" AUID="unset"
type=SERVICE_START msg=audit(1720286140.319:972): pid=1 uid=0 auid=4294967295 ses=4294967295 msg='unit=serial-getty@ttyS0 comm="systemd" exe="/usr/lib/systemd/systemd" hostname=? addr=? terminal=? res=success'UID="root" AUID="unset"
type=SERVICE_STOP msg=audit(1720286150.327:973): pid=1 uid=0 auid=4294967295 ses=4294967295 msg='unit=serial-getty@ttyS0 comm="systemd" exe="/usr/lib/systemd/systemd" hostname=? addr=? terminal=? res=success'UID="root" AUID="unset"
type=SERVICE_START msg=audit(1720286150.563:974): pid=1 uid=0 auid=4294967295 ses=4294967295 msg='unit=serial-getty@ttyS0 comm="systemd" exe="/usr/lib/systemd/systemd" hostname=? addr=? terminal=? res=success'UID="root" AUID="unset"
type=SERVICE_STOP msg=audit(1720286150.563:975): pid=1 uid=0 auid=4294967295 ses=4294967295 msg='unit=serial-getty@ttyS0 comm="systemd" exe="/usr/lib/systemd/systemd" hostname=? addr=? terminal=? res=success'UID="root" AUID="unset"
type=SERVICE_START msg=audit(1720286150.571:976): pid=1 uid=0 auid=4294967295 ses=4294967295 msg='unit=serial-getty@ttyS0 comm="systemd" exe="/usr/lib/systemd/systemd" hostname=? addr=? terminal=? res=success'UID="root" AUID="unset"
type=SERVICE_STOP msg=audit(1720286160.591:977): pid=1 uid=0 auid=4294967295 ses=4294967295 msg='unit=serial-getty@ttyS0 comm="systemd" exe="/usr/lib/systemd/systemd" hostname=? addr=? terminal=? res=success'UID="root" AUID="unset"
type=SERVICE_START msg=audit(1720286160.812:978): pid=1 uid=0 auid=4294967295 ses=4294967295 msg='unit=serial-getty@ttyS0 comm="systemd" exe="/usr/lib/systemd/systemd" hostname=? addr=? terminal=? res=success'UID="root" AUID="unset"
type=SERVICE_STOP msg=audit(1720286160.813:979): pid=1 uid=0 auid=4294967295 ses=4294967295 msg='unit=serial-getty@ttyS0 comm="systemd" exe="/usr/lib/systemd/systemd" hostname=? addr=? terminal=? res=success'UID="root" AUID="unset"
type=SERVICE_START msg=audit(1720286160.825:980): pid=1 uid=0 auid=4294967295 ses=4294967295 msg='unit=serial-getty@ttyS0 comm="systemd" exe="/usr/lib/systemd/systemd" hostname=? addr=? terminal=? res=success'UID="root" AUID="unset"
type=SERVICE_STOP msg=audit(1720286170.887:981): pid=1 uid=0 auid=4294967295 ses=4294967295 msg='unit=serial-getty@ttyS0 comm="systemd" exe="/usr/lib/systemd/systemd" hostname=? addr=? terminal=? res=success'UID="root" AUID="unset"
type=SERVICE_START msg=audit(1720286171.062:982): pid=1 uid=0 auid=4294967295 ses=4294967295 msg='unit=serial-getty@ttyS0 comm="systemd" exe="/usr/lib/systemd/systemd" hostname=? addr=? terminal=? res=success'UID="root" AUID="unset"
type=SERVICE_STOP msg=audit(1720286171.062:983): pid=1 uid=0 auid=4294967295 ses=4294967295 msg='unit=serial-getty@ttyS0 comm="systemd" exe="/usr/lib/systemd/systemd" hostname=? addr=? terminal=? res=success'UID="root" AUID="unset"
type=SERVICE_START msg=audit(1720286171.072:984): pid=1 uid=0 auid=4294967295 ses=4294967295 msg='unit=serial-getty@ttyS0 comm="systemd" exe="/usr/lib/systemd/systemd" hostname=? addr=? terminal=? res=success'UID="root" AUID="unset"
type=SERVICE_STOP msg=audit(1720286181.082:985): pid=1 uid=0 auid=4294967295 ses=4294967295 msg='unit=serial-getty@ttyS0 comm="systemd" exe="/usr/lib/systemd/systemd" hostname=? addr=? terminal=? res=success'UID="root" AUID="unset"
type=SERVICE_START msg=audit(1720286181.312:986): pid=1 uid=0 auid=4294967295 ses=4294967295 msg='unit=serial-getty@ttyS0 comm="systemd" exe="/usr/lib/systemd/systemd" hostname=? addr=? terminal=? res=success'UID="root" AUID="unset"
type=SERVICE_STOP msg=audit(1720286181.313:987): pid=1 uid=0 auid=4294967295 ses=4294967295 msg='unit=serial-getty@ttyS0 comm="systemd" exe="/usr/lib/systemd/systemd" hostname=? addr=? terminal=? res=success'UID="root" AUID="unset"
type=SERVICE_START msg=audit(1720286181.322:988): pid=1 uid=0 auid=4294967295 ses=4294967295 msg='unit=serial-getty@ttyS0 comm="systemd" exe="/usr/lib/systemd/systemd" hostname=? addr=? terminal=? res=success'UID="root" AUID="unset"
type=SERVICE_STOP msg=audit(1720286191.335:989): pid=1 uid=0 auid=4294967295 ses=4294967295 msg='unit=serial-getty@ttyS0 comm="systemd" exe="/usr/lib/systemd/systemd" hostname=? addr=? terminal=? res=success'UID="root" AUID="unset"
type=SERVICE_START msg=audit(1720286191.562:990): pid=1 uid=0 auid=4294967295 ses=4294967295 msg='unit=serial-getty@ttyS0 comm="systemd" exe="/usr/lib/systemd/systemd" hostname=? addr=? terminal=? res=success'UID="root" AUID="unset"
type=SERVICE_STOP msg=audit(1720286191.563:991): pid=1 uid=0 auid=4294967295 ses=4294967295 msg='unit=serial-getty@ttyS0 comm="systemd" exe="/usr/lib/systemd/systemd" hostname=? addr=? terminal=? res=success'UID="root" AUID="unset"
type=SERVICE_START msg=audit(1720286191.576:992): pid=1 uid=0 auid=4294967295 ses=4294967295 msg='unit=serial-getty@ttyS0 comm="systemd" exe="/usr/lib/systemd/systemd" hostname=? addr=? terminal=? res=success'UID="root" AUID="unset"
type=SERVICE_STOP msg=audit(1720286201.594:993): pid=1 uid=0 auid=4294967295 ses=4294967295 msg='unit=serial-getty@ttyS0 comm="systemd" exe="/usr/lib/systemd/systemd" hostname=? addr=? terminal=? res=success'UID="root" AUID="unset"
type=SERVICE_START msg=audit(1720286201.812:994): pid=1 uid=0 auid=4294967295 ses=4294967295 msg='unit=serial-getty@ttyS0 comm="systemd" exe="/usr/lib/systemd/systemd" hostname=? addr=? terminal=? res=success'UID="root" AUID="unset"
type=SERVICE_STOP msg=audit(1720286201.812:995): pid=1 uid=0 auid=4294967295 ses=4294967295 msg='unit=serial-getty@ttyS0 comm="systemd" exe="/usr/lib/systemd/systemd" hostname=? addr=? terminal=? res=success'UID="root" AUID="unset"
type=SERVICE_START msg=audit(1720286201.821:996): pid=1 uid=0 auid=4294967295 ses=4294967295 msg='unit=serial-getty@ttyS0 comm="systemd" exe="/usr/lib/systemd/systemd" hostname=? addr=? terminal=? res=success'UID="root" AUID="unset"
type=SERVICE_STOP msg=audit(1720286211.833:997): pid=1 uid=0 auid=4294967295 ses=4294967295 msg='unit=serial-getty@ttyS0 comm="systemd" exe="/usr/lib/systemd/systemd" hostname=? addr=? terminal=? res=success'UID="root" AUID="unset"
type=SERVICE_START msg=audit(1720286212.063:998): pid=1 uid=0 auid=4294967295 ses=4294967295 msg='unit=serial-getty@ttyS0 comm="systemd" exe="/usr/lib/systemd/systemd" hostname=? addr=? terminal=? res=success'UID="root" AUID="unset"
type=SERVICE_STOP msg=audit(1720286212.063:999): pid=1 uid=0 auid=4294967295 ses=4294967295 msg='unit=serial-getty@ttyS0 comm="systemd" exe="/usr/lib/systemd/systemd" hostname=? addr=? terminal=? res=success'UID="root" AUID="unset"
type=SERVICE_START msg=audit(1720286212.072:1000): pid=1 uid=0 auid=4294967295 ses=4294967295 msg='unit=serial-getty@ttyS0 comm="systemd" exe="/usr/lib/systemd/systemd" hostname=? addr=? terminal=? res=success'UID="root" AUID="unset"
type=USER_ACCT msg=audit(1720286221.114:1001): pid=5691 uid=0 auid=4294967295 ses=4294967295 msg='op=PAM:accounting grantors=pam_permit acct="root" exe="/usr/sbin/cron" hostname=? addr=? terminal=cron res=success'UID="root" AUID="unset"
type=CRED_ACQ msg=audit(1720286221.114:1002): pid=5691 uid=0 auid=4294967295 ses=4294967295 msg='op=PAM:setcred grantors=pam_permit,pam_cap acct="root" exe="/usr/sbin/cron" hostname=? addr=? terminal=cron res=success'UID="root" AUID="unset"
type=LOGIN msg=audit(1720286221.114:1003): pid=5691 uid=0 old-auid=4294967295 auid=0 tty=(none) old-ses=4294967295 ses=3 res=1UID="root" OLD-AUID="unset" AUID="root"
type=SYSCALL msg=audit(1720286221.114:1003): arch=c000003e syscall=1 success=yes exit=1 a0=7 a1=7ffc71423120 a2=1 a3=7ffc71422e37 items=0 ppid=1351 pid=5691 auid=0 uid=0 gid=0 euid=0 suid=0 fsuid=0 egid=0 sgid=0 fsgid=0 tty=(none) ses=3 comm="cron" exe="/usr/sbin/cron" key=(null)ARCH=x86_64 SYSCALL=write AUID="root" UID="root" GID="root" EUID="root" SUID="root" FSUID="root" EGID="root" SGID="root" FSGID="root"
type=PROCTITLE msg=audit(1720286221.114:1003): proctitle=2F7573722F7362696E2F43524F4E002D66
type=USER_START msg=audit(1720286221.115:1004): pid=5691 uid=0 auid=0 ses=3 msg='op=PAM:session_open grantors=pam_loginuid,pam_env,pam_env,pam_permit,pam_mkhomedir,pam_unix,pam_limits acct="root" exe="/usr/sbin/cron" hostname=? addr=? terminal=cron res=success'UID="root" AUID="root"
type=CRED_REFR msg=audit(1720286221.116:1005): pid=5692 uid=0 auid=0 ses=3 msg='op=PAM:setcred grantors=pam_permit,pam_cap acct="root" exe="/usr/sbin/cron" hostname=? addr=? terminal=cron res=success'UID="root" AUID="root"
type=CRED_DISP msg=audit(1720286221.118:1006): pid=5691 uid=0 auid=0 ses=3 msg='op=PAM:setcred grantors=pam_permit acct="root" exe="/usr/sbin/cron" hostname=? addr=? terminal=cron res=success'UID="root" AUID="root"
type=USER_END msg=audit(1720286221.119:1007): pid=5691 uid=0 auid=0 ses=3 msg='op=PAM:session_close grantors=pam_loginuid,pam_env,pam_env,pam_permit,pam_mkhomedir,pam_unix,pam_limits acct="root" exe="/usr/sbin/cron" hostname=? addr=? terminal=cron res=success'UID="root" AUID="root"
type=SERVICE_STOP msg=audit(1720286222.097:1008): pid=1 uid=0 auid=4294967295 ses=4294967295 msg='unit=serial-getty@ttyS0 comm="systemd" exe="/usr/lib/systemd/systemd" hostname=? addr=? terminal=? res=success'UID="root" AUID="unset"
type=SERVICE_START msg=audit(1720286222.312:1009): pid=1 uid=0 auid=4294967295 ses=4294967295 msg='unit=serial-getty@ttyS0 comm="systemd" exe="/usr/lib/systemd/systemd" hostname=? addr=? terminal=? res=success'UID="root" AUID="unset"
type=SERVICE_STOP msg=audit(1720286222.313:1010): pid=1 uid=0 auid=4294967295 ses=4294967295 msg='unit=serial-getty@ttyS0 comm="systemd" exe="/usr/lib/systemd/systemd" hostname=? addr=? terminal=? res=success'UID="root" AUID="unset"
type=SERVICE_START msg=audit(1720286222.325:1011): pid=1 uid=0 auid=4294967295 ses=4294967295 msg='unit=serial-getty@ttyS0 comm="systemd" exe="/usr/lib/systemd/systemd" hostname=? addr=? terminal=? res=success'UID="root" AUID="unset"
type=SERVICE_STOP msg=audit(1720286232.339:1012): pid=1 uid=0 auid=4294967295 ses=4294967295 msg='unit=serial-getty@ttyS0 comm="systemd" exe="/usr/lib/systemd/systemd" hostname=? addr=? terminal=? res=success'UID="root" AUID="unset"
type=SERVICE_START msg=audit(1720286232.562:1013): pid=1 uid=0 auid=4294967295 ses=4294967295 msg='unit=serial-getty@ttyS0 comm="systemd" exe="/usr/lib/systemd/systemd" hostname=? addr=? terminal=? res=success'UID="root" AUID="unset"
type=SERVICE_STOP msg=audit(1720286232.563:1014): pid=1 uid=0 auid=4294967295 ses=4294967295 msg='unit=serial-getty@ttyS0 comm="systemd" exe="/usr/lib/systemd/systemd" hostname=? addr=? terminal=? res=success'UID="root" AUID="unset"
type=SERVICE_START msg=audit(1720286232.576:1015): pid=1 uid=0 auid=4294967295 ses=4294967295 msg='unit=serial-getty@ttyS0 comm="systemd" exe="/usr/lib/systemd/systemd" hostname=? addr=? terminal=? res=success'UID="root" AUID="unset"
type=SERVICE_STOP msg=audit(1720286242.593:1016): pid=1 uid=0 auid=4294967295 ses=4294967295 msg='unit=serial-getty@ttyS0 comm="systemd" exe="/usr/lib/systemd/systemd" hostname=? addr=? terminal=? res=success'UID="root" AUID="unset"
type=SERVICE_START msg=audit(1720286242.812:1017): pid=1 uid=0 auid=4294967295 ses=4294967295 msg='unit=serial-getty@ttyS0 comm="systemd" exe="/usr/lib/systemd/systemd" hostname=? addr=? terminal=? res=success'UID="root" AUID="unset"
type=SERVICE_STOP msg=audit(1720286242.813:1018): pid=1 uid=0 auid=4294967295 ses=4294967295 msg='unit=serial-getty@ttyS0 comm="systemd" exe="/usr/lib/systemd/systemd" hostname=? addr=? terminal=? res=success'UID="root" AUID="unset"
type=SERVICE_START msg=audit(1720286242.822:1019): pid=1 uid=0 auid=4294967295 ses=4294967295 msg='unit=serial-getty@ttyS0 comm="systemd" exe="/usr/lib/systemd/systemd" hostname=? addr=? terminal=? res=success'UID="root" AUID="unset"
type=SERVICE_STOP msg=audit(1720286252.834:1020): pid=1 uid=0 auid=4294967295 ses=4294967295 msg='unit=serial-getty@ttyS0 comm="systemd" exe="/usr/lib/systemd/systemd" hostname=? addr=? terminal=? res=success'UID="root" AUID="unset"
type=SERVICE_START msg=audit(1720286253.062:1021): pid=1 uid=0 auid=4294967295 ses=4294967295 msg='unit=serial-getty@ttyS0 comm="systemd" exe="/usr/lib/systemd/systemd" hostname=? addr=? terminal=? res=success'UID="root" AUID="unset"
type=SERVICE_STOP msg=audit(1720286253.062:1022): pid=1 uid=0 auid=4294967295 ses=4294967295 msg='unit=serial-getty@ttyS0 comm="systemd" exe="/usr/lib/systemd/systemd" hostname=? addr=? terminal=? res=success'UID="root" AUID="unset"
type=SERVICE_START msg=audit(1720286253.072:1023): pid=1 uid=0 auid=4294967295 ses=4294967295 msg='unit=serial-getty@ttyS0 comm="systemd" exe="/usr/lib/systemd/systemd" hostname=? addr=? terminal=? res=success'UID="root" AUID="unset"
type=SERVICE_STOP msg=audit(1720286263.093:1024): pid=1 uid=0 auid=4294967295 ses=4294967295 msg='unit=serial-getty@ttyS0 comm="systemd" exe="/usr/lib/systemd/systemd" hostname=? addr=? terminal=? res=success'UID="root" AUID="unset"
type=SERVICE_START msg=audit(1720286263.312:1025): pid=1 uid=0 auid=4294967295 ses=4294967295 msg='unit=serial-getty@ttyS0 comm="systemd" exe="/usr/lib/systemd/systemd" hostname=? addr=? terminal=? res=success'UID="root" AUID="unset"
type=SERVICE_STOP msg=audit(1720286263.313:1026): pid=1 uid=0 auid=4294967295 ses=4294967295 msg='unit=serial-getty@ttyS0 comm="systemd" exe="/usr/lib/systemd/systemd" hostname=? addr=? terminal=? res=success'UID="root" AUID="unset"
type=SERVICE_START msg=audit(1720286263.323:1027): pid=1 uid=0 auid=4294967295 ses=4294967295 msg='unit=serial-getty@ttyS0 comm="systemd" exe="/usr/lib/systemd/systemd" hostname=? addr=? terminal=? res=success'UID="root" AUID="unset"
type=SERVICE_STOP msg=audit(1720286273.335:1028): pid=1 uid=0 auid=4294967295 ses=4294967295 msg='unit=serial-getty@ttyS0 comm="systemd" exe="/usr/lib/systemd/systemd" hostname=? addr=? terminal=? res=success'UID="root" AUID="unset"
type=SERVICE_START msg=audit(1720286273.562:1029): pid=1 uid=0 auid=4294967295 ses=4294967295 msg='unit=serial-getty@ttyS0 comm="systemd" exe="/usr/lib/systemd/systemd" hostname=? addr=? terminal=? res=success'UID="root" AUID="unset"
type=SERVICE_STOP msg=audit(1720286273.563:1030): pid=1 uid=0 auid=4294967295 ses=4294967295 msg='unit=serial-getty@ttyS0 comm="systemd" exe="/usr/lib/systemd/systemd" hostname=? addr=? terminal=? res=success'UID="root" AUID="unset"
type=SERVICE_START msg=audit(1720286273.576:1031): pid=1 uid=0 auid=4294967295 ses=4294967295 msg='unit=serial-getty@ttyS0 comm="systemd" exe="/usr/lib/systemd/systemd" hostname=? addr=? terminal=? res=success'UID="root" AUID="unset"
type=SERVICE_STOP msg=audit(1720286283.588:1032): pid=1 uid=0 auid=4294967295 ses=4294967295 msg='unit=serial-getty@ttyS0 comm="systemd" exe="/usr/lib/systemd/systemd" hostname=? addr=? terminal=? res=success'UID="root" AUID="unset"
type=SERVICE_START msg=audit(1720286283.812:1033): pid=1 uid=0 auid=4294967295 ses=4294967295 msg='unit=serial-getty@ttyS0 comm="systemd" exe="/usr/lib/systemd/systemd" hostname=? addr=? terminal=? res=success'UID="root" AUID="unset"
type=SERVICE_STOP msg=audit(1720286283.813:1034): pid=1 uid=0 auid=4294967295 ses=4294967295 msg='unit=serial-getty@ttyS0 comm="systemd" exe="/usr/lib/systemd/systemd" hostname=? addr=? terminal=? res=success'UID="root" AUID="unset"
type=SERVICE_START msg=audit(1720286283.823:1035): pid=1 uid=0 auid=4294967295 ses=4294967295 msg='unit=serial-getty@ttyS0 comm="systemd" exe="/usr/lib/systemd/systemd" hostname=? addr=? terminal=? res=success'UID="root" AUID="unset"
type=SERVICE_STOP msg=audit(1720286293.840:1036): pid=1 uid=0 auid=4294967295 ses=4294967295 msg='unit=serial-getty@ttyS0 comm="systemd" exe="/usr/lib/systemd/systemd" hostname=? addr=? terminal=? res=success'UID="root" AUID="unset"
type=SERVICE_START msg=audit(1720286294.062:1037): pid=1 uid=0 auid=4294967295 ses=4294967295 msg='unit=serial-getty@ttyS0 comm="systemd" exe="/usr/lib/systemd/systemd" hostname=? addr=? terminal=? res=success'UID="root" AUID="unset"
type=SERVICE_STOP msg=audit(1720286294.063:1038): pid=1 uid=0 auid=4294967295 ses=4294967295 msg='unit=serial-getty@ttyS0 comm="systemd" exe="/usr/lib/systemd/systemd" hostname=? addr=? terminal=? res=success'UID="root" AUID="unset"
type=SERVICE_START msg=audit(1720286294.072:1039): pid=1 uid=0 auid=4294967295 ses=4294967295 msg='unit=serial-getty@ttyS0 comm="systemd" exe="/usr/lib/systemd/systemd" hostname=? addr=? terminal=? res=success'UID="root" AUID="unset"
type=SERVICE_STOP msg=audit(1720286304.084:1040): pid=1 uid=0 auid=4294967295 ses=4294967295 msg='unit=serial-getty@ttyS0 comm="systemd" exe="/usr/lib/systemd/systemd" hostname=? addr=? terminal=? res=success'UID="root" AUID="unset"
type=SERVICE_START msg=audit(1720286304.312:1041): pid=1 uid=0 auid=4294967295 ses=4294967295 msg='unit=serial-getty@ttyS0 comm="systemd" exe="/usr/lib/systemd/systemd" hostname=? addr=? terminal=? res=success'UID="root" AUID="unset"
type=SERVICE_STOP msg=audit(1720286304.312:1042): pid=1 uid=0 auid=4294967295 ses=4294967295 msg='unit=serial-getty@ttyS0 comm="systemd" exe="/usr/lib/systemd/systemd" hostname=? addr=? terminal=? res=success'UID="root" AUID="unset"
type=SERVICE_START msg=audit(1720286304.322:1043): pid=1 uid=0 auid=4294967295 ses=4294967295 msg='unit=serial-getty@ttyS0 comm="systemd" exe="/usr/lib/systemd/systemd" hostname=? addr=? terminal=? res=success'UID="root" AUID="unset"
type=SERVICE_STOP msg=audit(1720286314.340:1044): pid=1 uid=0 auid=4294967295 ses=4294967295 msg='unit=serial-getty@ttyS0 comm="systemd" exe="/usr/lib/systemd/systemd" hostname=? addr=? terminal=? res=success'UID="root" AUID="unset"
type=SERVICE_START msg=audit(1720286314.563:1045): pid=1 uid=0 auid=4294967295 ses=4294967295 msg='unit=serial-getty@ttyS0 comm="systemd" exe="/usr/lib/systemd/systemd" hostname=? addr=? terminal=? res=success'UID="root" AUID="unset"
type=SERVICE_STOP msg=audit(1720286314.563:1046): pid=1 uid=0 auid=4294967295 ses=4294967295 msg='unit=serial-getty@ttyS0 comm="systemd" exe="/usr/lib/systemd/systemd" hostname=? addr=? terminal=? res=success'UID="root" AUID="unset"
type=SERVICE_START msg=audit(1720286314.573:1047): pid=1 uid=0 auid=4294967295 ses=4294967295 msg='unit=serial-getty@ttyS0 comm="systemd" exe="/usr/lib/systemd/systemd" hostname=? addr=? terminal=? res=success'UID="root" AUID="unset"
type=SERVICE_STOP msg=audit(1720286324.592:1048): pid=1 uid=0 auid=4294967295 ses=4294967295 msg='unit=serial-getty@ttyS0 comm="systemd" exe="/usr/lib/systemd/systemd" hostname=? addr=? terminal=? res=success'UID="root" AUID="unset"
type=SERVICE_START msg=audit(1720286324.812:1049): pid=1 uid=0 auid=4294967295 ses=4294967295 msg='unit=serial-getty@ttyS0 comm="systemd" exe="/usr/lib/systemd/systemd" hostname=? addr=? terminal=? res=success'UID="root" AUID="unset"
type=SERVICE_STOP msg=audit(1720286324.813:1050): pid=1 uid=0 auid=4294967295 ses=4294967295 msg='unit=serial-getty@ttyS0 comm="systemd" exe="/usr/lib/systemd/systemd" hostname=? addr=? terminal=? res=success'UID="root" AUID="unset"
type=SERVICE_START msg=audit(1720286324.821:1051): pid=1 uid=0 auid=4294967295 ses=4294967295 msg='unit=serial-getty@ttyS0 comm="systemd" exe="/usr/lib/systemd/systemd" hostname=? addr=? terminal=? res=success'UID="root" AUID="unset"
type=SERVICE_STOP msg=audit(1720286334.838:1052): pid=1 uid=0 auid=4294967295 ses=4294967295 msg='unit=serial-getty@ttyS0 comm="systemd" exe="/usr/lib/systemd/systemd" hostname=? addr=? terminal=? res=success'UID="root" AUID="unset"
type=SERVICE_START msg=audit(1720286335.062:1053): pid=1 uid=0 auid=4294967295 ses=4294967295 msg='unit=serial-getty@ttyS0 comm="systemd" exe="/usr/lib/systemd/systemd" hostname=? addr=? terminal=? res=success'UID="root" AUID="unset"
type=SERVICE_STOP msg=audit(1720286335.062:1054): pid=1 uid=0 auid=4294967295 ses=4294967295 msg='unit=serial-getty@ttyS0 comm="systemd" exe="/usr/lib/systemd/systemd" hostname=? addr=? terminal=? res=success'UID="root" AUID="unset"
type=SERVICE_START msg=audit(1720286335.074:1055): pid=1 uid=0 auid=4294967295 ses=4294967295 msg='unit=serial-getty@ttyS0 comm="systemd" exe="/usr/lib/systemd/systemd" hostname=? addr=? terminal=? res=success'UID="root" AUID="unset"
type=SERVICE_STOP msg=audit(1720286345.086:1056): pid=1 uid=0 auid=4294967295 ses=4294967295 msg='unit=serial-getty@ttyS0 comm="systemd" exe="/usr/lib/systemd/systemd" hostname=? addr=? terminal=? res=success'UID="root" AUID="unset"
type=SERVICE_START msg=audit(1720286345.312:1057): pid=1 uid=0 auid=4294967295 ses=4294967295 msg='unit=serial-getty@ttyS0 comm="systemd" exe="/usr/lib/systemd/systemd" hostname=? addr=? terminal=? res=success'UID="root" AUID="unset"
type=SERVICE_STOP msg=audit(1720286345.313:1058): pid=1 uid=0 auid=4294967295 ses=4294967295 msg='unit=serial-getty@ttyS0 comm="systemd" exe="/usr/lib/systemd/systemd" hostname=? addr=? terminal=? res=success'UID="root" AUID="unset"
type=SERVICE_START msg=audit(1720286345.323:1059): pid=1 uid=0 auid=4294967295 ses=4294967295 msg='unit=serial-getty@ttyS0 comm="systemd" exe="/usr/lib/systemd/systemd" hostname=? addr=? terminal=? res=success'UID="root" AUID="unset"
type=SERVICE_STOP msg=audit(1720286355.340:1060): pid=1 uid=0 auid=4294967295 ses=4294967295 msg='unit=serial-getty@ttyS0 comm="systemd" exe="/usr/lib/systemd/systemd" hostname=? addr=? terminal=? res=success'UID="root" AUID="unset"
type=SERVICE_START msg=audit(1720286355.562:1061): pid=1 uid=0 auid=4294967295 ses=4294967295 msg='unit=serial-getty@ttyS0 comm="systemd" exe="/usr/lib/systemd/systemd" hostname=? addr=? terminal=? res=success'UID="root" AUID="unset"
type=SERVICE_STOP msg=audit(1720286355.562:1062): pid=1 uid=0 auid=4294967295 ses=4294967295 msg='unit=serial-getty@ttyS0 comm="systemd" exe="/usr/lib/systemd/systemd" hostname=? addr=? terminal=? res=success'UID="root" AUID="unset"
type=SERVICE_START msg=audit(1720286355.571:1063): pid=1 uid=0 auid=4294967295 ses=4294967295 msg='unit=serial-getty@ttyS0 comm="systemd" exe="/usr/lib/systemd/systemd" hostname=? addr=? terminal=? res=success'UID="root" AUID="unset"
type=SERVICE_STOP msg=audit(1720286365.592:1064): pid=1 uid=0 auid=4294967295 ses=4294967295 msg='unit=serial-getty@ttyS0 comm="systemd" exe="/usr/lib/systemd/systemd" hostname=? addr=? terminal=? res=success'UID="root" AUID="unset"
type=SERVICE_START msg=audit(1720286365.812:1065): pid=1 uid=0 auid=4294967295 ses=4294967295 msg='unit=serial-getty@ttyS0 comm="systemd" exe="/usr/lib/systemd/systemd" hostname=? addr=? terminal=? res=success'UID="root" AUID="unset"
type=SERVICE_STOP msg=audit(1720286365.812:1066): pid=1 uid=0 auid=4294967295 ses=4294967295 msg='unit=serial-getty@ttyS0 comm="systemd" exe="/usr/lib/systemd/systemd" hostname=? addr=? terminal=? res=success'UID="root" AUID="unset"
type=SERVICE_START msg=audit(1720286365.821:1067): pid=1 uid=0 auid=4294967295 ses=4294967295 msg='unit=serial-getty@ttyS0 comm="systemd" exe="/usr/lib/systemd/systemd" hostname=? addr=? terminal=? res=success'UID="root" AUID="unset"
type=SERVICE_STOP msg=audit(1720286375.840:1068): pid=1 uid=0 auid=4294967295 ses=4294967295 msg='unit=serial-getty@ttyS0 comm="systemd" exe="/usr/lib/systemd/systemd" hostname=? addr=? terminal=? res=success'UID="root" AUID="unset"
type=SERVICE_START msg=audit(1720286376.062:1069): pid=1 uid=0 auid=4294967295 ses=4294967295 msg='unit=serial-getty@ttyS0 comm="systemd" exe="/usr/lib/systemd/systemd" hostname=? addr=? terminal=? res=success'UID="root" AUID="unset"
type=SERVICE_STOP msg=audit(1720286376.062:1070): pid=1 uid=0 auid=4294967295 ses=4294967295 msg='unit=serial-getty@ttyS0 comm="systemd" exe="/usr/lib/systemd/systemd" hostname=? addr=? terminal=? res=success'UID="root" AUID="unset"
type=SERVICE_START msg=audit(1720286376.079:1071): pid=1 uid=0 auid=4294967295 ses=4294967295 msg='unit=serial-getty@ttyS0 comm="systemd" exe="/usr/lib/systemd/systemd" hostname=? addr=? terminal=? res=success'UID="root" AUID="unset"
type=SERVICE_STOP msg=audit(1720286386.091:1072): pid=1 uid=0 auid=4294967295 ses=4294967295 msg='unit=serial-getty@ttyS0 comm="systemd" exe="/usr/lib/systemd/systemd" hostname=? addr=? terminal=? res=success'UID="root" AUID="unset"
type=SERVICE_START msg=audit(1720286386.312:1073): pid=1 uid=0 auid=4294967295 ses=4294967295 msg='unit=serial-getty@ttyS0 comm="systemd" exe="/usr/lib/systemd/systemd" hostname=? addr=? terminal=? res=success'UID="root" AUID="unset"
type=SERVICE_STOP msg=audit(1720286386.313:1074): pid=1 uid=0 auid=4294967295 ses=4294967295 msg='unit=serial-getty@ttyS0 comm="systemd" exe="/usr/lib/systemd/systemd" hostname=? addr=? terminal=? res=success'UID="root" AUID="unset"
type=SERVICE_START msg=audit(1720286386.323:1075): pid=1 uid=0 auid=4294967295 ses=4294967295 msg='unit=serial-getty@ttyS0 comm="systemd" exe="/usr/lib/systemd/systemd" hostname=? addr=? terminal=? res=success'UID="root" AUID="unset"
type=SERVICE_STOP msg=audit(1720286396.341:1076): pid=1 uid=0 auid=4294967295 ses=4294967295 msg='unit=serial-getty@ttyS0 comm="systemd" exe="/usr/lib/systemd/systemd" hostname=? addr=? terminal=? res=success'UID="root" AUID="unset"
type=SERVICE_START msg=audit(1720286396.562:1077): pid=1 uid=0 auid=4294967295 ses=4294967295 msg='unit=serial-getty@ttyS0 comm="systemd" exe="/usr/lib/systemd/systemd" hostname=? addr=? terminal=? res=success'UID="root" AUID="unset"
type=SERVICE_STOP msg=audit(1720286396.562:1078): pid=1 uid=0 auid=4294967295 ses=4294967295 msg='unit=serial-getty@ttyS0 comm="systemd" exe="/usr/lib/systemd/systemd" hostname=? addr=? terminal=? res=success'UID="root" AUID="unset"
type=SERVICE_START msg=audit(1720286396.572:1079): pid=1 uid=0 auid=4294967295 ses=4294967295 msg='unit=serial-getty@ttyS0 comm="systemd" exe="/usr/lib/systemd/systemd" hostname=? addr=? terminal=? res=success'UID="root" AUID="unset"
type=SERVICE_STOP msg=audit(1720286406.584:1080): pid=1 uid=0 auid=4294967295 ses=4294967295 msg='unit=serial-getty@ttyS0 comm="systemd" exe="/usr/lib/systemd/systemd" hostname=? addr=? terminal=? res=success'UID="root" AUID="unset"
type=SERVICE_START msg=audit(1720286406.812:1081): pid=1 uid=0 auid=4294967295 ses=4294967295 msg='unit=serial-getty@ttyS0 comm="systemd" exe="/usr/lib/systemd/systemd" hostname=? addr=? terminal=? res=success'UID="root" AUID="unset"
type=SERVICE_STOP msg=audit(1720286406.812:1082): pid=1 uid=0 auid=4294967295 ses=4294967295 msg='unit=serial-getty@ttyS0 comm="systemd" exe="/usr/lib/systemd/systemd" hostname=? addr=? terminal=? res=success'UID="root" AUID="unset"
type=SERVICE_START msg=audit(1720286406.822:1083): pid=1 uid=0 auid=4294967295 ses=4294967295 msg='unit=serial-getty@ttyS0 comm="systemd" exe="/usr/lib/systemd/systemd" hostname=? addr=? terminal=? res=success'UID="root" AUID="unset"
type=SERVICE_STOP msg=audit(1720286416.840:1084): pid=1 uid=0 auid=4294967295 ses=4294967295 msg='unit=serial-getty@ttyS0 comm="systemd" exe="/usr/lib/systemd/systemd" hostname=? addr=? terminal=? res=success'UID="root" AUID="unset"
type=SERVICE_START msg=audit(1720286417.062:1085): pid=1 uid=0 auid=4294967295 ses=4294967295 msg='unit=serial-getty@ttyS0 comm="systemd" exe="/usr/lib/systemd/systemd" hostname=? addr=? terminal=? res=success'UID="root" AUID="unset"
type=SERVICE_STOP msg=audit(1720286417.063:1086): pid=1 uid=0 auid=4294967295 ses=4294967295 msg='unit=serial-getty@ttyS0 comm="systemd" exe="/usr/lib/systemd/systemd" hostname=? addr=? terminal=? res=success'UID="root" AUID="unset"
type=SERVICE_START msg=audit(1720286417.072:1087): pid=1 uid=0 auid=4294967295 ses=4294967295 msg='unit=serial-getty@ttyS0 comm="systemd" exe="/usr/lib/systemd/systemd" hostname=? addr=? terminal=? res=success'UID="root" AUID="unset"
type=SERVICE_STOP msg=audit(1720286427.084:1088): pid=1 uid=0 auid=4294967295 ses=4294967295 msg='unit=serial-getty@ttyS0 comm="systemd" exe="/usr/lib/systemd/systemd" hostname=? addr=? terminal=? res=success'UID="root" AUID="unset"
type=SERVICE_START msg=audit(1720286427.312:1089): pid=1 uid=0 auid=4294967295 ses=4294967295 msg='unit=serial-getty@ttyS0 comm="systemd" exe="/usr/lib/systemd/systemd" hostname=? addr=? terminal=? res=success'UID="root" AUID="unset"
type=SERVICE_STOP msg=audit(1720286427.313:1090): pid=1 uid=0 auid=4294967295 ses=4294967295 msg='unit=serial-getty@ttyS0 comm="systemd" exe="/usr/lib/systemd/systemd" hostname=? addr=? terminal=? res=success'UID="root" AUID="unset"
type=SERVICE_START msg=audit(1720286427.322:1091): pid=1 uid=0 auid=4294967295 ses=4294967295 msg='unit=serial-getty@ttyS0 comm="systemd" exe="/usr/lib/systemd/systemd" hostname=? addr=? terminal=? res=success'UID="root" AUID="unset"
type=SERVICE_STOP msg=audit(1720286437.341:1092): pid=1 uid=0 auid=4294967295 ses=4294967295 msg='unit=serial-getty@ttyS0 comm="systemd" exe="/usr/lib/systemd/systemd" hostname=? addr=? terminal=? res=success'UID="root" AUID="unset"
type=SERVICE_START msg=audit(1720286437.562:1093): pid=1 uid=0 auid=4294967295 ses=4294967295 msg='unit=serial-getty@ttyS0 comm="systemd" exe="/usr/lib/systemd/systemd" hostname=? addr=? terminal=? res=success'UID="root" AUID="unset"
type=SERVICE_STOP msg=audit(1720286437.562:1094): pid=1 uid=0 auid=4294967295 ses=4294967295 msg='unit=serial-getty@ttyS0 comm="systemd" exe="/usr/lib/systemd/systemd" hostname=? addr=? terminal=? res=success'UID="root" AUID="unset"
type=SERVICE_START msg=audit(1720286437.572:1095): pid=1 uid=0 auid=4294967295 ses=4294967295 msg='unit=serial-getty@ttyS0 comm="systemd" exe="/usr/lib/systemd/systemd" hostname=? addr=? terminal=? res=success'UID="root" AUID="unset"
type=SERVICE_STOP msg=audit(1720286447.590:1096): pid=1 uid=0 auid=4294967295 ses=4294967295 msg='unit=serial-getty@ttyS0 comm="systemd" exe="/usr/lib/systemd/systemd" hostname=? addr=? terminal=? res=success'UID="root" AUID="unset"
type=SERVICE_START msg=audit(1720286447.812:1097): pid=1 uid=0 auid=4294967295 ses=4294967295 msg='unit=serial-getty@ttyS0 comm="systemd" exe="/usr/lib/systemd/systemd" hostname=? addr=? terminal=? res=success'UID="root" AUID="unset"
type=SERVICE_STOP msg=audit(1720286447.812:1098): pid=1 uid=0 auid=4294967295 ses=4294967295 msg='unit=serial-getty@ttyS0 comm="systemd" exe="/usr/lib/systemd/systemd" hostname=? addr=? terminal=? res=success'UID="root" AUID="unset"
type=SERVICE_START msg=audit(1720286447.822:1099): pid=1 uid=0 auid=4294967295 ses=4294967295 msg='unit=serial-getty@ttyS0 comm="systemd" exe="/usr/lib/systemd/systemd" hostname=? addr=? terminal=? res=success'UID="root" AUID="unset"
type=SERVICE_STOP msg=audit(1720286457.840:1100): pid=1 uid=0 auid=4294967295 ses=4294967295 msg='unit=serial-getty@ttyS0 comm="systemd" exe="/usr/lib/systemd/systemd" hostname=? addr=? terminal=? res=success'UID="root" AUID="unset"
type=SERVICE_START msg=audit(1720286458.062:1101): pid=1 uid=0 auid=4294967295 ses=4294967295 msg='unit=serial-getty@ttyS0 comm="systemd" exe="/usr/lib/systemd/systemd" hostname=? addr=? terminal=? res=success'UID="root" AUID="unset"
type=SERVICE_STOP msg=audit(1720286458.063:1102): pid=1 uid=0 auid=4294967295 ses=4294967295 msg='unit=serial-getty@ttyS0 comm="systemd" exe="/usr/lib/systemd/systemd" hostname=? addr=? terminal=? res=success'UID="root" AUID="unset"
type=SERVICE_START msg=audit(1720286458.072:1103): pid=1 uid=0 auid=4294967295 ses=4294967295 msg='unit=serial-getty@ttyS0 comm="systemd" exe="/usr/lib/systemd/systemd" hostname=? addr=? terminal=? res=success'UID="root" AUID="unset"
type=USER_ACCT msg=audit(1720286461.254:1104): pid=5960 uid=1002 auid=1002 ses=1 msg='op=PAM:accounting grantors=pam_permit acct="vyos" exe="/usr/bin/sudo" hostname=? addr=? terminal=/dev/pts/0 res=success'UID="vyos" AUID="vyos"
type=USER_CMD msg=audit(1720286461.255:1105): pid=5960 uid=1002 auid=1002 ses=1 msg='cwd="/opt/vyatta/etc/config" cmd=73672076796174746163666720756D61736B2030303032203B202F7573722F6C6962657865632F76796F732F76796F732D736176652D636F6E6669672E7079 exe="/usr/bin/sudo" terminal=pts/0 res=success'UID="vyos" AUID="vyos"
type=CRED_REFR msg=audit(1720286461.255:1106): pid=5960 uid=1002 auid=1002 ses=1 msg='op=PAM:setcred grantors=pam_permit,pam_cap acct="root" exe="/usr/bin/sudo" hostname=? addr=? terminal=/dev/pts/0 res=success'UID="vyos" AUID="vyos"
type=USER_START msg=audit(1720286461.256:1107): pid=5960 uid=1002 auid=1002 ses=1 msg='op=PAM:session_open grantors=pam_limits,pam_permit,pam_mkhomedir,pam_unix acct="root" exe="/usr/bin/sudo" hostname=? addr=? terminal=/dev/pts/0 res=success'UID="vyos" AUID="vyos"
type=USER_END msg=audit(1720286461.785:1108): pid=5960 uid=1002 auid=1002 ses=1 msg='op=PAM:session_close grantors=pam_limits,pam_permit,pam_mkhomedir,pam_unix acct="root" exe="/usr/bin/sudo" hostname=? addr=? terminal=/dev/pts/0 res=success'UID="vyos" AUID="vyos"
type=CRED_DISP msg=audit(1720286461.785:1109): pid=5960 uid=1002 auid=1002 ses=1 msg='op=PAM:setcred grantors=pam_permit acct="root" exe="/usr/bin/sudo" hostname=? addr=? terminal=/dev/pts/0 res=success'UID="vyos" AUID="vyos"
type=SERVICE_STOP msg=audit(1720286468.096:1110): pid=1 uid=0 auid=4294967295 ses=4294967295 msg='unit=serial-getty@ttyS0 comm="systemd" exe="/usr/lib/systemd/systemd" hostname=? addr=? terminal=? res=success'UID="root" AUID="unset"
type=SERVICE_START msg=audit(1720286468.213:1111): pid=1 uid=0 auid=4294967295 ses=4294967295 msg='unit=serial-getty@ttyS0 comm="systemd" exe="/usr/lib/systemd/systemd" hostname=? addr=? terminal=? res=success'UID="root" AUID="unset"
type=SERVICE_STOP msg=audit(1720286468.213:1112): pid=1 uid=0 auid=4294967295 ses=4294967295 msg='unit=serial-getty@ttyS0 comm="systemd" exe="/usr/lib/systemd/systemd" hostname=? addr=? terminal=? res=success'UID="root" AUID="unset"
type=SERVICE_START msg=audit(1720286468.216:1113): pid=1 uid=0 auid=4294967295 ses=4294967295 msg='unit=serial-getty@ttyS0 comm="systemd" exe="/usr/lib/systemd/systemd" hostname=? addr=? terminal=? res=success'UID="root" AUID="unset"
type=SERVICE_START msg=audit(1720286468.292:1114): pid=1 uid=0 auid=4294967295 ses=4294967295 msg='unit=polkit comm="systemd" exe="/usr/lib/systemd/systemd" hostname=? addr=? terminal=? res=success'UID="root" AUID="unset"
type=USER_ACCT msg=audit(1720286470.266:1115): pid=6020 uid=1002 auid=1002 ses=1 msg='op=PAM:accounting grantors=pam_permit acct="vyos" exe="/usr/bin/sudo" hostname=? addr=? terminal=/dev/pts/0 res=success'UID="vyos" AUID="vyos"
type=USER_CMD msg=audit(1720286470.267:1116): pid=6020 uid=1002 auid=1002 ses=1 msg='cwd="/opt/vyatta/etc/config" cmd=2F7573722F6C6962657865632F76796F732F6F705F6D6F64652F706F7765726374726C2E7079202D2D7265626F6F74 exe="/usr/bin/sudo" terminal=pts/0 res=success'UID="vyos" AUID="vyos"
type=CRED_REFR msg=audit(1720286470.267:1117): pid=6020 uid=1002 auid=1002 ses=1 msg='op=PAM:setcred grantors=pam_permit,pam_cap acct="root" exe="/usr/bin/sudo" hostname=? addr=? terminal=/dev/pts/0 res=success'UID="vyos" AUID="vyos"
type=USER_START msg=audit(1720286470.268:1118): pid=6020 uid=1002 auid=1002 ses=1 msg='op=PAM:session_open grantors=pam_limits,pam_permit,pam_mkhomedir,pam_unix acct="root" exe="/usr/bin/sudo" hostname=? addr=? terminal=/dev/pts/0 res=success'UID="vyos" AUID="vyos"
type=USER_END msg=audit(1720286472.892:1119): pid=6020 uid=1002 auid=1002 ses=1 msg='op=PAM:session_close grantors=pam_limits,pam_permit,pam_mkhomedir,pam_unix acct="root" exe="/usr/bin/sudo" hostname=? addr=? terminal=/dev/pts/0 res=success'UID="vyos" AUID="vyos"
type=CRED_DISP msg=audit(1720286472.892:1120): pid=6020 uid=1002 auid=1002 ses=1 msg='op=PAM:setcred grantors=pam_permit acct="root" exe="/usr/bin/sudo" hostname=? addr=? terminal=/dev/pts/0 res=success'UID="vyos" AUID="vyos"
type=USER_END msg=audit(1720286472.899:1121): pid=2646 uid=0 auid=1002 ses=1 msg='op=PAM:session_close grantors=pam_selinux,pam_loginuid,pam_keyinit,pam_permit,pam_mkhomedir,pam_unix,pam_systemd,pam_mail,pam_limits,pam_env,pam_env,pam_selinux acct="vyos" exe="/usr/sbin/sshd" hostname=192.168.1.25 addr=192.168.1.25 terminal=ssh res=success'UID="root" AUID="vyos"
type=CRED_DISP msg=audit(1720286472.899:1122): pid=2646 uid=0 auid=1002 ses=1 msg='op=PAM:setcred grantors=pam_permit acct="vyos" exe="/usr/sbin/sshd" hostname=192.168.1.25 addr=192.168.1.25 terminal=ssh res=success'UID="root" AUID="vyos"
type=SERVICE_STOP msg=audit(1720286472.912:1123): pid=1 uid=0 auid=4294967295 ses=4294967295 msg='unit=systemd-sysctl comm="systemd" exe="/usr/lib/systemd/systemd" hostname=? addr=? terminal=? res=success'UID="root" AUID="unset"
type=SERVICE_STOP msg=audit(1720286472.930:1124): pid=1 uid=0 auid=4294967295 ses=4294967295 msg='unit=acpid comm="systemd" exe="/usr/lib/systemd/systemd" hostname=? addr=? terminal=? res=success'UID="root" AUID="unset"
type=SERVICE_STOP msg=audit(1720286472.930:1125): pid=1 uid=0 auid=4294967295 ses=4294967295 msg='unit=cron comm="systemd" exe="/usr/lib/systemd/systemd" hostname=? addr=? terminal=? res=success'UID="root" AUID="unset"
type=SERVICE_STOP msg=audit(1720286472.931:1126): pid=1 uid=0 auid=4294967295 ses=4294967295 msg='unit=atd comm="systemd" exe="/usr/lib/systemd/systemd" hostname=? addr=? terminal=? res=success'UID="root" AUID="unset"
type=SERVICE_STOP msg=audit(1720286472.931:1127): pid=1 uid=0 auid=4294967295 ses=4294967295 msg='unit=ssh@default comm="systemd" exe="/usr/lib/systemd/systemd" hostname=? addr=? terminal=? res=success'UID="root" AUID="unset"
type=SERVICE_STOP msg=audit(1720286472.932:1128): pid=1 uid=0 auid=4294967295 ses=4294967295 msg='unit=getty@tty1 comm="systemd" exe="/usr/lib/systemd/systemd" hostname=? addr=? terminal=? res=success'UID="root" AUID="unset"
type=SERVICE_STOP msg=audit(1720286472.933:1129): pid=1 uid=0 auid=4294967295 ses=4294967295 msg='unit=polkit comm="systemd" exe="/usr/lib/systemd/systemd" hostname=? addr=? terminal=? res=success'UID="root" AUID="unset"
type=SERVICE_STOP msg=audit(1720286472.934:1130): pid=1 uid=0 auid=4294967295 ses=4294967295 msg='unit=serial-getty@ttyS0 comm="systemd" exe="/usr/lib/systemd/systemd" hostname=? addr=? terminal=? res=success'UID="root" AUID="unset"
type=SYSTEM_SHUTDOWN msg=audit(1720286472.952:1131): pid=6035 uid=0 auid=4294967295 ses=4294967295 msg=' comm="systemd-update-utmp" exe="/usr/lib/systemd/systemd-update-utmp" hostname=? addr=? terminal=? res=success'UID="root" AUID="unset"
type=SERVICE_STOP msg=audit(1720286472.955:1132): pid=1 uid=0 auid=4294967295 ses=4294967295 msg='unit=systemd-update-utmp comm="systemd" exe="/usr/lib/systemd/systemd" hostname=? addr=? terminal=? res=success'UID="root" AUID="unset"
type=DAEMON_END msg=audit(1720286472.962:6021): op=terminate auid=0 uid=0 ses=4294967295 pid=1 res=successAUID="root" UID="root"
type=DAEMON_START msg=audit(1720286499.002:2932): op=start ver=3.0.9 format=enriched kernel=6.6.36-amd64-vyos auid=4294967295 pid=927 uid=0 ses=4294967295 res=successAUID="unset" UID="root"
type=CONFIG_CHANGE msg=audit(1720286499.438:3): op=set audit_backlog_limit=8192 old=64 auid=4294967295 ses=4294967295 res=1AUID="unset"
type=SYSCALL msg=audit(1720286499.438:3): arch=c000003e syscall=44 success=yes exit=60 a0=3 a1=7ffeae6d6920 a2=3c a3=0 items=0 ppid=932 pid=1022 auid=4294967295 uid=0 gid=0 euid=0 suid=0 fsuid=0 egid=0 sgid=0 fsgid=0 tty=(none) ses=4294967295 comm="auditctl" exe="/usr/sbin/auditctl" key=(null)ARCH=x86_64 SYSCALL=sendto AUID="unset" UID="root" GID="root" EUID="root" SUID="root" FSUID="root" EGID="root" SGID="root" FSGID="root"
type=PROCTITLE msg=audit(1720286499.438:3): proctitle=2F7362696E2F617564697463746C002D52002F6574632F61756469742F61756469742E72756C6573
type=CONFIG_CHANGE msg=audit(1720286499.438:4): op=set audit_failure=1 old=1 auid=4294967295 ses=4294967295 res=1AUID="unset"
type=SYSCALL msg=audit(1720286499.438:4): arch=c000003e syscall=44 success=yes exit=60 a0=3 a1=7ffeae6d6920 a2=3c a3=0 items=0 ppid=932 pid=1022 auid=4294967295 uid=0 gid=0 euid=0 suid=0 fsuid=0 egid=0 sgid=0 fsgid=0 tty=(none) ses=4294967295 comm="auditctl" exe="/usr/sbin/auditctl" key=(null)ARCH=x86_64 SYSCALL=sendto AUID="unset" UID="root" GID="root" EUID="root" SUID="root" FSUID="root" EGID="root" SGID="root" FSGID="root"
type=PROCTITLE msg=audit(1720286499.438:4): proctitle=2F7362696E2F617564697463746C002D52002F6574632F61756469742F61756469742E72756C6573
type=CONFIG_CHANGE msg=audit(1720286499.439:5): op=set audit_backlog_wait_time=60000 old=60000 auid=4294967295 ses=4294967295 res=1AUID="unset"
type=SYSCALL msg=audit(1720286499.439:5): arch=c000003e syscall=44 success=yes exit=60 a0=3 a1=7ffeae6d6920 a2=3c a3=0 items=0 ppid=932 pid=1022 auid=4294967295 uid=0 gid=0 euid=0 suid=0 fsuid=0 egid=0 sgid=0 fsgid=0 tty=(none) ses=4294967295 comm="auditctl" exe="/usr/sbin/auditctl" key=(null)ARCH=x86_64 SYSCALL=sendto AUID="unset" UID="root" GID="root" EUID="root" SUID="root" FSUID="root" EGID="root" SGID="root" FSGID="root"
type=PROCTITLE msg=audit(1720286499.439:5): proctitle=2F7362696E2F617564697463746C002D52002F6574632F61756469742F61756469742E72756C6573
type=SERVICE_START msg=audit(1720286499.446:6): pid=1 uid=0 auid=4294967295 ses=4294967295 msg='unit=auditd comm="systemd" exe="/usr/lib/systemd/systemd" hostname=? addr=? terminal=? res=success'UID="root" AUID="unset"
type=SYSTEM_BOOT msg=audit(1720286499.474:7): pid=1030 uid=0 auid=4294967295 ses=4294967295 msg=' comm="systemd-update-utmp" exe="/usr/lib/systemd/systemd-update-utmp" hostname=? addr=? terminal=? res=success'UID="root" AUID="unset"
type=SERVICE_START msg=audit(1720286499.477:8): pid=1 uid=0 auid=4294967295 ses=4294967295 msg='unit=systemd-update-utmp comm="systemd" exe="/usr/lib/systemd/systemd" hostname=? addr=? terminal=? res=success'UID="root" AUID="unset"
type=SERVICE_START msg=audit(1720286499.625:9): pid=1 uid=0 auid=4294967295 ses=4294967295 msg='unit=live-config comm="systemd" exe="/usr/lib/systemd/systemd" hostname=? addr=? terminal=? res=success'UID="root" AUID="unset"
type=SERVICE_START msg=audit(1720286499.640:10): pid=1 uid=0 auid=4294967295 ses=4294967295 msg='unit=acpid comm="systemd" exe="/usr/lib/systemd/systemd" hostname=? addr=? terminal=? res=success'UID="root" AUID="unset"
type=SERVICE_START msg=audit(1720286499.673:11): pid=1 uid=0 auid=4294967295 ses=4294967295 msg='unit=cron comm="systemd" exe="/usr/lib/systemd/systemd" hostname=? addr=? terminal=? res=success'UID="root" AUID="unset"
type=BPF msg=audit(1720286499.749:12): prog-id=9 op=LOAD
type=BPF msg=audit(1720286499.751:13): prog-id=10 op=LOAD
type=BPF msg=audit(1720286499.751:14): prog-id=11 op=LOAD
type=SERVICE_START msg=audit(1720286499.764:15): pid=1 uid=0 auid=4294967295 ses=4294967295 msg='unit=atd comm="systemd" exe="/usr/lib/systemd/systemd" hostname=? addr=? terminal=? res=success'UID="root" AUID="unset"
type=SERVICE_START msg=audit(1720286499.764:16): pid=1 uid=0 auid=4294967295 ses=4294967295 msg='unit=podman comm="systemd" exe="/usr/lib/systemd/systemd" hostname=? addr=? terminal=? res=success'UID="root" AUID="unset"
type=SERVICE_START msg=audit(1720286499.858:17): pid=1 uid=0 auid=4294967295 ses=4294967295 msg='unit=atopacct comm="systemd" exe="/usr/lib/systemd/systemd" hostname=? addr=? terminal=? res=success'UID="root" AUID="unset"
type=SERVICE_START msg=audit(1720286499.874:18): pid=1 uid=0 auid=4294967295 ses=4294967295 msg='unit=atop comm="systemd" exe="/usr/lib/systemd/systemd" hostname=? addr=? terminal=? res=success'UID="root" AUID="unset"
type=SERVICE_START msg=audit(1720286499.937:19): pid=1 uid=0 auid=4294967295 ses=4294967295 msg='unit=e2scrub_reap comm="systemd" exe="/usr/lib/systemd/systemd" hostname=? addr=? terminal=? res=success'UID="root" AUID="unset"
type=SERVICE_STOP msg=audit(1720286499.937:20): pid=1 uid=0 auid=4294967295 ses=4294967295 msg='unit=e2scrub_reap comm="systemd" exe="/usr/lib/systemd/systemd" hostname=? addr=? terminal=? res=success'UID="root" AUID="unset"
type=SERVICE_START msg=audit(1720286500.060:21): pid=1 uid=0 auid=4294967295 ses=4294967295 msg='unit=rsyslog comm="systemd" exe="/usr/lib/systemd/systemd" hostname=? addr=? terminal=? res=success'UID="root" AUID="unset"
type=SERVICE_START msg=audit(1720286500.165:22): pid=1 uid=0 auid=4294967295 ses=4294967295 msg='unit=dbus comm="systemd" exe="/usr/lib/systemd/systemd" hostname=? addr=? terminal=? res=success'UID="root" AUID="unset"
type=SERVICE_START msg=audit(1720286500.172:23): pid=1 uid=0 auid=4294967295 ses=4294967295 msg='unit=systemd-logind comm="systemd" exe="/usr/lib/systemd/systemd" hostname=? addr=? terminal=? res=success'UID="root" AUID="unset"
type=SERVICE_START msg=audit(1720286500.191:24): pid=1 uid=0 auid=4294967295 ses=4294967295 msg='unit=vyos-grub-update comm="systemd" exe="/usr/lib/systemd/systemd" hostname=? addr=? terminal=? res=success'UID="root" AUID="unset"
type=SERVICE_STOP msg=audit(1720286500.191:25): pid=1 uid=0 auid=4294967295 ses=4294967295 msg='unit=vyos-grub-update comm="systemd" exe="/usr/lib/systemd/systemd" hostname=? addr=? terminal=? res=success'UID="root" AUID="unset"
type=SERVICE_START msg=audit(1720286500.213:26): pid=1 uid=0 auid=4294967295 ses=4294967295 msg='unit=vyos-router comm="systemd" exe="/usr/lib/systemd/systemd" hostname=? addr=? terminal=? res=success'UID="root" AUID="unset"
type=SERVICE_START msg=audit(1720286500.269:27): pid=1 uid=0 auid=4294967295 ses=4294967295 msg='unit=systemd-user-sessions comm="systemd" exe="/usr/lib/systemd/systemd" hostname=? addr=? terminal=? res=success'UID="root" AUID="unset"
type=SERVICE_START msg=audit(1720286500.279:28): pid=1 uid=0 auid=4294967295 ses=4294967295 msg='unit=getty@tty1 comm="systemd" exe="/usr/lib/systemd/systemd" hostname=? addr=? terminal=? res=success'UID="root" AUID="unset"
type=SERVICE_START msg=audit(1720286500.281:29): pid=1 uid=0 auid=4294967295 ses=4294967295 msg='unit=netplug comm="systemd" exe="/usr/lib/systemd/systemd" hostname=? addr=? terminal=? res=success'UID="root" AUID="unset"
type=SERVICE_START msg=audit(1720286501.256:30): pid=1 uid=0 auid=4294967295 ses=4294967295 msg='unit=podman-clean-transient comm="systemd" exe="/usr/lib/systemd/systemd" hostname=? addr=? terminal=? res=success'UID="root" AUID="unset"
type=SERVICE_STOP msg=audit(1720286501.256:31): pid=1 uid=0 auid=4294967295 ses=4294967295 msg='unit=podman-clean-transient comm="systemd" exe="/usr/lib/systemd/systemd" hostname=? addr=? terminal=? res=success'UID="root" AUID="unset"
type=SYSTEM_RUNLEVEL msg=audit(1720286501.272:32): pid=1203 uid=0 auid=4294967295 ses=4294967295 msg='old-level=N new-level=3 comm="systemd-update-utmp" exe="/usr/lib/systemd/systemd-update-utmp" hostname=? addr=? terminal=? res=success'UID="root" AUID="unset"
type=SERVICE_START msg=audit(1720286501.273:33): pid=1 uid=0 auid=4294967295 ses=4294967295 msg='unit=systemd-update-utmp-runlevel comm="systemd" exe="/usr/lib/systemd/systemd" hostname=? addr=? terminal=? res=success'UID="root" AUID="unset"
type=SERVICE_STOP msg=audit(1720286501.273:34): pid=1 uid=0 auid=4294967295 ses=4294967295 msg='unit=systemd-update-utmp-runlevel comm="systemd" exe="/usr/lib/systemd/systemd" hostname=? addr=? terminal=? res=success'UID="root" AUID="unset"
type=NETFILTER_CFG msg=audit(1720286502.153:35): table=vrf_zones:2 family=1 entries=4 op=nft_register_chain pid=1288 comm="nft"
type=NETFILTER_CFG msg=audit(1720286502.153:35): table=raw:2 family=10 entries=7 op=nft_register_chain pid=1288 comm="nft"
type=NETFILTER_CFG msg=audit(1720286502.153:35): table=raw:2 family=2 entries=7 op=nft_register_chain pid=1288 comm="nft"
type=NETFILTER_CFG msg=audit(1720286502.153:35): table=mangle:2 family=1 entries=2 op=nft_register_chain pid=1288 comm="nft"
type=NETFILTER_CFG msg=audit(1720286502.153:35): table=nat:2 family=2 entries=3 op=nft_register_chain pid=1288 comm="nft"
type=SYSCALL msg=audit(1720286502.153:35): arch=c000003e syscall=46 success=yes exit=2036 a0=3 a1=7ffe1a8f05e0 a2=0 a3=7f00c7d13680 items=0 ppid=1128 pid=1288 auid=4294967295 uid=0 gid=0 euid=0 suid=0 fsuid=0 egid=0 sgid=0 fsgid=0 tty=(none) ses=4294967295 comm="nft" exe="/usr/sbin/nft" key=(null)ARCH=x86_64 SYSCALL=sendmsg AUID="unset" UID="root" GID="root" EUID="root" SUID="root" FSUID="root" EGID="root" SGID="root" FSGID="root"
type=PROCTITLE msg=audit(1720286502.153:35): proctitle=6E6674002D2D66696C65002F7573722F73686172652F76796F732F76796F732D6669726577616C6C2D696E69742E636F6E66
type=BPF msg=audit(1720286502.643:36): prog-id=12 op=LOAD
type=BPF msg=audit(1720286502.643:37): prog-id=13 op=LOAD
type=BPF msg=audit(1720286502.643:38): prog-id=6 op=UNLOAD
type=BPF msg=audit(1720286502.643:39): prog-id=7 op=UNLOAD
type=BPF msg=audit(1720286502.647:40): prog-id=14 op=LOAD
type=BPF msg=audit(1720286502.647:41): prog-id=8 op=UNLOAD
type=BPF msg=audit(1720286502.648:42): prog-id=15 op=LOAD
type=BPF msg=audit(1720286502.649:43): prog-id=9 op=UNLOAD
type=BPF msg=audit(1720286502.649:44): prog-id=16 op=LOAD
type=BPF msg=audit(1720286502.649:45): prog-id=17 op=LOAD
type=BPF msg=audit(1720286502.649:46): prog-id=10 op=UNLOAD
type=BPF msg=audit(1720286502.649:47): prog-id=11 op=UNLOAD
type=BPF msg=audit(1720286502.650:48): prog-id=18 op=LOAD
type=BPF msg=audit(1720286502.650:49): prog-id=3 op=UNLOAD
type=BPF msg=audit(1720286502.650:50): prog-id=19 op=LOAD
type=BPF msg=audit(1720286502.650:51): prog-id=20 op=LOAD
type=BPF msg=audit(1720286502.650:52): prog-id=4 op=UNLOAD
type=BPF msg=audit(1720286502.650:53): prog-id=5 op=UNLOAD
type=BPF msg=audit(1720286503.218:54): prog-id=21 op=LOAD
type=BPF msg=audit(1720286503.218:55): prog-id=22 op=LOAD
type=BPF msg=audit(1720286503.218:56): prog-id=12 op=UNLOAD
type=BPF msg=audit(1720286503.218:57): prog-id=13 op=UNLOAD
type=BPF msg=audit(1720286503.221:58): prog-id=23 op=LOAD
type=BPF msg=audit(1720286503.221:59): prog-id=14 op=UNLOAD
type=BPF msg=audit(1720286503.222:60): prog-id=24 op=LOAD
type=BPF msg=audit(1720286503.222:61): prog-id=15 op=UNLOAD
type=BPF msg=audit(1720286503.222:62): prog-id=25 op=LOAD
type=BPF msg=audit(1720286503.222:63): prog-id=26 op=LOAD
type=BPF msg=audit(1720286503.222:64): prog-id=16 op=UNLOAD
type=BPF msg=audit(1720286503.222:65): prog-id=17 op=UNLOAD
type=BPF msg=audit(1720286503.224:66): prog-id=27 op=LOAD
type=BPF msg=audit(1720286503.224:67): prog-id=18 op=UNLOAD
type=BPF msg=audit(1720286503.224:68): prog-id=28 op=LOAD
type=BPF msg=audit(1720286503.224:69): prog-id=29 op=LOAD
type=BPF msg=audit(1720286503.224:70): prog-id=19 op=UNLOAD
type=BPF msg=audit(1720286503.224:71): prog-id=20 op=UNLOAD
type=BPF msg=audit(1720286503.549:72): prog-id=30 op=LOAD
type=BPF msg=audit(1720286503.549:73): prog-id=31 op=LOAD
type=BPF msg=audit(1720286503.549:74): prog-id=21 op=UNLOAD
type=BPF msg=audit(1720286503.549:75): prog-id=22 op=UNLOAD
type=BPF msg=audit(1720286503.552:76): prog-id=32 op=LOAD
type=BPF msg=audit(1720286503.552:77): prog-id=23 op=UNLOAD
type=BPF msg=audit(1720286503.553:78): prog-id=33 op=LOAD
type=BPF msg=audit(1720286503.553:79): prog-id=24 op=UNLOAD
type=BPF msg=audit(1720286503.554:80): prog-id=34 op=LOAD
type=BPF msg=audit(1720286503.554:81): prog-id=35 op=LOAD
type=BPF msg=audit(1720286503.554:82): prog-id=25 op=UNLOAD
type=BPF msg=audit(1720286503.554:83): prog-id=26 op=UNLOAD
type=BPF msg=audit(1720286503.555:84): prog-id=36 op=LOAD
type=BPF msg=audit(1720286503.555:85): prog-id=27 op=UNLOAD
type=BPF msg=audit(1720286503.555:86): prog-id=37 op=LOAD
type=BPF msg=audit(1720286503.555:87): prog-id=38 op=LOAD
type=BPF msg=audit(1720286503.555:88): prog-id=28 op=UNLOAD
type=BPF msg=audit(1720286503.555:89): prog-id=29 op=UNLOAD
type=BPF msg=audit(1720286503.576:90): prog-id=39 op=LOAD
type=BPF msg=audit(1720286503.576:91): prog-id=40 op=LOAD
type=BPF msg=audit(1720286503.576:92): prog-id=41 op=LOAD
type=SERVICE_START msg=audit(1720286503.630:93): pid=1 uid=0 auid=4294967295 ses=4294967295 msg='unit=systemd-localed comm="systemd" exe="/usr/lib/systemd/systemd" hostname=? addr=? terminal=? res=success'UID="root" AUID="unset"
type=NETFILTER_CFG msg=audit(1720286504.307:94): table=vyos_conntrack:3 family=10 entries=23 op=nft_register_chain pid=1431 comm="nft"
type=NETFILTER_CFG msg=audit(1720286504.307:94): table=vyos_conntrack:3 family=2 entries=26 op=nft_register_chain pid=1431 comm="nft"
type=SYSCALL msg=audit(1720286504.307:94): arch=c000003e syscall=46 success=yes exit=5184 a0=3 a1=7fffb94cde70 a2=0 a3=7f723f41f680 items=0 ppid=1429 pid=1431 auid=4294967295 uid=0 gid=0 euid=0 suid=0 fsuid=0 egid=0 sgid=0 fsgid=0 tty=(none) ses=4294967295 comm="nft" exe="/usr/sbin/nft" key=(null)ARCH=x86_64 SYSCALL=sendmsg AUID="unset" UID="root" GID="root" EUID="root" SUID="root" FSUID="root" EGID="root" SGID="root" FSGID="root"
type=PROCTITLE msg=audit(1720286504.307:94): proctitle=6E6674002D2D66696C65002F72756E2F6E667461626C65732D63742E636F6E66
type=BPF msg=audit(1720286504.796:95): prog-id=42 op=LOAD
type=BPF msg=audit(1720286504.796:96): prog-id=39 op=UNLOAD
type=BPF msg=audit(1720286504.797:97): prog-id=43 op=LOAD
type=BPF msg=audit(1720286504.797:98): prog-id=44 op=LOAD
type=BPF msg=audit(1720286504.797:99): prog-id=40 op=UNLOAD
type=BPF msg=audit(1720286504.797:100): prog-id=41 op=UNLOAD
type=BPF msg=audit(1720286504.798:101): prog-id=45 op=LOAD
type=BPF msg=audit(1720286504.798:102): prog-id=46 op=LOAD
type=BPF msg=audit(1720286504.798:103): prog-id=30 op=UNLOAD
type=BPF msg=audit(1720286504.798:104): prog-id=31 op=UNLOAD
type=BPF msg=audit(1720286504.801:105): prog-id=47 op=LOAD
type=BPF msg=audit(1720286504.801:106): prog-id=32 op=UNLOAD
type=BPF msg=audit(1720286504.802:107): prog-id=48 op=LOAD
type=BPF msg=audit(1720286504.802:108): prog-id=33 op=UNLOAD
type=BPF msg=audit(1720286504.802:109): prog-id=49 op=LOAD
type=BPF msg=audit(1720286504.802:110): prog-id=50 op=LOAD
type=BPF msg=audit(1720286504.802:111): prog-id=34 op=UNLOAD
type=BPF msg=audit(1720286504.802:112): prog-id=35 op=UNLOAD
type=BPF msg=audit(1720286504.804:113): prog-id=51 op=LOAD
type=BPF msg=audit(1720286504.804:114): prog-id=36 op=UNLOAD
type=BPF msg=audit(1720286504.804:115): prog-id=52 op=LOAD
type=BPF msg=audit(1720286504.804:116): prog-id=53 op=LOAD
type=BPF msg=audit(1720286504.804:117): prog-id=37 op=UNLOAD
type=BPF msg=audit(1720286504.804:118): prog-id=38 op=UNLOAD
type=BPF msg=audit(1720286504.944:119): prog-id=54 op=LOAD
type=BPF msg=audit(1720286504.944:120): prog-id=55 op=LOAD
type=BPF msg=audit(1720286504.944:121): prog-id=56 op=LOAD
type=SERVICE_START msg=audit(1720286505.001:122): pid=1 uid=0 auid=4294967295 ses=4294967295 msg='unit=systemd-hostnamed comm="systemd" exe="/usr/lib/systemd/systemd" hostname=? addr=? terminal=? res=success'UID="root" AUID="unset"
type=USER_AUTH msg=audit(1720286506.090:123): pid=1575 uid=0 auid=4294967295 ses=4294967295 msg='op=PAM:authentication grantors=pam_permit acct="root" exe="/usr/bin/vtysh" hostname=? addr=? terminal=? res=success'UID="root" AUID="unset"
type=USER_ACCT msg=audit(1720286506.090:124): pid=1575 uid=0 auid=4294967295 ses=4294967295 msg='op=PAM:accounting grantors=pam_permit acct="root" exe="/usr/bin/vtysh" hostname=? addr=? terminal=? res=success'UID="root" AUID="unset"
type=SERVICE_START msg=audit(1720286506.128:125): pid=1 uid=0 auid=4294967295 ses=4294967295 msg='unit=frr comm="systemd" exe="/usr/lib/systemd/systemd" hostname=? addr=? terminal=? res=success'UID="root" AUID="unset"
type=SERVICE_STOP msg=audit(1720286506.243:126): pid=1 uid=0 auid=4294967295 ses=4294967295 msg='unit=podman comm="systemd" exe="/usr/lib/systemd/systemd" hostname=? addr=? terminal=? res=success'UID="root" AUID="unset"
type=USER_ACCT msg=audit(1720286507.612:127): pid=1692 uid=0 auid=4294967295 ses=4294967295 msg='op=PAM:accounting grantors=pam_permit acct="root" exe="/usr/bin/sudo" hostname=? addr=? terminal=? res=success'UID="root" AUID="unset"
type=USER_CMD msg=audit(1720286507.612:128): pid=1692 uid=0 auid=4294967295 ses=4294967295 msg='cwd="/" cmd=7368202D63202F7573722F7362696E2F76797368696D202F7573722F6C6962657865632F76796F732F636F6E665F6D6F64652F73797374656D5F686F73742D6E616D652E7079 exe="/usr/bin/sudo" terminal=? res=success'UID="root" AUID="unset"
type=CRED_REFR msg=audit(1720286507.617:129): pid=1692 uid=0 auid=4294967295 ses=4294967295 msg='op=PAM:setcred grantors=pam_permit,pam_cap acct="root" exe="/usr/bin/sudo" hostname=? addr=? terminal=? res=success'UID="root" AUID="unset"
type=USER_START msg=audit(1720286507.618:130): pid=1692 uid=0 auid=4294967295 ses=4294967295 msg='op=PAM:session_open grantors=pam_limits,pam_permit,pam_mkhomedir,pam_unix acct="root" exe="/usr/bin/sudo" hostname=? addr=? terminal=? res=success'UID="root" AUID="unset"
type=USER_END msg=audit(1720286507.939:131): pid=1692 uid=0 auid=4294967295 ses=4294967295 msg='op=PAM:session_close grantors=pam_limits,pam_permit,pam_mkhomedir,pam_unix acct="root" exe="/usr/bin/sudo" hostname=? addr=? terminal=? res=success'UID="root" AUID="unset"
type=CRED_DISP msg=audit(1720286507.939:132): pid=1692 uid=0 auid=4294967295 ses=4294967295 msg='op=PAM:setcred grantors=pam_permit acct="root" exe="/usr/bin/sudo" hostname=? addr=? terminal=? res=success'UID="root" AUID="unset"
type=USER_ACCT msg=audit(1720286507.957:133): pid=1704 uid=0 auid=4294967295 ses=4294967295 msg='op=PAM:accounting grantors=pam_permit acct="root" exe="/usr/bin/sudo" hostname=? addr=? terminal=? res=success'UID="root" AUID="unset"
type=USER_CMD msg=audit(1720286507.957:134): pid=1704 uid=0 auid=4294967295 ses=4294967295 msg='cwd="/" cmd=7368202D63202F7573722F7362696E2F76797368696D202F7573722F6C6962657865632F76796F732F636F6E665F6D6F64652F73797374656D5F636F6E736F6C652E7079 exe="/usr/bin/sudo" terminal=? res=success'UID="root" AUID="unset"
type=CRED_REFR msg=audit(1720286507.957:135): pid=1704 uid=0 auid=4294967295 ses=4294967295 msg='op=PAM:setcred grantors=pam_permit,pam_cap acct="root" exe="/usr/bin/sudo" hostname=? addr=? terminal=? res=success'UID="root" AUID="unset"
type=USER_START msg=audit(1720286507.957:136): pid=1704 uid=0 auid=4294967295 ses=4294967295 msg='op=PAM:session_open grantors=pam_limits,pam_permit,pam_mkhomedir,pam_unix acct="root" exe="/usr/bin/sudo" hostname=? addr=? terminal=? res=success'UID="root" AUID="unset"
type=BPF msg=audit(1720286508.213:137): prog-id=57 op=LOAD
type=BPF msg=audit(1720286508.213:138): prog-id=42 op=UNLOAD
type=BPF msg=audit(1720286508.213:139): prog-id=58 op=LOAD
type=BPF msg=audit(1720286508.213:140): prog-id=59 op=LOAD
type=BPF msg=audit(1720286508.213:141): prog-id=43 op=UNLOAD
type=BPF msg=audit(1720286508.213:142): prog-id=44 op=UNLOAD
type=BPF msg=audit(1720286508.214:143): prog-id=60 op=LOAD
type=BPF msg=audit(1720286508.214:144): prog-id=61 op=LOAD
type=BPF msg=audit(1720286508.214:145): prog-id=45 op=UNLOAD
type=BPF msg=audit(1720286508.214:146): prog-id=46 op=UNLOAD
type=BPF msg=audit(1720286508.217:147): prog-id=62 op=LOAD
type=BPF msg=audit(1720286508.217:148): prog-id=54 op=UNLOAD
type=BPF msg=audit(1720286508.217:149): prog-id=63 op=LOAD
type=BPF msg=audit(1720286508.217:150): prog-id=64 op=LOAD
type=BPF msg=audit(1720286508.217:151): prog-id=55 op=UNLOAD
type=BPF msg=audit(1720286508.217:152): prog-id=56 op=UNLOAD
type=BPF msg=audit(1720286508.217:153): prog-id=65 op=LOAD
type=BPF msg=audit(1720286508.217:154): prog-id=47 op=UNLOAD
type=BPF msg=audit(1720286508.219:155): prog-id=66 op=LOAD
type=BPF msg=audit(1720286508.219:156): prog-id=48 op=UNLOAD
type=BPF msg=audit(1720286508.219:157): prog-id=67 op=LOAD
type=BPF msg=audit(1720286508.219:158): prog-id=68 op=LOAD
type=BPF msg=audit(1720286508.219:159): prog-id=49 op=UNLOAD
type=BPF msg=audit(1720286508.219:160): prog-id=50 op=UNLOAD
type=BPF msg=audit(1720286508.221:161): prog-id=69 op=LOAD
type=BPF msg=audit(1720286508.221:162): prog-id=51 op=UNLOAD
type=BPF msg=audit(1720286508.221:163): prog-id=70 op=LOAD
type=BPF msg=audit(1720286508.221:164): prog-id=71 op=LOAD
type=BPF msg=audit(1720286508.221:165): prog-id=52 op=UNLOAD
type=BPF msg=audit(1720286508.221:166): prog-id=53 op=UNLOAD
type=SERVICE_START msg=audit(1720286508.240:167): pid=1 uid=0 auid=4294967295 ses=4294967295 msg='unit=serial-getty@ttyS0 comm="systemd" exe="/usr/lib/systemd/systemd" hostname=? addr=? terminal=? res=success'UID="root" AUID="unset"
type=USER_END msg=audit(1720286508.245:168): pid=1704 uid=0 auid=4294967295 ses=4294967295 msg='op=PAM:session_close grantors=pam_limits,pam_permit,pam_mkhomedir,pam_unix acct="root" exe="/usr/bin/sudo" hostname=? addr=? terminal=? res=success'UID="root" AUID="unset"
type=CRED_DISP msg=audit(1720286508.245:169): pid=1704 uid=0 auid=4294967295 ses=4294967295 msg='op=PAM:setcred grantors=pam_permit acct="root" exe="/usr/bin/sudo" hostname=? addr=? terminal=? res=success'UID="root" AUID="unset"
type=USER_ACCT msg=audit(1720286508.384:170): pid=1757 uid=0 auid=4294967295 ses=4294967295 msg='op=PAM:accounting grantors=pam_permit acct="root" exe="/usr/bin/sudo" hostname=? addr=? terminal=? res=success'UID="root" AUID="unset"
type=USER_CMD msg=audit(1720286508.384:171): pid=1757 uid=0 auid=4294967295 ses=4294967295 msg='cwd="/" cmd=7368202D63202F7573722F7362696E2F76797368696D202F7573722F6C6962657865632F76796F732F636F6E665F6D6F64652F706B692E7079 exe="/usr/bin/sudo" terminal=? res=success'UID="root" AUID="unset"
type=CRED_REFR msg=audit(1720286508.385:172): pid=1757 uid=0 auid=4294967295 ses=4294967295 msg='op=PAM:setcred grantors=pam_permit,pam_cap acct="root" exe="/usr/bin/sudo" hostname=? addr=? terminal=? res=success'UID="root" AUID="unset"
type=USER_START msg=audit(1720286508.385:173): pid=1757 uid=0 auid=4294967295 ses=4294967295 msg='op=PAM:session_open grantors=pam_limits,pam_permit,pam_mkhomedir,pam_unix acct="root" exe="/usr/bin/sudo" hostname=? addr=? terminal=? res=success'UID="root" AUID="unset"
type=USER_END msg=audit(1720286508.443:174): pid=1757 uid=0 auid=4294967295 ses=4294967295 msg='op=PAM:session_close grantors=pam_limits,pam_permit,pam_mkhomedir,pam_unix acct="root" exe="/usr/bin/sudo" hostname=? addr=? terminal=? res=success'UID="root" AUID="unset"
type=CRED_DISP msg=audit(1720286508.443:175): pid=1757 uid=0 auid=4294967295 ses=4294967295 msg='op=PAM:setcred grantors=pam_permit acct="root" exe="/usr/bin/sudo" hostname=? addr=? terminal=? res=success'UID="root" AUID="unset"
type=USER_ACCT msg=audit(1720286508.453:176): pid=1763 uid=0 auid=4294967295 ses=4294967295 msg='op=PAM:accounting grantors=pam_permit acct="root" exe="/usr/bin/sudo" hostname=? addr=? terminal=? res=success'UID="root" AUID="unset"
type=USER_CMD msg=audit(1720286508.453:177): pid=1763 uid=0 auid=4294967295 ses=4294967295 msg='cwd="/" cmd=7368202D63202F7573722F7362696E2F76797368696D2056594F535F5441474E4F44455F56414C55453D276C6F27202F7573722F6C6962657865632F76796F732F636F6E665F6D6F64652F696E74657266616365735F6C6F6F706261636B2E7079 exe="/usr/bin/sudo" terminal=? res=success'UID="root" AUID="unset"
type=CRED_REFR msg=audit(1720286508.453:178): pid=1763 uid=0 auid=4294967295 ses=4294967295 msg='op=PAM:setcred grantors=pam_permit,pam_cap acct="root" exe="/usr/bin/sudo" hostname=? addr=? terminal=? res=success'UID="root" AUID="unset"
type=USER_START msg=audit(1720286508.453:179): pid=1763 uid=0 auid=4294967295 ses=4294967295 msg='op=PAM:session_open grantors=pam_limits,pam_permit,pam_mkhomedir,pam_unix acct="root" exe="/usr/bin/sudo" hostname=? addr=? terminal=? res=success'UID="root" AUID="unset"
type=USER_END msg=audit(1720286508.629:180): pid=1763 uid=0 auid=4294967295 ses=4294967295 msg='op=PAM:session_close grantors=pam_limits,pam_permit,pam_mkhomedir,pam_unix acct="root" exe="/usr/bin/sudo" hostname=? addr=? terminal=? res=success'UID="root" AUID="unset"
type=CRED_DISP msg=audit(1720286508.629:181): pid=1763 uid=0 auid=4294967295 ses=4294967295 msg='op=PAM:setcred grantors=pam_permit acct="root" exe="/usr/bin/sudo" hostname=? addr=? terminal=? res=success'UID="root" AUID="unset"
type=USER_ACCT msg=audit(1720286508.689:182): pid=1798 uid=0 auid=4294967295 ses=4294967295 msg='op=PAM:accounting grantors=pam_permit acct="root" exe="/usr/bin/sudo" hostname=? addr=? terminal=? res=success'UID="root" AUID="unset"
type=USER_CMD msg=audit(1720286508.689:183): pid=1798 uid=0 auid=4294967295 ses=4294967295 msg='cwd="/" cmd=7368202D63202F7573722F7362696E2F76797368696D2056594F535F5441474E4F44455F56414C55453D276574683027202F7573722F6C6962657865632F76796F732F636F6E665F6D6F64652F696E74657266616365735F65746865726E65742E7079 exe="/usr/bin/sudo" terminal=? res=success'UID="root" AUID="unset"
type=CRED_REFR msg=audit(1720286508.690:184): pid=1798 uid=0 auid=4294967295 ses=4294967295 msg='op=PAM:setcred grantors=pam_permit,pam_cap acct="root" exe="/usr/bin/sudo" hostname=? addr=? terminal=? res=success'UID="root" AUID="unset"
type=USER_START msg=audit(1720286508.691:185): pid=1798 uid=0 auid=4294967295 ses=4294967295 msg='op=PAM:session_open grantors=pam_limits,pam_permit,pam_mkhomedir,pam_unix acct="root" exe="/usr/bin/sudo" hostname=? addr=? terminal=? res=success'UID="root" AUID="unset"
type=BPF msg=audit(1720286509.090:186): prog-id=72 op=LOAD
type=BPF msg=audit(1720286509.090:187): prog-id=57 op=UNLOAD
type=BPF msg=audit(1720286509.090:188): prog-id=73 op=LOAD
type=BPF msg=audit(1720286509.090:189): prog-id=74 op=LOAD
type=BPF msg=audit(1720286509.090:190): prog-id=58 op=UNLOAD
type=BPF msg=audit(1720286509.090:191): prog-id=59 op=UNLOAD
type=BPF msg=audit(1720286509.091:192): prog-id=75 op=LOAD
type=BPF msg=audit(1720286509.091:193): prog-id=76 op=LOAD
type=BPF msg=audit(1720286509.091:194): prog-id=60 op=UNLOAD
type=BPF msg=audit(1720286509.091:195): prog-id=61 op=UNLOAD
type=BPF msg=audit(1720286509.093:196): prog-id=77 op=LOAD
type=BPF msg=audit(1720286509.093:197): prog-id=62 op=UNLOAD
type=BPF msg=audit(1720286509.094:198): prog-id=78 op=LOAD
type=BPF msg=audit(1720286509.094:199): prog-id=79 op=LOAD
type=BPF msg=audit(1720286509.094:200): prog-id=63 op=UNLOAD
type=BPF msg=audit(1720286509.094:201): prog-id=64 op=UNLOAD
type=BPF msg=audit(1720286509.094:202): prog-id=80 op=LOAD
type=BPF msg=audit(1720286509.094:203): prog-id=65 op=UNLOAD
type=BPF msg=audit(1720286509.096:204): prog-id=81 op=LOAD
type=BPF msg=audit(1720286509.096:205): prog-id=66 op=UNLOAD
type=BPF msg=audit(1720286509.096:206): prog-id=82 op=LOAD
type=BPF msg=audit(1720286509.096:207): prog-id=83 op=LOAD
type=BPF msg=audit(1720286509.096:208): prog-id=67 op=UNLOAD
type=BPF msg=audit(1720286509.096:209): prog-id=68 op=UNLOAD
type=BPF msg=audit(1720286509.097:210): prog-id=84 op=LOAD
type=BPF msg=audit(1720286509.097:211): prog-id=69 op=UNLOAD
type=BPF msg=audit(1720286509.097:212): prog-id=85 op=LOAD
type=BPF msg=audit(1720286509.097:213): prog-id=86 op=LOAD
type=BPF msg=audit(1720286509.097:214): prog-id=70 op=UNLOAD
type=BPF msg=audit(1720286509.097:215): prog-id=71 op=UNLOAD
type=SERVICE_START msg=audit(1720286509.158:216): pid=1 uid=0 auid=4294967295 ses=4294967295 msg='unit=dhclient@eth0 comm="systemd" exe="/usr/lib/systemd/systemd" hostname=? addr=? terminal=? res=success'UID="root" AUID="unset"
type=USER_AUTH msg=audit(1720286509.652:217): pid=1888 uid=0 auid=4294967295 ses=4294967295 msg='op=PAM:authentication grantors=pam_permit acct="root" exe="/usr/bin/vtysh" hostname=? addr=? terminal=? res=success'UID="root" AUID="unset"
type=USER_ACCT msg=audit(1720286509.652:218): pid=1888 uid=0 auid=4294967295 ses=4294967295 msg='op=PAM:accounting grantors=pam_permit acct="root" exe="/usr/bin/vtysh" hostname=? addr=? terminal=? res=success'UID="root" AUID="unset"
type=USER_AUTH msg=audit(1720286509.761:219): pid=1908 uid=0 auid=4294967295 ses=4294967295 msg='op=PAM:authentication grantors=pam_permit acct="root" exe="/usr/bin/vtysh" hostname=? addr=? terminal=? res=success'UID="root" AUID="unset"
type=USER_ACCT msg=audit(1720286509.761:220): pid=1908 uid=0 auid=4294967295 ses=4294967295 msg='op=PAM:accounting grantors=pam_permit acct="root" exe="/usr/bin/vtysh" hostname=? addr=? terminal=? res=success'UID="root" AUID="unset"
type=USER_AUTH msg=audit(1720286509.791:221): pid=1909 uid=0 auid=4294967295 ses=4294967295 msg='op=PAM:authentication grantors=pam_permit acct="root" exe="/usr/bin/vtysh" hostname=? addr=? terminal=? res=success'UID="root" AUID="unset"
type=USER_ACCT msg=audit(1720286509.792:222): pid=1909 uid=0 auid=4294967295 ses=4294967295 msg='op=PAM:accounting grantors=pam_permit acct="root" exe="/usr/bin/vtysh" hostname=? addr=? terminal=? res=success'UID="root" AUID="unset"
type=USER_AUTH msg=audit(1720286509.848:223): pid=1911 uid=0 auid=4294967295 ses=4294967295 msg='op=PAM:authentication grantors=pam_permit acct="root" exe="/usr/bin/vtysh" hostname=? addr=? terminal=? res=success'UID="root" AUID="unset"
type=USER_ACCT msg=audit(1720286509.848:224): pid=1911 uid=0 auid=4294967295 ses=4294967295 msg='op=PAM:accounting grantors=pam_permit acct="root" exe="/usr/bin/vtysh" hostname=? addr=? terminal=? res=success'UID="root" AUID="unset"
type=USER_AUTH msg=audit(1720286509.971:225): pid=1934 uid=0 auid=4294967295 ses=4294967295 msg='op=PAM:authentication grantors=pam_permit acct="root" exe="/usr/bin/vtysh" hostname=? addr=? terminal=? res=success'UID="root" AUID="unset"
type=USER_ACCT msg=audit(1720286509.971:226): pid=1934 uid=0 auid=4294967295 ses=4294967295 msg='op=PAM:accounting grantors=pam_permit acct="root" exe="/usr/bin/vtysh" hostname=? addr=? terminal=? res=success'UID="root" AUID="unset"
type=USER_AUTH msg=audit(1720286510.003:227): pid=1942 uid=0 auid=4294967295 ses=4294967295 msg='op=PAM:authentication grantors=pam_permit acct="root" exe="/usr/bin/vtysh" hostname=? addr=? terminal=? res=success'UID="root" AUID="unset"
type=USER_ACCT msg=audit(1720286510.003:228): pid=1942 uid=0 auid=4294967295 ses=4294967295 msg='op=PAM:accounting grantors=pam_permit acct="root" exe="/usr/bin/vtysh" hostname=? addr=? terminal=? res=success'UID="root" AUID="unset"
type=USER_AUTH msg=audit(1720286510.083:229): pid=1965 uid=0 auid=4294967295 ses=4294967295 msg='op=PAM:authentication grantors=pam_permit acct="root" exe="/usr/bin/vtysh" hostname=? addr=? terminal=? res=success'UID="root" AUID="unset"
type=USER_ACCT msg=audit(1720286510.083:230): pid=1965 uid=0 auid=4294967295 ses=4294967295 msg='op=PAM:accounting grantors=pam_permit acct="root" exe="/usr/bin/vtysh" hostname=? addr=? terminal=? res=success'UID="root" AUID="unset"
type=USER_END msg=audit(1720286510.090:231): pid=1798 uid=0 auid=4294967295 ses=4294967295 msg='op=PAM:session_close grantors=pam_limits,pam_permit,pam_mkhomedir,pam_unix acct="root" exe="/usr/bin/sudo" hostname=? addr=? terminal=? res=success'UID="root" AUID="unset"
type=CRED_DISP msg=audit(1720286510.090:232): pid=1798 uid=0 auid=4294967295 ses=4294967295 msg='op=PAM:setcred grantors=pam_permit acct="root" exe="/usr/bin/sudo" hostname=? addr=? terminal=? res=success'UID="root" AUID="unset"
type=USER_ACCT msg=audit(1720286510.290:233): pid=2017 uid=0 auid=4294967295 ses=4294967295 msg='op=PAM:accounting grantors=pam_permit acct="root" exe="/usr/bin/sudo" hostname=? addr=? terminal=? res=success'UID="root" AUID="unset"
type=USER_CMD msg=audit(1720286510.290:234): pid=2017 uid=0 auid=4294967295 ses=4294967295 msg='cwd="/" cmd=7368202D63202F7573722F7362696E2F76797368696D202F7573722F6C6962657865632F76796F732F636F6E665F6D6F64652F6669726577616C6C2E7079 exe="/usr/bin/sudo" terminal=? res=success'UID="root" AUID="unset"
type=CRED_REFR msg=audit(1720286510.290:235): pid=2017 uid=0 auid=4294967295 ses=4294967295 msg='op=PAM:setcred grantors=pam_permit,pam_cap acct="root" exe="/usr/bin/sudo" hostname=? addr=? terminal=? res=success'UID="root" AUID="unset"
type=USER_START msg=audit(1720286510.291:236): pid=2017 uid=0 auid=4294967295 ses=4294967295 msg='op=PAM:session_open grantors=pam_limits,pam_permit,pam_mkhomedir,pam_unix acct="root" exe="/usr/bin/sudo" hostname=? addr=? terminal=? res=success'UID="root" AUID="unset"
type=NETFILTER_CFG msg=audit(1720286510.395:237): table=vyos_filter:4 family=7 entries=3 op=nft_register_chain pid=2022 comm="nft"
type=NETFILTER_CFG msg=audit(1720286510.395:237): table=vyos_filter:4 family=10 entries=21 op=nft_register_chain pid=2022 comm="nft"
type=NETFILTER_CFG msg=audit(1720286510.395:237): table=vyos_filter:4 family=2 entries=41 op=nft_register_chain pid=2022 comm="nft"
type=NETFILTER_CFG msg=audit(1720286510.395:237): table=raw:4 family=10 entries=3 op=nft_register_chain pid=2022 comm="nft"
type=NETFILTER_CFG msg=audit(1720286510.395:237): table=raw:4 family=2 entries=3 op=nft_register_chain pid=2022 comm="nft"
type=SYSCALL msg=audit(1720286510.395:237): arch=c000003e syscall=46 success=yes exit=10564 a0=3 a1=7fff45878c10 a2=0 a3=7f381813a680 items=0 ppid=849 pid=2022 auid=4294967295 uid=0 gid=102 euid=0 suid=0 fsuid=0 egid=102 sgid=102 fsgid=102 tty=(none) ses=4294967295 comm="nft" exe="/usr/sbin/nft" key=(null)ARCH=x86_64 SYSCALL=sendmsg AUID="unset" UID="root" GID="vyattacfg" EUID="root" SUID="root" FSUID="root" EGID="vyattacfg" SGID="vyattacfg" FSGID="vyattacfg"
type=PROCTITLE msg=audit(1720286510.395:237): proctitle=6E6674002D2D66696C65002F72756E2F6E667461626C65732E636F6E66
type=USER_END msg=audit(1720286510.441:238): pid=2017 uid=0 auid=4294967295 ses=4294967295 msg='op=PAM:session_close grantors=pam_limits,pam_permit,pam_mkhomedir,pam_unix acct="root" exe="/usr/bin/sudo" hostname=? addr=? terminal=? res=success'UID="root" AUID="unset"
type=CRED_DISP msg=audit(1720286510.441:239): pid=2017 uid=0 auid=4294967295 ses=4294967295 msg='op=PAM:setcred grantors=pam_permit acct="root" exe="/usr/bin/sudo" hostname=? addr=? terminal=? res=success'UID="root" AUID="unset"
type=USER_ACCT msg=audit(1720286510.470:240): pid=2029 uid=0 auid=4294967295 ses=4294967295 msg='op=PAM:accounting grantors=pam_permit acct="root" exe="/usr/bin/sudo" hostname=? addr=? terminal=? res=success'UID="root" AUID="unset"
type=USER_CMD msg=audit(1720286510.470:241): pid=2029 uid=0 auid=4294967295 ses=4294967295 msg='cwd="/" cmd=7368202D63202F7573722F7362696E2F76797368696D202F7573722F6C6962657865632F76796F732F636F6E665F6D6F64652F73797374656D5F7379736C6F672E7079 exe="/usr/bin/sudo" terminal=? res=success'UID="root" AUID="unset"
type=CRED_REFR msg=audit(1720286510.470:242): pid=2029 uid=0 auid=4294967295 ses=4294967295 msg='op=PAM:setcred grantors=pam_permit,pam_cap acct="root" exe="/usr/bin/sudo" hostname=? addr=? terminal=? res=success'UID="root" AUID="unset"
type=USER_START msg=audit(1720286510.470:243): pid=2029 uid=0 auid=4294967295 ses=4294967295 msg='op=PAM:session_open grantors=pam_limits,pam_permit,pam_mkhomedir,pam_unix acct="root" exe="/usr/bin/sudo" hostname=? addr=? terminal=? res=success'UID="root" AUID="unset"
type=BPF msg=audit(1720286510.705:244): prog-id=87 op=LOAD
type=BPF msg=audit(1720286510.705:245): prog-id=72 op=UNLOAD
type=BPF msg=audit(1720286510.705:246): prog-id=88 op=LOAD
type=BPF msg=audit(1720286510.705:247): prog-id=89 op=LOAD
type=BPF msg=audit(1720286510.705:248): prog-id=73 op=UNLOAD
type=BPF msg=audit(1720286510.705:249): prog-id=74 op=UNLOAD
type=BPF msg=audit(1720286510.706:250): prog-id=90 op=LOAD
type=BPF msg=audit(1720286510.706:251): prog-id=91 op=LOAD
type=BPF msg=audit(1720286510.706:252): prog-id=75 op=UNLOAD
type=BPF msg=audit(1720286510.706:253): prog-id=76 op=UNLOAD
type=BPF msg=audit(1720286510.709:254): prog-id=92 op=LOAD
type=BPF msg=audit(1720286510.709:255): prog-id=77 op=UNLOAD
type=BPF msg=audit(1720286510.709:256): prog-id=93 op=LOAD
type=BPF msg=audit(1720286510.709:257): prog-id=94 op=LOAD
type=BPF msg=audit(1720286510.709:258): prog-id=78 op=UNLOAD
type=BPF msg=audit(1720286510.709:259): prog-id=79 op=UNLOAD
type=BPF msg=audit(1720286510.709:260): prog-id=95 op=LOAD
type=BPF msg=audit(1720286510.709:261): prog-id=80 op=UNLOAD
type=BPF msg=audit(1720286510.711:262): prog-id=96 op=LOAD
type=BPF msg=audit(1720286510.711:263): prog-id=81 op=UNLOAD
type=BPF msg=audit(1720286510.711:264): prog-id=97 op=LOAD
type=BPF msg=audit(1720286510.711:265): prog-id=98 op=LOAD
type=BPF msg=audit(1720286510.711:266): prog-id=82 op=UNLOAD
type=BPF msg=audit(1720286510.711:267): prog-id=83 op=UNLOAD
type=BPF msg=audit(1720286510.713:268): prog-id=99 op=LOAD
type=BPF msg=audit(1720286510.713:269): prog-id=84 op=UNLOAD
type=BPF msg=audit(1720286510.713:270): prog-id=100 op=LOAD
type=BPF msg=audit(1720286510.713:271): prog-id=101 op=LOAD
type=BPF msg=audit(1720286510.713:272): prog-id=85 op=UNLOAD
type=BPF msg=audit(1720286510.713:273): prog-id=86 op=UNLOAD
type=SERVICE_STOP msg=audit(1720286510.726:274): pid=1 uid=0 auid=4294967295 ses=4294967295 msg='unit=rsyslog comm="systemd" exe="/usr/lib/systemd/systemd" hostname=? addr=? terminal=? res=success'UID="root" AUID="unset"
type=SERVICE_START msg=audit(1720286510.736:275): pid=1 uid=0 auid=4294967295 ses=4294967295 msg='unit=rsyslog comm="systemd" exe="/usr/lib/systemd/systemd" hostname=? addr=? terminal=? res=success'UID="root" AUID="unset"
type=USER_END msg=audit(1720286510.740:276): pid=2029 uid=0 auid=4294967295 ses=4294967295 msg='op=PAM:session_close grantors=pam_limits,pam_permit,pam_mkhomedir,pam_unix acct="root" exe="/usr/bin/sudo" hostname=? addr=? terminal=? res=success'UID="root" AUID="unset"
type=CRED_DISP msg=audit(1720286510.740:277): pid=2029 uid=0 auid=4294967295 ses=4294967295 msg='op=PAM:setcred grantors=pam_permit acct="root" exe="/usr/bin/sudo" hostname=? addr=? terminal=? res=success'UID="root" AUID="unset"
type=USER_ACCT msg=audit(1720286510.764:278): pid=2072 uid=0 auid=4294967295 ses=4294967295 msg='op=PAM:accounting grantors=pam_permit acct="root" exe="/usr/bin/sudo" hostname=? addr=? terminal=? res=success'UID="root" AUID="unset"
type=USER_CMD msg=audit(1720286510.764:279): pid=2072 uid=0 auid=4294967295 ses=4294967295 msg='cwd="/" cmd=7368202D63202F7573722F7362696E2F76797368696D202F7573722F6C6962657865632F76796F732F636F6E665F6D6F64652F73797374656D5F6C6F67696E2E7079 exe="/usr/bin/sudo" terminal=? res=success'UID="root" AUID="unset"
type=CRED_REFR msg=audit(1720286510.764:280): pid=2072 uid=0 auid=4294967295 ses=4294967295 msg='op=PAM:setcred grantors=pam_permit,pam_cap acct="root" exe="/usr/bin/sudo" hostname=? addr=? terminal=? res=success'UID="root" AUID="unset"
type=USER_START msg=audit(1720286510.765:281): pid=2072 uid=0 auid=4294967295 ses=4294967295 msg='op=PAM:session_open grantors=pam_limits,pam_permit,pam_mkhomedir,pam_unix acct="root" exe="/usr/bin/sudo" hostname=? addr=? terminal=? res=success'UID="root" AUID="unset"
type=USER_END msg=audit(1720286511.292:282): pid=2072 uid=0 auid=4294967295 ses=4294967295 msg='op=PAM:session_close grantors=pam_limits,pam_permit,pam_mkhomedir,pam_unix acct="root" exe="/usr/bin/sudo" hostname=? addr=? terminal=? res=success'UID="root" AUID="unset"
type=CRED_DISP msg=audit(1720286511.292:283): pid=2072 uid=0 auid=4294967295 ses=4294967295 msg='op=PAM:setcred grantors=pam_permit acct="root" exe="/usr/bin/sudo" hostname=? addr=? terminal=? res=success'UID="root" AUID="unset"
type=USER_ACCT msg=audit(1720286511.314:284): pid=2159 uid=0 auid=4294967295 ses=4294967295 msg='op=PAM:accounting grantors=pam_permit acct="root" exe="/usr/bin/sudo" hostname=? addr=? terminal=? res=success'UID="root" AUID="unset"
type=USER_CMD msg=audit(1720286511.314:285): pid=2159 uid=0 auid=4294967295 ses=4294967295 msg='cwd="/" cmd=7368202D63202F7573722F7362696E2F76797368696D202F7573722F6C6962657865632F76796F732F636F6E665F6D6F64652F73797374656D5F636F6E6669672D6D616E6167656D656E742E7079 exe="/usr/bin/sudo" terminal=? res=success'UID="root" AUID="unset"
type=CRED_REFR msg=audit(1720286511.315:286): pid=2159 uid=0 auid=4294967295 ses=4294967295 msg='op=PAM:setcred grantors=pam_permit,pam_cap acct="root" exe="/usr/bin/sudo" hostname=? addr=? terminal=? res=success'UID="root" AUID="unset"
type=USER_START msg=audit(1720286511.315:287): pid=2159 uid=0 auid=4294967295 ses=4294967295 msg='op=PAM:session_open grantors=pam_limits,pam_permit,pam_mkhomedir,pam_unix acct="root" exe="/usr/bin/sudo" hostname=? addr=? terminal=? res=success'UID="root" AUID="unset"
type=USER_END msg=audit(1720286511.327:288): pid=2159 uid=0 auid=4294967295 ses=4294967295 msg='op=PAM:session_close grantors=pam_limits,pam_permit,pam_mkhomedir,pam_unix acct="root" exe="/usr/bin/sudo" hostname=? addr=? terminal=? res=success'UID="root" AUID="unset"
type=CRED_DISP msg=audit(1720286511.327:289): pid=2159 uid=0 auid=4294967295 ses=4294967295 msg='op=PAM:setcred grantors=pam_permit acct="root" exe="/usr/bin/sudo" hostname=? addr=? terminal=? res=success'UID="root" AUID="unset"
type=USER_ACCT msg=audit(1720286511.467:290): pid=2208 uid=0 auid=4294967295 ses=4294967295 msg='op=PAM:accounting grantors=pam_permit acct="root" exe="/usr/bin/sudo" hostname=? addr=? terminal=? res=success'UID="root" AUID="unset"
type=USER_CMD msg=audit(1720286511.467:291): pid=2208 uid=0 auid=4294967295 ses=4294967295 msg='cwd="/" cmd=7368202D63202F7573722F7362696E2F76797368696D202F7573722F6C6962657865632F76796F732F636F6E665F6D6F64652F736572766963655F6E74702E7079 exe="/usr/bin/sudo" terminal=? res=success'UID="root" AUID="unset"
type=CRED_REFR msg=audit(1720286511.469:292): pid=2208 uid=0 auid=4294967295 ses=4294967295 msg='op=PAM:setcred grantors=pam_permit,pam_cap acct="root" exe="/usr/bin/sudo" hostname=? addr=? terminal=? res=success'UID="root" AUID="unset"
type=USER_START msg=audit(1720286511.469:293): pid=2208 uid=0 auid=4294967295 ses=4294967295 msg='op=PAM:session_open grantors=pam_limits,pam_permit,pam_mkhomedir,pam_unix acct="root" exe="/usr/bin/sudo" hostname=? addr=? terminal=? res=success'UID="root" AUID="unset"
type=BPF msg=audit(1720286511.708:294): prog-id=102 op=LOAD
type=BPF msg=audit(1720286511.708:295): prog-id=87 op=UNLOAD
type=BPF msg=audit(1720286511.708:296): prog-id=103 op=LOAD
type=BPF msg=audit(1720286511.708:297): prog-id=104 op=LOAD
type=BPF msg=audit(1720286511.708:298): prog-id=88 op=UNLOAD
type=BPF msg=audit(1720286511.708:299): prog-id=89 op=UNLOAD
type=BPF msg=audit(1720286511.709:300): prog-id=105 op=LOAD
type=BPF msg=audit(1720286511.709:301): prog-id=106 op=LOAD
type=BPF msg=audit(1720286511.709:302): prog-id=90 op=UNLOAD
type=BPF msg=audit(1720286511.709:303): prog-id=91 op=UNLOAD
type=BPF msg=audit(1720286511.711:304): prog-id=107 op=LOAD
type=BPF msg=audit(1720286511.712:305): prog-id=92 op=UNLOAD
type=BPF msg=audit(1720286511.712:306): prog-id=108 op=LOAD
type=BPF msg=audit(1720286511.712:307): prog-id=109 op=LOAD
type=BPF msg=audit(1720286511.712:308): prog-id=93 op=UNLOAD
type=BPF msg=audit(1720286511.712:309): prog-id=94 op=UNLOAD
type=BPF msg=audit(1720286511.712:310): prog-id=110 op=LOAD
type=BPF msg=audit(1720286511.712:311): prog-id=95 op=UNLOAD
type=BPF msg=audit(1720286511.714:312): prog-id=111 op=LOAD
type=BPF msg=audit(1720286511.714:313): prog-id=96 op=UNLOAD
type=BPF msg=audit(1720286511.714:314): prog-id=112 op=LOAD
type=BPF msg=audit(1720286511.714:315): prog-id=113 op=LOAD
type=BPF msg=audit(1720286511.714:316): prog-id=97 op=UNLOAD
type=BPF msg=audit(1720286511.714:317): prog-id=98 op=UNLOAD
type=BPF msg=audit(1720286511.716:318): prog-id=114 op=LOAD
type=BPF msg=audit(1720286511.716:319): prog-id=99 op=UNLOAD
type=BPF msg=audit(1720286511.716:320): prog-id=115 op=LOAD
type=BPF msg=audit(1720286511.716:321): prog-id=116 op=LOAD
type=BPF msg=audit(1720286511.716:322): prog-id=100 op=UNLOAD
type=BPF msg=audit(1720286511.716:323): prog-id=101 op=UNLOAD
type=BPF msg=audit(1720286511.767:324): prog-id=117 op=LOAD
type=SERVICE_START msg=audit(1720286512.007:325): pid=1 uid=0 auid=4294967295 ses=4294967295 msg='unit=chrony comm="systemd" exe="/usr/lib/systemd/systemd" hostname=? addr=? terminal=? res=success'UID="root" AUID="unset"
type=USER_END msg=audit(1720286512.009:326): pid=2208 uid=0 auid=4294967295 ses=4294967295 msg='op=PAM:session_close grantors=pam_limits,pam_permit,pam_mkhomedir,pam_unix acct="root" exe="/usr/bin/sudo" hostname=? addr=? terminal=? res=success'UID="root" AUID="unset"
type=CRED_DISP msg=audit(1720286512.010:327): pid=2208 uid=0 auid=4294967295 ses=4294967295 msg='op=PAM:setcred grantors=pam_permit acct="root" exe="/usr/bin/sudo" hostname=? addr=? terminal=? res=success'UID="root" AUID="unset"
type=USER_ACCT msg=audit(1720286512.068:328): pid=2262 uid=0 auid=4294967295 ses=4294967295 msg='op=PAM:accounting grantors=pam_permit acct="root" exe="/usr/bin/sudo" hostname=? addr=? terminal=? res=success'UID="root" AUID="unset"
type=USER_CMD msg=audit(1720286512.068:329): pid=2262 uid=0 auid=4294967295 ses=4294967295 msg='cwd="/" cmd=7368202D63202F7573722F7362696E2F76797368696D202F7573722F6C6962657865632F76796F732F636F6E665F6D6F64652F76706E5F737374702E7079 exe="/usr/bin/sudo" terminal=? res=success'UID="root" AUID="unset"
type=CRED_REFR msg=audit(1720286512.069:330): pid=2262 uid=0 auid=4294967295 ses=4294967295 msg='op=PAM:setcred grantors=pam_permit,pam_cap acct="root" exe="/usr/bin/sudo" hostname=? addr=? terminal=? res=success'UID="root" AUID="unset"
type=USER_START msg=audit(1720286512.069:331): pid=2262 uid=0 auid=4294967295 ses=4294967295 msg='op=PAM:session_open grantors=pam_limits,pam_permit,pam_mkhomedir,pam_unix acct="root" exe="/usr/bin/sudo" hostname=? addr=? terminal=? res=success'UID="root" AUID="unset"
type=SERVICE_START msg=audit(1720286512.178:332): pid=1 uid=0 auid=4294967295 ses=4294967295 msg='unit=accel-ppp@sstp comm="systemd" exe="/usr/lib/systemd/systemd" hostname=? addr=? terminal=? res=success'UID="root" AUID="unset"
type=USER_END msg=audit(1720286512.192:333): pid=2262 uid=0 auid=4294967295 ses=4294967295 msg='op=PAM:session_close grantors=pam_limits,pam_permit,pam_mkhomedir,pam_unix acct="root" exe="/usr/bin/sudo" hostname=? addr=? terminal=? res=success'UID="root" AUID="unset"
type=CRED_DISP msg=audit(1720286512.192:334): pid=2262 uid=0 auid=4294967295 ses=4294967295 msg='op=PAM:setcred grantors=pam_permit acct="root" exe="/usr/bin/sudo" hostname=? addr=? terminal=? res=success'UID="root" AUID="unset"
type=USER_ACCT msg=audit(1720286512.212:335): pid=2281 uid=0 auid=4294967295 ses=4294967295 msg='op=PAM:accounting grantors=pam_permit acct="root" exe="/usr/bin/sudo" hostname=? addr=? terminal=? res=success'UID="root" AUID="unset"
type=USER_CMD msg=audit(1720286512.212:336): pid=2281 uid=0 auid=4294967295 ses=4294967295 msg='cwd="/" cmd=7368202D63202F7573722F7362696E2F76797368696D202F7573722F6C6962657865632F76796F732F636F6E665F6D6F64652F736572766963655F7373682E7079 exe="/usr/bin/sudo" terminal=? res=success'UID="root" AUID="unset"
type=CRED_REFR msg=audit(1720286512.212:337): pid=2281 uid=0 auid=4294967295 ses=4294967295 msg='op=PAM:setcred grantors=pam_permit,pam_cap acct="root" exe="/usr/bin/sudo" hostname=? addr=? terminal=? res=success'UID="root" AUID="unset"
type=USER_START msg=audit(1720286512.213:338): pid=2281 uid=0 auid=4294967295 ses=4294967295 msg='op=PAM:session_open grantors=pam_limits,pam_permit,pam_mkhomedir,pam_unix acct="root" exe="/usr/bin/sudo" hostname=? addr=? terminal=? res=success'UID="root" AUID="unset"
type=SERVICE_START msg=audit(1720286512.331:339): pid=1 uid=0 auid=4294967295 ses=4294967295 msg='unit=ssh@default comm="systemd" exe="/usr/lib/systemd/systemd" hostname=? addr=? terminal=? res=success'UID="root" AUID="unset"
type=USER_AUTH msg=audit(1720286512.342:340): pid=2330 uid=0 auid=4294967295 ses=4294967295 msg='op=PAM:authentication grantors=pam_permit acct="root" exe="/usr/bin/vtysh" hostname=? addr=? terminal=? res=success'UID="root" AUID="unset"
type=USER_ACCT msg=audit(1720286512.342:341): pid=2330 uid=0 auid=4294967295 ses=4294967295 msg='op=PAM:accounting grantors=pam_permit acct="root" exe="/usr/bin/vtysh" hostname=? addr=? terminal=? res=success'UID="root" AUID="unset"
type=NETFILTER_CFG msg=audit(1720286512.361:342): table=vyos_conntrack:5 family=10 entries=27 op=nft_register_chain pid=2335 comm="nft"
type=NETFILTER_CFG msg=audit(1720286512.361:342): table=vyos_conntrack:5 family=10 entries=23 op=nft_unregister_table pid=2335 comm="nft"
type=NETFILTER_CFG msg=audit(1720286512.361:342): table=vyos_conntrack:5 family=2 entries=30 op=nft_register_chain pid=2335 comm="nft"
type=NETFILTER_CFG msg=audit(1720286512.361:342): table=vyos_conntrack:5 family=2 entries=26 op=nft_unregister_table pid=2335 comm="nft"
type=SYSCALL msg=audit(1720286512.361:342): arch=c000003e syscall=46 success=yes exit=6288 a0=3 a1=7ffcee81d2c0 a2=0 a3=7fe45cbe1680 items=0 ppid=849 pid=2335 auid=4294967295 uid=0 gid=102 euid=0 suid=0 fsuid=0 egid=102 sgid=102 fsgid=102 tty=(none) ses=4294967295 comm="nft" exe="/usr/sbin/nft" key=(null)ARCH=x86_64 SYSCALL=sendmsg AUID="unset" UID="root" GID="vyattacfg" EUID="root" SUID="root" FSUID="root" EGID="vyattacfg" SGID="vyattacfg" FSGID="vyattacfg"
type=PROCTITLE msg=audit(1720286512.361:342): proctitle=6E6674002D2D66696C65002F72756E2F6E667461626C65732D63742E636F6E66
type=USER_END msg=audit(1720286512.368:343): pid=2281 uid=0 auid=4294967295 ses=4294967295 msg='op=PAM:session_close grantors=pam_limits,pam_permit,pam_mkhomedir,pam_unix acct="root" exe="/usr/bin/sudo" hostname=? addr=? terminal=? res=success'UID="root" AUID="unset"
type=CRED_DISP msg=audit(1720286512.368:344): pid=2281 uid=0 auid=4294967295 ses=4294967295 msg='op=PAM:setcred grantors=pam_permit acct="root" exe="/usr/bin/sudo" hostname=? addr=? terminal=? res=success'UID="root" AUID="unset"
type=USER_ACCT msg=audit(1720286512.914:345): pid=2383 uid=0 auid=4294967295 ses=4294967295 msg='op=PAM:accounting grantors=pam_permit acct="root" exe="/usr/bin/sudo" hostname=? addr=? terminal=? res=success'UID="root" AUID="unset"
type=USER_CMD msg=audit(1720286512.914:346): pid=2383 uid=0 auid=4294967295 ses=4294967295 msg='cwd="/" cmd=6D76202F746D702F636F6E6669672E626F6F742E32333734202F6F70742F7679617474612F6574632F636F6E6669672F617263686976652F636F6E6669672E626F6F74 exe="/usr/bin/sudo" terminal=? res=success'UID="root" AUID="unset"
type=CRED_REFR msg=audit(1720286512.914:347): pid=2383 uid=0 auid=4294967295 ses=4294967295 msg='op=PAM:setcred grantors=pam_permit,pam_cap acct="root" exe="/usr/bin/sudo" hostname=? addr=? terminal=? res=success'UID="root" AUID="unset"
type=USER_START msg=audit(1720286512.915:348): pid=2383 uid=0 auid=4294967295 ses=4294967295 msg='op=PAM:session_open grantors=pam_limits,pam_permit,pam_mkhomedir,pam_unix acct="root" exe="/usr/bin/sudo" hostname=? addr=? terminal=? res=success'UID="root" AUID="unset"
type=USER_END msg=audit(1720286512.927:349): pid=2383 uid=0 auid=4294967295 ses=4294967295 msg='op=PAM:session_close grantors=pam_limits,pam_permit,pam_mkhomedir,pam_unix acct="root" exe="/usr/bin/sudo" hostname=? addr=? terminal=? res=success'UID="root" AUID="unset"
type=CRED_DISP msg=audit(1720286512.927:350): pid=2383 uid=0 auid=4294967295 ses=4294967295 msg='op=PAM:setcred grantors=pam_permit acct="root" exe="/usr/bin/sudo" hostname=? addr=? terminal=? res=success'UID="root" AUID="unset"
type=USER_ACCT msg=audit(1720286512.933:351): pid=2385 uid=0 auid=4294967295 ses=4294967295 msg='op=PAM:accounting grantors=pam_permit acct="root" exe="/usr/bin/sudo" hostname=? addr=? terminal=? res=success'UID="root" AUID="unset"
type=USER_CMD msg=audit(1720286512.933:352): pid=2385 uid=0 auid=4294967295 ses=4294967295 msg='cwd="/" cmd=6C6F67726F74617465202D66202D73202F6F70742F7679617474612F6574632F636F6E6669672F617263686976652F6C722E7374617465202F6F70742F7679617474612F6574632F636F6E6669672F617263686976652F6C722E636F6E66 exe="/usr/bin/sudo" terminal=? res=success'UID="root" AUID="unset"
type=CRED_REFR msg=audit(1720286512.933:353): pid=2385 uid=0 auid=4294967295 ses=4294967295 msg='op=PAM:setcred grantors=pam_permit,pam_cap acct="root" exe="/usr/bin/sudo" hostname=? addr=? terminal=? res=success'UID="root" AUID="unset"
type=USER_START msg=audit(1720286512.934:354): pid=2385 uid=0 auid=4294967295 ses=4294967295 msg='op=PAM:session_open grantors=pam_limits,pam_permit,pam_mkhomedir,pam_unix acct="root" exe="/usr/bin/sudo" hostname=? addr=? terminal=? res=success'UID="root" AUID="unset"
type=USER_END msg=audit(1720286512.939:355): pid=2385 uid=0 auid=4294967295 ses=4294967295 msg='op=PAM:session_close grantors=pam_limits,pam_permit,pam_mkhomedir,pam_unix acct="root" exe="/usr/bin/sudo" hostname=? addr=? terminal=? res=success'UID="root" AUID="unset"
type=CRED_DISP msg=audit(1720286512.940:356): pid=2385 uid=0 auid=4294967295 ses=4294967295 msg='op=PAM:setcred grantors=pam_permit acct="root" exe="/usr/bin/sudo" hostname=? addr=? terminal=? res=success'UID="root" AUID="unset"
type=BPF msg=audit(1720286513.291:357): prog-id=118 op=LOAD
type=BPF msg=audit(1720286513.291:358): prog-id=102 op=UNLOAD
type=BPF msg=audit(1720286513.291:359): prog-id=119 op=LOAD
type=BPF msg=audit(1720286513.292:360): prog-id=120 op=LOAD
type=BPF msg=audit(1720286513.292:361): prog-id=103 op=UNLOAD
type=BPF msg=audit(1720286513.292:362): prog-id=104 op=UNLOAD
type=BPF msg=audit(1720286513.293:363): prog-id=121 op=LOAD
type=BPF msg=audit(1720286513.293:364): prog-id=122 op=LOAD
type=BPF msg=audit(1720286513.293:365): prog-id=105 op=UNLOAD
type=BPF msg=audit(1720286513.293:366): prog-id=106 op=UNLOAD
type=BPF msg=audit(1720286513.295:367): prog-id=123 op=LOAD
type=BPF msg=audit(1720286513.295:368): prog-id=117 op=UNLOAD
type=BPF msg=audit(1720286513.296:369): prog-id=124 op=LOAD
type=BPF msg=audit(1720286513.296:370): prog-id=107 op=UNLOAD
type=BPF msg=audit(1720286513.297:371): prog-id=125 op=LOAD
type=BPF msg=audit(1720286513.297:372): prog-id=126 op=LOAD
type=BPF msg=audit(1720286513.297:373): prog-id=108 op=UNLOAD
type=BPF msg=audit(1720286513.297:374): prog-id=109 op=UNLOAD
type=BPF msg=audit(1720286513.297:375): prog-id=127 op=LOAD
type=BPF msg=audit(1720286513.297:376): prog-id=110 op=UNLOAD
type=BPF msg=audit(1720286513.299:377): prog-id=128 op=LOAD
type=BPF msg=audit(1720286513.299:378): prog-id=111 op=UNLOAD
type=BPF msg=audit(1720286513.299:379): prog-id=129 op=LOAD
type=BPF msg=audit(1720286513.299:380): prog-id=130 op=LOAD
type=BPF msg=audit(1720286513.299:381): prog-id=112 op=UNLOAD
type=BPF msg=audit(1720286513.299:382): prog-id=113 op=UNLOAD
type=BPF msg=audit(1720286513.301:383): prog-id=131 op=LOAD
type=BPF msg=audit(1720286513.301:384): prog-id=114 op=UNLOAD
type=BPF msg=audit(1720286513.301:385): prog-id=132 op=LOAD
type=BPF msg=audit(1720286513.301:386): prog-id=133 op=LOAD
type=BPF msg=audit(1720286513.301:387): prog-id=115 op=UNLOAD
type=BPF msg=audit(1720286513.301:388): prog-id=116 op=UNLOAD
type=USER_LOGIN msg=audit(1720286513.389:389): pid=2421 uid=0 auid=4294967295 ses=4294967295 msg='op=login acct="vyos" exe="/usr/sbin/sshd" hostname=? addr=192.168.1.25 terminal=sshd res=failed'UID="root" AUID="unset"
type=USER_LOGIN msg=audit(1720286513.396:390): pid=2421 uid=0 auid=4294967295 ses=4294967295 msg='op=login acct="vyos" exe="/usr/sbin/sshd" hostname=? addr=192.168.1.25 terminal=sshd res=failed'UID="root" AUID="unset"
type=USER_AUTH msg=audit(1720286518.168:391): pid=2421 uid=0 auid=4294967295 ses=4294967295 msg='op=PAM:authentication grantors=pam_permit,pam_cap acct="vyos" exe="/usr/sbin/sshd" hostname=192.168.1.25 addr=192.168.1.25 terminal=ssh res=success'UID="root" AUID="unset"
type=USER_ACCT msg=audit(1720286518.175:392): pid=2421 uid=0 auid=4294967295 ses=4294967295 msg='op=PAM:accounting grantors=pam_permit acct="vyos" exe="/usr/sbin/sshd" hostname=192.168.1.25 addr=192.168.1.25 terminal=ssh res=success'UID="root" AUID="unset"
type=CRED_ACQ msg=audit(1720286518.178:393): pid=2421 uid=0 auid=4294967295 ses=4294967295 msg='op=PAM:setcred grantors=pam_permit,pam_cap acct="vyos" exe="/usr/sbin/sshd" hostname=192.168.1.25 addr=192.168.1.25 terminal=ssh res=success'UID="root" AUID="unset"
type=LOGIN msg=audit(1720286518.178:394): pid=2421 uid=0 old-auid=4294967295 auid=1002 tty=(none) old-ses=4294967295 ses=1 res=1UID="root" OLD-AUID="unset" AUID="vyos"
type=SYSCALL msg=audit(1720286518.178:394): arch=c000003e syscall=1 success=yes exit=4 a0=3 a1=7fffb7518310 a2=4 a3=7fffb7518024 items=0 ppid=2331 pid=2421 auid=1002 uid=0 gid=0 euid=0 suid=0 fsuid=0 egid=0 sgid=0 fsgid=0 tty=(none) ses=1 comm="sshd" exe="/usr/sbin/sshd" key=(null)ARCH=x86_64 SYSCALL=write AUID="vyos" UID="root" GID="root" EUID="root" SUID="root" FSUID="root" EGID="root" SGID="root" FSGID="root"
type=PROCTITLE msg=audit(1720286518.178:394): proctitle=737368643A2076796F73205B707269765D
type=SERVICE_START msg=audit(1720286518.216:395): pid=1 uid=0 auid=4294967295 ses=4294967295 msg='unit=user-runtime-dir@1002 comm="systemd" exe="/usr/lib/systemd/systemd" hostname=? addr=? terminal=? res=success'UID="root" AUID="unset"
type=USER_ACCT msg=audit(1720286518.227:396): pid=2431 uid=0 auid=4294967295 ses=4294967295 msg='op=PAM:accounting grantors=pam_permit acct="vyos" exe="/usr/lib/systemd/systemd" hostname=? addr=? terminal=? res=success'UID="root" AUID="unset"
type=CRED_ACQ msg=audit(1720286518.227:397): pid=2431 uid=0 auid=4294967295 ses=4294967295 msg='op=PAM:setcred grantors=pam_permit,pam_cap acct="vyos" exe="/usr/lib/systemd/systemd" hostname=? addr=? terminal=? res=success'UID="root" AUID="unset"
type=LOGIN msg=audit(1720286518.228:398): pid=2431 uid=0 old-auid=4294967295 auid=1002 tty=(none) old-ses=4294967295 ses=2 res=1UID="root" OLD-AUID="unset" AUID="vyos"
type=SYSCALL msg=audit(1720286518.228:398): arch=c000003e syscall=1 success=yes exit=4 a0=7 a1=7fffa66c51a0 a2=4 a3=7fffa66c4eb4 items=0 ppid=1 pid=2431 auid=1002 uid=0 gid=0 euid=0 suid=0 fsuid=0 egid=0 sgid=0 fsgid=0 tty=(none) ses=2 comm="(systemd)" exe="/usr/lib/systemd/systemd" key=(null)ARCH=x86_64 SYSCALL=write AUID="vyos" UID="root" GID="root" EUID="root" SUID="root" FSUID="root" EGID="root" SGID="root" FSGID="root"
type=PROCTITLE msg=audit(1720286518.228:398): proctitle="(systemd)"
type=USER_START msg=audit(1720286518.229:399): pid=2431 uid=0 auid=1002 ses=2 msg='op=PAM:session_open grantors=pam_selinux,pam_selinux,pam_loginuid,pam_limits,pam_permit,pam_mkhomedir,pam_unix,pam_keyinit,pam_systemd acct="vyos" exe="/usr/lib/systemd/systemd" hostname=? addr=? terminal=? res=success'UID="root" AUID="vyos"
type=BPF msg=audit(1720286518.249:400): prog-id=134 op=LOAD
type=SYSCALL msg=audit(1720286518.249:400): arch=c000003e syscall=321 success=yes exit=8 a0=5 a1=7fff053892b0 a2=90 a3=0 items=0 ppid=1 pid=2431 auid=1002 uid=1002 gid=100 euid=1002 suid=1002 fsuid=1002 egid=100 sgid=100 fsgid=100 tty=(none) ses=2 comm="systemd" exe="/usr/lib/systemd/systemd" key=(null)ARCH=x86_64 SYSCALL=bpf AUID="vyos" UID="vyos" GID="users" EUID="vyos" SUID="vyos" FSUID="vyos" EGID="users" SGID="users" FSGID="users"
type=PROCTITLE msg=audit(1720286518.249:400): proctitle="(systemd)"
type=BPF msg=audit(1720286518.249:401): prog-id=134 op=UNLOAD
type=SYSCALL msg=audit(1720286518.249:401): arch=c000003e syscall=3 success=yes exit=0 a0=8 a1=7fff05389390 a2=90 a3=200000008 items=0 ppid=1 pid=2431 auid=1002 uid=1002 gid=100 euid=1002 suid=1002 fsuid=1002 egid=100 sgid=100 fsgid=100 tty=(none) ses=2 comm="systemd" exe="/usr/lib/systemd/systemd" key=(null)ARCH=x86_64 SYSCALL=close AUID="vyos" UID="vyos" GID="users" EUID="vyos" SUID="vyos" FSUID="vyos" EGID="users" SGID="users" FSGID="users"
type=PROCTITLE msg=audit(1720286518.249:401): proctitle="(systemd)"
type=SERVICE_START msg=audit(1720286518.394:402): pid=1 uid=0 auid=4294967295 ses=4294967295 msg='unit=user@1002 comm="systemd" exe="/usr/lib/systemd/systemd" hostname=? addr=? terminal=? res=success'UID="root" AUID="unset"
type=USER_START msg=audit(1720286518.663:403): pid=2421 uid=0 auid=1002 ses=1 msg='op=PAM:session_open grantors=pam_selinux,pam_loginuid,pam_keyinit,pam_permit,pam_mkhomedir,pam_unix,pam_systemd,pam_mail,pam_limits,pam_env,pam_env,pam_selinux acct="vyos" exe="/usr/sbin/sshd" hostname=192.168.1.25 addr=192.168.1.25 terminal=ssh res=success'UID="root" AUID="vyos"
type=CRED_ACQ msg=audit(1720286518.665:404): pid=2528 uid=0 auid=1002 ses=1 msg='op=PAM:setcred grantors=pam_permit,pam_cap acct="vyos" exe="/usr/sbin/sshd" hostname=192.168.1.25 addr=192.168.1.25 terminal=ssh res=success'UID="root" AUID="vyos"
type=USER_LOGIN msg=audit(1720286518.709:405): pid=2421 uid=0 auid=1002 ses=1 msg='op=login id=1002 exe="/usr/sbin/sshd" hostname=192.168.1.25 addr=192.168.1.25 terminal=/dev/pts/0 res=success'UID="root" AUID="vyos" ID="vyos"
type=SERVICE_STOP msg=audit(1720286523.318:406): pid=1 uid=0 auid=4294967295 ses=4294967295 msg='unit=serial-getty@ttyS0 comm="systemd" exe="/usr/lib/systemd/systemd" hostname=? addr=? terminal=? res=success'UID="root" AUID="unset"
type=SERVICE_START msg=audit(1720286523.480:407): pid=1 uid=0 auid=4294967295 ses=4294967295 msg='unit=serial-getty@ttyS0 comm="systemd" exe="/usr/lib/systemd/systemd" hostname=? addr=? terminal=? res=success'UID="root" AUID="unset"
type=SERVICE_STOP msg=audit(1720286523.480:408): pid=1 uid=0 auid=4294967295 ses=4294967295 msg='unit=serial-getty@ttyS0 comm="systemd" exe="/usr/lib/systemd/systemd" hostname=? addr=? terminal=? res=success'UID="root" AUID="unset"
type=SERVICE_START msg=audit(1720286523.489:409): pid=1 uid=0 auid=4294967295 ses=4294967295 msg='unit=serial-getty@ttyS0 comm="systemd" exe="/usr/lib/systemd/systemd" hostname=? addr=? terminal=? res=success'UID="root" AUID="unset"
type=SERVICE_STOP msg=audit(1720286533.511:410): pid=1 uid=0 auid=4294967295 ses=4294967295 msg='unit=serial-getty@ttyS0 comm="systemd" exe="/usr/lib/systemd/systemd" hostname=? addr=? terminal=? res=success'UID="root" AUID="unset"
type=SERVICE_START msg=audit(1720286533.663:411): pid=1 uid=0 auid=4294967295 ses=4294967295 msg='unit=serial-getty@ttyS0 comm="systemd" exe="/usr/lib/systemd/systemd" hostname=? addr=? terminal=? res=success'UID="root" AUID="unset"
type=SERVICE_STOP msg=audit(1720286533.663:412): pid=1 uid=0 auid=4294967295 ses=4294967295 msg='unit=serial-getty@ttyS0 comm="systemd" exe="/usr/lib/systemd/systemd" hostname=? addr=? terminal=? res=success'UID="root" AUID="unset"
type=SERVICE_START msg=audit(1720286533.673:413): pid=1 uid=0 auid=4294967295 ses=4294967295 msg='unit=serial-getty@ttyS0 comm="systemd" exe="/usr/lib/systemd/systemd" hostname=? addr=? terminal=? res=success'UID="root" AUID="unset"
type=SERVICE_STOP msg=audit(1720286533.674:414): pid=1 uid=0 auid=4294967295 ses=4294967295 msg='unit=systemd-localed comm="systemd" exe="/usr/lib/systemd/systemd" hostname=? addr=? terminal=? res=success'UID="root" AUID="unset"
type=BPF msg=audit(1720286533.706:415): prog-id=120 op=UNLOAD
type=BPF msg=audit(1720286533.706:416): prog-id=119 op=UNLOAD
type=BPF msg=audit(1720286533.706:417): prog-id=118 op=UNLOAD
type=SERVICE_STOP msg=audit(1720286537.926:418): pid=1 uid=0 auid=4294967295 ses=4294967295 msg='unit=systemd-hostnamed comm="systemd" exe="/usr/lib/systemd/systemd" hostname=? addr=? terminal=? res=success'UID="root" AUID="unset"
type=BPF msg=audit(1720286537.964:419): prog-id=126 op=UNLOAD
type=BPF msg=audit(1720286537.964:420): prog-id=125 op=UNLOAD
type=BPF msg=audit(1720286537.964:421): prog-id=124 op=UNLOAD
type=SERVICE_STOP msg=audit(1720286543.695:422): pid=1 uid=0 auid=4294967295 ses=4294967295 msg='unit=serial-getty@ttyS0 comm="systemd" exe="/usr/lib/systemd/systemd" hostname=? addr=? terminal=? res=success'UID="root" AUID="unset"
type=SERVICE_START msg=audit(1720286543.980:423): pid=1 uid=0 auid=4294967295 ses=4294967295 msg='unit=serial-getty@ttyS0 comm="systemd" exe="/usr/lib/systemd/systemd" hostname=? addr=? terminal=? res=success'UID="root" AUID="unset"
type=SERVICE_STOP msg=audit(1720286543.980:424): pid=1 uid=0 auid=4294967295 ses=4294967295 msg='unit=serial-getty@ttyS0 comm="systemd" exe="/usr/lib/systemd/systemd" hostname=? addr=? terminal=? res=success'UID="root" AUID="unset"
type=SERVICE_START msg=audit(1720286543.993:425): pid=1 uid=0 auid=4294967295 ses=4294967295 msg='unit=serial-getty@ttyS0 comm="systemd" exe="/usr/lib/systemd/systemd" hostname=? addr=? terminal=? res=success'UID="root" AUID="unset"
type=SERVICE_STOP msg=audit(1720286554.015:426): pid=1 uid=0 auid=4294967295 ses=4294967295 msg='unit=serial-getty@ttyS0 comm="systemd" exe="/usr/lib/systemd/systemd" hostname=? addr=? terminal=? res=success'UID="root" AUID="unset"
type=SERVICE_START msg=audit(1720286554.230:427): pid=1 uid=0 auid=4294967295 ses=4294967295 msg='unit=serial-getty@ttyS0 comm="systemd" exe="/usr/lib/systemd/systemd" hostname=? addr=? terminal=? res=success'UID="root" AUID="unset"
type=SERVICE_STOP msg=audit(1720286554.231:428): pid=1 uid=0 auid=4294967295 ses=4294967295 msg='unit=serial-getty@ttyS0 comm="systemd" exe="/usr/lib/systemd/systemd" hostname=? addr=? terminal=? res=success'UID="root" AUID="unset"
type=SERVICE_START msg=audit(1720286554.241:429): pid=1 uid=0 auid=4294967295 ses=4294967295 msg='unit=serial-getty@ttyS0 comm="systemd" exe="/usr/lib/systemd/systemd" hostname=? addr=? terminal=? res=success'UID="root" AUID="unset"
type=SERVICE_STOP msg=audit(1720286564.256:430): pid=1 uid=0 auid=4294967295 ses=4294967295 msg='unit=serial-getty@ttyS0 comm="systemd" exe="/usr/lib/systemd/systemd" hostname=? addr=? terminal=? res=success'UID="root" AUID="unset"
type=SERVICE_START msg=audit(1720286564.481:431): pid=1 uid=0 auid=4294967295 ses=4294967295 msg='unit=serial-getty@ttyS0 comm="systemd" exe="/usr/lib/systemd/systemd" hostname=? addr=? terminal=? res=success'UID="root" AUID="unset"
type=SERVICE_STOP msg=audit(1720286564.481:432): pid=1 uid=0 auid=4294967295 ses=4294967295 msg='unit=serial-getty@ttyS0 comm="systemd" exe="/usr/lib/systemd/systemd" hostname=? addr=? terminal=? res=success'UID="root" AUID="unset"
type=SERVICE_START msg=audit(1720286564.491:433): pid=1 uid=0 auid=4294967295 ses=4294967295 msg='unit=serial-getty@ttyS0 comm="systemd" exe="/usr/lib/systemd/systemd" hostname=? addr=? terminal=? res=success'UID="root" AUID="unset"
type=SERVICE_STOP msg=audit(1720286574.504:434): pid=1 uid=0 auid=4294967295 ses=4294967295 msg='unit=serial-getty@ttyS0 comm="systemd" exe="/usr/lib/systemd/systemd" hostname=? addr=? terminal=? res=success'UID="root" AUID="unset"
type=SERVICE_START msg=audit(1720286574.732:435): pid=1 uid=0 auid=4294967295 ses=4294967295 msg='unit=serial-getty@ttyS0 comm="systemd" exe="/usr/lib/systemd/systemd" hostname=? addr=? terminal=? res=success'UID="root" AUID="unset"
type=SERVICE_STOP msg=audit(1720286574.732:436): pid=1 uid=0 auid=4294967295 ses=4294967295 msg='unit=serial-getty@ttyS0 comm="systemd" exe="/usr/lib/systemd/systemd" hostname=? addr=? terminal=? res=success'UID="root" AUID="unset"
type=SERVICE_START msg=audit(1720286574.740:437): pid=1 uid=0 auid=4294967295 ses=4294967295 msg='unit=serial-getty@ttyS0 comm="systemd" exe="/usr/lib/systemd/systemd" hostname=? addr=? terminal=? res=success'UID="root" AUID="unset"
type=SERVICE_STOP msg=audit(1720286584.755:438): pid=1 uid=0 auid=4294967295 ses=4294967295 msg='unit=serial-getty@ttyS0 comm="systemd" exe="/usr/lib/systemd/systemd" hostname=? addr=? terminal=? res=success'UID="root" AUID="unset"
type=SERVICE_START msg=audit(1720286584.980:439): pid=1 uid=0 auid=4294967295 ses=4294967295 msg='unit=serial-getty@ttyS0 comm="systemd" exe="/usr/lib/systemd/systemd" hostname=? addr=? terminal=? res=success'UID="root" AUID="unset"
type=SERVICE_STOP msg=audit(1720286584.980:440): pid=1 uid=0 auid=4294967295 ses=4294967295 msg='unit=serial-getty@ttyS0 comm="systemd" exe="/usr/lib/systemd/systemd" hostname=? addr=? terminal=? res=success'UID="root" AUID="unset"
type=SERVICE_START msg=audit(1720286584.988:441): pid=1 uid=0 auid=4294967295 ses=4294967295 msg='unit=serial-getty@ttyS0 comm="systemd" exe="/usr/lib/systemd/systemd" hostname=? addr=? terminal=? res=success'UID="root" AUID="unset"
type=SERVICE_STOP msg=audit(1720286594.999:442): pid=1 uid=0 auid=4294967295 ses=4294967295 msg='unit=serial-getty@ttyS0 comm="systemd" exe="/usr/lib/systemd/systemd" hostname=? addr=? terminal=? res=success'UID="root" AUID="unset"
type=SERVICE_START msg=audit(1720286595.230:443): pid=1 uid=0 auid=4294967295 ses=4294967295 msg='unit=serial-getty@ttyS0 comm="systemd" exe="/usr/lib/systemd/systemd" hostname=? addr=? terminal=? res=success'UID="root" AUID="unset"
type=SERVICE_STOP msg=audit(1720286595.230:444): pid=1 uid=0 auid=4294967295 ses=4294967295 msg='unit=serial-getty@ttyS0 comm="systemd" exe="/usr/lib/systemd/systemd" hostname=? addr=? terminal=? res=success'UID="root" AUID="unset"
type=SERVICE_START msg=audit(1720286595.238:445): pid=1 uid=0 auid=4294967295 ses=4294967295 msg='unit=serial-getty@ttyS0 comm="systemd" exe="/usr/lib/systemd/systemd" hostname=? addr=? terminal=? res=success'UID="root" AUID="unset"
type=SERVICE_STOP msg=audit(1720286605.248:446): pid=1 uid=0 auid=4294967295 ses=4294967295 msg='unit=serial-getty@ttyS0 comm="systemd" exe="/usr/lib/systemd/systemd" hostname=? addr=? terminal=? res=success'UID="root" AUID="unset"
type=SERVICE_START msg=audit(1720286605.481:447): pid=1 uid=0 auid=4294967295 ses=4294967295 msg='unit=serial-getty@ttyS0 comm="systemd" exe="/usr/lib/systemd/systemd" hostname=? addr=? terminal=? res=success'UID="root" AUID="unset"
type=SERVICE_STOP msg=audit(1720286605.481:448): pid=1 uid=0 auid=4294967295 ses=4294967295 msg='unit=serial-getty@ttyS0 comm="systemd" exe="/usr/lib/systemd/systemd" hostname=? addr=? terminal=? res=success'UID="root" AUID="unset"
type=SERVICE_START msg=audit(1720286605.490:449): pid=1 uid=0 auid=4294967295 ses=4294967295 msg='unit=serial-getty@ttyS0 comm="systemd" exe="/usr/lib/systemd/systemd" hostname=? addr=? terminal=? res=success'UID="root" AUID="unset"
type=SERVICE_STOP msg=audit(1720286615.510:450): pid=1 uid=0 auid=4294967295 ses=4294967295 msg='unit=serial-getty@ttyS0 comm="systemd" exe="/usr/lib/systemd/systemd" hostname=? addr=? terminal=? res=success'UID="root" AUID="unset"
type=SERVICE_START msg=audit(1720286615.730:451): pid=1 uid=0 auid=4294967295 ses=4294967295 msg='unit=serial-getty@ttyS0 comm="systemd" exe="/usr/lib/systemd/systemd" hostname=? addr=? terminal=? res=success'UID="root" AUID="unset"
type=SERVICE_STOP msg=audit(1720286615.731:452): pid=1 uid=0 auid=4294967295 ses=4294967295 msg='unit=serial-getty@ttyS0 comm="systemd" exe="/usr/lib/systemd/systemd" hostname=? addr=? terminal=? res=success'UID="root" AUID="unset"
type=SERVICE_START msg=audit(1720286615.740:453): pid=1 uid=0 auid=4294967295 ses=4294967295 msg='unit=serial-getty@ttyS0 comm="systemd" exe="/usr/lib/systemd/systemd" hostname=? addr=? terminal=? res=success'UID="root" AUID="unset"
type=SERVICE_STOP msg=audit(1720286625.763:454): pid=1 uid=0 auid=4294967295 ses=4294967295 msg='unit=serial-getty@ttyS0 comm="systemd" exe="/usr/lib/systemd/systemd" hostname=? addr=? terminal=? res=success'UID="root" AUID="unset"
type=SERVICE_START msg=audit(1720286625.980:455): pid=1 uid=0 auid=4294967295 ses=4294967295 msg='unit=serial-getty@ttyS0 comm="systemd" exe="/usr/lib/systemd/systemd" hostname=? addr=? terminal=? res=success'UID="root" AUID="unset"
type=SERVICE_STOP msg=audit(1720286625.981:456): pid=1 uid=0 auid=4294967295 ses=4294967295 msg='unit=serial-getty@ttyS0 comm="systemd" exe="/usr/lib/systemd/systemd" hostname=? addr=? terminal=? res=success'UID="root" AUID="unset"
type=SERVICE_START msg=audit(1720286625.994:457): pid=1 uid=0 auid=4294967295 ses=4294967295 msg='unit=serial-getty@ttyS0 comm="systemd" exe="/usr/lib/systemd/systemd" hostname=? addr=? terminal=? res=success'UID="root" AUID="unset"
type=SERVICE_STOP msg=audit(1720286636.010:458): pid=1 uid=0 auid=4294967295 ses=4294967295 msg='unit=serial-getty@ttyS0 comm="systemd" exe="/usr/lib/systemd/systemd" hostname=? addr=? terminal=? res=success'UID="root" AUID="unset"
type=SERVICE_START msg=audit(1720286636.230:459): pid=1 uid=0 auid=4294967295 ses=4294967295 msg='unit=serial-getty@ttyS0 comm="systemd" exe="/usr/lib/systemd/systemd" hostname=? addr=? terminal=? res=success'UID="root" AUID="unset"
type=SERVICE_STOP msg=audit(1720286636.230:460): pid=1 uid=0 auid=4294967295 ses=4294967295 msg='unit=serial-getty@ttyS0 comm="systemd" exe="/usr/lib/systemd/systemd" hostname=? addr=? terminal=? res=success'UID="root" AUID="unset"
type=SERVICE_START msg=audit(1720286636.239:461): pid=1 uid=0 auid=4294967295 ses=4294967295 msg='unit=serial-getty@ttyS0 comm="systemd" exe="/usr/lib/systemd/systemd" hostname=? addr=? terminal=? res=success'UID="root" AUID="unset"
type=SERVICE_STOP msg=audit(1720286646.257:462): pid=1 uid=0 auid=4294967295 ses=4294967295 msg='unit=serial-getty@ttyS0 comm="systemd" exe="/usr/lib/systemd/systemd" hostname=? addr=? terminal=? res=success'UID="root" AUID="unset"
type=SERVICE_START msg=audit(1720286646.480:463): pid=1 uid=0 auid=4294967295 ses=4294967295 msg='unit=serial-getty@ttyS0 comm="systemd" exe="/usr/lib/systemd/systemd" hostname=? addr=? terminal=? res=success'UID="root" AUID="unset"
type=SERVICE_STOP msg=audit(1720286646.481:464): pid=1 uid=0 auid=4294967295 ses=4294967295 msg='unit=serial-getty@ttyS0 comm="systemd" exe="/usr/lib/systemd/systemd" hostname=? addr=? terminal=? res=success'UID="root" AUID="unset"
type=SERVICE_START msg=audit(1720286646.491:465): pid=1 uid=0 auid=4294967295 ses=4294967295 msg='unit=serial-getty@ttyS0 comm="systemd" exe="/usr/lib/systemd/systemd" hostname=? addr=? terminal=? res=success'UID="root" AUID="unset"
type=SERVICE_STOP msg=audit(1720286656.508:466): pid=1 uid=0 auid=4294967295 ses=4294967295 msg='unit=serial-getty@ttyS0 comm="systemd" exe="/usr/lib/systemd/systemd" hostname=? addr=? terminal=? res=success'UID="root" AUID="unset"
type=SERVICE_START msg=audit(1720286656.731:467): pid=1 uid=0 auid=4294967295 ses=4294967295 msg='unit=serial-getty@ttyS0 comm="systemd" exe="/usr/lib/systemd/systemd" hostname=? addr=? terminal=? res=success'UID="root" AUID="unset"
type=SERVICE_STOP msg=audit(1720286656.731:468): pid=1 uid=0 auid=4294967295 ses=4294967295 msg='unit=serial-getty@ttyS0 comm="systemd" exe="/usr/lib/systemd/systemd" hostname=? addr=? terminal=? res=success'UID="root" AUID="unset"
type=SERVICE_START msg=audit(1720286656.741:469): pid=1 uid=0 auid=4294967295 ses=4294967295 msg='unit=serial-getty@ttyS0 comm="systemd" exe="/usr/lib/systemd/systemd" hostname=? addr=? terminal=? res=success'UID="root" AUID="unset"
type=SERVICE_STOP msg=audit(1720286666.757:470): pid=1 uid=0 auid=4294967295 ses=4294967295 msg='unit=serial-getty@ttyS0 comm="systemd" exe="/usr/lib/systemd/systemd" hostname=? addr=? terminal=? res=success'UID="root" AUID="unset"
type=SERVICE_START msg=audit(1720286666.980:471): pid=1 uid=0 auid=4294967295 ses=4294967295 msg='unit=serial-getty@ttyS0 comm="systemd" exe="/usr/lib/systemd/systemd" hostname=? addr=? terminal=? res=success'UID="root" AUID="unset"
type=SERVICE_STOP msg=audit(1720286666.981:472): pid=1 uid=0 auid=4294967295 ses=4294967295 msg='unit=serial-getty@ttyS0 comm="systemd" exe="/usr/lib/systemd/systemd" hostname=? addr=? terminal=? res=success'UID="root" AUID="unset"
type=SERVICE_START msg=audit(1720286666.990:473): pid=1 uid=0 auid=4294967295 ses=4294967295 msg='unit=serial-getty@ttyS0 comm="systemd" exe="/usr/lib/systemd/systemd" hostname=? addr=? terminal=? res=success'UID="root" AUID="unset"
type=SERVICE_STOP msg=audit(1720286677.008:474): pid=1 uid=0 auid=4294967295 ses=4294967295 msg='unit=serial-getty@ttyS0 comm="systemd" exe="/usr/lib/systemd/systemd" hostname=? addr=? terminal=? res=success'UID="root" AUID="unset"
type=SERVICE_START msg=audit(1720286677.230:475): pid=1 uid=0 auid=4294967295 ses=4294967295 msg='unit=serial-getty@ttyS0 comm="systemd" exe="/usr/lib/systemd/systemd" hostname=? addr=? terminal=? res=success'UID="root" AUID="unset"
type=SERVICE_STOP msg=audit(1720286677.230:476): pid=1 uid=0 auid=4294967295 ses=4294967295 msg='unit=serial-getty@ttyS0 comm="systemd" exe="/usr/lib/systemd/systemd" hostname=? addr=? terminal=? res=success'UID="root" AUID="unset"
type=SERVICE_START msg=audit(1720286677.241:477): pid=1 uid=0 auid=4294967295 ses=4294967295 msg='unit=serial-getty@ttyS0 comm="systemd" exe="/usr/lib/systemd/systemd" hostname=? addr=? terminal=? res=success'UID="root" AUID="unset"
type=USER_ACCT msg=audit(1720286681.585:478): pid=2731 uid=1002 auid=1002 ses=1 msg='op=PAM:accounting grantors=pam_permit acct="vyos" exe="/usr/bin/sudo" hostname=? addr=? terminal=/dev/pts/0 res=success'UID="vyos" AUID="vyos"
type=USER_CMD msg=audit(1720286681.586:479): pid=2731 uid=1002 auid=1002 ses=1 msg='cwd="/home/vyos" cmd=64642069663D2F6465762F736461 exe="/usr/bin/sudo" terminal=pts/0 res=success'UID="vyos" AUID="vyos"
type=CRED_REFR msg=audit(1720286681.586:480): pid=2731 uid=1002 auid=1002 ses=1 msg='op=PAM:setcred grantors=pam_permit,pam_cap acct="root" exe="/usr/bin/sudo" hostname=? addr=? terminal=/dev/pts/0 res=success'UID="vyos" AUID="vyos"
type=USER_START msg=audit(1720286681.587:481): pid=2731 uid=1002 auid=1002 ses=1 msg='op=PAM:session_open grantors=pam_limits,pam_permit,pam_mkhomedir,pam_unix acct="root" exe="/usr/bin/sudo" hostname=? addr=? terminal=/dev/pts/0 res=success'UID="vyos" AUID="vyos"
type=SERVICE_STOP msg=audit(1720286687.252:482): pid=1 uid=0 auid=4294967295 ses=4294967295 msg='unit=serial-getty@ttyS0 comm="systemd" exe="/usr/lib/systemd/systemd" hostname=? addr=? terminal=? res=success'UID="root" AUID="unset"
type=SERVICE_START msg=audit(1720286687.480:483): pid=1 uid=0 auid=4294967295 ses=4294967295 msg='unit=serial-getty@ttyS0 comm="systemd" exe="/usr/lib/systemd/systemd" hostname=? addr=? terminal=? res=success'UID="root" AUID="unset"
type=SERVICE_STOP msg=audit(1720286687.480:484): pid=1 uid=0 auid=4294967295 ses=4294967295 msg='unit=serial-getty@ttyS0 comm="systemd" exe="/usr/lib/systemd/systemd" hostname=? addr=? terminal=? res=success'UID="root" AUID="unset"
type=SERVICE_START msg=audit(1720286687.487:485): pid=1 uid=0 auid=4294967295 ses=4294967295 msg='unit=serial-getty@ttyS0 comm="systemd" exe="/usr/lib/systemd/systemd" hostname=? addr=? terminal=? res=success'UID="root" AUID="unset"
type=SERVICE_STOP msg=audit(1720286697.498:486): pid=1 uid=0 auid=4294967295 ses=4294967295 msg='unit=serial-getty@ttyS0 comm="systemd" exe="/usr/lib/systemd/systemd" hostname=? addr=? terminal=? res=success'UID="root" AUID="unset"
type=SERVICE_START msg=audit(1720286697.730:487): pid=1 uid=0 auid=4294967295 ses=4294967295 msg='unit=serial-getty@ttyS0 comm="systemd" exe="/usr/lib/systemd/systemd" hostname=? addr=? terminal=? res=success'UID="root" AUID="unset"
type=SERVICE_STOP msg=audit(1720286697.730:488): pid=1 uid=0 auid=4294967295 ses=4294967295 msg='unit=serial-getty@ttyS0 comm="systemd" exe="/usr/lib/systemd/systemd" hostname=? addr=? terminal=? res=success'UID="root" AUID="unset"
type=SERVICE_START msg=audit(1720286697.738:489): pid=1 uid=0 auid=4294967295 ses=4294967295 msg='unit=serial-getty@ttyS0 comm="systemd" exe="/usr/lib/systemd/systemd" hostname=? addr=? terminal=? res=success'UID="root" AUID="unset"
type=SERVICE_STOP msg=audit(1720286707.749:490): pid=1 uid=0 auid=4294967295 ses=4294967295 msg='unit=serial-getty@ttyS0 comm="systemd" exe="/usr/lib/systemd/systemd" hostname=? addr=? terminal=? res=success'UID="root" AUID="unset"
type=SERVICE_START msg=audit(1720286707.980:491): pid=1 uid=0 auid=4294967295 ses=4294967295 msg='unit=serial-getty@ttyS0 comm="systemd" exe="/usr/lib/systemd/systemd" hostname=? addr=? terminal=? res=success'UID="root" AUID="unset"
type=SERVICE_STOP msg=audit(1720286707.980:492): pid=1 uid=0 auid=4294967295 ses=4294967295 msg='unit=serial-getty@ttyS0 comm="systemd" exe="/usr/lib/systemd/systemd" hostname=? addr=? terminal=? res=success'UID="root" AUID="unset"
type=SERVICE_START msg=audit(1720286707.992:493): pid=1 uid=0 auid=4294967295 ses=4294967295 msg='unit=serial-getty@ttyS0 comm="systemd" exe="/usr/lib/systemd/systemd" hostname=? addr=? terminal=? res=success'UID="root" AUID="unset"
type=USER_END msg=audit(1720286710.161:494): pid=2731 uid=1002 auid=1002 ses=1 msg='op=PAM:session_close grantors=pam_limits,pam_permit,pam_mkhomedir,pam_unix acct="root" exe="/usr/bin/sudo" hostname=? addr=? terminal=/dev/pts/0 res=success'UID="vyos" AUID="vyos"
type=CRED_DISP msg=audit(1720286710.161:495): pid=2731 uid=1002 auid=1002 ses=1 msg='op=PAM:setcred grantors=pam_permit acct="root" exe="/usr/bin/sudo" hostname=? addr=? terminal=/dev/pts/0 res=success'UID="vyos" AUID="vyos"
type=SERVICE_STOP msg=audit(1720286717.998:496): pid=1 uid=0 auid=4294967295 ses=4294967295 msg='unit=serial-getty@ttyS0 comm="systemd" exe="/usr/lib/systemd/systemd" hostname=? addr=? terminal=? res=success'UID="root" AUID="unset"
type=SERVICE_START msg=audit(1720286718.231:497): pid=1 uid=0 auid=4294967295 ses=4294967295 msg='unit=serial-getty@ttyS0 comm="systemd" exe="/usr/lib/systemd/systemd" hostname=? addr=? terminal=? res=success'UID="root" AUID="unset"
type=SERVICE_STOP msg=audit(1720286718.231:498): pid=1 uid=0 auid=4294967295 ses=4294967295 msg='unit=serial-getty@ttyS0 comm="systemd" exe="/usr/lib/systemd/systemd" hostname=? addr=? terminal=? res=success'UID="root" AUID="unset"
type=SERVICE_START msg=audit(1720286718.243:499): pid=1 uid=0 auid=4294967295 ses=4294967295 msg='unit=serial-getty@ttyS0 comm="systemd" exe="/usr/lib/systemd/systemd" hostname=? addr=? terminal=? res=success'UID="root" AUID="unset"
type=SERVICE_STOP msg=audit(1720286728.254:500): pid=1 uid=0 auid=4294967295 ses=4294967295 msg='unit=serial-getty@ttyS0 comm="systemd" exe="/usr/lib/systemd/systemd" hostname=? addr=? terminal=? res=success'UID="root" AUID="unset"
type=SERVICE_START msg=audit(1720286728.480:501): pid=1 uid=0 auid=4294967295 ses=4294967295 msg='unit=serial-getty@ttyS0 comm="systemd" exe="/usr/lib/systemd/systemd" hostname=? addr=? terminal=? res=success'UID="root" AUID="unset"
type=SERVICE_STOP msg=audit(1720286728.481:502): pid=1 uid=0 auid=4294967295 ses=4294967295 msg='unit=serial-getty@ttyS0 comm="systemd" exe="/usr/lib/systemd/systemd" hostname=? addr=? terminal=? res=success'UID="root" AUID="unset"
type=SERVICE_START msg=audit(1720286728.490:503): pid=1 uid=0 auid=4294967295 ses=4294967295 msg='unit=serial-getty@ttyS0 comm="systemd" exe="/usr/lib/systemd/systemd" hostname=? addr=? terminal=? res=success'UID="root" AUID="unset"
type=SERVICE_STOP msg=audit(1720286738.501:504): pid=1 uid=0 auid=4294967295 ses=4294967295 msg='unit=serial-getty@ttyS0 comm="systemd" exe="/usr/lib/systemd/systemd" hostname=? addr=? terminal=? res=success'UID="root" AUID="unset"
type=SERVICE_START msg=audit(1720286738.730:505): pid=1 uid=0 auid=4294967295 ses=4294967295 msg='unit=serial-getty@ttyS0 comm="systemd" exe="/usr/lib/systemd/systemd" hostname=? addr=? terminal=? res=success'UID="root" AUID="unset"
type=SERVICE_STOP msg=audit(1720286738.731:506): pid=1 uid=0 auid=4294967295 ses=4294967295 msg='unit=serial-getty@ttyS0 comm="systemd" exe="/usr/lib/systemd/systemd" hostname=? addr=? terminal=? res=success'UID="root" AUID="unset"
type=SERVICE_START msg=audit(1720286738.741:507): pid=1 uid=0 auid=4294967295 ses=4294967295 msg='unit=serial-getty@ttyS0 comm="systemd" exe="/usr/lib/systemd/systemd" hostname=? addr=? terminal=? res=success'UID="root" AUID="unset"
type=SERVICE_STOP msg=audit(1720286748.760:508): pid=1 uid=0 auid=4294967295 ses=4294967295 msg='unit=serial-getty@ttyS0 comm="systemd" exe="/usr/lib/systemd/systemd" hostname=? addr=? terminal=? res=success'UID="root" AUID="unset"
type=SERVICE_START msg=audit(1720286748.980:509): pid=1 uid=0 auid=4294967295 ses=4294967295 msg='unit=serial-getty@ttyS0 comm="systemd" exe="/usr/lib/systemd/systemd" hostname=? addr=? terminal=? res=success'UID="root" AUID="unset"
type=SERVICE_STOP msg=audit(1720286748.980:510): pid=1 uid=0 auid=4294967295 ses=4294967295 msg='unit=serial-getty@ttyS0 comm="systemd" exe="/usr/lib/systemd/systemd" hostname=? addr=? terminal=? res=success'UID="root" AUID="unset"
type=SERVICE_START msg=audit(1720286748.993:511): pid=1 uid=0 auid=4294967295 ses=4294967295 msg='unit=serial-getty@ttyS0 comm="systemd" exe="/usr/lib/systemd/systemd" hostname=? addr=? terminal=? res=success'UID="root" AUID="unset"
type=SERVICE_STOP msg=audit(1720286759.016:512): pid=1 uid=0 auid=4294967295 ses=4294967295 msg='unit=serial-getty@ttyS0 comm="systemd" exe="/usr/lib/systemd/systemd" hostname=? addr=? terminal=? res=success'UID="root" AUID="unset"
type=SERVICE_START msg=audit(1720286759.231:513): pid=1 uid=0 auid=4294967295 ses=4294967295 msg='unit=serial-getty@ttyS0 comm="systemd" exe="/usr/lib/systemd/systemd" hostname=? addr=? terminal=? res=success'UID="root" AUID="unset"
type=SERVICE_STOP msg=audit(1720286759.231:514): pid=1 uid=0 auid=4294967295 ses=4294967295 msg='unit=serial-getty@ttyS0 comm="systemd" exe="/usr/lib/systemd/systemd" hostname=? addr=? terminal=? res=success'UID="root" AUID="unset"
type=SERVICE_START msg=audit(1720286759.239:515): pid=1 uid=0 auid=4294967295 ses=4294967295 msg='unit=serial-getty@ttyS0 comm="systemd" exe="/usr/lib/systemd/systemd" hostname=? addr=? terminal=? res=success'UID="root" AUID="unset"
type=SERVICE_STOP msg=audit(1720286769.257:516): pid=1 uid=0 auid=4294967295 ses=4294967295 msg='unit=serial-getty@ttyS0 comm="systemd" exe="/usr/lib/systemd/systemd" hostname=? addr=? terminal=? res=success'UID="root" AUID="unset"
type=SERVICE_START msg=audit(1720286769.480:517): pid=1 uid=0 auid=4294967295 ses=4294967295 msg='unit=serial-getty@ttyS0 comm="systemd" exe="/usr/lib/systemd/systemd" hostname=? addr=? terminal=? res=success'UID="root" AUID="unset"
type=SERVICE_STOP msg=audit(1720286769.481:518): pid=1 uid=0 auid=4294967295 ses=4294967295 msg='unit=serial-getty@ttyS0 comm="systemd" exe="/usr/lib/systemd/systemd" hostname=? addr=? terminal=? res=success'UID="root" AUID="unset"
type=SERVICE_START msg=audit(1720286769.489:519): pid=1 uid=0 auid=4294967295 ses=4294967295 msg='unit=serial-getty@ttyS0 comm="systemd" exe="/usr/lib/systemd/systemd" hostname=? addr=? terminal=? res=success'UID="root" AUID="unset"
type=SERVICE_STOP msg=audit(1720286779.501:520): pid=1 uid=0 auid=4294967295 ses=4294967295 msg='unit=serial-getty@ttyS0 comm="systemd" exe="/usr/lib/systemd/systemd" hostname=? addr=? terminal=? res=success'UID="root" AUID="unset"
type=SERVICE_START msg=audit(1720286779.730:521): pid=1 uid=0 auid=4294967295 ses=4294967295 msg='unit=serial-getty@ttyS0 comm="systemd" exe="/usr/lib/systemd/systemd" hostname=? addr=? terminal=? res=success'UID="root" AUID="unset"
type=SERVICE_STOP msg=audit(1720286779.731:522): pid=1 uid=0 auid=4294967295 ses=4294967295 msg='unit=serial-getty@ttyS0 comm="systemd" exe="/usr/lib/systemd/systemd" hostname=? addr=? terminal=? res=success'UID="root" AUID="unset"
type=SERVICE_START msg=audit(1720286779.740:523): pid=1 uid=0 auid=4294967295 ses=4294967295 msg='unit=serial-getty@ttyS0 comm="systemd" exe="/usr/lib/systemd/systemd" hostname=? addr=? terminal=? res=success'UID="root" AUID="unset"
type=SERVICE_STOP msg=audit(1720286789.762:524): pid=1 uid=0 auid=4294967295 ses=4294967295 msg='unit=serial-getty@ttyS0 comm="systemd" exe="/usr/lib/systemd/systemd" hostname=? addr=? terminal=? res=success'UID="root" AUID="unset"
type=SERVICE_START msg=audit(1720286789.980:525): pid=1 uid=0 auid=4294967295 ses=4294967295 msg='unit=serial-getty@ttyS0 comm="systemd" exe="/usr/lib/systemd/systemd" hostname=? addr=? terminal=? res=success'UID="root" AUID="unset"
type=SERVICE_STOP msg=audit(1720286789.981:526): pid=1 uid=0 auid=4294967295 ses=4294967295 msg='unit=serial-getty@ttyS0 comm="systemd" exe="/usr/lib/systemd/systemd" hostname=? addr=? terminal=? res=success'UID="root" AUID="unset"
type=SERVICE_START msg=audit(1720286789.994:527): pid=1 uid=0 auid=4294967295 ses=4294967295 msg='unit=serial-getty@ttyS0 comm="systemd" exe="/usr/lib/systemd/systemd" hostname=? addr=? terminal=? res=success'UID="root" AUID="unset"
type=SERVICE_STOP msg=audit(1720286800.006:528): pid=1 uid=0 auid=4294967295 ses=4294967295 msg='unit=serial-getty@ttyS0 comm="systemd" exe="/usr/lib/systemd/systemd" hostname=? addr=? terminal=? res=success'UID="root" AUID="unset"
type=SERVICE_START msg=audit(1720286800.231:529): pid=1 uid=0 auid=4294967295 ses=4294967295 msg='unit=serial-getty@ttyS0 comm="systemd" exe="/usr/lib/systemd/systemd" hostname=? addr=? terminal=? res=success'UID="root" AUID="unset"
type=SERVICE_STOP msg=audit(1720286800.231:530): pid=1 uid=0 auid=4294967295 ses=4294967295 msg='unit=serial-getty@ttyS0 comm="systemd" exe="/usr/lib/systemd/systemd" hostname=? addr=? terminal=? res=success'UID="root" AUID="unset"
type=SERVICE_START msg=audit(1720286800.240:531): pid=1 uid=0 auid=4294967295 ses=4294967295 msg='unit=serial-getty@ttyS0 comm="systemd" exe="/usr/lib/systemd/systemd" hostname=? addr=? terminal=? res=success'UID="root" AUID="unset"
type=SERVICE_STOP msg=audit(1720286810.261:532): pid=1 uid=0 auid=4294967295 ses=4294967295 msg='unit=serial-getty@ttyS0 comm="systemd" exe="/usr/lib/systemd/systemd" hostname=? addr=? terminal=? res=success'UID="root" AUID="unset"
type=SERVICE_START msg=audit(1720286810.481:533): pid=1 uid=0 auid=4294967295 ses=4294967295 msg='unit=serial-getty@ttyS0 comm="systemd" exe="/usr/lib/systemd/systemd" hostname=? addr=? terminal=? res=success'UID="root" AUID="unset"
type=SERVICE_STOP msg=audit(1720286810.481:534): pid=1 uid=0 auid=4294967295 ses=4294967295 msg='unit=serial-getty@ttyS0 comm="systemd" exe="/usr/lib/systemd/systemd" hostname=? addr=? terminal=? res=success'UID="root" AUID="unset"
type=SERVICE_START msg=audit(1720286810.495:535): pid=1 uid=0 auid=4294967295 ses=4294967295 msg='unit=serial-getty@ttyS0 comm="systemd" exe="/usr/lib/systemd/systemd" hostname=? addr=? terminal=? res=success'UID="root" AUID="unset"
type=SERVICE_STOP msg=audit(1720286820.514:536): pid=1 uid=0 auid=4294967295 ses=4294967295 msg='unit=serial-getty@ttyS0 comm="systemd" exe="/usr/lib/systemd/systemd" hostname=? addr=? terminal=? res=success'UID="root" AUID="unset"
type=SERVICE_START msg=audit(1720286820.730:537): pid=1 uid=0 auid=4294967295 ses=4294967295 msg='unit=serial-getty@ttyS0 comm="systemd" exe="/usr/lib/systemd/systemd" hostname=? addr=? terminal=? res=success'UID="root" AUID="unset"
type=SERVICE_STOP msg=audit(1720286820.731:538): pid=1 uid=0 auid=4294967295 ses=4294967295 msg='unit=serial-getty@ttyS0 comm="systemd" exe="/usr/lib/systemd/systemd" hostname=? addr=? terminal=? res=success'UID="root" AUID="unset"
type=SERVICE_START msg=audit(1720286820.741:539): pid=1 uid=0 auid=4294967295 ses=4294967295 msg='unit=serial-getty@ttyS0 comm="systemd" exe="/usr/lib/systemd/systemd" hostname=? addr=? terminal=? res=success'UID="root" AUID="unset"
type=SERVICE_STOP msg=audit(1720286830.759:540): pid=1 uid=0 auid=4294967295 ses=4294967295 msg='unit=serial-getty@ttyS0 comm="systemd" exe="/usr/lib/systemd/systemd" hostname=? addr=? terminal=? res=success'UID="root" AUID="unset"
type=SERVICE_START msg=audit(1720286830.981:541): pid=1 uid=0 auid=4294967295 ses=4294967295 msg='unit=serial-getty@ttyS0 comm="systemd" exe="/usr/lib/systemd/systemd" hostname=? addr=? terminal=? res=success'UID="root" AUID="unset"
type=SERVICE_STOP msg=audit(1720286830.981:542): pid=1 uid=0 auid=4294967295 ses=4294967295 msg='unit=serial-getty@ttyS0 comm="systemd" exe="/usr/lib/systemd/systemd" hostname=? addr=? terminal=? res=success'UID="root" AUID="unset"
type=SERVICE_START msg=audit(1720286830.996:543): pid=1 uid=0 auid=4294967295 ses=4294967295 msg='unit=serial-getty@ttyS0 comm="systemd" exe="/usr/lib/systemd/systemd" hostname=? addr=? terminal=? res=success'UID="root" AUID="unset"
type=SERVICE_STOP msg=audit(1720286841.014:544): pid=1 uid=0 auid=4294967295 ses=4294967295 msg='unit=serial-getty@ttyS0 comm="systemd" exe="/usr/lib/systemd/systemd" hostname=? addr=? terminal=? res=success'UID="root" AUID="unset"
type=SERVICE_START msg=audit(1720286841.231:545): pid=1 uid=0 auid=4294967295 ses=4294967295 msg='unit=serial-getty@ttyS0 comm="systemd" exe="/usr/lib/systemd/systemd" hostname=? addr=? terminal=? res=success'UID="root" AUID="unset"
type=SERVICE_STOP msg=audit(1720286841.231:546): pid=1 uid=0 auid=4294967295 ses=4294967295 msg='unit=serial-getty@ttyS0 comm="systemd" exe="/usr/lib/systemd/systemd" hostname=? addr=? terminal=? res=success'UID="root" AUID="unset"
type=SERVICE_START msg=audit(1720286841.240:547): pid=1 uid=0 auid=4294967295 ses=4294967295 msg='unit=serial-getty@ttyS0 comm="systemd" exe="/usr/lib/systemd/systemd" hostname=? addr=? terminal=? res=success'UID="root" AUID="unset"
type=SERVICE_STOP msg=audit(1720286851.254:548): pid=1 uid=0 auid=4294967295 ses=4294967295 msg='unit=serial-getty@ttyS0 comm="systemd" exe="/usr/lib/systemd/systemd" hostname=? addr=? terminal=? res=success'UID="root" AUID="unset"
type=SERVICE_START msg=audit(1720286851.480:549): pid=1 uid=0 auid=4294967295 ses=4294967295 msg='unit=serial-getty@ttyS0 comm="systemd" exe="/usr/lib/systemd/systemd" hostname=? addr=? terminal=? res=success'UID="root" AUID="unset"
type=SERVICE_STOP msg=audit(1720286851.480:550): pid=1 uid=0 auid=4294967295 ses=4294967295 msg='unit=serial-getty@ttyS0 comm="systemd" exe="/usr/lib/systemd/systemd" hostname=? addr=? terminal=? res=success'UID="root" AUID="unset"
type=SERVICE_START msg=audit(1720286851.494:551): pid=1 uid=0 auid=4294967295 ses=4294967295 msg='unit=serial-getty@ttyS0 comm="systemd" exe="/usr/lib/systemd/systemd" hostname=? addr=? terminal=? res=success'UID="root" AUID="unset"
type=SERVICE_STOP msg=audit(1720286861.510:552): pid=1 uid=0 auid=4294967295 ses=4294967295 msg='unit=serial-getty@ttyS0 comm="systemd" exe="/usr/lib/systemd/systemd" hostname=? addr=? terminal=? res=success'UID="root" AUID="unset"
type=SERVICE_START msg=audit(1720286861.731:553): pid=1 uid=0 auid=4294967295 ses=4294967295 msg='unit=serial-getty@ttyS0 comm="systemd" exe="/usr/lib/systemd/systemd" hostname=? addr=? terminal=? res=success'UID="root" AUID="unset"
type=SERVICE_STOP msg=audit(1720286861.731:554): pid=1 uid=0 auid=4294967295 ses=4294967295 msg='unit=serial-getty@ttyS0 comm="systemd" exe="/usr/lib/systemd/systemd" hostname=? addr=? terminal=? res=success'UID="root" AUID="unset"
type=SERVICE_START msg=audit(1720286861.744:555): pid=1 uid=0 auid=4294967295 ses=4294967295 msg='unit=serial-getty@ttyS0 comm="systemd" exe="/usr/lib/systemd/systemd" hostname=? addr=? terminal=? res=success'UID="root" AUID="unset"
type=SERVICE_STOP msg=audit(1720286871.762:556): pid=1 uid=0 auid=4294967295 ses=4294967295 msg='unit=serial-getty@ttyS0 comm="systemd" exe="/usr/lib/systemd/systemd" hostname=? addr=? terminal=? res=success'UID="root" AUID="unset"
type=SERVICE_START msg=audit(1720286871.980:557): pid=1 uid=0 auid=4294967295 ses=4294967295 msg='unit=serial-getty@ttyS0 comm="systemd" exe="/usr/lib/systemd/systemd" hostname=? addr=? terminal=? res=success'UID="root" AUID="unset"
type=SERVICE_STOP msg=audit(1720286871.981:558): pid=1 uid=0 auid=4294967295 ses=4294967295 msg='unit=serial-getty@ttyS0 comm="systemd" exe="/usr/lib/systemd/systemd" hostname=? addr=? terminal=? res=success'UID="root" AUID="unset"
type=SERVICE_START msg=audit(1720286871.996:559): pid=1 uid=0 auid=4294967295 ses=4294967295 msg='unit=serial-getty@ttyS0 comm="systemd" exe="/usr/lib/systemd/systemd" hostname=? addr=? terminal=? res=success'UID="root" AUID="unset"
type=SERVICE_STOP msg=audit(1720286882.011:560): pid=1 uid=0 auid=4294967295 ses=4294967295 msg='unit=serial-getty@ttyS0 comm="systemd" exe="/usr/lib/systemd/systemd" hostname=? addr=? terminal=? res=success'UID="root" AUID="unset"
type=SERVICE_START msg=audit(1720286882.230:561): pid=1 uid=0 auid=4294967295 ses=4294967295 msg='unit=serial-getty@ttyS0 comm="systemd" exe="/usr/lib/systemd/systemd" hostname=? addr=? terminal=? res=success'UID="root" AUID="unset"
type=SERVICE_STOP msg=audit(1720286882.231:562): pid=1 uid=0 auid=4294967295 ses=4294967295 msg='unit=serial-getty@ttyS0 comm="systemd" exe="/usr/lib/systemd/systemd" hostname=? addr=? terminal=? res=success'UID="root" AUID="unset"
type=SERVICE_START msg=audit(1720286882.240:563): pid=1 uid=0 auid=4294967295 ses=4294967295 msg='unit=serial-getty@ttyS0 comm="systemd" exe="/usr/lib/systemd/systemd" hostname=? addr=? terminal=? res=success'UID="root" AUID="unset"
type=SERVICE_STOP msg=audit(1720286892.259:564): pid=1 uid=0 auid=4294967295 ses=4294967295 msg='unit=serial-getty@ttyS0 comm="systemd" exe="/usr/lib/systemd/systemd" hostname=? addr=? terminal=? res=success'UID="root" AUID="unset"
type=SERVICE_START msg=audit(1720286892.480:565): pid=1 uid=0 auid=4294967295 ses=4294967295 msg='unit=serial-getty@ttyS0 comm="systemd" exe="/usr/lib/systemd/systemd" hostname=? addr=? terminal=? res=success'UID="root" AUID="unset"
type=SERVICE_STOP msg=audit(1720286892.480:566): pid=1 uid=0 auid=4294967295 ses=4294967295 msg='unit=serial-getty@ttyS0 comm="systemd" exe="/usr/lib/systemd/systemd" hostname=? addr=? terminal=? res=success'UID="root" AUID="unset"
type=SERVICE_START msg=audit(1720286892.490:567): pid=1 uid=0 auid=4294967295 ses=4294967295 msg='unit=serial-getty@ttyS0 comm="systemd" exe="/usr/lib/systemd/systemd" hostname=? addr=? terminal=? res=success'UID="root" AUID="unset"
type=SERVICE_STOP msg=audit(1720286902.510:568): pid=1 uid=0 auid=4294967295 ses=4294967295 msg='unit=serial-getty@ttyS0 comm="systemd" exe="/usr/lib/systemd/systemd" hostname=? addr=? terminal=? res=success'UID="root" AUID="unset"
type=SERVICE_START msg=audit(1720286902.731:569): pid=1 uid=0 auid=4294967295 ses=4294967295 msg='unit=serial-getty@ttyS0 comm="systemd" exe="/usr/lib/systemd/systemd" hostname=? addr=? terminal=? res=success'UID="root" AUID="unset"
type=SERVICE_STOP msg=audit(1720286902.731:570): pid=1 uid=0 auid=4294967295 ses=4294967295 msg='unit=serial-getty@ttyS0 comm="systemd" exe="/usr/lib/systemd/systemd" hostname=? addr=? terminal=? res=success'UID="root" AUID="unset"
type=SERVICE_START msg=audit(1720286902.740:571): pid=1 uid=0 auid=4294967295 ses=4294967295 msg='unit=serial-getty@ttyS0 comm="systemd" exe="/usr/lib/systemd/systemd" hostname=? addr=? terminal=? res=success'UID="root" AUID="unset"
type=SERVICE_STOP msg=audit(1720286912.757:572): pid=1 uid=0 auid=4294967295 ses=4294967295 msg='unit=serial-getty@ttyS0 comm="systemd" exe="/usr/lib/systemd/systemd" hostname=? addr=? terminal=? res=success'UID="root" AUID="unset"
type=SERVICE_START msg=audit(1720286912.981:573): pid=1 uid=0 auid=4294967295 ses=4294967295 msg='unit=serial-getty@ttyS0 comm="systemd" exe="/usr/lib/systemd/systemd" hostname=? addr=? terminal=? res=success'UID="root" AUID="unset"
type=SERVICE_STOP msg=audit(1720286912.981:574): pid=1 uid=0 auid=4294967295 ses=4294967295 msg='unit=serial-getty@ttyS0 comm="systemd" exe="/usr/lib/systemd/systemd" hostname=? addr=? terminal=? res=success'UID="root" AUID="unset"
type=SERVICE_START msg=audit(1720286912.991:575): pid=1 uid=0 auid=4294967295 ses=4294967295 msg='unit=serial-getty@ttyS0 comm="systemd" exe="/usr/lib/systemd/systemd" hostname=? addr=? terminal=? res=success'UID="root" AUID="unset"
type=SERVICE_STOP msg=audit(1720286923.007:576): pid=1 uid=0 auid=4294967295 ses=4294967295 msg='unit=serial-getty@ttyS0 comm="systemd" exe="/usr/lib/systemd/systemd" hostname=? addr=? terminal=? res=success'UID="root" AUID="unset"
type=SERVICE_START msg=audit(1720286923.230:577): pid=1 uid=0 auid=4294967295 ses=4294967295 msg='unit=serial-getty@ttyS0 comm="systemd" exe="/usr/lib/systemd/systemd" hostname=? addr=? terminal=? res=success'UID="root" AUID="unset"
type=SERVICE_STOP msg=audit(1720286923.230:578): pid=1 uid=0 auid=4294967295 ses=4294967295 msg='unit=serial-getty@ttyS0 comm="systemd" exe="/usr/lib/systemd/systemd" hostname=? addr=? terminal=? res=success'UID="root" AUID="unset"
type=SERVICE_START msg=audit(1720286923.239:579): pid=1 uid=0 auid=4294967295 ses=4294967295 msg='unit=serial-getty@ttyS0 comm="systemd" exe="/usr/lib/systemd/systemd" hostname=? addr=? terminal=? res=success'UID="root" AUID="unset"
type=SERVICE_STOP msg=audit(1720286933.258:580): pid=1 uid=0 auid=4294967295 ses=4294967295 msg='unit=serial-getty@ttyS0 comm="systemd" exe="/usr/lib/systemd/systemd" hostname=? addr=? terminal=? res=success'UID="root" AUID="unset"
type=SERVICE_START msg=audit(1720286933.480:581): pid=1 uid=0 auid=4294967295 ses=4294967295 msg='unit=serial-getty@ttyS0 comm="systemd" exe="/usr/lib/systemd/systemd" hostname=? addr=? terminal=? res=success'UID="root" AUID="unset"
type=SERVICE_STOP msg=audit(1720286933.481:582): pid=1 uid=0 auid=4294967295 ses=4294967295 msg='unit=serial-getty@ttyS0 comm="systemd" exe="/usr/lib/systemd/systemd" hostname=? addr=? terminal=? res=success'UID="root" AUID="unset"
type=SERVICE_START msg=audit(1720286933.490:583): pid=1 uid=0 auid=4294967295 ses=4294967295 msg='unit=serial-getty@ttyS0 comm="systemd" exe="/usr/lib/systemd/systemd" hostname=? addr=? terminal=? res=success'UID="root" AUID="unset"
type=SERVICE_STOP msg=audit(1720286943.506:584): pid=1 uid=0 auid=4294967295 ses=4294967295 msg='unit=serial-getty@ttyS0 comm="systemd" exe="/usr/lib/systemd/systemd" hostname=? addr=? terminal=? res=success'UID="root" AUID="unset"
type=SERVICE_START msg=audit(1720286943.731:585): pid=1 uid=0 auid=4294967295 ses=4294967295 msg='unit=serial-getty@ttyS0 comm="systemd" exe="/usr/lib/systemd/systemd" hostname=? addr=? terminal=? res=success'UID="root" AUID="unset"
type=SERVICE_STOP msg=audit(1720286943.731:586): pid=1 uid=0 auid=4294967295 ses=4294967295 msg='unit=serial-getty@ttyS0 comm="systemd" exe="/usr/lib/systemd/systemd" hostname=? addr=? terminal=? res=success'UID="root" AUID="unset"
type=SERVICE_START msg=audit(1720286943.739:587): pid=1 uid=0 auid=4294967295 ses=4294967295 msg='unit=serial-getty@ttyS0 comm="systemd" exe="/usr/lib/systemd/systemd" hostname=? addr=? terminal=? res=success'UID="root" AUID="unset"
type=SERVICE_STOP msg=audit(1720286953.750:588): pid=1 uid=0 auid=4294967295 ses=4294967295 msg='unit=serial-getty@ttyS0 comm="systemd" exe="/usr/lib/systemd/systemd" hostname=? addr=? terminal=? res=success'UID="root" AUID="unset"
type=SERVICE_START msg=audit(1720286953.980:589): pid=1 uid=0 auid=4294967295 ses=4294967295 msg='unit=serial-getty@ttyS0 comm="systemd" exe="/usr/lib/systemd/systemd" hostname=? addr=? terminal=? res=success'UID="root" AUID="unset"
type=SERVICE_STOP msg=audit(1720286953.980:590): pid=1 uid=0 auid=4294967295 ses=4294967295 msg='unit=serial-getty@ttyS0 comm="systemd" exe="/usr/lib/systemd/systemd" hostname=? addr=? terminal=? res=success'UID="root" AUID="unset"
type=SERVICE_START msg=audit(1720286953.990:591): pid=1 uid=0 auid=4294967295 ses=4294967295 msg='unit=serial-getty@ttyS0 comm="systemd" exe="/usr/lib/systemd/systemd" hostname=? addr=? terminal=? res=success'UID="root" AUID="unset"
type=SERVICE_STOP msg=audit(1720286964.013:592): pid=1 uid=0 auid=4294967295 ses=4294967295 msg='unit=serial-getty@ttyS0 comm="systemd" exe="/usr/lib/systemd/systemd" hostname=? addr=? terminal=? res=success'UID="root" AUID="unset"
type=SERVICE_START msg=audit(1720286964.230:593): pid=1 uid=0 auid=4294967295 ses=4294967295 msg='unit=serial-getty@ttyS0 comm="systemd" exe="/usr/lib/systemd/systemd" hostname=? addr=? terminal=? res=success'UID="root" AUID="unset"
type=SERVICE_STOP msg=audit(1720286964.231:594): pid=1 uid=0 auid=4294967295 ses=4294967295 msg='unit=serial-getty@ttyS0 comm="systemd" exe="/usr/lib/systemd/systemd" hostname=? addr=? terminal=? res=success'UID="root" AUID="unset"
type=SERVICE_START msg=audit(1720286964.243:595): pid=1 uid=0 auid=4294967295 ses=4294967295 msg='unit=serial-getty@ttyS0 comm="systemd" exe="/usr/lib/systemd/systemd" hostname=? addr=? terminal=? res=success'UID="root" AUID="unset"
type=SERVICE_STOP msg=audit(1720286974.255:596): pid=1 uid=0 auid=4294967295 ses=4294967295 msg='unit=serial-getty@ttyS0 comm="systemd" exe="/usr/lib/systemd/systemd" hostname=? addr=? terminal=? res=success'UID="root" AUID="unset"
type=SERVICE_START msg=audit(1720286974.480:597): pid=1 uid=0 auid=4294967295 ses=4294967295 msg='unit=serial-getty@ttyS0 comm="systemd" exe="/usr/lib/systemd/systemd" hostname=? addr=? terminal=? res=success'UID="root" AUID="unset"
type=SERVICE_STOP msg=audit(1720286974.480:598): pid=1 uid=0 auid=4294967295 ses=4294967295 msg='unit=serial-getty@ttyS0 comm="systemd" exe="/usr/lib/systemd/systemd" hostname=? addr=? terminal=? res=success'UID="root" AUID="unset"
type=SERVICE_START msg=audit(1720286974.493:599): pid=1 uid=0 auid=4294967295 ses=4294967295 msg='unit=serial-getty@ttyS0 comm="systemd" exe="/usr/lib/systemd/systemd" hostname=? addr=? terminal=? res=success'UID="root" AUID="unset"
type=SERVICE_STOP msg=audit(1720286984.510:600): pid=1 uid=0 auid=4294967295 ses=4294967295 msg='unit=serial-getty@ttyS0 comm="systemd" exe="/usr/lib/systemd/systemd" hostname=? addr=? terminal=? res=success'UID="root" AUID="unset"
type=SERVICE_START msg=audit(1720286984.731:601): pid=1 uid=0 auid=4294967295 ses=4294967295 msg='unit=serial-getty@ttyS0 comm="systemd" exe="/usr/lib/systemd/systemd" hostname=? addr=? terminal=? res=success'UID="root" AUID="unset"
type=SERVICE_STOP msg=audit(1720286984.731:602): pid=1 uid=0 auid=4294967295 ses=4294967295 msg='unit=serial-getty@ttyS0 comm="systemd" exe="/usr/lib/systemd/systemd" hostname=? addr=? terminal=? res=success'UID="root" AUID="unset"
type=SERVICE_START msg=audit(1720286984.740:603): pid=1 uid=0 auid=4294967295 ses=4294967295 msg='unit=serial-getty@ttyS0 comm="systemd" exe="/usr/lib/systemd/systemd" hostname=? addr=? terminal=? res=success'UID="root" AUID="unset"
type=SERVICE_STOP msg=audit(1720286994.757:604): pid=1 uid=0 auid=4294967295 ses=4294967295 msg='unit=serial-getty@ttyS0 comm="systemd" exe="/usr/lib/systemd/systemd" hostname=? addr=? terminal=? res=success'UID="root" AUID="unset"
type=SERVICE_START msg=audit(1720286994.981:605): pid=1 uid=0 auid=4294967295 ses=4294967295 msg='unit=serial-getty@ttyS0 comm="systemd" exe="/usr/lib/systemd/systemd" hostname=? addr=? terminal=? res=success'UID="root" AUID="unset"
type=SERVICE_STOP msg=audit(1720286994.981:606): pid=1 uid=0 auid=4294967295 ses=4294967295 msg='unit=serial-getty@ttyS0 comm="systemd" exe="/usr/lib/systemd/systemd" hostname=? addr=? terminal=? res=success'UID="root" AUID="unset"
type=SERVICE_START msg=audit(1720286994.990:607): pid=1 uid=0 auid=4294967295 ses=4294967295 msg='unit=serial-getty@ttyS0 comm="systemd" exe="/usr/lib/systemd/systemd" hostname=? addr=? terminal=? res=success'UID="root" AUID="unset"
type=SERVICE_STOP msg=audit(1720287005.002:608): pid=1 uid=0 auid=4294967295 ses=4294967295 msg='unit=serial-getty@ttyS0 comm="systemd" exe="/usr/lib/systemd/systemd" hostname=? addr=? terminal=? res=success'UID="root" AUID="unset"
type=SERVICE_START msg=audit(1720287005.231:609): pid=1 uid=0 auid=4294967295 ses=4294967295 msg='unit=serial-getty@ttyS0 comm="systemd" exe="/usr/lib/systemd/systemd" hostname=? addr=? terminal=? res=success'UID="root" AUID="unset"
type=SERVICE_STOP msg=audit(1720287005.231:610): pid=1 uid=0 auid=4294967295 ses=4294967295 msg='unit=serial-getty@ttyS0 comm="systemd" exe="/usr/lib/systemd/systemd" hostname=? addr=? terminal=? res=success'UID="root" AUID="unset"
type=SERVICE_START msg=audit(1720287005.238:611): pid=1 uid=0 auid=4294967295 ses=4294967295 msg='unit=serial-getty@ttyS0 comm="systemd" exe="/usr/lib/systemd/systemd" hostname=? addr=? terminal=? res=success'UID="root" AUID="unset"
type=SERVICE_STOP msg=audit(1720287015.248:612): pid=1 uid=0 auid=4294967295 ses=4294967295 msg='unit=serial-getty@ttyS0 comm="systemd" exe="/usr/lib/systemd/systemd" hostname=? addr=? terminal=? res=success'UID="root" AUID="unset"
type=SERVICE_START msg=audit(1720287015.482:613): pid=1 uid=0 auid=4294967295 ses=4294967295 msg='unit=serial-getty@ttyS0 comm="systemd" exe="/usr/lib/systemd/systemd" hostname=? addr=? terminal=? res=success'UID="root" AUID="unset"
type=SERVICE_STOP msg=audit(1720287015.482:614): pid=1 uid=0 auid=4294967295 ses=4294967295 msg='unit=serial-getty@ttyS0 comm="systemd" exe="/usr/lib/systemd/systemd" hostname=? addr=? terminal=? res=success'UID="root" AUID="unset"
type=SERVICE_START msg=audit(1720287015.490:615): pid=1 uid=0 auid=4294967295 ses=4294967295 msg='unit=serial-getty@ttyS0 comm="systemd" exe="/usr/lib/systemd/systemd" hostname=? addr=? terminal=? res=success'UID="root" AUID="unset"
type=SERVICE_STOP msg=audit(1720287025.500:616): pid=1 uid=0 auid=4294967295 ses=4294967295 msg='unit=serial-getty@ttyS0 comm="systemd" exe="/usr/lib/systemd/systemd" hostname=? addr=? terminal=? res=success'UID="root" AUID="unset"
type=SERVICE_START msg=audit(1720287025.730:617): pid=1 uid=0 auid=4294967295 ses=4294967295 msg='unit=serial-getty@ttyS0 comm="systemd" exe="/usr/lib/systemd/systemd" hostname=? addr=? terminal=? res=success'UID="root" AUID="unset"
type=SERVICE_STOP msg=audit(1720287025.731:618): pid=1 uid=0 auid=4294967295 ses=4294967295 msg='unit=serial-getty@ttyS0 comm="systemd" exe="/usr/lib/systemd/systemd" hostname=? addr=? terminal=? res=success'UID="root" AUID="unset"
type=SERVICE_START msg=audit(1720287025.741:619): pid=1 uid=0 auid=4294967295 ses=4294967295 msg='unit=serial-getty@ttyS0 comm="systemd" exe="/usr/lib/systemd/systemd" hostname=? addr=? terminal=? res=success'UID="root" AUID="unset"
type=SERVICE_STOP msg=audit(1720287035.813:620): pid=1 uid=0 auid=4294967295 ses=4294967295 msg='unit=serial-getty@ttyS0 comm="systemd" exe="/usr/lib/systemd/systemd" hostname=? addr=? terminal=? res=success'UID="root" AUID="unset"
type=SERVICE_START msg=audit(1720287035.980:621): pid=1 uid=0 auid=4294967295 ses=4294967295 msg='unit=serial-getty@ttyS0 comm="systemd" exe="/usr/lib/systemd/systemd" hostname=? addr=? terminal=? res=success'UID="root" AUID="unset"
type=SERVICE_STOP msg=audit(1720287035.980:622): pid=1 uid=0 auid=4294967295 ses=4294967295 msg='unit=serial-getty@ttyS0 comm="systemd" exe="/usr/lib/systemd/systemd" hostname=? addr=? terminal=? res=success'UID="root" AUID="unset"
type=SERVICE_START msg=audit(1720287035.992:623): pid=1 uid=0 auid=4294967295 ses=4294967295 msg='unit=serial-getty@ttyS0 comm="systemd" exe="/usr/lib/systemd/systemd" hostname=? addr=? terminal=? res=success'UID="root" AUID="unset"
type=SERVICE_STOP msg=audit(1720287046.011:624): pid=1 uid=0 auid=4294967295 ses=4294967295 msg='unit=serial-getty@ttyS0 comm="systemd" exe="/usr/lib/systemd/systemd" hostname=? addr=? terminal=? res=success'UID="root" AUID="unset"
type=SERVICE_START msg=audit(1720287046.134:625): pid=1 uid=0 auid=4294967295 ses=4294967295 msg='unit=serial-getty@ttyS0 comm="systemd" exe="/usr/lib/systemd/systemd" hostname=? addr=? terminal=? res=success'UID="root" AUID="unset"
type=SERVICE_STOP msg=audit(1720287046.134:626): pid=1 uid=0 auid=4294967295 ses=4294967295 msg='unit=serial-getty@ttyS0 comm="systemd" exe="/usr/lib/systemd/systemd" hostname=? addr=? terminal=? res=success'UID="root" AUID="unset"
type=SERVICE_START msg=audit(1720287046.144:627): pid=1 uid=0 auid=4294967295 ses=4294967295 msg='unit=serial-getty@ttyS0 comm="systemd" exe="/usr/lib/systemd/systemd" hostname=? addr=? terminal=? res=success'UID="root" AUID="unset"
type=SERVICE_STOP msg=audit(1720287056.166:628): pid=1 uid=0 auid=4294967295 ses=4294967295 msg='unit=serial-getty@ttyS0 comm="systemd" exe="/usr/lib/systemd/systemd" hostname=? addr=? terminal=? res=success'UID="root" AUID="unset"
type=SERVICE_START msg=audit(1720287056.481:629): pid=1 uid=0 auid=4294967295 ses=4294967295 msg='unit=serial-getty@ttyS0 comm="systemd" exe="/usr/lib/systemd/systemd" hostname=? addr=? terminal=? res=success'UID="root" AUID="unset"
type=SERVICE_STOP msg=audit(1720287056.481:630): pid=1 uid=0 auid=4294967295 ses=4294967295 msg='unit=serial-getty@ttyS0 comm="systemd" exe="/usr/lib/systemd/systemd" hostname=? addr=? terminal=? res=success'UID="root" AUID="unset"
type=SERVICE_START msg=audit(1720287056.490:631): pid=1 uid=0 auid=4294967295 ses=4294967295 msg='unit=serial-getty@ttyS0 comm="systemd" exe="/usr/lib/systemd/systemd" hostname=? addr=? terminal=? res=success'UID="root" AUID="unset"
type=SERVICE_STOP msg=audit(1720287066.508:632): pid=1 uid=0 auid=4294967295 ses=4294967295 msg='unit=serial-getty@ttyS0 comm="systemd" exe="/usr/lib/systemd/systemd" hostname=? addr=? terminal=? res=success'UID="root" AUID="unset"
type=SERVICE_START msg=audit(1720287066.730:633): pid=1 uid=0 auid=4294967295 ses=4294967295 msg='unit=serial-getty@ttyS0 comm="systemd" exe="/usr/lib/systemd/systemd" hostname=? addr=? terminal=? res=success'UID="root" AUID="unset"
type=SERVICE_STOP msg=audit(1720287066.731:634): pid=1 uid=0 auid=4294967295 ses=4294967295 msg='unit=serial-getty@ttyS0 comm="systemd" exe="/usr/lib/systemd/systemd" hostname=? addr=? terminal=? res=success'UID="root" AUID="unset"
type=SERVICE_START msg=audit(1720287066.740:635): pid=1 uid=0 auid=4294967295 ses=4294967295 msg='unit=serial-getty@ttyS0 comm="systemd" exe="/usr/lib/systemd/systemd" hostname=? addr=? terminal=? res=success'UID="root" AUID="unset"
type=SERVICE_STOP msg=audit(1720287076.758:636): pid=1 uid=0 auid=4294967295 ses=4294967295 msg='unit=serial-getty@ttyS0 comm="systemd" exe="/usr/lib/systemd/systemd" hostname=? addr=? terminal=? res=success'UID="root" AUID="unset"
type=SERVICE_START msg=audit(1720287076.981:637): pid=1 uid=0 auid=4294967295 ses=4294967295 msg='unit=serial-getty@ttyS0 comm="systemd" exe="/usr/lib/systemd/systemd" hostname=? addr=? terminal=? res=success'UID="root" AUID="unset"
type=SERVICE_STOP msg=audit(1720287076.981:638): pid=1 uid=0 auid=4294967295 ses=4294967295 msg='unit=serial-getty@ttyS0 comm="systemd" exe="/usr/lib/systemd/systemd" hostname=? addr=? terminal=? res=success'UID="root" AUID="unset"
type=SERVICE_START msg=audit(1720287076.990:639): pid=1 uid=0 auid=4294967295 ses=4294967295 msg='unit=serial-getty@ttyS0 comm="systemd" exe="/usr/lib/systemd/systemd" hostname=? addr=? terminal=? res=success'UID="root" AUID="unset"
type=SERVICE_STOP msg=audit(1720287087.002:640): pid=1 uid=0 auid=4294967295 ses=4294967295 msg='unit=serial-getty@ttyS0 comm="systemd" exe="/usr/lib/systemd/systemd" hostname=? addr=? terminal=? res=success'UID="root" AUID="unset"
type=SERVICE_START msg=audit(1720287087.231:641): pid=1 uid=0 auid=4294967295 ses=4294967295 msg='unit=serial-getty@ttyS0 comm="systemd" exe="/usr/lib/systemd/systemd" hostname=? addr=? terminal=? res=success'UID="root" AUID="unset"
type=SERVICE_STOP msg=audit(1720287087.231:642): pid=1 uid=0 auid=4294967295 ses=4294967295 msg='unit=serial-getty@ttyS0 comm="systemd" exe="/usr/lib/systemd/systemd" hostname=? addr=? terminal=? res=success'UID="root" AUID="unset"
type=SERVICE_START msg=audit(1720287087.243:643): pid=1 uid=0 auid=4294967295 ses=4294967295 msg='unit=serial-getty@ttyS0 comm="systemd" exe="/usr/lib/systemd/systemd" hostname=? addr=? terminal=? res=success'UID="root" AUID="unset"
type=SERVICE_STOP msg=audit(1720287097.260:644): pid=1 uid=0 auid=4294967295 ses=4294967295 msg='unit=serial-getty@ttyS0 comm="systemd" exe="/usr/lib/systemd/systemd" hostname=? addr=? terminal=? res=success'UID="root" AUID="unset"
type=SERVICE_START msg=audit(1720287097.480:645): pid=1 uid=0 auid=4294967295 ses=4294967295 msg='unit=serial-getty@ttyS0 comm="systemd" exe="/usr/lib/systemd/systemd" hostname=? addr=? terminal=? res=success'UID="root" AUID="unset"
type=SERVICE_STOP msg=audit(1720287097.480:646): pid=1 uid=0 auid=4294967295 ses=4294967295 msg='unit=serial-getty@ttyS0 comm="systemd" exe="/usr/lib/systemd/systemd" hostname=? addr=? terminal=? res=success'UID="root" AUID="unset"
type=SERVICE_START msg=audit(1720287097.493:647): pid=1 uid=0 auid=4294967295 ses=4294967295 msg='unit=serial-getty@ttyS0 comm="systemd" exe="/usr/lib/systemd/systemd" hostname=? addr=? terminal=? res=success'UID="root" AUID="unset"
type=SERVICE_STOP msg=audit(1720287107.511:648): pid=1 uid=0 auid=4294967295 ses=4294967295 msg='unit=serial-getty@ttyS0 comm="systemd" exe="/usr/lib/systemd/systemd" hostname=? addr=? terminal=? res=success'UID="root" AUID="unset"
type=SERVICE_START msg=audit(1720287107.731:649): pid=1 uid=0 auid=4294967295 ses=4294967295 msg='unit=serial-getty@ttyS0 comm="systemd" exe="/usr/lib/systemd/systemd" hostname=? addr=? terminal=? res=success'UID="root" AUID="unset"
type=SERVICE_STOP msg=audit(1720287107.731:650): pid=1 uid=0 auid=4294967295 ses=4294967295 msg='unit=serial-getty@ttyS0 comm="systemd" exe="/usr/lib/systemd/systemd" hostname=? addr=? terminal=? res=success'UID="root" AUID="unset"
type=SERVICE_START msg=audit(1720287107.740:651): pid=1 uid=0 auid=4294967295 ses=4294967295 msg='unit=serial-getty@ttyS0 comm="systemd" exe="/usr/lib/systemd/systemd" hostname=? addr=? terminal=? res=success'UID="root" AUID="unset"
type=SERVICE_STOP msg=audit(1720287117.756:652): pid=1 uid=0 auid=4294967295 ses=4294967295 msg='unit=serial-getty@ttyS0 comm="systemd" exe="/usr/lib/systemd/systemd" hostname=? addr=? terminal=? res=success'UID="root" AUID="unset"
type=SERVICE_START msg=audit(1720287117.981:653): pid=1 uid=0 auid=4294967295 ses=4294967295 msg='unit=serial-getty@ttyS0 comm="systemd" exe="/usr/lib/systemd/systemd" hostname=? addr=? terminal=? res=success'UID="root" AUID="unset"
type=SERVICE_STOP msg=audit(1720287117.981:654): pid=1 uid=0 auid=4294967295 ses=4294967295 msg='unit=serial-getty@ttyS0 comm="systemd" exe="/usr/lib/systemd/systemd" hostname=? addr=? terminal=? res=success'UID="root" AUID="unset"
type=SERVICE_START msg=audit(1720287117.990:655): pid=1 uid=0 auid=4294967295 ses=4294967295 msg='unit=serial-getty@ttyS0 comm="systemd" exe="/usr/lib/systemd/systemd" hostname=? addr=? terminal=? res=success'UID="root" AUID="unset"
type=SERVICE_STOP msg=audit(1720287128.012:656): pid=1 uid=0 auid=4294967295 ses=4294967295 msg='unit=serial-getty@ttyS0 comm="systemd" exe="/usr/lib/systemd/systemd" hostname=? addr=? terminal=? res=success'UID="root" AUID="unset"
type=SERVICE_START msg=audit(1720287128.230:657): pid=1 uid=0 auid=4294967295 ses=4294967295 msg='unit=serial-getty@ttyS0 comm="systemd" exe="/usr/lib/systemd/systemd" hostname=? addr=? terminal=? res=success'UID="root" AUID="unset"
type=SERVICE_STOP msg=audit(1720287128.230:658): pid=1 uid=0 auid=4294967295 ses=4294967295 msg='unit=serial-getty@ttyS0 comm="systemd" exe="/usr/lib/systemd/systemd" hostname=? addr=? terminal=? res=success'UID="root" AUID="unset"
type=SERVICE_START msg=audit(1720287128.239:659): pid=1 uid=0 auid=4294967295 ses=4294967295 msg='unit=serial-getty@ttyS0 comm="systemd" exe="/usr/lib/systemd/systemd" hostname=? addr=? terminal=? res=success'UID="root" AUID="unset"
type=SERVICE_STOP msg=audit(1720287138.252:660): pid=1 uid=0 auid=4294967295 ses=4294967295 msg='unit=serial-getty@ttyS0 comm="systemd" exe="/usr/lib/systemd/systemd" hostname=? addr=? terminal=? res=success'UID="root" AUID="unset"
type=SERVICE_START msg=audit(1720287138.480:661): pid=1 uid=0 auid=4294967295 ses=4294967295 msg='unit=serial-getty@ttyS0 comm="systemd" exe="/usr/lib/systemd/systemd" hostname=? addr=? terminal=? res=success'UID="root" AUID="unset"
type=SERVICE_STOP msg=audit(1720287138.481:662): pid=1 uid=0 auid=4294967295 ses=4294967295 msg='unit=serial-getty@ttyS0 comm="systemd" exe="/usr/lib/systemd/systemd" hostname=? addr=? terminal=? res=success'UID="root" AUID="unset"
type=SERVICE_START msg=audit(1720287138.491:663): pid=1 uid=0 auid=4294967295 ses=4294967295 msg='unit=serial-getty@ttyS0 comm="systemd" exe="/usr/lib/systemd/systemd" hostname=? addr=? terminal=? res=success'UID="root" AUID="unset"
type=SERVICE_STOP msg=audit(1720287148.511:664): pid=1 uid=0 auid=4294967295 ses=4294967295 msg='unit=serial-getty@ttyS0 comm="systemd" exe="/usr/lib/systemd/systemd" hostname=? addr=? terminal=? res=success'UID="root" AUID="unset"
type=SERVICE_START msg=audit(1720287148.731:665): pid=1 uid=0 auid=4294967295 ses=4294967295 msg='unit=serial-getty@ttyS0 comm="systemd" exe="/usr/lib/systemd/systemd" hostname=? addr=? terminal=? res=success'UID="root" AUID="unset"
type=SERVICE_STOP msg=audit(1720287148.731:666): pid=1 uid=0 auid=4294967295 ses=4294967295 msg='unit=serial-getty@ttyS0 comm="systemd" exe="/usr/lib/systemd/systemd" hostname=? addr=? terminal=? res=success'UID="root" AUID="unset"
type=SERVICE_START msg=audit(1720287148.742:667): pid=1 uid=0 auid=4294967295 ses=4294967295 msg='unit=serial-getty@ttyS0 comm="systemd" exe="/usr/lib/systemd/systemd" hostname=? addr=? terminal=? res=success'UID="root" AUID="unset"
type=SERVICE_STOP msg=audit(1720287158.760:668): pid=1 uid=0 auid=4294967295 ses=4294967295 msg='unit=serial-getty@ttyS0 comm="systemd" exe="/usr/lib/systemd/systemd" hostname=? addr=? terminal=? res=success'UID="root" AUID="unset"
type=SERVICE_START msg=audit(1720287158.980:669): pid=1 uid=0 auid=4294967295 ses=4294967295 msg='unit=serial-getty@ttyS0 comm="systemd" exe="/usr/lib/systemd/systemd" hostname=? addr=? terminal=? res=success'UID="root" AUID="unset"
type=SERVICE_STOP msg=audit(1720287158.980:670): pid=1 uid=0 auid=4294967295 ses=4294967295 msg='unit=serial-getty@ttyS0 comm="systemd" exe="/usr/lib/systemd/systemd" hostname=? addr=? terminal=? res=success'UID="root" AUID="unset"
type=SERVICE_START msg=audit(1720287158.991:671): pid=1 uid=0 auid=4294967295 ses=4294967295 msg='unit=serial-getty@ttyS0 comm="systemd" exe="/usr/lib/systemd/systemd" hostname=? addr=? terminal=? res=success'UID="root" AUID="unset"
type=SERVICE_STOP msg=audit(1720287169.004:672): pid=1 uid=0 auid=4294967295 ses=4294967295 msg='unit=serial-getty@ttyS0 comm="systemd" exe="/usr/lib/systemd/systemd" hostname=? addr=? terminal=? res=success'UID="root" AUID="unset"
type=SERVICE_START msg=audit(1720287169.230:673): pid=1 uid=0 auid=4294967295 ses=4294967295 msg='unit=serial-getty@ttyS0 comm="systemd" exe="/usr/lib/systemd/systemd" hostname=? addr=? terminal=? res=success'UID="root" AUID="unset"
type=SERVICE_STOP msg=audit(1720287169.230:674): pid=1 uid=0 auid=4294967295 ses=4294967295 msg='unit=serial-getty@ttyS0 comm="systemd" exe="/usr/lib/systemd/systemd" hostname=? addr=? terminal=? res=success'UID="root" AUID="unset"
type=SERVICE_START msg=audit(1720287169.240:675): pid=1 uid=0 auid=4294967295 ses=4294967295 msg='unit=serial-getty@ttyS0 comm="systemd" exe="/usr/lib/systemd/systemd" hostname=? addr=? terminal=? res=success'UID="root" AUID="unset"
type=SERVICE_STOP msg=audit(1720287179.252:676): pid=1 uid=0 auid=4294967295 ses=4294967295 msg='unit=serial-getty@ttyS0 comm="systemd" exe="/usr/lib/systemd/systemd" hostname=? addr=? terminal=? res=success'UID="root" AUID="unset"
type=SERVICE_START msg=audit(1720287179.480:677): pid=1 uid=0 auid=4294967295 ses=4294967295 msg='unit=serial-getty@ttyS0 comm="systemd" exe="/usr/lib/systemd/systemd" hostname=? addr=? terminal=? res=success'UID="root" AUID="unset"
type=SERVICE_STOP msg=audit(1720287179.480:678): pid=1 uid=0 auid=4294967295 ses=4294967295 msg='unit=serial-getty@ttyS0 comm="systemd" exe="/usr/lib/systemd/systemd" hostname=? addr=? terminal=? res=success'UID="root" AUID="unset"
type=SERVICE_START msg=audit(1720287179.492:679): pid=1 uid=0 auid=4294967295 ses=4294967295 msg='unit=serial-getty@ttyS0 comm="systemd" exe="/usr/lib/systemd/systemd" hostname=? addr=? terminal=? res=success'UID="root" AUID="unset"
type=SERVICE_STOP msg=audit(1720287189.504:680): pid=1 uid=0 auid=4294967295 ses=4294967295 msg='unit=serial-getty@ttyS0 comm="systemd" exe="/usr/lib/systemd/systemd" hostname=? addr=? terminal=? res=success'UID="root" AUID="unset"
type=SERVICE_START msg=audit(1720287189.730:681): pid=1 uid=0 auid=4294967295 ses=4294967295 msg='unit=serial-getty@ttyS0 comm="systemd" exe="/usr/lib/systemd/systemd" hostname=? addr=? terminal=? res=success'UID="root" AUID="unset"
type=SERVICE_STOP msg=audit(1720287189.731:682): pid=1 uid=0 auid=4294967295 ses=4294967295 msg='unit=serial-getty@ttyS0 comm="systemd" exe="/usr/lib/systemd/systemd" hostname=? addr=? terminal=? res=success'UID="root" AUID="unset"
type=SERVICE_START msg=audit(1720287189.740:683): pid=1 uid=0 auid=4294967295 ses=4294967295 msg='unit=serial-getty@ttyS0 comm="systemd" exe="/usr/lib/systemd/systemd" hostname=? addr=? terminal=? res=success'UID="root" AUID="unset"
type=SERVICE_STOP msg=audit(1720287199.761:684): pid=1 uid=0 auid=4294967295 ses=4294967295 msg='unit=serial-getty@ttyS0 comm="systemd" exe="/usr/lib/systemd/systemd" hostname=? addr=? terminal=? res=success'UID="root" AUID="unset"
type=SERVICE_START msg=audit(1720287199.980:685): pid=1 uid=0 auid=4294967295 ses=4294967295 msg='unit=serial-getty@ttyS0 comm="systemd" exe="/usr/lib/systemd/systemd" hostname=? addr=? terminal=? res=success'UID="root" AUID="unset"
type=SERVICE_STOP msg=audit(1720287199.981:686): pid=1 uid=0 auid=4294967295 ses=4294967295 msg='unit=serial-getty@ttyS0 comm="systemd" exe="/usr/lib/systemd/systemd" hostname=? addr=? terminal=? res=success'UID="root" AUID="unset"
type=SERVICE_START msg=audit(1720287199.990:687): pid=1 uid=0 auid=4294967295 ses=4294967295 msg='unit=serial-getty@ttyS0 comm="systemd" exe="/usr/lib/systemd/systemd" hostname=? addr=? terminal=? res=success'UID="root" AUID="unset"
type=SERVICE_STOP msg=audit(1720287210.009:688): pid=1 uid=0 auid=4294967295 ses=4294967295 msg='unit=serial-getty@ttyS0 comm="systemd" exe="/usr/lib/systemd/systemd" hostname=? addr=? terminal=? res=success'UID="root" AUID="unset"
type=SERVICE_START msg=audit(1720287210.230:689): pid=1 uid=0 auid=4294967295 ses=4294967295 msg='unit=serial-getty@ttyS0 comm="systemd" exe="/usr/lib/systemd/systemd" hostname=? addr=? terminal=? res=success'UID="root" AUID="unset"
type=SERVICE_STOP msg=audit(1720287210.231:690): pid=1 uid=0 auid=4294967295 ses=4294967295 msg='unit=serial-getty@ttyS0 comm="systemd" exe="/usr/lib/systemd/systemd" hostname=? addr=? terminal=? res=success'UID="root" AUID="unset"
type=SERVICE_START msg=audit(1720287210.239:691): pid=1 uid=0 auid=4294967295 ses=4294967295 msg='unit=serial-getty@ttyS0 comm="systemd" exe="/usr/lib/systemd/systemd" hostname=? addr=? terminal=? res=success'UID="root" AUID="unset"
type=SERVICE_STOP msg=audit(1720287220.256:692): pid=1 uid=0 auid=4294967295 ses=4294967295 msg='unit=serial-getty@ttyS0 comm="systemd" exe="/usr/lib/systemd/systemd" hostname=? addr=? terminal=? res=success'UID="root" AUID="unset"
type=SERVICE_START msg=audit(1720287220.480:693): pid=1 uid=0 auid=4294967295 ses=4294967295 msg='unit=serial-getty@ttyS0 comm="systemd" exe="/usr/lib/systemd/systemd" hostname=? addr=? terminal=? res=success'UID="root" AUID="unset"
type=SERVICE_STOP msg=audit(1720287220.480:694): pid=1 uid=0 auid=4294967295 ses=4294967295 msg='unit=serial-getty@ttyS0 comm="systemd" exe="/usr/lib/systemd/systemd" hostname=? addr=? terminal=? res=success'UID="root" AUID="unset"
type=SERVICE_START msg=audit(1720287220.491:695): pid=1 uid=0 auid=4294967295 ses=4294967295 msg='unit=serial-getty@ttyS0 comm="systemd" exe="/usr/lib/systemd/systemd" hostname=? addr=? terminal=? res=success'UID="root" AUID="unset"
type=SERVICE_STOP msg=audit(1720287230.515:696): pid=1 uid=0 auid=4294967295 ses=4294967295 msg='unit=serial-getty@ttyS0 comm="systemd" exe="/usr/lib/systemd/systemd" hostname=? addr=? terminal=? res=success'UID="root" AUID="unset"
type=SERVICE_START msg=audit(1720287230.731:697): pid=1 uid=0 auid=4294967295 ses=4294967295 msg='unit=serial-getty@ttyS0 comm="systemd" exe="/usr/lib/systemd/systemd" hostname=? addr=? terminal=? res=success'UID="root" AUID="unset"
type=SERVICE_STOP msg=audit(1720287230.731:698): pid=1 uid=0 auid=4294967295 ses=4294967295 msg='unit=serial-getty@ttyS0 comm="systemd" exe="/usr/lib/systemd/systemd" hostname=? addr=? terminal=? res=success'UID="root" AUID="unset"
type=SERVICE_START msg=audit(1720287230.740:699): pid=1 uid=0 auid=4294967295 ses=4294967295 msg='unit=serial-getty@ttyS0 comm="systemd" exe="/usr/lib/systemd/systemd" hostname=? addr=? terminal=? res=success'UID="root" AUID="unset"
type=SERVICE_STOP msg=audit(1720287240.752:700): pid=1 uid=0 auid=4294967295 ses=4294967295 msg='unit=serial-getty@ttyS0 comm="systemd" exe="/usr/lib/systemd/systemd" hostname=? addr=? terminal=? res=success'UID="root" AUID="unset"
type=SERVICE_START msg=audit(1720287240.980:701): pid=1 uid=0 auid=4294967295 ses=4294967295 msg='unit=serial-getty@ttyS0 comm="systemd" exe="/usr/lib/systemd/systemd" hostname=? addr=? terminal=? res=success'UID="root" AUID="unset"
type=SERVICE_STOP msg=audit(1720287240.981:702): pid=1 uid=0 auid=4294967295 ses=4294967295 msg='unit=serial-getty@ttyS0 comm="systemd" exe="/usr/lib/systemd/systemd" hostname=? addr=? terminal=? res=success'UID="root" AUID="unset"
type=SERVICE_START msg=audit(1720287240.990:703): pid=1 uid=0 auid=4294967295 ses=4294967295 msg='unit=serial-getty@ttyS0 comm="systemd" exe="/usr/lib/systemd/systemd" hostname=? addr=? terminal=? res=success'UID="root" AUID="unset"
type=SERVICE_STOP msg=audit(1720287251.008:704): pid=1 uid=0 auid=4294967295 ses=4294967295 msg='unit=serial-getty@ttyS0 comm="systemd" exe="/usr/lib/systemd/systemd" hostname=? addr=? terminal=? res=success'UID="root" AUID="unset"
type=SERVICE_START msg=audit(1720287251.231:705): pid=1 uid=0 auid=4294967295 ses=4294967295 msg='unit=serial-getty@ttyS0 comm="systemd" exe="/usr/lib/systemd/systemd" hostname=? addr=? terminal=? res=success'UID="root" AUID="unset"
type=SERVICE_STOP msg=audit(1720287251.231:706): pid=1 uid=0 auid=4294967295 ses=4294967295 msg='unit=serial-getty@ttyS0 comm="systemd" exe="/usr/lib/systemd/systemd" hostname=? addr=? terminal=? res=success'UID="root" AUID="unset"
type=SERVICE_START msg=audit(1720287251.240:707): pid=1 uid=0 auid=4294967295 ses=4294967295 msg='unit=serial-getty@ttyS0 comm="systemd" exe="/usr/lib/systemd/systemd" hostname=? addr=? terminal=? res=success'UID="root" AUID="unset"
type=SERVICE_STOP msg=audit(1720287261.248:708): pid=1 uid=0 auid=4294967295 ses=4294967295 msg='unit=serial-getty@ttyS0 comm="systemd" exe="/usr/lib/systemd/systemd" hostname=? addr=? terminal=? res=success'UID="root" AUID="unset"
type=SERVICE_START msg=audit(1720287261.481:709): pid=1 uid=0 auid=4294967295 ses=4294967295 msg='unit=serial-getty@ttyS0 comm="systemd" exe="/usr/lib/systemd/systemd" hostname=? addr=? terminal=? res=success'UID="root" AUID="unset"
type=SERVICE_STOP msg=audit(1720287261.481:710): pid=1 uid=0 auid=4294967295 ses=4294967295 msg='unit=serial-getty@ttyS0 comm="systemd" exe="/usr/lib/systemd/systemd" hostname=? addr=? terminal=? res=success'UID="root" AUID="unset"
type=SERVICE_START msg=audit(1720287261.495:711): pid=1 uid=0 auid=4294967295 ses=4294967295 msg='unit=serial-getty@ttyS0 comm="systemd" exe="/usr/lib/systemd/systemd" hostname=? addr=? terminal=? res=success'UID="root" AUID="unset"
type=SERVICE_STOP msg=audit(1720287271.510:712): pid=1 uid=0 auid=4294967295 ses=4294967295 msg='unit=serial-getty@ttyS0 comm="systemd" exe="/usr/lib/systemd/systemd" hostname=? addr=? terminal=? res=success'UID="root" AUID="unset"
type=SERVICE_START msg=audit(1720287271.731:713): pid=1 uid=0 auid=4294967295 ses=4294967295 msg='unit=serial-getty@ttyS0 comm="systemd" exe="/usr/lib/systemd/systemd" hostname=? addr=? terminal=? res=success'UID="root" AUID="unset"
type=SERVICE_STOP msg=audit(1720287271.731:714): pid=1 uid=0 auid=4294967295 ses=4294967295 msg='unit=serial-getty@ttyS0 comm="systemd" exe="/usr/lib/systemd/systemd" hostname=? addr=? terminal=? res=success'UID="root" AUID="unset"
type=SERVICE_START msg=audit(1720287271.743:715): pid=1 uid=0 auid=4294967295 ses=4294967295 msg='unit=serial-getty@ttyS0 comm="systemd" exe="/usr/lib/systemd/systemd" hostname=? addr=? terminal=? res=success'UID="root" AUID="unset"
type=SERVICE_STOP msg=audit(1720287281.760:716): pid=1 uid=0 auid=4294967295 ses=4294967295 msg='unit=serial-getty@ttyS0 comm="systemd" exe="/usr/lib/systemd/systemd" hostname=? addr=? terminal=? res=success'UID="root" AUID="unset"
type=SERVICE_START msg=audit(1720287281.981:717): pid=1 uid=0 auid=4294967295 ses=4294967295 msg='unit=serial-getty@ttyS0 comm="systemd" exe="/usr/lib/systemd/systemd" hostname=? addr=? terminal=? res=success'UID="root" AUID="unset"
type=SERVICE_STOP msg=audit(1720287281.981:718): pid=1 uid=0 auid=4294967295 ses=4294967295 msg='unit=serial-getty@ttyS0 comm="systemd" exe="/usr/lib/systemd/systemd" hostname=? addr=? terminal=? res=success'UID="root" AUID="unset"
type=SERVICE_START msg=audit(1720287281.990:719): pid=1 uid=0 auid=4294967295 ses=4294967295 msg='unit=serial-getty@ttyS0 comm="systemd" exe="/usr/lib/systemd/systemd" hostname=? addr=? terminal=? res=success'UID="root" AUID="unset"
type=SERVICE_STOP msg=audit(1720287292.009:720): pid=1 uid=0 auid=4294967295 ses=4294967295 msg='unit=serial-getty@ttyS0 comm="systemd" exe="/usr/lib/systemd/systemd" hostname=? addr=? terminal=? res=success'UID="root" AUID="unset"
type=SERVICE_START msg=audit(1720287292.230:721): pid=1 uid=0 auid=4294967295 ses=4294967295 msg='unit=serial-getty@ttyS0 comm="systemd" exe="/usr/lib/systemd/systemd" hostname=? addr=? terminal=? res=success'UID="root" AUID="unset"
type=SERVICE_STOP msg=audit(1720287292.230:722): pid=1 uid=0 auid=4294967295 ses=4294967295 msg='unit=serial-getty@ttyS0 comm="systemd" exe="/usr/lib/systemd/systemd" hostname=? addr=? terminal=? res=success'UID="root" AUID="unset"
type=SERVICE_START msg=audit(1720287292.246:723): pid=1 uid=0 auid=4294967295 ses=4294967295 msg='unit=serial-getty@ttyS0 comm="systemd" exe="/usr/lib/systemd/systemd" hostname=? addr=? terminal=? res=success'UID="root" AUID="unset"
type=SERVICE_STOP msg=audit(1720287302.270:724): pid=1 uid=0 auid=4294967295 ses=4294967295 msg='unit=serial-getty@ttyS0 comm="systemd" exe="/usr/lib/systemd/systemd" hostname=? addr=? terminal=? res=success'UID="root" AUID="unset"
type=SERVICE_START msg=audit(1720287302.480:725): pid=1 uid=0 auid=4294967295 ses=4294967295 msg='unit=serial-getty@ttyS0 comm="systemd" exe="/usr/lib/systemd/systemd" hostname=? addr=? terminal=? res=success'UID="root" AUID="unset"
type=SERVICE_STOP msg=audit(1720287302.481:726): pid=1 uid=0 auid=4294967295 ses=4294967295 msg='unit=serial-getty@ttyS0 comm="systemd" exe="/usr/lib/systemd/systemd" hostname=? addr=? terminal=? res=success'UID="root" AUID="unset"
type=SERVICE_START msg=audit(1720287302.490:727): pid=1 uid=0 auid=4294967295 ses=4294967295 msg='unit=serial-getty@ttyS0 comm="systemd" exe="/usr/lib/systemd/systemd" hostname=? addr=? terminal=? res=success'UID="root" AUID="unset"
type=SERVICE_STOP msg=audit(1720287312.512:728): pid=1 uid=0 auid=4294967295 ses=4294967295 msg='unit=serial-getty@ttyS0 comm="systemd" exe="/usr/lib/systemd/systemd" hostname=? addr=? terminal=? res=success'UID="root" AUID="unset"
type=SERVICE_START msg=audit(1720287312.731:729): pid=1 uid=0 auid=4294967295 ses=4294967295 msg='unit=serial-getty@ttyS0 comm="systemd" exe="/usr/lib/systemd/systemd" hostname=? addr=? terminal=? res=success'UID="root" AUID="unset"
type=SERVICE_STOP msg=audit(1720287312.731:730): pid=1 uid=0 auid=4294967295 ses=4294967295 msg='unit=serial-getty@ttyS0 comm="systemd" exe="/usr/lib/systemd/systemd" hostname=? addr=? terminal=? res=success'UID="root" AUID="unset"
type=SERVICE_START msg=audit(1720287312.745:731): pid=1 uid=0 auid=4294967295 ses=4294967295 msg='unit=serial-getty@ttyS0 comm="systemd" exe="/usr/lib/systemd/systemd" hostname=? addr=? terminal=? res=success'UID="root" AUID="unset"
type=SERVICE_STOP msg=audit(1720287322.780:732): pid=1 uid=0 auid=4294967295 ses=4294967295 msg='unit=serial-getty@ttyS0 comm="systemd" exe="/usr/lib/systemd/systemd" hostname=? addr=? terminal=? res=success'UID="root" AUID="unset"
type=SERVICE_START msg=audit(1720287322.980:733): pid=1 uid=0 auid=4294967295 ses=4294967295 msg='unit=serial-getty@ttyS0 comm="systemd" exe="/usr/lib/systemd/systemd" hostname=? addr=? terminal=? res=success'UID="root" AUID="unset"
type=SERVICE_STOP msg=audit(1720287322.981:734): pid=1 uid=0 auid=4294967295 ses=4294967295 msg='unit=serial-getty@ttyS0 comm="systemd" exe="/usr/lib/systemd/systemd" hostname=? addr=? terminal=? res=success'UID="root" AUID="unset"
type=SERVICE_START msg=audit(1720287322.990:735): pid=1 uid=0 auid=4294967295 ses=4294967295 msg='unit=serial-getty@ttyS0 comm="systemd" exe="/usr/lib/systemd/systemd" hostname=? addr=? terminal=? res=success'UID="root" AUID="unset"
type=SERVICE_STOP msg=audit(1720287333.006:736): pid=1 uid=0 auid=4294967295 ses=4294967295 msg='unit=serial-getty@ttyS0 comm="systemd" exe="/usr/lib/systemd/systemd" hostname=? addr=? terminal=? res=success'UID="root" AUID="unset"
type=SERVICE_START msg=audit(1720287333.230:737): pid=1 uid=0 auid=4294967295 ses=4294967295 msg='unit=serial-getty@ttyS0 comm="systemd" exe="/usr/lib/systemd/systemd" hostname=? addr=? terminal=? res=success'UID="root" AUID="unset"
type=SERVICE_STOP msg=audit(1720287333.230:738): pid=1 uid=0 auid=4294967295 ses=4294967295 msg='unit=serial-getty@ttyS0 comm="systemd" exe="/usr/lib/systemd/systemd" hostname=? addr=? terminal=? res=success'UID="root" AUID="unset"
type=SERVICE_START msg=audit(1720287333.240:739): pid=1 uid=0 auid=4294967295 ses=4294967295 msg='unit=serial-getty@ttyS0 comm="systemd" exe="/usr/lib/systemd/systemd" hostname=? addr=? terminal=? res=success'UID="root" AUID="unset"
type=SERVICE_STOP msg=audit(1720287343.256:740): pid=1 uid=0 auid=4294967295 ses=4294967295 msg='unit=serial-getty@ttyS0 comm="systemd" exe="/usr/lib/systemd/systemd" hostname=? addr=? terminal=? res=success'UID="root" AUID="unset"
type=SERVICE_START msg=audit(1720287343.481:741): pid=1 uid=0 auid=4294967295 ses=4294967295 msg='unit=serial-getty@ttyS0 comm="systemd" exe="/usr/lib/systemd/systemd" hostname=? addr=? terminal=? res=success'UID="root" AUID="unset"
type=SERVICE_STOP msg=audit(1720287343.481:742): pid=1 uid=0 auid=4294967295 ses=4294967295 msg='unit=serial-getty@ttyS0 comm="systemd" exe="/usr/lib/systemd/systemd" hostname=? addr=? terminal=? res=success'UID="root" AUID="unset"
type=SERVICE_START msg=audit(1720287343.490:743): pid=1 uid=0 auid=4294967295 ses=4294967295 msg='unit=serial-getty@ttyS0 comm="systemd" exe="/usr/lib/systemd/systemd" hostname=? addr=? terminal=? res=success'UID="root" AUID="unset"
type=SERVICE_STOP msg=audit(1720287353.502:744): pid=1 uid=0 auid=4294967295 ses=4294967295 msg='unit=serial-getty@ttyS0 comm="systemd" exe="/usr/lib/systemd/systemd" hostname=? addr=? terminal=? res=success'UID="root" AUID="unset"
type=SERVICE_START msg=audit(1720287353.730:745): pid=1 uid=0 auid=4294967295 ses=4294967295 msg='unit=serial-getty@ttyS0 comm="systemd" exe="/usr/lib/systemd/systemd" hostname=? addr=? terminal=? res=success'UID="root" AUID="unset"
type=SERVICE_STOP msg=audit(1720287353.731:746): pid=1 uid=0 auid=4294967295 ses=4294967295 msg='unit=serial-getty@ttyS0 comm="systemd" exe="/usr/lib/systemd/systemd" hostname=? addr=? terminal=? res=success'UID="root" AUID="unset"
type=SERVICE_START msg=audit(1720287353.740:747): pid=1 uid=0 auid=4294967295 ses=4294967295 msg='unit=serial-getty@ttyS0 comm="systemd" exe="/usr/lib/systemd/systemd" hostname=? addr=? terminal=? res=success'UID="root" AUID="unset"
type=SERVICE_STOP msg=audit(1720287363.757:748): pid=1 uid=0 auid=4294967295 ses=4294967295 msg='unit=serial-getty@ttyS0 comm="systemd" exe="/usr/lib/systemd/systemd" hostname=? addr=? terminal=? res=success'UID="root" AUID="unset"
type=SERVICE_START msg=audit(1720287363.981:749): pid=1 uid=0 auid=4294967295 ses=4294967295 msg='unit=serial-getty@ttyS0 comm="systemd" exe="/usr/lib/systemd/systemd" hostname=? addr=? terminal=? res=success'UID="root" AUID="unset"
type=SERVICE_STOP msg=audit(1720287363.981:750): pid=1 uid=0 auid=4294967295 ses=4294967295 msg='unit=serial-getty@ttyS0 comm="systemd" exe="/usr/lib/systemd/systemd" hostname=? addr=? terminal=? res=success'UID="root" AUID="unset"
type=SERVICE_START msg=audit(1720287363.990:751): pid=1 uid=0 auid=4294967295 ses=4294967295 msg='unit=serial-getty@ttyS0 comm="systemd" exe="/usr/lib/systemd/systemd" hostname=? addr=? terminal=? res=success'UID="root" AUID="unset"
type=SERVICE_STOP msg=audit(1720287374.006:752): pid=1 uid=0 auid=4294967295 ses=4294967295 msg='unit=serial-getty@ttyS0 comm="systemd" exe="/usr/lib/systemd/systemd" hostname=? addr=? terminal=? res=success'UID="root" AUID="unset"
type=SERVICE_START msg=audit(1720287374.231:753): pid=1 uid=0 auid=4294967295 ses=4294967295 msg='unit=serial-getty@ttyS0 comm="systemd" exe="/usr/lib/systemd/systemd" hostname=? addr=? terminal=? res=success'UID="root" AUID="unset"
type=SERVICE_STOP msg=audit(1720287374.231:754): pid=1 uid=0 auid=4294967295 ses=4294967295 msg='unit=serial-getty@ttyS0 comm="systemd" exe="/usr/lib/systemd/systemd" hostname=? addr=? terminal=? res=success'UID="root" AUID="unset"
type=SERVICE_START msg=audit(1720287374.240:755): pid=1 uid=0 auid=4294967295 ses=4294967295 msg='unit=serial-getty@ttyS0 comm="systemd" exe="/usr/lib/systemd/systemd" hostname=? addr=? terminal=? res=success'UID="root" AUID="unset"
type=SERVICE_STOP msg=audit(1720287384.256:756): pid=1 uid=0 auid=4294967295 ses=4294967295 msg='unit=serial-getty@ttyS0 comm="systemd" exe="/usr/lib/systemd/systemd" hostname=? addr=? terminal=? res=success'UID="root" AUID="unset"
type=SERVICE_START msg=audit(1720287384.420:757): pid=1 uid=0 auid=4294967295 ses=4294967295 msg='unit=systemd-tmpfiles-clean comm="systemd" exe="/usr/lib/systemd/systemd" hostname=? addr=? terminal=? res=success'UID="root" AUID="unset"
type=SERVICE_STOP msg=audit(1720287384.420:758): pid=1 uid=0 auid=4294967295 ses=4294967295 msg='unit=systemd-tmpfiles-clean comm="systemd" exe="/usr/lib/systemd/systemd" hostname=? addr=? terminal=? res=success'UID="root" AUID="unset"
type=SERVICE_START msg=audit(1720287384.423:759): pid=1 uid=0 auid=4294967295 ses=4294967295 msg='unit=serial-getty@ttyS0 comm="systemd" exe="/usr/lib/systemd/systemd" hostname=? addr=? terminal=? res=success'UID="root" AUID="unset"
type=SERVICE_STOP msg=audit(1720287384.423:760): pid=1 uid=0 auid=4294967295 ses=4294967295 msg='unit=serial-getty@ttyS0 comm="systemd" exe="/usr/lib/systemd/systemd" hostname=? addr=? terminal=? res=success'UID="root" AUID="unset"
type=SERVICE_START msg=audit(1720287384.432:761): pid=1 uid=0 auid=4294967295 ses=4294967295 msg='unit=serial-getty@ttyS0 comm="systemd" exe="/usr/lib/systemd/systemd" hostname=? addr=? terminal=? res=success'UID="root" AUID="unset"
type=SERVICE_STOP msg=audit(1720287394.441:762): pid=1 uid=0 auid=4294967295 ses=4294967295 msg='unit=serial-getty@ttyS0 comm="systemd" exe="/usr/lib/systemd/systemd" hostname=? addr=? terminal=? res=success'UID="root" AUID="unset"
type=SERVICE_START msg=audit(1720287394.730:763): pid=1 uid=0 auid=4294967295 ses=4294967295 msg='unit=serial-getty@ttyS0 comm="systemd" exe="/usr/lib/systemd/systemd" hostname=? addr=? terminal=? res=success'UID="root" AUID="unset"
type=SERVICE_STOP msg=audit(1720287394.731:764): pid=1 uid=0 auid=4294967295 ses=4294967295 msg='unit=serial-getty@ttyS0 comm="systemd" exe="/usr/lib/systemd/systemd" hostname=? addr=? terminal=? res=success'UID="root" AUID="unset"
type=SERVICE_START msg=audit(1720287394.741:765): pid=1 uid=0 auid=4294967295 ses=4294967295 msg='unit=serial-getty@ttyS0 comm="systemd" exe="/usr/lib/systemd/systemd" hostname=? addr=? terminal=? res=success'UID="root" AUID="unset"
type=SERVICE_STOP msg=audit(1720287404.756:766): pid=1 uid=0 auid=4294967295 ses=4294967295 msg='unit=serial-getty@ttyS0 comm="systemd" exe="/usr/lib/systemd/systemd" hostname=? addr=? terminal=? res=success'UID="root" AUID="unset"
type=SERVICE_START msg=audit(1720287404.980:767): pid=1 uid=0 auid=4294967295 ses=4294967295 msg='unit=serial-getty@ttyS0 comm="systemd" exe="/usr/lib/systemd/systemd" hostname=? addr=? terminal=? res=success'UID="root" AUID="unset"
type=SERVICE_STOP msg=audit(1720287404.981:768): pid=1 uid=0 auid=4294967295 ses=4294967295 msg='unit=serial-getty@ttyS0 comm="systemd" exe="/usr/lib/systemd/systemd" hostname=? addr=? terminal=? res=success'UID="root" AUID="unset"
type=SERVICE_START msg=audit(1720287404.990:769): pid=1 uid=0 auid=4294967295 ses=4294967295 msg='unit=serial-getty@ttyS0 comm="systemd" exe="/usr/lib/systemd/systemd" hostname=? addr=? terminal=? res=success'UID="root" AUID="unset"
type=SERVICE_STOP msg=audit(1720287415.009:770): pid=1 uid=0 auid=4294967295 ses=4294967295 msg='unit=serial-getty@ttyS0 comm="systemd" exe="/usr/lib/systemd/systemd" hostname=? addr=? terminal=? res=success'UID="root" AUID="unset"
type=SERVICE_START msg=audit(1720287415.230:771): pid=1 uid=0 auid=4294967295 ses=4294967295 msg='unit=serial-getty@ttyS0 comm="systemd" exe="/usr/lib/systemd/systemd" hostname=? addr=? terminal=? res=success'UID="root" AUID="unset"
type=SERVICE_STOP msg=audit(1720287415.231:772): pid=1 uid=0 auid=4294967295 ses=4294967295 msg='unit=serial-getty@ttyS0 comm="systemd" exe="/usr/lib/systemd/systemd" hostname=? addr=? terminal=? res=success'UID="root" AUID="unset"
type=SERVICE_START msg=audit(1720287415.241:773): pid=1 uid=0 auid=4294967295 ses=4294967295 msg='unit=serial-getty@ttyS0 comm="systemd" exe="/usr/lib/systemd/systemd" hostname=? addr=? terminal=? res=success'UID="root" AUID="unset"
type=SERVICE_STOP msg=audit(1720287425.257:774): pid=1 uid=0 auid=4294967295 ses=4294967295 msg='unit=serial-getty@ttyS0 comm="systemd" exe="/usr/lib/systemd/systemd" hostname=? addr=? terminal=? res=success'UID="root" AUID="unset"
type=SERVICE_START msg=audit(1720287425.480:775): pid=1 uid=0 auid=4294967295 ses=4294967295 msg='unit=serial-getty@ttyS0 comm="systemd" exe="/usr/lib/systemd/systemd" hostname=? addr=? terminal=? res=success'UID="root" AUID="unset"
type=SERVICE_STOP msg=audit(1720287425.481:776): pid=1 uid=0 auid=4294967295 ses=4294967295 msg='unit=serial-getty@ttyS0 comm="systemd" exe="/usr/lib/systemd/systemd" hostname=? addr=? terminal=? res=success'UID="root" AUID="unset"
type=SERVICE_START msg=audit(1720287425.490:777): pid=1 uid=0 auid=4294967295 ses=4294967295 msg='unit=serial-getty@ttyS0 comm="systemd" exe="/usr/lib/systemd/systemd" hostname=? addr=? terminal=? res=success'UID="root" AUID="unset"
type=SERVICE_STOP msg=audit(1720287435.511:778): pid=1 uid=0 auid=4294967295 ses=4294967295 msg='unit=serial-getty@ttyS0 comm="systemd" exe="/usr/lib/systemd/systemd" hostname=? addr=? terminal=? res=success'UID="root" AUID="unset"
type=SERVICE_START msg=audit(1720287435.730:779): pid=1 uid=0 auid=4294967295 ses=4294967295 msg='unit=serial-getty@ttyS0 comm="systemd" exe="/usr/lib/systemd/systemd" hostname=? addr=? terminal=? res=success'UID="root" AUID="unset"
type=SERVICE_STOP msg=audit(1720287435.730:780): pid=1 uid=0 auid=4294967295 ses=4294967295 msg='unit=serial-getty@ttyS0 comm="systemd" exe="/usr/lib/systemd/systemd" hostname=? addr=? terminal=? res=success'UID="root" AUID="unset"
type=SERVICE_START msg=audit(1720287435.738:781): pid=1 uid=0 auid=4294967295 ses=4294967295 msg='unit=serial-getty@ttyS0 comm="systemd" exe="/usr/lib/systemd/systemd" hostname=? addr=? terminal=? res=success'UID="root" AUID="unset"
type=SERVICE_STOP msg=audit(1720287445.747:782): pid=1 uid=0 auid=4294967295 ses=4294967295 msg='unit=serial-getty@ttyS0 comm="systemd" exe="/usr/lib/systemd/systemd" hostname=? addr=? terminal=? res=success'UID="root" AUID="unset"
type=SERVICE_START msg=audit(1720287445.981:783): pid=1 uid=0 auid=4294967295 ses=4294967295 msg='unit=serial-getty@ttyS0 comm="systemd" exe="/usr/lib/systemd/systemd" hostname=? addr=? terminal=? res=success'UID="root" AUID="unset"
type=SERVICE_STOP msg=audit(1720287445.981:784): pid=1 uid=0 auid=4294967295 ses=4294967295 msg='unit=serial-getty@ttyS0 comm="systemd" exe="/usr/lib/systemd/systemd" hostname=? addr=? terminal=? res=success'UID="root" AUID="unset"
type=SERVICE_START msg=audit(1720287445.990:785): pid=1 uid=0 auid=4294967295 ses=4294967295 msg='unit=serial-getty@ttyS0 comm="systemd" exe="/usr/lib/systemd/systemd" hostname=? addr=? terminal=? res=success'UID="root" AUID="unset"
type=SERVICE_STOP msg=audit(1720287456.012:786): pid=1 uid=0 auid=4294967295 ses=4294967295 msg='unit=serial-getty@ttyS0 comm="systemd" exe="/usr/lib/systemd/systemd" hostname=? addr=? terminal=? res=success'UID="root" AUID="unset"
type=SERVICE_START msg=audit(1720287456.230:787): pid=1 uid=0 auid=4294967295 ses=4294967295 msg='unit=serial-getty@ttyS0 comm="systemd" exe="/usr/lib/systemd/systemd" hostname=? addr=? terminal=? res=success'UID="root" AUID="unset"
type=SERVICE_STOP msg=audit(1720287456.231:788): pid=1 uid=0 auid=4294967295 ses=4294967295 msg='unit=serial-getty@ttyS0 comm="systemd" exe="/usr/lib/systemd/systemd" hostname=? addr=? terminal=? res=success'UID="root" AUID="unset"
type=SERVICE_START msg=audit(1720287456.246:789): pid=1 uid=0 auid=4294967295 ses=4294967295 msg='unit=serial-getty@ttyS0 comm="systemd" exe="/usr/lib/systemd/systemd" hostname=? addr=? terminal=? res=success'UID="root" AUID="unset"
type=SERVICE_STOP msg=audit(1720287466.261:790): pid=1 uid=0 auid=4294967295 ses=4294967295 msg='unit=serial-getty@ttyS0 comm="systemd" exe="/usr/lib/systemd/systemd" hostname=? addr=? terminal=? res=success'UID="root" AUID="unset"
type=SERVICE_START msg=audit(1720287466.481:791): pid=1 uid=0 auid=4294967295 ses=4294967295 msg='unit=serial-getty@ttyS0 comm="systemd" exe="/usr/lib/systemd/systemd" hostname=? addr=? terminal=? res=success'UID="root" AUID="unset"
type=SERVICE_STOP msg=audit(1720287466.481:792): pid=1 uid=0 auid=4294967295 ses=4294967295 msg='unit=serial-getty@ttyS0 comm="systemd" exe="/usr/lib/systemd/systemd" hostname=? addr=? terminal=? res=success'UID="root" AUID="unset"
type=SERVICE_START msg=audit(1720287466.491:793): pid=1 uid=0 auid=4294967295 ses=4294967295 msg='unit=serial-getty@ttyS0 comm="systemd" exe="/usr/lib/systemd/systemd" hostname=? addr=? terminal=? res=success'UID="root" AUID="unset"
type=SERVICE_STOP msg=audit(1720287476.510:794): pid=1 uid=0 auid=4294967295 ses=4294967295 msg='unit=serial-getty@ttyS0 comm="systemd" exe="/usr/lib/systemd/systemd" hostname=? addr=? terminal=? res=success'UID="root" AUID="unset"
type=SERVICE_START msg=audit(1720287476.731:795): pid=1 uid=0 auid=4294967295 ses=4294967295 msg='unit=serial-getty@ttyS0 comm="systemd" exe="/usr/lib/systemd/systemd" hostname=? addr=? terminal=? res=success'UID="root" AUID="unset"
type=SERVICE_STOP msg=audit(1720287476.731:796): pid=1 uid=0 auid=4294967295 ses=4294967295 msg='unit=serial-getty@ttyS0 comm="systemd" exe="/usr/lib/systemd/systemd" hostname=? addr=? terminal=? res=success'UID="root" AUID="unset"
type=SERVICE_START msg=audit(1720287476.740:797): pid=1 uid=0 auid=4294967295 ses=4294967295 msg='unit=serial-getty@ttyS0 comm="systemd" exe="/usr/lib/systemd/systemd" hostname=? addr=? terminal=? res=success'UID="root" AUID="unset"
type=SERVICE_STOP msg=audit(1720287486.762:798): pid=1 uid=0 auid=4294967295 ses=4294967295 msg='unit=serial-getty@ttyS0 comm="systemd" exe="/usr/lib/systemd/systemd" hostname=? addr=? terminal=? res=success'UID="root" AUID="unset"
type=SERVICE_START msg=audit(1720287486.980:799): pid=1 uid=0 auid=4294967295 ses=4294967295 msg='unit=serial-getty@ttyS0 comm="systemd" exe="/usr/lib/systemd/systemd" hostname=? addr=? terminal=? res=success'UID="root" AUID="unset"
type=SERVICE_STOP msg=audit(1720287486.980:800): pid=1 uid=0 auid=4294967295 ses=4294967295 msg='unit=serial-getty@ttyS0 comm="systemd" exe="/usr/lib/systemd/systemd" hostname=? addr=? terminal=? res=success'UID="root" AUID="unset"
type=SERVICE_START msg=audit(1720287486.991:801): pid=1 uid=0 auid=4294967295 ses=4294967295 msg='unit=serial-getty@ttyS0 comm="systemd" exe="/usr/lib/systemd/systemd" hostname=? addr=? terminal=? res=success'UID="root" AUID="unset"
type=SERVICE_STOP msg=audit(1720287497.004:802): pid=1 uid=0 auid=4294967295 ses=4294967295 msg='unit=serial-getty@ttyS0 comm="systemd" exe="/usr/lib/systemd/systemd" hostname=? addr=? terminal=? res=success'UID="root" AUID="unset"
type=SERVICE_START msg=audit(1720287497.231:803): pid=1 uid=0 auid=4294967295 ses=4294967295 msg='unit=serial-getty@ttyS0 comm="systemd" exe="/usr/lib/systemd/systemd" hostname=? addr=? terminal=? res=success'UID="root" AUID="unset"
type=SERVICE_STOP msg=audit(1720287497.231:804): pid=1 uid=0 auid=4294967295 ses=4294967295 msg='unit=serial-getty@ttyS0 comm="systemd" exe="/usr/lib/systemd/systemd" hostname=? addr=? terminal=? res=success'UID="root" AUID="unset"
type=SERVICE_START msg=audit(1720287497.240:805): pid=1 uid=0 auid=4294967295 ses=4294967295 msg='unit=serial-getty@ttyS0 comm="systemd" exe="/usr/lib/systemd/systemd" hostname=? addr=? terminal=? res=success'UID="root" AUID="unset"
type=SERVICE_STOP msg=audit(1720287507.258:806): pid=1 uid=0 auid=4294967295 ses=4294967295 msg='unit=serial-getty@ttyS0 comm="systemd" exe="/usr/lib/systemd/systemd" hostname=? addr=? terminal=? res=success'UID="root" AUID="unset"
type=SERVICE_START msg=audit(1720287507.480:807): pid=1 uid=0 auid=4294967295 ses=4294967295 msg='unit=serial-getty@ttyS0 comm="systemd" exe="/usr/lib/systemd/systemd" hostname=? addr=? terminal=? res=success'UID="root" AUID="unset"
type=SERVICE_STOP msg=audit(1720287507.480:808): pid=1 uid=0 auid=4294967295 ses=4294967295 msg='unit=serial-getty@ttyS0 comm="systemd" exe="/usr/lib/systemd/systemd" hostname=? addr=? terminal=? res=success'UID="root" AUID="unset"
type=SERVICE_START msg=audit(1720287507.490:809): pid=1 uid=0 auid=4294967295 ses=4294967295 msg='unit=serial-getty@ttyS0 comm="systemd" exe="/usr/lib/systemd/systemd" hostname=? addr=? terminal=? res=success'UID="root" AUID="unset"
type=SERVICE_STOP msg=audit(1720287517.502:810): pid=1 uid=0 auid=4294967295 ses=4294967295 msg='unit=serial-getty@ttyS0 comm="systemd" exe="/usr/lib/systemd/systemd" hostname=? addr=? terminal=? res=success'UID="root" AUID="unset"
type=SERVICE_START msg=audit(1720287517.731:811): pid=1 uid=0 auid=4294967295 ses=4294967295 msg='unit=serial-getty@ttyS0 comm="systemd" exe="/usr/lib/systemd/systemd" hostname=? addr=? terminal=? res=success'UID="root" AUID="unset"
type=SERVICE_STOP msg=audit(1720287517.731:812): pid=1 uid=0 auid=4294967295 ses=4294967295 msg='unit=serial-getty@ttyS0 comm="systemd" exe="/usr/lib/systemd/systemd" hostname=? addr=? terminal=? res=success'UID="root" AUID="unset"
type=SERVICE_START msg=audit(1720287517.741:813): pid=1 uid=0 auid=4294967295 ses=4294967295 msg='unit=serial-getty@ttyS0 comm="systemd" exe="/usr/lib/systemd/systemd" hostname=? addr=? terminal=? res=success'UID="root" AUID="unset"
type=SERVICE_STOP msg=audit(1720287527.766:814): pid=1 uid=0 auid=4294967295 ses=4294967295 msg='unit=serial-getty@ttyS0 comm="systemd" exe="/usr/lib/systemd/systemd" hostname=? addr=? terminal=? res=success'UID="root" AUID="unset"
type=SERVICE_START msg=audit(1720287527.980:815): pid=1 uid=0 auid=4294967295 ses=4294967295 msg='unit=serial-getty@ttyS0 comm="systemd" exe="/usr/lib/systemd/systemd" hostname=? addr=? terminal=? res=success'UID="root" AUID="unset"
type=SERVICE_STOP msg=audit(1720287527.981:816): pid=1 uid=0 auid=4294967295 ses=4294967295 msg='unit=serial-getty@ttyS0 comm="systemd" exe="/usr/lib/systemd/systemd" hostname=? addr=? terminal=? res=success'UID="root" AUID="unset"
type=SERVICE_START msg=audit(1720287527.990:817): pid=1 uid=0 auid=4294967295 ses=4294967295 msg='unit=serial-getty@ttyS0 comm="systemd" exe="/usr/lib/systemd/systemd" hostname=? addr=? terminal=? res=success'UID="root" AUID="unset"
type=SERVICE_STOP msg=audit(1720287538.053:818): pid=1 uid=0 auid=4294967295 ses=4294967295 msg='unit=serial-getty@ttyS0 comm="systemd" exe="/usr/lib/systemd/systemd" hostname=? addr=? terminal=? res=success'UID="root" AUID="unset"
type=SERVICE_START msg=audit(1720287538.230:819): pid=1 uid=0 auid=4294967295 ses=4294967295 msg='unit=serial-getty@ttyS0 comm="systemd" exe="/usr/lib/systemd/systemd" hostname=? addr=? terminal=? res=success'UID="root" AUID="unset"
type=SERVICE_STOP msg=audit(1720287538.230:820): pid=1 uid=0 auid=4294967295 ses=4294967295 msg='unit=serial-getty@ttyS0 comm="systemd" exe="/usr/lib/systemd/systemd" hostname=? addr=? terminal=? res=success'UID="root" AUID="unset"
type=SERVICE_START msg=audit(1720287538.240:821): pid=1 uid=0 auid=4294967295 ses=4294967295 msg='unit=serial-getty@ttyS0 comm="systemd" exe="/usr/lib/systemd/systemd" hostname=? addr=? terminal=? res=success'UID="root" AUID="unset"
type=SERVICE_STOP msg=audit(1720287548.251:822): pid=1 uid=0 auid=4294967295 ses=4294967295 msg='unit=serial-getty@ttyS0 comm="systemd" exe="/usr/lib/systemd/systemd" hostname=? addr=? terminal=? res=success'UID="root" AUID="unset"
type=SERVICE_START msg=audit(1720287548.481:823): pid=1 uid=0 auid=4294967295 ses=4294967295 msg='unit=serial-getty@ttyS0 comm="systemd" exe="/usr/lib/systemd/systemd" hostname=? addr=? terminal=? res=success'UID="root" AUID="unset"
type=SERVICE_STOP msg=audit(1720287548.481:824): pid=1 uid=0 auid=4294967295 ses=4294967295 msg='unit=serial-getty@ttyS0 comm="systemd" exe="/usr/lib/systemd/systemd" hostname=? addr=? terminal=? res=success'UID="root" AUID="unset"
type=SERVICE_START msg=audit(1720287548.499:825): pid=1 uid=0 auid=4294967295 ses=4294967295 msg='unit=serial-getty@ttyS0 comm="systemd" exe="/usr/lib/systemd/systemd" hostname=? addr=? terminal=? res=success'UID="root" AUID="unset"
type=SERVICE_STOP msg=audit(1720287558.515:826): pid=1 uid=0 auid=4294967295 ses=4294967295 msg='unit=serial-getty@ttyS0 comm="systemd" exe="/usr/lib/systemd/systemd" hostname=? addr=? terminal=? res=success'UID="root" AUID="unset"
type=SERVICE_START msg=audit(1720287558.730:827): pid=1 uid=0 auid=4294967295 ses=4294967295 msg='unit=serial-getty@ttyS0 comm="systemd" exe="/usr/lib/systemd/systemd" hostname=? addr=? terminal=? res=success'UID="root" AUID="unset"
type=SERVICE_STOP msg=audit(1720287558.731:828): pid=1 uid=0 auid=4294967295 ses=4294967295 msg='unit=serial-getty@ttyS0 comm="systemd" exe="/usr/lib/systemd/systemd" hostname=? addr=? terminal=? res=success'UID="root" AUID="unset"
type=SERVICE_START msg=audit(1720287558.743:829): pid=1 uid=0 auid=4294967295 ses=4294967295 msg='unit=serial-getty@ttyS0 comm="systemd" exe="/usr/lib/systemd/systemd" hostname=? addr=? terminal=? res=success'UID="root" AUID="unset"
type=SERVICE_STOP msg=audit(1720287568.756:830): pid=1 uid=0 auid=4294967295 ses=4294967295 msg='unit=serial-getty@ttyS0 comm="systemd" exe="/usr/lib/systemd/systemd" hostname=? addr=? terminal=? res=success'UID="root" AUID="unset"
type=SERVICE_START msg=audit(1720287568.980:831): pid=1 uid=0 auid=4294967295 ses=4294967295 msg='unit=serial-getty@ttyS0 comm="systemd" exe="/usr/lib/systemd/systemd" hostname=? addr=? terminal=? res=success'UID="root" AUID="unset"
type=SERVICE_STOP msg=audit(1720287568.981:832): pid=1 uid=0 auid=4294967295 ses=4294967295 msg='unit=serial-getty@ttyS0 comm="systemd" exe="/usr/lib/systemd/systemd" hostname=? addr=? terminal=? res=success'UID="root" AUID="unset"
type=SERVICE_START msg=audit(1720287568.990:833): pid=1 uid=0 auid=4294967295 ses=4294967295 msg='unit=serial-getty@ttyS0 comm="systemd" exe="/usr/lib/systemd/systemd" hostname=? addr=? terminal=? res=success'UID="root" AUID="unset"
type=SERVICE_STOP msg=audit(1720287579.007:834): pid=1 uid=0 auid=4294967295 ses=4294967295 msg='unit=serial-getty@ttyS0 comm="systemd" exe="/usr/lib/systemd/systemd" hostname=? addr=? terminal=? res=success'UID="root" AUID="unset"
type=SERVICE_START msg=audit(1720287579.230:835): pid=1 uid=0 auid=4294967295 ses=4294967295 msg='unit=serial-getty@ttyS0 comm="systemd" exe="/usr/lib/systemd/systemd" hostname=? addr=? terminal=? res=success'UID="root" AUID="unset"
type=SERVICE_STOP msg=audit(1720287579.230:836): pid=1 uid=0 auid=4294967295 ses=4294967295 msg='unit=serial-getty@ttyS0 comm="systemd" exe="/usr/lib/systemd/systemd" hostname=? addr=? terminal=? res=success'UID="root" AUID="unset"
type=SERVICE_START msg=audit(1720287579.238:837): pid=1 uid=0 auid=4294967295 ses=4294967295 msg='unit=serial-getty@ttyS0 comm="systemd" exe="/usr/lib/systemd/systemd" hostname=? addr=? terminal=? res=success'UID="root" AUID="unset"
type=SERVICE_STOP msg=audit(1720287589.303:838): pid=1 uid=0 auid=4294967295 ses=4294967295 msg='unit=serial-getty@ttyS0 comm="systemd" exe="/usr/lib/systemd/systemd" hostname=? addr=? terminal=? res=success'UID="root" AUID="unset"
type=SERVICE_START msg=audit(1720287589.480:839): pid=1 uid=0 auid=4294967295 ses=4294967295 msg='unit=serial-getty@ttyS0 comm="systemd" exe="/usr/lib/systemd/systemd" hostname=? addr=? terminal=? res=success'UID="root" AUID="unset"
type=SERVICE_STOP msg=audit(1720287589.480:840): pid=1 uid=0 auid=4294967295 ses=4294967295 msg='unit=serial-getty@ttyS0 comm="systemd" exe="/usr/lib/systemd/systemd" hostname=? addr=? terminal=? res=success'UID="root" AUID="unset"
type=SERVICE_START msg=audit(1720287589.488:841): pid=1 uid=0 auid=4294967295 ses=4294967295 msg='unit=serial-getty@ttyS0 comm="systemd" exe="/usr/lib/systemd/systemd" hostname=? addr=? terminal=? res=success'UID="root" AUID="unset"
type=SERVICE_STOP msg=audit(1720287599.503:842): pid=1 uid=0 auid=4294967295 ses=4294967295 msg='unit=serial-getty@ttyS0 comm="systemd" exe="/usr/lib/systemd/systemd" hostname=? addr=? terminal=? res=success'UID="root" AUID="unset"
type=SERVICE_START msg=audit(1720287599.730:843): pid=1 uid=0 auid=4294967295 ses=4294967295 msg='unit=serial-getty@ttyS0 comm="systemd" exe="/usr/lib/systemd/systemd" hostname=? addr=? terminal=? res=success'UID="root" AUID="unset"
type=SERVICE_STOP msg=audit(1720287599.730:844): pid=1 uid=0 auid=4294967295 ses=4294967295 msg='unit=serial-getty@ttyS0 comm="systemd" exe="/usr/lib/systemd/systemd" hostname=? addr=? terminal=? res=success'UID="root" AUID="unset"
type=SERVICE_START msg=audit(1720287599.739:845): pid=1 uid=0 auid=4294967295 ses=4294967295 msg='unit=serial-getty@ttyS0 comm="systemd" exe="/usr/lib/systemd/systemd" hostname=? addr=? terminal=? res=success'UID="root" AUID="unset"
type=SERVICE_STOP msg=audit(1720287609.746:846): pid=1 uid=0 auid=4294967295 ses=4294967295 msg='unit=serial-getty@ttyS0 comm="systemd" exe="/usr/lib/systemd/systemd" hostname=? addr=? terminal=? res=success'UID="root" AUID="unset"
type=SERVICE_START msg=audit(1720287609.980:847): pid=1 uid=0 auid=4294967295 ses=4294967295 msg='unit=serial-getty@ttyS0 comm="systemd" exe="/usr/lib/systemd/systemd" hostname=? addr=? terminal=? res=success'UID="root" AUID="unset"
type=SERVICE_STOP msg=audit(1720287609.981:848): pid=1 uid=0 auid=4294967295 ses=4294967295 msg='unit=serial-getty@ttyS0 comm="systemd" exe="/usr/lib/systemd/systemd" hostname=? addr=? terminal=? res=success'UID="root" AUID="unset"
type=SERVICE_START msg=audit(1720287609.990:849): pid=1 uid=0 auid=4294967295 ses=4294967295 msg='unit=serial-getty@ttyS0 comm="systemd" exe="/usr/lib/systemd/systemd" hostname=? addr=? terminal=? res=success'UID="root" AUID="unset"
type=SERVICE_STOP msg=audit(1720287620.008:850): pid=1 uid=0 auid=4294967295 ses=4294967295 msg='unit=serial-getty@ttyS0 comm="systemd" exe="/usr/lib/systemd/systemd" hostname=? addr=? terminal=? res=success'UID="root" AUID="unset"
type=SERVICE_START msg=audit(1720287620.230:851): pid=1 uid=0 auid=4294967295 ses=4294967295 msg='unit=serial-getty@ttyS0 comm="systemd" exe="/usr/lib/systemd/systemd" hostname=? addr=? terminal=? res=success'UID="root" AUID="unset"
type=SERVICE_STOP msg=audit(1720287620.230:852): pid=1 uid=0 auid=4294967295 ses=4294967295 msg='unit=serial-getty@ttyS0 comm="systemd" exe="/usr/lib/systemd/systemd" hostname=? addr=? terminal=? res=success'UID="root" AUID="unset"
type=SERVICE_START msg=audit(1720287620.240:853): pid=1 uid=0 auid=4294967295 ses=4294967295 msg='unit=serial-getty@ttyS0 comm="systemd" exe="/usr/lib/systemd/systemd" hostname=? addr=? terminal=? res=success'UID="root" AUID="unset"
type=SERVICE_STOP msg=audit(1720287630.258:854): pid=1 uid=0 auid=4294967295 ses=4294967295 msg='unit=serial-getty@ttyS0 comm="systemd" exe="/usr/lib/systemd/systemd" hostname=? addr=? terminal=? res=success'UID="root" AUID="unset"
type=SERVICE_START msg=audit(1720287630.481:855): pid=1 uid=0 auid=4294967295 ses=4294967295 msg='unit=serial-getty@ttyS0 comm="systemd" exe="/usr/lib/systemd/systemd" hostname=? addr=? terminal=? res=success'UID="root" AUID="unset"
type=SERVICE_STOP msg=audit(1720287630.481:856): pid=1 uid=0 auid=4294967295 ses=4294967295 msg='unit=serial-getty@ttyS0 comm="systemd" exe="/usr/lib/systemd/systemd" hostname=? addr=? terminal=? res=success'UID="root" AUID="unset"
type=SERVICE_START msg=audit(1720287630.490:857): pid=1 uid=0 auid=4294967295 ses=4294967295 msg='unit=serial-getty@ttyS0 comm="systemd" exe="/usr/lib/systemd/systemd" hostname=? addr=? terminal=? res=success'UID="root" AUID="unset"
type=SERVICE_STOP msg=audit(1720287640.509:858): pid=1 uid=0 auid=4294967295 ses=4294967295 msg='unit=serial-getty@ttyS0 comm="systemd" exe="/usr/lib/systemd/systemd" hostname=? addr=? terminal=? res=success'UID="root" AUID="unset"
type=SERVICE_START msg=audit(1720287640.730:859): pid=1 uid=0 auid=4294967295 ses=4294967295 msg='unit=serial-getty@ttyS0 comm="systemd" exe="/usr/lib/systemd/systemd" hostname=? addr=? terminal=? res=success'UID="root" AUID="unset"
type=SERVICE_STOP msg=audit(1720287640.731:860): pid=1 uid=0 auid=4294967295 ses=4294967295 msg='unit=serial-getty@ttyS0 comm="systemd" exe="/usr/lib/systemd/systemd" hostname=? addr=? terminal=? res=success'UID="root" AUID="unset"
type=SERVICE_START msg=audit(1720287640.740:861): pid=1 uid=0 auid=4294967295 ses=4294967295 msg='unit=serial-getty@ttyS0 comm="systemd" exe="/usr/lib/systemd/systemd" hostname=? addr=? terminal=? res=success'UID="root" AUID="unset"
type=SERVICE_STOP msg=audit(1720287650.760:862): pid=1 uid=0 auid=4294967295 ses=4294967295 msg='unit=serial-getty@ttyS0 comm="systemd" exe="/usr/lib/systemd/systemd" hostname=? addr=? terminal=? res=success'UID="root" AUID="unset"
type=SERVICE_START msg=audit(1720287650.981:863): pid=1 uid=0 auid=4294967295 ses=4294967295 msg='unit=serial-getty@ttyS0 comm="systemd" exe="/usr/lib/systemd/systemd" hostname=? addr=? terminal=? res=success'UID="root" AUID="unset"
type=SERVICE_STOP msg=audit(1720287650.981:864): pid=1 uid=0 auid=4294967295 ses=4294967295 msg='unit=serial-getty@ttyS0 comm="systemd" exe="/usr/lib/systemd/systemd" hostname=? addr=? terminal=? res=success'UID="root" AUID="unset"
type=SERVICE_START msg=audit(1720287650.994:865): pid=1 uid=0 auid=4294967295 ses=4294967295 msg='unit=serial-getty@ttyS0 comm="systemd" exe="/usr/lib/systemd/systemd" hostname=? addr=? terminal=? res=success'UID="root" AUID="unset"
type=SERVICE_STOP msg=audit(1720287661.018:866): pid=1 uid=0 auid=4294967295 ses=4294967295 msg='unit=serial-getty@ttyS0 comm="systemd" exe="/usr/lib/systemd/systemd" hostname=? addr=? terminal=? res=success'UID="root" AUID="unset"
type=SERVICE_START msg=audit(1720287661.231:867): pid=1 uid=0 auid=4294967295 ses=4294967295 msg='unit=serial-getty@ttyS0 comm="systemd" exe="/usr/lib/systemd/systemd" hostname=? addr=? terminal=? res=success'UID="root" AUID="unset"
type=SERVICE_STOP msg=audit(1720287661.231:868): pid=1 uid=0 auid=4294967295 ses=4294967295 msg='unit=serial-getty@ttyS0 comm="systemd" exe="/usr/lib/systemd/systemd" hostname=? addr=? terminal=? res=success'UID="root" AUID="unset"
type=SERVICE_START msg=audit(1720287661.246:869): pid=1 uid=0 auid=4294967295 ses=4294967295 msg='unit=serial-getty@ttyS0 comm="systemd" exe="/usr/lib/systemd/systemd" hostname=? addr=? terminal=? res=success'UID="root" AUID="unset"
type=SERVICE_STOP msg=audit(1720287671.262:870): pid=1 uid=0 auid=4294967295 ses=4294967295 msg='unit=serial-getty@ttyS0 comm="systemd" exe="/usr/lib/systemd/systemd" hostname=? addr=? terminal=? res=success'UID="root" AUID="unset"
type=SERVICE_START msg=audit(1720287671.480:871): pid=1 uid=0 auid=4294967295 ses=4294967295 msg='unit=serial-getty@ttyS0 comm="systemd" exe="/usr/lib/systemd/systemd" hostname=? addr=? terminal=? res=success'UID="root" AUID="unset"
type=SERVICE_STOP msg=audit(1720287671.481:872): pid=1 uid=0 auid=4294967295 ses=4294967295 msg='unit=serial-getty@ttyS0 comm="systemd" exe="/usr/lib/systemd/systemd" hostname=? addr=? terminal=? res=success'UID="root" AUID="unset"
type=SERVICE_START msg=audit(1720287671.490:873): pid=1 uid=0 auid=4294967295 ses=4294967295 msg='unit=serial-getty@ttyS0 comm="systemd" exe="/usr/lib/systemd/systemd" hostname=? addr=? terminal=? res=success'UID="root" AUID="unset"
type=SERVICE_STOP msg=audit(1720287681.509:874): pid=1 uid=0 auid=4294967295 ses=4294967295 msg='unit=serial-getty@ttyS0 comm="systemd" exe="/usr/lib/systemd/systemd" hostname=? addr=? terminal=? res=success'UID="root" AUID="unset"
type=SERVICE_START msg=audit(1720287681.730:875): pid=1 uid=0 auid=4294967295 ses=4294967295 msg='unit=serial-getty@ttyS0 comm="systemd" exe="/usr/lib/systemd/systemd" hostname=? addr=? terminal=? res=success'UID="root" AUID="unset"
type=SERVICE_STOP msg=audit(1720287681.731:876): pid=1 uid=0 auid=4294967295 ses=4294967295 msg='unit=serial-getty@ttyS0 comm="systemd" exe="/usr/lib/systemd/systemd" hostname=? addr=? terminal=? res=success'UID="root" AUID="unset"
type=SERVICE_START msg=audit(1720287681.741:877): pid=1 uid=0 auid=4294967295 ses=4294967295 msg='unit=serial-getty@ttyS0 comm="systemd" exe="/usr/lib/systemd/systemd" hostname=? addr=? terminal=? res=success'UID="root" AUID="unset"
type=SERVICE_STOP msg=audit(1720287691.760:878): pid=1 uid=0 auid=4294967295 ses=4294967295 msg='unit=serial-getty@ttyS0 comm="systemd" exe="/usr/lib/systemd/systemd" hostname=? addr=? terminal=? res=success'UID="root" AUID="unset"
type=SERVICE_START msg=audit(1720287691.981:879): pid=1 uid=0 auid=4294967295 ses=4294967295 msg='unit=serial-getty@ttyS0 comm="systemd" exe="/usr/lib/systemd/systemd" hostname=? addr=? terminal=? res=success'UID="root" AUID="unset"
type=SERVICE_STOP msg=audit(1720287691.981:880): pid=1 uid=0 auid=4294967295 ses=4294967295 msg='unit=serial-getty@ttyS0 comm="systemd" exe="/usr/lib/systemd/systemd" hostname=? addr=? terminal=? res=success'UID="root" AUID="unset"
type=SERVICE_START msg=audit(1720287691.991:881): pid=1 uid=0 auid=4294967295 ses=4294967295 msg='unit=serial-getty@ttyS0 comm="systemd" exe="/usr/lib/systemd/systemd" hostname=? addr=? terminal=? res=success'UID="root" AUID="unset"
type=SERVICE_STOP msg=audit(1720287702.009:882): pid=1 uid=0 auid=4294967295 ses=4294967295 msg='unit=serial-getty@ttyS0 comm="systemd" exe="/usr/lib/systemd/systemd" hostname=? addr=? terminal=? res=success'UID="root" AUID="unset"
type=SERVICE_START msg=audit(1720287702.231:883): pid=1 uid=0 auid=4294967295 ses=4294967295 msg='unit=serial-getty@ttyS0 comm="systemd" exe="/usr/lib/systemd/systemd" hostname=? addr=? terminal=? res=success'UID="root" AUID="unset"
type=SERVICE_STOP msg=audit(1720287702.231:884): pid=1 uid=0 auid=4294967295 ses=4294967295 msg='unit=serial-getty@ttyS0 comm="systemd" exe="/usr/lib/systemd/systemd" hostname=? addr=? terminal=? res=success'UID="root" AUID="unset"
type=SERVICE_START msg=audit(1720287702.240:885): pid=1 uid=0 auid=4294967295 ses=4294967295 msg='unit=serial-getty@ttyS0 comm="systemd" exe="/usr/lib/systemd/systemd" hostname=? addr=? terminal=? res=success'UID="root" AUID="unset"
type=SERVICE_STOP msg=audit(1720287712.253:886): pid=1 uid=0 auid=4294967295 ses=4294967295 msg='unit=serial-getty@ttyS0 comm="systemd" exe="/usr/lib/systemd/systemd" hostname=? addr=? terminal=? res=success'UID="root" AUID="unset"
type=SERVICE_START msg=audit(1720287712.480:887): pid=1 uid=0 auid=4294967295 ses=4294967295 msg='unit=serial-getty@ttyS0 comm="systemd" exe="/usr/lib/systemd/systemd" hostname=? addr=? terminal=? res=success'UID="root" AUID="unset"
type=SERVICE_STOP msg=audit(1720287712.481:888): pid=1 uid=0 auid=4294967295 ses=4294967295 msg='unit=serial-getty@ttyS0 comm="systemd" exe="/usr/lib/systemd/systemd" hostname=? addr=? terminal=? res=success'UID="root" AUID="unset"
type=SERVICE_START msg=audit(1720287712.492:889): pid=1 uid=0 auid=4294967295 ses=4294967295 msg='unit=serial-getty@ttyS0 comm="systemd" exe="/usr/lib/systemd/systemd" hostname=? addr=? terminal=? res=success'UID="root" AUID="unset"
type=SERVICE_STOP msg=audit(1720287722.501:890): pid=1 uid=0 auid=4294967295 ses=4294967295 msg='unit=serial-getty@ttyS0 comm="systemd" exe="/usr/lib/systemd/systemd" hostname=? addr=? terminal=? res=success'UID="root" AUID="unset"
type=SERVICE_START msg=audit(1720287722.730:891): pid=1 uid=0 auid=4294967295 ses=4294967295 msg='unit=serial-getty@ttyS0 comm="systemd" exe="/usr/lib/systemd/systemd" hostname=? addr=? terminal=? res=success'UID="root" AUID="unset"
type=SERVICE_STOP msg=audit(1720287722.731:892): pid=1 uid=0 auid=4294967295 ses=4294967295 msg='unit=serial-getty@ttyS0 comm="systemd" exe="/usr/lib/systemd/systemd" hostname=? addr=? terminal=? res=success'UID="root" AUID="unset"
type=SERVICE_START msg=audit(1720287722.741:893): pid=1 uid=0 auid=4294967295 ses=4294967295 msg='unit=serial-getty@ttyS0 comm="systemd" exe="/usr/lib/systemd/systemd" hostname=? addr=? terminal=? res=success'UID="root" AUID="unset"
type=SERVICE_STOP msg=audit(1720287732.760:894): pid=1 uid=0 auid=4294967295 ses=4294967295 msg='unit=serial-getty@ttyS0 comm="systemd" exe="/usr/lib/systemd/systemd" hostname=? addr=? terminal=? res=success'UID="root" AUID="unset"
type=SERVICE_START msg=audit(1720287732.980:895): pid=1 uid=0 auid=4294967295 ses=4294967295 msg='unit=serial-getty@ttyS0 comm="systemd" exe="/usr/lib/systemd/systemd" hostname=? addr=? terminal=? res=success'UID="root" AUID="unset"
type=SERVICE_STOP msg=audit(1720287732.980:896): pid=1 uid=0 auid=4294967295 ses=4294967295 msg='unit=serial-getty@ttyS0 comm="systemd" exe="/usr/lib/systemd/systemd" hostname=? addr=? terminal=? res=success'UID="root" AUID="unset"
type=SERVICE_START msg=audit(1720287732.990:897): pid=1 uid=0 auid=4294967295 ses=4294967295 msg='unit=serial-getty@ttyS0 comm="systemd" exe="/usr/lib/systemd/systemd" hostname=? addr=? terminal=? res=success'UID="root" AUID="unset"
type=SERVICE_STOP msg=audit(1720287743.004:898): pid=1 uid=0 auid=4294967295 ses=4294967295 msg='unit=serial-getty@ttyS0 comm="systemd" exe="/usr/lib/systemd/systemd" hostname=? addr=? terminal=? res=success'UID="root" AUID="unset"
type=SERVICE_START msg=audit(1720287743.230:899): pid=1 uid=0 auid=4294967295 ses=4294967295 msg='unit=serial-getty@ttyS0 comm="systemd" exe="/usr/lib/systemd/systemd" hostname=? addr=? terminal=? res=success'UID="root" AUID="unset"
type=SERVICE_STOP msg=audit(1720287743.230:900): pid=1 uid=0 auid=4294967295 ses=4294967295 msg='unit=serial-getty@ttyS0 comm="systemd" exe="/usr/lib/systemd/systemd" hostname=? addr=? terminal=? res=success'UID="root" AUID="unset"
type=SERVICE_START msg=audit(1720287743.243:901): pid=1 uid=0 auid=4294967295 ses=4294967295 msg='unit=serial-getty@ttyS0 comm="systemd" exe="/usr/lib/systemd/systemd" hostname=? addr=? terminal=? res=success'UID="root" AUID="unset"
type=SERVICE_STOP msg=audit(1720287753.255:902): pid=1 uid=0 auid=4294967295 ses=4294967295 msg='unit=serial-getty@ttyS0 comm="systemd" exe="/usr/lib/systemd/systemd" hostname=? addr=? terminal=? res=success'UID="root" AUID="unset"
type=SERVICE_START msg=audit(1720287753.481:903): pid=1 uid=0 auid=4294967295 ses=4294967295 msg='unit=serial-getty@ttyS0 comm="systemd" exe="/usr/lib/systemd/systemd" hostname=? addr=? terminal=? res=success'UID="root" AUID="unset"
type=SERVICE_STOP msg=audit(1720287753.481:904): pid=1 uid=0 auid=4294967295 ses=4294967295 msg='unit=serial-getty@ttyS0 comm="systemd" exe="/usr/lib/systemd/systemd" hostname=? addr=? terminal=? res=success'UID="root" AUID="unset"
type=SERVICE_START msg=audit(1720287753.491:905): pid=1 uid=0 auid=4294967295 ses=4294967295 msg='unit=serial-getty@ttyS0 comm="systemd" exe="/usr/lib/systemd/systemd" hostname=? addr=? terminal=? res=success'UID="root" AUID="unset"
type=SERVICE_STOP msg=audit(1720287763.503:906): pid=1 uid=0 auid=4294967295 ses=4294967295 msg='unit=serial-getty@ttyS0 comm="systemd" exe="/usr/lib/systemd/systemd" hostname=? addr=? terminal=? res=success'UID="root" AUID="unset"
type=SERVICE_START msg=audit(1720287763.731:907): pid=1 uid=0 auid=4294967295 ses=4294967295 msg='unit=serial-getty@ttyS0 comm="systemd" exe="/usr/lib/systemd/systemd" hostname=? addr=? terminal=? res=success'UID="root" AUID="unset"
type=SERVICE_STOP msg=audit(1720287763.731:908): pid=1 uid=0 auid=4294967295 ses=4294967295 msg='unit=serial-getty@ttyS0 comm="systemd" exe="/usr/lib/systemd/systemd" hostname=? addr=? terminal=? res=success'UID="root" AUID="unset"
type=SERVICE_START msg=audit(1720287763.741:909): pid=1 uid=0 auid=4294967295 ses=4294967295 msg='unit=serial-getty@ttyS0 comm="systemd" exe="/usr/lib/systemd/systemd" hostname=? addr=? terminal=? res=success'UID="root" AUID="unset"
type=SERVICE_STOP msg=audit(1720287773.753:910): pid=1 uid=0 auid=4294967295 ses=4294967295 msg='unit=serial-getty@ttyS0 comm="systemd" exe="/usr/lib/systemd/systemd" hostname=? addr=? terminal=? res=success'UID="root" AUID="unset"
type=SERVICE_START msg=audit(1720287773.980:911): pid=1 uid=0 auid=4294967295 ses=4294967295 msg='unit=serial-getty@ttyS0 comm="systemd" exe="/usr/lib/systemd/systemd" hostname=? addr=? terminal=? res=success'UID="root" AUID="unset"
type=SERVICE_STOP msg=audit(1720287773.981:912): pid=1 uid=0 auid=4294967295 ses=4294967295 msg='unit=serial-getty@ttyS0 comm="systemd" exe="/usr/lib/systemd/systemd" hostname=? addr=? terminal=? res=success'UID="root" AUID="unset"
type=SERVICE_START msg=audit(1720287773.993:913): pid=1 uid=0 auid=4294967295 ses=4294967295 msg='unit=serial-getty@ttyS0 comm="systemd" exe="/usr/lib/systemd/systemd" hostname=? addr=? terminal=? res=success'UID="root" AUID="unset"
type=SERVICE_STOP msg=audit(1720287784.013:914): pid=1 uid=0 auid=4294967295 ses=4294967295 msg='unit=serial-getty@ttyS0 comm="systemd" exe="/usr/lib/systemd/systemd" hostname=? addr=? terminal=? res=success'UID="root" AUID="unset"
type=SERVICE_START msg=audit(1720287784.231:915): pid=1 uid=0 auid=4294967295 ses=4294967295 msg='unit=serial-getty@ttyS0 comm="systemd" exe="/usr/lib/systemd/systemd" hostname=? addr=? terminal=? res=success'UID="root" AUID="unset"
type=SERVICE_STOP msg=audit(1720287784.231:916): pid=1 uid=0 auid=4294967295 ses=4294967295 msg='unit=serial-getty@ttyS0 comm="systemd" exe="/usr/lib/systemd/systemd" hostname=? addr=? terminal=? res=success'UID="root" AUID="unset"
type=SERVICE_START msg=audit(1720287784.241:917): pid=1 uid=0 auid=4294967295 ses=4294967295 msg='unit=serial-getty@ttyS0 comm="systemd" exe="/usr/lib/systemd/systemd" hostname=? addr=? terminal=? res=success'UID="root" AUID="unset"
type=SERVICE_STOP msg=audit(1720287794.260:918): pid=1 uid=0 auid=4294967295 ses=4294967295 msg='unit=serial-getty@ttyS0 comm="systemd" exe="/usr/lib/systemd/systemd" hostname=? addr=? terminal=? res=success'UID="root" AUID="unset"
type=SERVICE_START msg=audit(1720287794.480:919): pid=1 uid=0 auid=4294967295 ses=4294967295 msg='unit=serial-getty@ttyS0 comm="systemd" exe="/usr/lib/systemd/systemd" hostname=? addr=? terminal=? res=success'UID="root" AUID="unset"
type=SERVICE_STOP msg=audit(1720287794.480:920): pid=1 uid=0 auid=4294967295 ses=4294967295 msg='unit=serial-getty@ttyS0 comm="systemd" exe="/usr/lib/systemd/systemd" hostname=? addr=? terminal=? res=success'UID="root" AUID="unset"
type=SERVICE_START msg=audit(1720287794.490:921): pid=1 uid=0 auid=4294967295 ses=4294967295 msg='unit=serial-getty@ttyS0 comm="systemd" exe="/usr/lib/systemd/systemd" hostname=? addr=? terminal=? res=success'UID="root" AUID="unset"
type=SERVICE_STOP msg=audit(1720287804.502:922): pid=1 uid=0 auid=4294967295 ses=4294967295 msg='unit=serial-getty@ttyS0 comm="systemd" exe="/usr/lib/systemd/systemd" hostname=? addr=? terminal=? res=success'UID="root" AUID="unset"
type=SERVICE_START msg=audit(1720287804.731:923): pid=1 uid=0 auid=4294967295 ses=4294967295 msg='unit=serial-getty@ttyS0 comm="systemd" exe="/usr/lib/systemd/systemd" hostname=? addr=? terminal=? res=success'UID="root" AUID="unset"
type=SERVICE_STOP msg=audit(1720287804.731:924): pid=1 uid=0 auid=4294967295 ses=4294967295 msg='unit=serial-getty@ttyS0 comm="systemd" exe="/usr/lib/systemd/systemd" hostname=? addr=? terminal=? res=success'UID="root" AUID="unset"
type=SERVICE_START msg=audit(1720287804.744:925): pid=1 uid=0 auid=4294967295 ses=4294967295 msg='unit=serial-getty@ttyS0 comm="systemd" exe="/usr/lib/systemd/systemd" hostname=? addr=? terminal=? res=success'UID="root" AUID="unset"
type=SERVICE_STOP msg=audit(1720287814.761:926): pid=1 uid=0 auid=4294967295 ses=4294967295 msg='unit=serial-getty@ttyS0 comm="systemd" exe="/usr/lib/systemd/systemd" hostname=? addr=? terminal=? res=success'UID="root" AUID="unset"
type=SERVICE_START msg=audit(1720287814.981:927): pid=1 uid=0 auid=4294967295 ses=4294967295 msg='unit=serial-getty@ttyS0 comm="systemd" exe="/usr/lib/systemd/systemd" hostname=? addr=? terminal=? res=success'UID="root" AUID="unset"
type=SERVICE_STOP msg=audit(1720287814.981:928): pid=1 uid=0 auid=4294967295 ses=4294967295 msg='unit=serial-getty@ttyS0 comm="systemd" exe="/usr/lib/systemd/systemd" hostname=? addr=? terminal=? res=success'UID="root" AUID="unset"
type=SERVICE_START msg=audit(1720287814.991:929): pid=1 uid=0 auid=4294967295 ses=4294967295 msg='unit=serial-getty@ttyS0 comm="systemd" exe="/usr/lib/systemd/systemd" hostname=? addr=? terminal=? res=success'UID="root" AUID="unset"
type=SERVICE_STOP msg=audit(1720287825.003:930): pid=1 uid=0 auid=4294967295 ses=4294967295 msg='unit=serial-getty@ttyS0 comm="systemd" exe="/usr/lib/systemd/systemd" hostname=? addr=? terminal=? res=success'UID="root" AUID="unset"
type=SERVICE_START msg=audit(1720287825.231:931): pid=1 uid=0 auid=4294967295 ses=4294967295 msg='unit=serial-getty@ttyS0 comm="systemd" exe="/usr/lib/systemd/systemd" hostname=? addr=? terminal=? res=success'UID="root" AUID="unset"
type=SERVICE_STOP msg=audit(1720287825.231:932): pid=1 uid=0 auid=4294967295 ses=4294967295 msg='unit=serial-getty@ttyS0 comm="systemd" exe="/usr/lib/systemd/systemd" hostname=? addr=? terminal=? res=success'UID="root" AUID="unset"
type=SERVICE_START msg=audit(1720287825.243:933): pid=1 uid=0 auid=4294967295 ses=4294967295 msg='unit=serial-getty@ttyS0 comm="systemd" exe="/usr/lib/systemd/systemd" hostname=? addr=? terminal=? res=success'UID="root" AUID="unset"
type=SERVICE_STOP msg=audit(1720287835.255:934): pid=1 uid=0 auid=4294967295 ses=4294967295 msg='unit=serial-getty@ttyS0 comm="systemd" exe="/usr/lib/systemd/systemd" hostname=? addr=? terminal=? res=success'UID="root" AUID="unset"
type=SERVICE_START msg=audit(1720287835.480:935): pid=1 uid=0 auid=4294967295 ses=4294967295 msg='unit=serial-getty@ttyS0 comm="systemd" exe="/usr/lib/systemd/systemd" hostname=? addr=? terminal=? res=success'UID="root" AUID="unset"
type=SERVICE_STOP msg=audit(1720287835.481:936): pid=1 uid=0 auid=4294967295 ses=4294967295 msg='unit=serial-getty@ttyS0 comm="systemd" exe="/usr/lib/systemd/systemd" hostname=? addr=? terminal=? res=success'UID="root" AUID="unset"
type=SERVICE_START msg=audit(1720287835.491:937): pid=1 uid=0 auid=4294967295 ses=4294967295 msg='unit=serial-getty@ttyS0 comm="systemd" exe="/usr/lib/systemd/systemd" hostname=? addr=? terminal=? res=success'UID="root" AUID="unset"
type=SERVICE_STOP msg=audit(1720287845.513:938): pid=1 uid=0 auid=4294967295 ses=4294967295 msg='unit=serial-getty@ttyS0 comm="systemd" exe="/usr/lib/systemd/systemd" hostname=? addr=? terminal=? res=success'UID="root" AUID="unset"
type=SERVICE_START msg=audit(1720287845.730:939): pid=1 uid=0 auid=4294967295 ses=4294967295 msg='unit=serial-getty@ttyS0 comm="systemd" exe="/usr/lib/systemd/systemd" hostname=? addr=? terminal=? res=success'UID="root" AUID="unset"
type=SERVICE_STOP msg=audit(1720287845.731:940): pid=1 uid=0 auid=4294967295 ses=4294967295 msg='unit=serial-getty@ttyS0 comm="systemd" exe="/usr/lib/systemd/systemd" hostname=? addr=? terminal=? res=success'UID="root" AUID="unset"
type=SERVICE_START msg=audit(1720287845.741:941): pid=1 uid=0 auid=4294967295 ses=4294967295 msg='unit=serial-getty@ttyS0 comm="systemd" exe="/usr/lib/systemd/systemd" hostname=? addr=? terminal=? res=success'UID="root" AUID="unset"
type=SERVICE_STOP msg=audit(1720287855.759:942): pid=1 uid=0 auid=4294967295 ses=4294967295 msg='unit=serial-getty@ttyS0 comm="systemd" exe="/usr/lib/systemd/systemd" hostname=? addr=? terminal=? res=success'UID="root" AUID="unset"
type=SERVICE_START msg=audit(1720287855.980:943): pid=1 uid=0 auid=4294967295 ses=4294967295 msg='unit=serial-getty@ttyS0 comm="systemd" exe="/usr/lib/systemd/systemd" hostname=? addr=? terminal=? res=success'UID="root" AUID="unset"
type=SERVICE_STOP msg=audit(1720287855.981:944): pid=1 uid=0 auid=4294967295 ses=4294967295 msg='unit=serial-getty@ttyS0 comm="systemd" exe="/usr/lib/systemd/systemd" hostname=? addr=? terminal=? res=success'UID="root" AUID="unset"
type=SERVICE_START msg=audit(1720287855.990:945): pid=1 uid=0 auid=4294967295 ses=4294967295 msg='unit=serial-getty@ttyS0 comm="systemd" exe="/usr/lib/systemd/systemd" hostname=? addr=? terminal=? res=success'UID="root" AUID="unset"
type=SERVICE_STOP msg=audit(1720287866.002:946): pid=1 uid=0 auid=4294967295 ses=4294967295 msg='unit=serial-getty@ttyS0 comm="systemd" exe="/usr/lib/systemd/systemd" hostname=? addr=? terminal=? res=success'UID="root" AUID="unset"
type=SERVICE_START msg=audit(1720287866.142:947): pid=1 uid=0 auid=4294967295 ses=4294967295 msg='unit=serial-getty@ttyS0 comm="systemd" exe="/usr/lib/systemd/systemd" hostname=? addr=? terminal=? res=success'UID="root" AUID="unset"
type=SERVICE_STOP msg=audit(1720287866.142:948): pid=1 uid=0 auid=4294967295 ses=4294967295 msg='unit=serial-getty@ttyS0 comm="systemd" exe="/usr/lib/systemd/systemd" hostname=? addr=? terminal=? res=success'UID="root" AUID="unset"
type=SERVICE_START msg=audit(1720287866.151:949): pid=1 uid=0 auid=4294967295 ses=4294967295 msg='unit=serial-getty@ttyS0 comm="systemd" exe="/usr/lib/systemd/systemd" hostname=? addr=? terminal=? res=success'UID="root" AUID="unset"
type=SERVICE_STOP msg=audit(1720287876.168:950): pid=1 uid=0 auid=4294967295 ses=4294967295 msg='unit=serial-getty@ttyS0 comm="systemd" exe="/usr/lib/systemd/systemd" hostname=? addr=? terminal=? res=success'UID="root" AUID="unset"
type=SERVICE_START msg=audit(1720287876.480:951): pid=1 uid=0 auid=4294967295 ses=4294967295 msg='unit=serial-getty@ttyS0 comm="systemd" exe="/usr/lib/systemd/systemd" hostname=? addr=? terminal=? res=success'UID="root" AUID="unset"
type=SERVICE_STOP msg=audit(1720287876.480:952): pid=1 uid=0 auid=4294967295 ses=4294967295 msg='unit=serial-getty@ttyS0 comm="systemd" exe="/usr/lib/systemd/systemd" hostname=? addr=? terminal=? res=success'UID="root" AUID="unset"
type=SERVICE_START msg=audit(1720287876.490:953): pid=1 uid=0 auid=4294967295 ses=4294967295 msg='unit=serial-getty@ttyS0 comm="systemd" exe="/usr/lib/systemd/systemd" hostname=? addr=? terminal=? res=success'UID="root" AUID="unset"
type=SERVICE_STOP msg=audit(1720287886.502:954): pid=1 uid=0 auid=4294967295 ses=4294967295 msg='unit=serial-getty@ttyS0 comm="systemd" exe="/usr/lib/systemd/systemd" hostname=? addr=? terminal=? res=success'UID="root" AUID="unset"
type=SERVICE_START msg=audit(1720287886.731:955): pid=1 uid=0 auid=4294967295 ses=4294967295 msg='unit=serial-getty@ttyS0 comm="systemd" exe="/usr/lib/systemd/systemd" hostname=? addr=? terminal=? res=success'UID="root" AUID="unset"
type=SERVICE_STOP msg=audit(1720287886.731:956): pid=1 uid=0 auid=4294967295 ses=4294967295 msg='unit=serial-getty@ttyS0 comm="systemd" exe="/usr/lib/systemd/systemd" hostname=? addr=? terminal=? res=success'UID="root" AUID="unset"
type=SERVICE_START msg=audit(1720287886.740:957): pid=1 uid=0 auid=4294967295 ses=4294967295 msg='unit=serial-getty@ttyS0 comm="systemd" exe="/usr/lib/systemd/systemd" hostname=? addr=? terminal=? res=success'UID="root" AUID="unset"
type=SERVICE_STOP msg=audit(1720287896.748:958): pid=1 uid=0 auid=4294967295 ses=4294967295 msg='unit=serial-getty@ttyS0 comm="systemd" exe="/usr/lib/systemd/systemd" hostname=? addr=? terminal=? res=success'UID="root" AUID="unset"
type=SERVICE_START msg=audit(1720287896.980:959): pid=1 uid=0 auid=4294967295 ses=4294967295 msg='unit=serial-getty@ttyS0 comm="systemd" exe="/usr/lib/systemd/systemd" hostname=? addr=? terminal=? res=success'UID="root" AUID="unset"
type=SERVICE_STOP msg=audit(1720287896.981:960): pid=1 uid=0 auid=4294967295 ses=4294967295 msg='unit=serial-getty@ttyS0 comm="systemd" exe="/usr/lib/systemd/systemd" hostname=? addr=? terminal=? res=success'UID="root" AUID="unset"
type=SERVICE_START msg=audit(1720287896.994:961): pid=1 uid=0 auid=4294967295 ses=4294967295 msg='unit=serial-getty@ttyS0 comm="systemd" exe="/usr/lib/systemd/systemd" hostname=? addr=? terminal=? res=success'UID="root" AUID="unset"
type=SERVICE_STOP msg=audit(1720287907.018:962): pid=1 uid=0 auid=4294967295 ses=4294967295 msg='unit=serial-getty@ttyS0 comm="systemd" exe="/usr/lib/systemd/systemd" hostname=? addr=? terminal=? res=success'UID="root" AUID="unset"
type=SERVICE_START msg=audit(1720287907.230:963): pid=1 uid=0 auid=4294967295 ses=4294967295 msg='unit=serial-getty@ttyS0 comm="systemd" exe="/usr/lib/systemd/systemd" hostname=? addr=? terminal=? res=success'UID="root" AUID="unset"
type=SERVICE_STOP msg=audit(1720287907.231:964): pid=1 uid=0 auid=4294967295 ses=4294967295 msg='unit=serial-getty@ttyS0 comm="systemd" exe="/usr/lib/systemd/systemd" hostname=? addr=? terminal=? res=success'UID="root" AUID="unset"
type=SERVICE_START msg=audit(1720287907.241:965): pid=1 uid=0 auid=4294967295 ses=4294967295 msg='unit=serial-getty@ttyS0 comm="systemd" exe="/usr/lib/systemd/systemd" hostname=? addr=? terminal=? res=success'UID="root" AUID="unset"
type=SERVICE_STOP msg=audit(1720287917.254:966): pid=1 uid=0 auid=4294967295 ses=4294967295 msg='unit=serial-getty@ttyS0 comm="systemd" exe="/usr/lib/systemd/systemd" hostname=? addr=? terminal=? res=success'UID="root" AUID="unset"
type=SERVICE_START msg=audit(1720287917.481:967): pid=1 uid=0 auid=4294967295 ses=4294967295 msg='unit=serial-getty@ttyS0 comm="systemd" exe="/usr/lib/systemd/systemd" hostname=? addr=? terminal=? res=success'UID="root" AUID="unset"
type=SERVICE_STOP msg=audit(1720287917.481:968): pid=1 uid=0 auid=4294967295 ses=4294967295 msg='unit=serial-getty@ttyS0 comm="systemd" exe="/usr/lib/systemd/systemd" hostname=? addr=? terminal=? res=success'UID="root" AUID="unset"
type=SERVICE_START msg=audit(1720287917.491:969): pid=1 uid=0 auid=4294967295 ses=4294967295 msg='unit=serial-getty@ttyS0 comm="systemd" exe="/usr/lib/systemd/systemd" hostname=? addr=? terminal=? res=success'UID="root" AUID="unset"
type=SERVICE_STOP msg=audit(1720287927.503:970): pid=1 uid=0 auid=4294967295 ses=4294967295 msg='unit=serial-getty@ttyS0 comm="systemd" exe="/usr/lib/systemd/systemd" hostname=? addr=? terminal=? res=success'UID="root" AUID="unset"
type=SERVICE_START msg=audit(1720287927.730:971): pid=1 uid=0 auid=4294967295 ses=4294967295 msg='unit=serial-getty@ttyS0 comm="systemd" exe="/usr/lib/systemd/systemd" hostname=? addr=? terminal=? res=success'UID="root" AUID="unset"
type=SERVICE_STOP msg=audit(1720287927.731:972): pid=1 uid=0 auid=4294967295 ses=4294967295 msg='unit=serial-getty@ttyS0 comm="systemd" exe="/usr/lib/systemd/systemd" hostname=? addr=? terminal=? res=success'UID="root" AUID="unset"
type=SERVICE_START msg=audit(1720287927.741:973): pid=1 uid=0 auid=4294967295 ses=4294967295 msg='unit=serial-getty@ttyS0 comm="systemd" exe="/usr/lib/systemd/systemd" hostname=? addr=? terminal=? res=success'UID="root" AUID="unset"
type=SERVICE_STOP msg=audit(1720287937.759:974): pid=1 uid=0 auid=4294967295 ses=4294967295 msg='unit=serial-getty@ttyS0 comm="systemd" exe="/usr/lib/systemd/systemd" hostname=? addr=? terminal=? res=success'UID="root" AUID="unset"
type=SERVICE_START msg=audit(1720287937.980:975): pid=1 uid=0 auid=4294967295 ses=4294967295 msg='unit=serial-getty@ttyS0 comm="systemd" exe="/usr/lib/systemd/systemd" hostname=? addr=? terminal=? res=success'UID="root" AUID="unset"
type=SERVICE_STOP msg=audit(1720287937.981:976): pid=1 uid=0 auid=4294967295 ses=4294967295 msg='unit=serial-getty@ttyS0 comm="systemd" exe="/usr/lib/systemd/systemd" hostname=? addr=? terminal=? res=success'UID="root" AUID="unset"
type=SERVICE_START msg=audit(1720287937.990:977): pid=1 uid=0 auid=4294967295 ses=4294967295 msg='unit=serial-getty@ttyS0 comm="systemd" exe="/usr/lib/systemd/systemd" hostname=? addr=? terminal=? res=success'UID="root" AUID="unset"
type=SERVICE_STOP msg=audit(1720287948.003:978): pid=1 uid=0 auid=4294967295 ses=4294967295 msg='unit=serial-getty@ttyS0 comm="systemd" exe="/usr/lib/systemd/systemd" hostname=? addr=? terminal=? res=success'UID="root" AUID="unset"
type=SERVICE_START msg=audit(1720287948.231:979): pid=1 uid=0 auid=4294967295 ses=4294967295 msg='unit=serial-getty@ttyS0 comm="systemd" exe="/usr/lib/systemd/systemd" hostname=? addr=? terminal=? res=success'UID="root" AUID="unset"
type=SERVICE_STOP msg=audit(1720287948.231:980): pid=1 uid=0 auid=4294967295 ses=4294967295 msg='unit=serial-getty@ttyS0 comm="systemd" exe="/usr/lib/systemd/systemd" hostname=? addr=? terminal=? res=success'UID="root" AUID="unset"
type=SERVICE_START msg=audit(1720287948.240:981): pid=1 uid=0 auid=4294967295 ses=4294967295 msg='unit=serial-getty@ttyS0 comm="systemd" exe="/usr/lib/systemd/systemd" hostname=? addr=? terminal=? res=success'UID="root" AUID="unset"
type=SERVICE_STOP msg=audit(1720287958.258:982): pid=1 uid=0 auid=4294967295 ses=4294967295 msg='unit=serial-getty@ttyS0 comm="systemd" exe="/usr/lib/systemd/systemd" hostname=? addr=? terminal=? res=success'UID="root" AUID="unset"
type=SERVICE_START msg=audit(1720287958.480:983): pid=1 uid=0 auid=4294967295 ses=4294967295 msg='unit=serial-getty@ttyS0 comm="systemd" exe="/usr/lib/systemd/systemd" hostname=? addr=? terminal=? res=success'UID="root" AUID="unset"
type=SERVICE_STOP msg=audit(1720287958.481:984): pid=1 uid=0 auid=4294967295 ses=4294967295 msg='unit=serial-getty@ttyS0 comm="systemd" exe="/usr/lib/systemd/systemd" hostname=? addr=? terminal=? res=success'UID="root" AUID="unset"
type=SERVICE_START msg=audit(1720287958.491:985): pid=1 uid=0 auid=4294967295 ses=4294967295 msg='unit=serial-getty@ttyS0 comm="systemd" exe="/usr/lib/systemd/systemd" hostname=? addr=? terminal=? res=success'UID="root" AUID="unset"
type=USER_ACCT msg=audit(1720287963.910:986): pid=3184 uid=1002 auid=1002 ses=1 msg='op=PAM:accounting grantors=pam_permit acct="vyos" exe="/usr/bin/sudo" hostname=? addr=? terminal=/dev/pts/0 res=success'UID="vyos" AUID="vyos"
type=USER_CMD msg=audit(1720287963.910:987): pid=3184 uid=1002 auid=1002 ses=1 msg='cwd="/opt/vyatta/etc/config" cmd="sync" exe="/usr/bin/sudo" terminal=pts/0 res=success'UID="vyos" AUID="vyos"
type=CRED_REFR msg=audit(1720287963.910:988): pid=3184 uid=1002 auid=1002 ses=1 msg='op=PAM:setcred grantors=pam_permit,pam_cap acct="root" exe="/usr/bin/sudo" hostname=? addr=? terminal=/dev/pts/0 res=success'UID="vyos" AUID="vyos"
type=USER_START msg=audit(1720287963.910:989): pid=3184 uid=1002 auid=1002 ses=1 msg='op=PAM:session_open grantors=pam_limits,pam_permit,pam_mkhomedir,pam_unix acct="root" exe="/usr/bin/sudo" hostname=? addr=? terminal=/dev/pts/0 res=success'UID="vyos" AUID="vyos"
type=USER_END msg=audit(1720287963.919:990): pid=3184 uid=1002 auid=1002 ses=1 msg='op=PAM:session_close grantors=pam_limits,pam_permit,pam_mkhomedir,pam_unix acct="root" exe="/usr/bin/sudo" hostname=? addr=? terminal=/dev/pts/0 res=success'UID="vyos" AUID="vyos"
type=CRED_DISP msg=audit(1720287963.919:991): pid=3184 uid=1002 auid=1002 ses=1 msg='op=PAM:setcred grantors=pam_permit acct="root" exe="/usr/bin/sudo" hostname=? addr=? terminal=/dev/pts/0 res=success'UID="vyos" AUID="vyos"
type=SERVICE_STOP msg=audit(1720287968.505:992): pid=1 uid=0 auid=4294967295 ses=4294967295 msg='unit=serial-getty@ttyS0 comm="systemd" exe="/usr/lib/systemd/systemd" hostname=? addr=? terminal=? res=success'UID="root" AUID="unset"
type=SERVICE_START msg=audit(1720287968.730:993): pid=1 uid=0 auid=4294967295 ses=4294967295 msg='unit=serial-getty@ttyS0 comm="systemd" exe="/usr/lib/systemd/systemd" hostname=? addr=? terminal=? res=success'UID="root" AUID="unset"
type=SERVICE_STOP msg=audit(1720287968.730:994): pid=1 uid=0 auid=4294967295 ses=4294967295 msg='unit=serial-getty@ttyS0 comm="systemd" exe="/usr/lib/systemd/systemd" hostname=? addr=? terminal=? res=success'UID="root" AUID="unset"
type=SERVICE_START msg=audit(1720287968.740:995): pid=1 uid=0 auid=4294967295 ses=4294967295 msg='unit=serial-getty@ttyS0 comm="systemd" exe="/usr/lib/systemd/systemd" hostname=? addr=? terminal=? res=success'UID="root" AUID="unset"
type=SERVICE_STOP msg=audit(1720287978.758:996): pid=1 uid=0 auid=4294967295 ses=4294967295 msg='unit=serial-getty@ttyS0 comm="systemd" exe="/usr/lib/systemd/systemd" hostname=? addr=? terminal=? res=success'UID="root" AUID="unset"
type=SERVICE_START msg=audit(1720287978.980:997): pid=1 uid=0 auid=4294967295 ses=4294967295 msg='unit=serial-getty@ttyS0 comm="systemd" exe="/usr/lib/systemd/systemd" hostname=? addr=? terminal=? res=success'UID="root" AUID="unset"
type=SERVICE_STOP msg=audit(1720287978.981:998): pid=1 uid=0 auid=4294967295 ses=4294967295 msg='unit=serial-getty@ttyS0 comm="systemd" exe="/usr/lib/systemd/systemd" hostname=? addr=? terminal=? res=success'UID="root" AUID="unset"
type=SERVICE_START msg=audit(1720287978.990:999): pid=1 uid=0 auid=4294967295 ses=4294967295 msg='unit=serial-getty@ttyS0 comm="systemd" exe="/usr/lib/systemd/systemd" hostname=? addr=? terminal=? res=success'UID="root" AUID="unset"
type=USER_ACCT msg=audit(1720287979.524:1000): pid=3193 uid=1002 auid=1002 ses=1 msg='op=PAM:accounting grantors=pam_permit acct="vyos" exe="/usr/bin/sudo" hostname=? addr=? terminal=/dev/pts/0 res=success'UID="vyos" AUID="vyos"
type=USER_CMD msg=audit(1720287979.525:1001): pid=3193 uid=1002 auid=1002 ses=1 msg='cwd="/opt/vyatta/etc/config" cmd=64642069663D2F6465762F7364612062733D353132 exe="/usr/bin/sudo" terminal=pts/0 res=success'UID="vyos" AUID="vyos"
type=CRED_REFR msg=audit(1720287979.526:1002): pid=3193 uid=1002 auid=1002 ses=1 msg='op=PAM:setcred grantors=pam_permit,pam_cap acct="root" exe="/usr/bin/sudo" hostname=? addr=? terminal=/dev/pts/0 res=success'UID="vyos" AUID="vyos"
type=USER_START msg=audit(1720287979.527:1003): pid=3193 uid=1002 auid=1002 ses=1 msg='op=PAM:session_open grantors=pam_limits,pam_permit,pam_mkhomedir,pam_unix acct="root" exe="/usr/bin/sudo" hostname=? addr=? terminal=/dev/pts/0 res=success'UID="vyos" AUID="vyos"
type=SERVICE_STOP msg=audit(1720287989.008:1004): pid=1 uid=0 auid=4294967295 ses=4294967295 msg='unit=serial-getty@ttyS0 comm="systemd" exe="/usr/lib/systemd/systemd" hostname=? addr=? terminal=? res=success'UID="root" AUID="unset"
type=SERVICE_START msg=audit(1720287989.230:1005): pid=1 uid=0 auid=4294967295 ses=4294967295 msg='unit=serial-getty@ttyS0 comm="systemd" exe="/usr/lib/systemd/systemd" hostname=? addr=? terminal=? res=success'UID="root" AUID="unset"
type=SERVICE_STOP msg=audit(1720287989.231:1006): pid=1 uid=0 auid=4294967295 ses=4294967295 msg='unit=serial-getty@ttyS0 comm="systemd" exe="/usr/lib/systemd/systemd" hostname=? addr=? terminal=? res=success'UID="root" AUID="unset"
type=SERVICE_START msg=audit(1720287989.242:1007): pid=1 uid=0 auid=4294967295 ses=4294967295 msg='unit=serial-getty@ttyS0 comm="systemd" exe="/usr/lib/systemd/systemd" hostname=? addr=? terminal=? res=success'UID="root" AUID="unset"
type=SERVICE_STOP msg=audit(1720287999.293:1008): pid=1 uid=0 auid=4294967295 ses=4294967295 msg='unit=serial-getty@ttyS0 comm="systemd" exe="/usr/lib/systemd/systemd" hostname=? addr=? terminal=? res=success'UID="root" AUID="unset"
type=SERVICE_START msg=audit(1720287999.480:1009): pid=1 uid=0 auid=4294967295 ses=4294967295 msg='unit=serial-getty@ttyS0 comm="systemd" exe="/usr/lib/systemd/systemd" hostname=? addr=? terminal=? res=success'UID="root" AUID="unset"
type=SERVICE_STOP msg=audit(1720287999.480:1010): pid=1 uid=0 auid=4294967295 ses=4294967295 msg='unit=serial-getty@ttyS0 comm="systemd" exe="/usr/lib/systemd/systemd" hostname=? addr=? terminal=? res=success'UID="root" AUID="unset"
type=SERVICE_START msg=audit(1720287999.490:1011): pid=1 uid=0 auid=4294967295 ses=4294967295 msg='unit=serial-getty@ttyS0 comm="systemd" exe="/usr/lib/systemd/systemd" hostname=? addr=? terminal=? res=success'UID="root" AUID="unset"
type=SERVICE_STOP msg=audit(1720288009.501:1012): pid=1 uid=0 auid=4294967295 ses=4294967295 msg='unit=serial-getty@ttyS0 comm="systemd" exe="/usr/lib/systemd/systemd" hostname=? addr=? terminal=? res=success'UID="root" AUID="unset"
type=SERVICE_START msg=audit(1720288009.731:1013): pid=1 uid=0 auid=4294967295 ses=4294967295 msg='unit=serial-getty@ttyS0 comm="systemd" exe="/usr/lib/systemd/systemd" hostname=? addr=? terminal=? res=success'UID="root" AUID="unset"
type=SERVICE_STOP msg=audit(1720288009.731:1014): pid=1 uid=0 auid=4294967295 ses=4294967295 msg='unit=serial-getty@ttyS0 comm="systemd" exe="/usr/lib/systemd/systemd" hostname=? addr=? terminal=? res=success'UID="root" AUID="unset"
type=SERVICE_START msg=audit(1720288009.741:1015): pid=1 uid=0 auid=4294967295 ses=4294967295 msg='unit=serial-getty@ttyS0 comm="systemd" exe="/usr/lib/systemd/systemd" hostname=? addr=? terminal=? res=success'UID="root" AUID="unset"
type=USER_END msg=audit(1720288010.999:1016): pid=3193 uid=1002 auid=1002 ses=1 msg='op=PAM:session_close grantors=pam_limits,pam_permit,pam_mkhomedir,pam_unix acct="root" exe="/usr/bin/sudo" hostname=? addr=? terminal=/dev/pts/0 res=success'UID="vyos" AUID="vyos"
type=CRED_DISP msg=audit(1720288010.999:1017): pid=3193 uid=1002 auid=1002 ses=1 msg='op=PAM:setcred grantors=pam_permit acct="root" exe="/usr/bin/sudo" hostname=? addr=? terminal=/dev/pts/0 res=success'UID="vyos" AUID="vyos"
type=SERVICE_STOP msg=audit(1720288019.775:1018): pid=1 uid=0 auid=4294967295 ses=4294967295 msg='unit=serial-getty@ttyS0 comm="systemd" exe="/usr/lib/systemd/systemd" hostname=? addr=? terminal=? res=success'UID="root" AUID="unset"
type=SERVICE_START msg=audit(1720288019.980:1019): pid=1 uid=0 auid=4294967295 ses=4294967295 msg='unit=serial-getty@ttyS0 comm="systemd" exe="/usr/lib/systemd/systemd" hostname=? addr=? terminal=? res=success'UID="root" AUID="unset"
type=SERVICE_STOP msg=audit(1720288019.980:1020): pid=1 uid=0 auid=4294967295 ses=4294967295 msg='unit=serial-getty@ttyS0 comm="systemd" exe="/usr/lib/systemd/systemd" hostname=? addr=? terminal=? res=success'UID="root" AUID="unset"
type=SERVICE_START msg=audit(1720288019.993:1021): pid=1 uid=0 auid=4294967295 ses=4294967295 msg='unit=serial-getty@ttyS0 comm="systemd" exe="/usr/lib/systemd/systemd" hostname=? addr=? terminal=? res=success'UID="root" AUID="unset"
type=SERVICE_STOP msg=audit(1720288030.005:1022): pid=1 uid=0 auid=4294967295 ses=4294967295 msg='unit=serial-getty@ttyS0 comm="systemd" exe="/usr/lib/systemd/systemd" hostname=? addr=? terminal=? res=success'UID="root" AUID="unset"
type=SERVICE_START msg=audit(1720288030.230:1023): pid=1 uid=0 auid=4294967295 ses=4294967295 msg='unit=serial-getty@ttyS0 comm="systemd" exe="/usr/lib/systemd/systemd" hostname=? addr=? terminal=? res=success'UID="root" AUID="unset"
type=SERVICE_STOP msg=audit(1720288030.231:1024): pid=1 uid=0 auid=4294967295 ses=4294967295 msg='unit=serial-getty@ttyS0 comm="systemd" exe="/usr/lib/systemd/systemd" hostname=? addr=? terminal=? res=success'UID="root" AUID="unset"
type=SERVICE_START msg=audit(1720288030.241:1025): pid=1 uid=0 auid=4294967295 ses=4294967295 msg='unit=serial-getty@ttyS0 comm="systemd" exe="/usr/lib/systemd/systemd" hostname=? addr=? terminal=? res=success'UID="root" AUID="unset"
type=SERVICE_STOP msg=audit(1720288040.254:1026): pid=1 uid=0 auid=4294967295 ses=4294967295 msg='unit=serial-getty@ttyS0 comm="systemd" exe="/usr/lib/systemd/systemd" hostname=? addr=? terminal=? res=success'UID="root" AUID="unset"
type=SERVICE_START msg=audit(1720288040.480:1027): pid=1 uid=0 auid=4294967295 ses=4294967295 msg='unit=serial-getty@ttyS0 comm="systemd" exe="/usr/lib/systemd/systemd" hostname=? addr=? terminal=? res=success'UID="root" AUID="unset"
type=SERVICE_STOP msg=audit(1720288040.481:1028): pid=1 uid=0 auid=4294967295 ses=4294967295 msg='unit=serial-getty@ttyS0 comm="systemd" exe="/usr/lib/systemd/systemd" hostname=? addr=? terminal=? res=success'UID="root" AUID="unset"
type=SERVICE_START msg=audit(1720288040.491:1029): pid=1 uid=0 auid=4294967295 ses=4294967295 msg='unit=serial-getty@ttyS0 comm="systemd" exe="/usr/lib/systemd/systemd" hostname=? addr=? terminal=? res=success'UID="root" AUID="unset"
type=SERVICE_STOP msg=audit(1720288050.508:1030): pid=1 uid=0 auid=4294967295 ses=4294967295 msg='unit=serial-getty@ttyS0 comm="systemd" exe="/usr/lib/systemd/systemd" hostname=? addr=? terminal=? res=success'UID="root" AUID="unset"
type=SERVICE_START msg=audit(1720288050.730:1031): pid=1 uid=0 auid=4294967295 ses=4294967295 msg='unit=serial-getty@ttyS0 comm="systemd" exe="/usr/lib/systemd/systemd" hostname=? addr=? terminal=? res=success'UID="root" AUID="unset"
type=SERVICE_STOP msg=audit(1720288050.730:1032): pid=1 uid=0 auid=4294967295 ses=4294967295 msg='unit=serial-getty@ttyS0 comm="systemd" exe="/usr/lib/systemd/systemd" hostname=? addr=? terminal=? res=success'UID="root" AUID="unset"
type=SERVICE_START msg=audit(1720288050.740:1033): pid=1 uid=0 auid=4294967295 ses=4294967295 msg='unit=serial-getty@ttyS0 comm="systemd" exe="/usr/lib/systemd/systemd" hostname=? addr=? terminal=? res=success'UID="root" AUID="unset"
type=SERVICE_STOP msg=audit(1720288060.758:1034): pid=1 uid=0 auid=4294967295 ses=4294967295 msg='unit=serial-getty@ttyS0 comm="systemd" exe="/usr/lib/systemd/systemd" hostname=? addr=? terminal=? res=success'UID="root" AUID="unset"
type=SERVICE_START msg=audit(1720288060.980:1035): pid=1 uid=0 auid=4294967295 ses=4294967295 msg='unit=serial-getty@ttyS0 comm="systemd" exe="/usr/lib/systemd/systemd" hostname=? addr=? terminal=? res=success'UID="root" AUID="unset"
type=SERVICE_STOP msg=audit(1720288060.980:1036): pid=1 uid=0 auid=4294967295 ses=4294967295 msg='unit=serial-getty@ttyS0 comm="systemd" exe="/usr/lib/systemd/systemd" hostname=? addr=? terminal=? res=success'UID="root" AUID="unset"
type=SERVICE_START msg=audit(1720288060.995:1037): pid=1 uid=0 auid=4294967295 ses=4294967295 msg='unit=serial-getty@ttyS0 comm="systemd" exe="/usr/lib/systemd/systemd" hostname=? addr=? terminal=? res=success'UID="root" AUID="unset"
type=SERVICE_STOP msg=audit(1720288071.011:1038): pid=1 uid=0 auid=4294967295 ses=4294967295 msg='unit=serial-getty@ttyS0 comm="systemd" exe="/usr/lib/systemd/systemd" hostname=? addr=? terminal=? res=success'UID="root" AUID="unset"
type=SERVICE_START msg=audit(1720288071.230:1039): pid=1 uid=0 auid=4294967295 ses=4294967295 msg='unit=serial-getty@ttyS0 comm="systemd" exe="/usr/lib/systemd/systemd" hostname=? addr=? terminal=? res=success'UID="root" AUID="unset"
type=SERVICE_STOP msg=audit(1720288071.231:1040): pid=1 uid=0 auid=4294967295 ses=4294967295 msg='unit=serial-getty@ttyS0 comm="systemd" exe="/usr/lib/systemd/systemd" hostname=? addr=? terminal=? res=success'UID="root" AUID="unset"
type=SERVICE_START msg=audit(1720288071.240:1041): pid=1 uid=0 auid=4294967295 ses=4294967295 msg='unit=serial-getty@ttyS0 comm="systemd" exe="/usr/lib/systemd/systemd" hostname=? addr=? terminal=? res=success'UID="root" AUID="unset"
type=SERVICE_STOP msg=audit(1720288081.253:1042): pid=1 uid=0 auid=4294967295 ses=4294967295 msg='unit=serial-getty@ttyS0 comm="systemd" exe="/usr/lib/systemd/systemd" hostname=? addr=? terminal=? res=success'UID="root" AUID="unset"
type=SERVICE_START msg=audit(1720288081.480:1043): pid=1 uid=0 auid=4294967295 ses=4294967295 msg='unit=serial-getty@ttyS0 comm="systemd" exe="/usr/lib/systemd/systemd" hostname=? addr=? terminal=? res=success'UID="root" AUID="unset"
type=SERVICE_STOP msg=audit(1720288081.481:1044): pid=1 uid=0 auid=4294967295 ses=4294967295 msg='unit=serial-getty@ttyS0 comm="systemd" exe="/usr/lib/systemd/systemd" hostname=? addr=? terminal=? res=success'UID="root" AUID="unset"
type=SERVICE_START msg=audit(1720288081.489:1045): pid=1 uid=0 auid=4294967295 ses=4294967295 msg='unit=serial-getty@ttyS0 comm="systemd" exe="/usr/lib/systemd/systemd" hostname=? addr=? terminal=? res=success'UID="root" AUID="unset"
type=SERVICE_STOP msg=audit(1720288091.514:1046): pid=1 uid=0 auid=4294967295 ses=4294967295 msg='unit=serial-getty@ttyS0 comm="systemd" exe="/usr/lib/systemd/systemd" hostname=? addr=? terminal=? res=success'UID="root" AUID="unset"
type=SERVICE_START msg=audit(1720288091.730:1047): pid=1 uid=0 auid=4294967295 ses=4294967295 msg='unit=serial-getty@ttyS0 comm="systemd" exe="/usr/lib/systemd/systemd" hostname=? addr=? terminal=? res=success'UID="root" AUID="unset"
type=SERVICE_STOP msg=audit(1720288091.731:1048): pid=1 uid=0 auid=4294967295 ses=4294967295 msg='unit=serial-getty@ttyS0 comm="systemd" exe="/usr/lib/systemd/systemd" hostname=? addr=? terminal=? res=success'UID="root" AUID="unset"
type=SERVICE_START msg=audit(1720288091.741:1049): pid=1 uid=0 auid=4294967295 ses=4294967295 msg='unit=serial-getty@ttyS0 comm="systemd" exe="/usr/lib/systemd/systemd" hostname=? addr=? terminal=? res=success'UID="root" AUID="unset"
type=SERVICE_STOP msg=audit(1720288101.756:1050): pid=1 uid=0 auid=4294967295 ses=4294967295 msg='unit=serial-getty@ttyS0 comm="systemd" exe="/usr/lib/systemd/systemd" hostname=? addr=? terminal=? res=success'UID="root" AUID="unset"
type=SERVICE_START msg=audit(1720288101.981:1051): pid=1 uid=0 auid=4294967295 ses=4294967295 msg='unit=serial-getty@ttyS0 comm="systemd" exe="/usr/lib/systemd/systemd" hostname=? addr=? terminal=? res=success'UID="root" AUID="unset"
type=SERVICE_STOP msg=audit(1720288101.981:1052): pid=1 uid=0 auid=4294967295 ses=4294967295 msg='unit=serial-getty@ttyS0 comm="systemd" exe="/usr/lib/systemd/systemd" hostname=? addr=? terminal=? res=success'UID="root" AUID="unset"
type=SERVICE_START msg=audit(1720288101.990:1053): pid=1 uid=0 auid=4294967295 ses=4294967295 msg='unit=serial-getty@ttyS0 comm="systemd" exe="/usr/lib/systemd/systemd" hostname=? addr=? terminal=? res=success'UID="root" AUID="unset"
type=SERVICE_STOP msg=audit(1720288112.003:1054): pid=1 uid=0 auid=4294967295 ses=4294967295 msg='unit=serial-getty@ttyS0 comm="systemd" exe="/usr/lib/systemd/systemd" hostname=? addr=? terminal=? res=success'UID="root" AUID="unset"
type=SERVICE_START msg=audit(1720288112.230:1055): pid=1 uid=0 auid=4294967295 ses=4294967295 msg='unit=serial-getty@ttyS0 comm="systemd" exe="/usr/lib/systemd/systemd" hostname=? addr=? terminal=? res=success'UID="root" AUID="unset"
type=SERVICE_STOP msg=audit(1720288112.231:1056): pid=1 uid=0 auid=4294967295 ses=4294967295 msg='unit=serial-getty@ttyS0 comm="systemd" exe="/usr/lib/systemd/systemd" hostname=? addr=? terminal=? res=success'UID="root" AUID="unset"
type=SERVICE_START msg=audit(1720288112.249:1057): pid=1 uid=0 auid=4294967295 ses=4294967295 msg='unit=serial-getty@ttyS0 comm="systemd" exe="/usr/lib/systemd/systemd" hostname=? addr=? terminal=? res=success'UID="root" AUID="unset"
type=SERVICE_STOP msg=audit(1720288122.262:1058): pid=1 uid=0 auid=4294967295 ses=4294967295 msg='unit=serial-getty@ttyS0 comm="systemd" exe="/usr/lib/systemd/systemd" hostname=? addr=? terminal=? res=success'UID="root" AUID="unset"
type=SERVICE_START msg=audit(1720288122.480:1059): pid=1 uid=0 auid=4294967295 ses=4294967295 msg='unit=serial-getty@ttyS0 comm="systemd" exe="/usr/lib/systemd/systemd" hostname=? addr=? terminal=? res=success'UID="root" AUID="unset"
type=SERVICE_STOP msg=audit(1720288122.481:1060): pid=1 uid=0 auid=4294967295 ses=4294967295 msg='unit=serial-getty@ttyS0 comm="systemd" exe="/usr/lib/systemd/systemd" hostname=? addr=? terminal=? res=success'UID="root" AUID="unset"
type=SERVICE_START msg=audit(1720288122.490:1061): pid=1 uid=0 auid=4294967295 ses=4294967295 msg='unit=serial-getty@ttyS0 comm="systemd" exe="/usr/lib/systemd/systemd" hostname=? addr=? terminal=? res=success'UID="root" AUID="unset"
type=SERVICE_STOP msg=audit(1720288132.503:1062): pid=1 uid=0 auid=4294967295 ses=4294967295 msg='unit=serial-getty@ttyS0 comm="systemd" exe="/usr/lib/systemd/systemd" hostname=? addr=? terminal=? res=success'UID="root" AUID="unset"
type=SERVICE_START msg=audit(1720288132.730:1063): pid=1 uid=0 auid=4294967295 ses=4294967295 msg='unit=serial-getty@ttyS0 comm="systemd" exe="/usr/lib/systemd/systemd" hostname=? addr=? terminal=? res=success'UID="root" AUID="unset"
type=SERVICE_STOP msg=audit(1720288132.731:1064): pid=1 uid=0 auid=4294967295 ses=4294967295 msg='unit=serial-getty@ttyS0 comm="systemd" exe="/usr/lib/systemd/systemd" hostname=? addr=? terminal=? res=success'UID="root" AUID="unset"
type=SERVICE_START msg=audit(1720288132.740:1065): pid=1 uid=0 auid=4294967295 ses=4294967295 msg='unit=serial-getty@ttyS0 comm="systemd" exe="/usr/lib/systemd/systemd" hostname=? addr=? terminal=? res=success'UID="root" AUID="unset"
type=USER_ACCT msg=audit(1720288136.720:1066): pid=3245 uid=1002 auid=1002 ses=1 msg='op=PAM:accounting grantors=pam_permit acct="vyos" exe="/usr/bin/sudo" hostname=? addr=? terminal=/dev/pts/0 res=success'UID="vyos" AUID="vyos"
type=USER_CMD msg=audit(1720288136.720:1067): pid=3245 uid=1002 auid=1002 ses=1 msg='cwd="/opt/vyatta/etc/config" cmd=64642069663D2F6465762F7364612062733D353132 exe="/usr/bin/sudo" terminal=pts/0 res=success'UID="vyos" AUID="vyos"
type=CRED_REFR msg=audit(1720288136.722:1068): pid=3245 uid=1002 auid=1002 ses=1 msg='op=PAM:setcred grantors=pam_permit,pam_cap acct="root" exe="/usr/bin/sudo" hostname=? addr=? terminal=/dev/pts/0 res=success'UID="vyos" AUID="vyos"
type=USER_START msg=audit(1720288136.722:1069): pid=3245 uid=1002 auid=1002 ses=1 msg='op=PAM:session_open grantors=pam_limits,pam_permit,pam_mkhomedir,pam_unix acct="root" exe="/usr/bin/sudo" hostname=? addr=? terminal=/dev/pts/0 res=success'UID="vyos" AUID="vyos"
type=SERVICE_STOP msg=audit(1720288142.759:1070): pid=1 uid=0 auid=4294967295 ses=4294967295 msg='unit=serial-getty@ttyS0 comm="systemd" exe="/usr/lib/systemd/systemd" hostname=? addr=? terminal=? res=success'UID="root" AUID="unset"
type=SERVICE_START msg=audit(1720288142.981:1071): pid=1 uid=0 auid=4294967295 ses=4294967295 msg='unit=serial-getty@ttyS0 comm="systemd" exe="/usr/lib/systemd/systemd" hostname=? addr=? terminal=? res=success'UID="root" AUID="unset"
type=SERVICE_STOP msg=audit(1720288142.981:1072): pid=1 uid=0 auid=4294967295 ses=4294967295 msg='unit=serial-getty@ttyS0 comm="systemd" exe="/usr/lib/systemd/systemd" hostname=? addr=? terminal=? res=success'UID="root" AUID="unset"
type=SERVICE_START msg=audit(1720288142.988:1073): pid=1 uid=0 auid=4294967295 ses=4294967295 msg='unit=serial-getty@ttyS0 comm="systemd" exe="/usr/lib/systemd/systemd" hostname=? addr=? terminal=? res=success'UID="root" AUID="unset"
type=SERVICE_STOP msg=audit(1720288152.997:1074): pid=1 uid=0 auid=4294967295 ses=4294967295 msg='unit=serial-getty@ttyS0 comm="systemd" exe="/usr/lib/systemd/systemd" hostname=? addr=? terminal=? res=success'UID="root" AUID="unset"
type=SERVICE_START msg=audit(1720288153.230:1075): pid=1 uid=0 auid=4294967295 ses=4294967295 msg='unit=serial-getty@ttyS0 comm="systemd" exe="/usr/lib/systemd/systemd" hostname=? addr=? terminal=? res=success'UID="root" AUID="unset"
type=SERVICE_STOP msg=audit(1720288153.231:1076): pid=1 uid=0 auid=4294967295 ses=4294967295 msg='unit=serial-getty@ttyS0 comm="systemd" exe="/usr/lib/systemd/systemd" hostname=? addr=? terminal=? res=success'UID="root" AUID="unset"
type=SERVICE_START msg=audit(1720288153.241:1077): pid=1 uid=0 auid=4294967295 ses=4294967295 msg='unit=serial-getty@ttyS0 comm="systemd" exe="/usr/lib/systemd/systemd" hostname=? addr=? terminal=? res=success'UID="root" AUID="unset"
type=SERVICE_STOP msg=audit(1720288163.263:1078): pid=1 uid=0 auid=4294967295 ses=4294967295 msg='unit=serial-getty@ttyS0 comm="systemd" exe="/usr/lib/systemd/systemd" hostname=? addr=? terminal=? res=success'UID="root" AUID="unset"
type=SERVICE_START msg=audit(1720288163.480:1079): pid=1 uid=0 auid=4294967295 ses=4294967295 msg='unit=serial-getty@ttyS0 comm="systemd" exe="/usr/lib/systemd/systemd" hostname=? addr=? terminal=? res=success'UID="root" AUID="unset"
type=SERVICE_STOP msg=audit(1720288163.480:1080): pid=1 uid=0 auid=4294967295 ses=4294967295 msg='unit=serial-getty@ttyS0 comm="systemd" exe="/usr/lib/systemd/systemd" hostname=? addr=? terminal=? res=success'UID="root" AUID="unset"
type=SERVICE_START msg=audit(1720288163.486:1081): pid=1 uid=0 auid=4294967295 ses=4294967295 msg='unit=serial-getty@ttyS0 comm="systemd" exe="/usr/lib/systemd/systemd" hostname=? addr=? terminal=? res=success'UID="root" AUID="unset"
type=USER_END msg=audit(1720288165.799:1082): pid=3245 uid=1002 auid=1002 ses=1 msg='op=PAM:session_close grantors=pam_limits,pam_permit,pam_mkhomedir,pam_unix acct="root" exe="/usr/bin/sudo" hostname=? addr=? terminal=/dev/pts/0 res=success'UID="vyos" AUID="vyos"
type=CRED_DISP msg=audit(1720288165.799:1083): pid=3245 uid=1002 auid=1002 ses=1 msg='op=PAM:setcred grantors=pam_permit acct="root" exe="/usr/bin/sudo" hostname=? addr=? terminal=/dev/pts/0 res=success'UID="vyos" AUID="vyos"
type=SERVICE_STOP msg=audit(1720288173.495:1084): pid=1 uid=0 auid=4294967295 ses=4294967295 msg='unit=serial-getty@ttyS0 comm="systemd" exe="/usr/lib/systemd/systemd" hostname=? addr=? terminal=? res=success'UID="root" AUID="unset"
type=SERVICE_START msg=audit(1720288173.731:1085): pid=1 uid=0 auid=4294967295 ses=4294967295 msg='unit=serial-getty@ttyS0 comm="systemd" exe="/usr/lib/systemd/systemd" hostname=? addr=? terminal=? res=success'UID="root" AUID="unset"
type=SERVICE_STOP msg=audit(1720288173.731:1086): pid=1 uid=0 auid=4294967295 ses=4294967295 msg='unit=serial-getty@ttyS0 comm="systemd" exe="/usr/lib/systemd/systemd" hostname=? addr=? terminal=? res=success'UID="root" AUID="unset"
type=SERVICE_START msg=audit(1720288173.745:1087): pid=1 uid=0 auid=4294967295 ses=4294967295 msg='unit=serial-getty@ttyS0 comm="systemd" exe="/usr/lib/systemd/systemd" hostname=? addr=? terminal=? res=success'UID="root" AUID="unset"
type=SERVICE_STOP msg=audit(1720288183.764:1088): pid=1 uid=0 auid=4294967295 ses=4294967295 msg='unit=serial-getty@ttyS0 comm="systemd" exe="/usr/lib/systemd/systemd" hostname=? addr=? terminal=? res=success'UID="root" AUID="unset"
type=SERVICE_START msg=audit(1720288183.980:1089): pid=1 uid=0 auid=4294967295 ses=4294967295 msg='unit=serial-getty@ttyS0 comm="systemd" exe="/usr/lib/systemd/systemd" hostname=? addr=? terminal=? res=success'UID="root" AUID="unset"
type=SERVICE_STOP msg=audit(1720288183.981:1090): pid=1 uid=0 auid=4294967295 ses=4294967295 msg='unit=serial-getty@ttyS0 comm="systemd" exe="/usr/lib/systemd/systemd" hostname=? addr=? terminal=? res=success'UID="root" AUID="unset"
type=SERVICE_START msg=audit(1720288183.991:1091): pid=1 uid=0 auid=4294967295 ses=4294967295 msg='unit=serial-getty@ttyS0 comm="systemd" exe="/usr/lib/systemd/systemd" hostname=? addr=? terminal=? res=success'UID="root" AUID="unset"
type=USER_END msg=audit(1720288193.826:1092): pid=2421 uid=0 auid=1002 ses=1 msg='op=PAM:session_close grantors=pam_selinux,pam_loginuid,pam_keyinit,pam_permit,pam_mkhomedir,pam_unix,pam_systemd,pam_mail,pam_limits,pam_env,pam_env,pam_selinux acct="vyos" exe="/usr/sbin/sshd" hostname=192.168.1.25 addr=192.168.1.25 terminal=ssh res=success'UID="root" AUID="vyos"
type=CRED_DISP msg=audit(1720288193.827:1093): pid=2421 uid=0 auid=1002 ses=1 msg='op=PAM:setcred grantors=pam_permit acct="vyos" exe="/usr/sbin/sshd" hostname=192.168.1.25 addr=192.168.1.25 terminal=ssh res=success'UID="root" AUID="vyos"
type=SERVICE_STOP msg=audit(1720288193.845:1094): pid=1 uid=0 auid=4294967295 ses=4294967295 msg='unit=systemd-sysctl comm="systemd" exe="/usr/lib/systemd/systemd" hostname=? addr=? terminal=? res=success'UID="root" AUID="unset"
type=SERVICE_STOP msg=audit(1720288193.869:1095): pid=1 uid=0 auid=4294967295 ses=4294967295 msg='unit=cron comm="systemd" exe="/usr/lib/systemd/systemd" hostname=? addr=? terminal=? res=success'UID="root" AUID="unset"
type=SERVICE_STOP msg=audit(1720288193.869:1096): pid=1 uid=0 auid=4294967295 ses=4294967295 msg='unit=atd comm="systemd" exe="/usr/lib/systemd/systemd" hostname=? addr=? terminal=? res=success'UID="root" AUID="unset"
type=SERVICE_STOP msg=audit(1720288193.870:1097): pid=1 uid=0 auid=4294967295 ses=4294967295 msg='unit=ssh@default comm="systemd" exe="/usr/lib/systemd/systemd" hostname=? addr=? terminal=? res=success'UID="root" AUID="unset"
type=SERVICE_STOP msg=audit(1720288193.872:1098): pid=1 uid=0 auid=4294967295 ses=4294967295 msg='unit=getty@tty1 comm="systemd" exe="/usr/lib/systemd/systemd" hostname=? addr=? terminal=? res=success'UID="root" AUID="unset"
type=SERVICE_STOP msg=audit(1720288193.873:1099): pid=1 uid=0 auid=4294967295 ses=4294967295 msg='unit=serial-getty@ttyS0 comm="systemd" exe="/usr/lib/systemd/systemd" hostname=? addr=? terminal=? res=success'UID="root" AUID="unset"
type=SERVICE_STOP msg=audit(1720288193.874:1100): pid=1 uid=0 auid=4294967295 ses=4294967295 msg='unit=acpid comm="systemd" exe="/usr/lib/systemd/systemd" hostname=? addr=? terminal=? res=success'UID="root" AUID="unset"
type=SERVICE_STOP msg=audit(1720288193.884:1101): pid=1 uid=0 auid=4294967295 ses=4294967295 msg='unit=open-vm-tools comm="systemd" exe="/usr/lib/systemd/systemd" hostname=? addr=? terminal=? res=success'UID="root" AUID="unset"
type=SERVICE_STOP msg=audit(1720288193.903:1102): pid=1 uid=0 auid=4294967295 ses=4294967295 msg='unit=systemd-modules-load comm="systemd" exe="/usr/lib/systemd/systemd" hostname=? addr=? terminal=? res=success'UID="root" AUID="unset"
type=SERVICE_STOP msg=audit(1720288193.938:1103): pid=1 uid=0 auid=4294967295 ses=4294967295 msg='unit=vgauth comm="systemd" exe="/usr/lib/systemd/systemd" hostname=? addr=? terminal=? res=success'UID="root" AUID="unset"
type=SERVICE_STOP msg=audit(1720288193.938:1104): pid=1 uid=0 auid=4294967295 ses=4294967295 msg='unit=atop comm="systemd" exe="/usr/lib/systemd/systemd" hostname=? addr=? terminal=? res=success'UID="root" AUID="unset"
type=SYSTEM_SHUTDOWN msg=audit(1720288193.939:1105): pid=3417 uid=0 auid=4294967295 ses=4294967295 msg=' comm="systemd-update-utmp" exe="/usr/lib/systemd/systemd-update-utmp" hostname=? addr=? terminal=? res=success'UID="root" AUID="unset"
type=SERVICE_STOP msg=audit(1720288193.940:1106): pid=1 uid=0 auid=4294967295 ses=4294967295 msg='unit=systemd-binfmt comm="systemd" exe="/usr/lib/systemd/systemd" hostname=? addr=? terminal=? res=success'UID="root" AUID="unset"
type=SERVICE_STOP msg=audit(1720288193.943:1107): pid=1 uid=0 auid=4294967295 ses=4294967295 msg='unit=systemd-logind comm="systemd" exe="/usr/lib/systemd/systemd" hostname=? addr=? terminal=? res=success'UID="root" AUID="unset"
type=SERVICE_STOP msg=audit(1720288193.944:1108): pid=1 uid=0 auid=4294967295 ses=4294967295 msg='unit=systemd-random-seed comm="systemd" exe="/usr/lib/systemd/systemd" hostname=? addr=? terminal=? res=success'UID="root" AUID="unset"
type=SERVICE_STOP msg=audit(1720288193.945:1109): pid=1 uid=0 auid=4294967295 ses=4294967295 msg='unit=user@1002 comm="systemd" exe="/usr/lib/systemd/systemd" hostname=? addr=? terminal=? res=success'UID="root" AUID="unset"
type=BPF msg=audit(1720288193.954:1110): prog-id=128 op=UNLOAD
type=SERVICE_STOP msg=audit(1720288193.954:1111): pid=1 uid=0 auid=4294967295 ses=4294967295 msg='unit=systemd-update-utmp comm="systemd" exe="/usr/lib/systemd/systemd" hostname=? addr=? terminal=? res=success'UID="root" AUID="unset"
type=DAEMON_END msg=audit(1720288193.956:2933): op=terminate auid=0 uid=0 ses=4294967295 pid=1 res=successAUID="root" UID="root"
type=DAEMON_START msg=audit(1720294293.012:782): op=start ver=3.0.9 format=enriched kernel=6.6.36-amd64-vyos auid=4294967295 pid=926 uid=0 ses=4294967295 res=successAUID="unset" UID="root"
type=CONFIG_CHANGE msg=audit(1720294293.421:3): op=set audit_backlog_limit=8192 old=64 auid=4294967295 ses=4294967295 res=1AUID="unset"
type=SYSCALL msg=audit(1720294293.421:3): arch=c000003e syscall=44 success=yes exit=60 a0=3 a1=7ffe001c14f0 a2=3c a3=0 items=0 ppid=930 pid=1006 auid=4294967295 uid=0 gid=0 euid=0 suid=0 fsuid=0 egid=0 sgid=0 fsgid=0 tty=(none) ses=4294967295 comm="auditctl" exe="/usr/sbin/auditctl" key=(null)ARCH=x86_64 SYSCALL=sendto AUID="unset" UID="root" GID="root" EUID="root" SUID="root" FSUID="root" EGID="root" SGID="root" FSGID="root"
type=PROCTITLE msg=audit(1720294293.421:3): proctitle=2F7362696E2F617564697463746C002D52002F6574632F61756469742F61756469742E72756C6573
type=CONFIG_CHANGE msg=audit(1720294293.422:4): op=set audit_failure=1 old=1 auid=4294967295 ses=4294967295 res=1AUID="unset"
type=SYSCALL msg=audit(1720294293.422:4): arch=c000003e syscall=44 success=yes exit=60 a0=3 a1=7ffe001c14f0 a2=3c a3=0 items=0 ppid=930 pid=1006 auid=4294967295 uid=0 gid=0 euid=0 suid=0 fsuid=0 egid=0 sgid=0 fsgid=0 tty=(none) ses=4294967295 comm="auditctl" exe="/usr/sbin/auditctl" key=(null)ARCH=x86_64 SYSCALL=sendto AUID="unset" UID="root" GID="root" EUID="root" SUID="root" FSUID="root" EGID="root" SGID="root" FSGID="root"
type=PROCTITLE msg=audit(1720294293.422:4): proctitle=2F7362696E2F617564697463746C002D52002F6574632F61756469742F61756469742E72756C6573
type=CONFIG_CHANGE msg=audit(1720294293.427:5): op=set audit_backlog_wait_time=60000 old=60000 auid=4294967295 ses=4294967295 res=1AUID="unset"
type=SYSCALL msg=audit(1720294293.427:5): arch=c000003e syscall=44 success=yes exit=60 a0=3 a1=7ffe001c14f0 a2=3c a3=0 items=0 ppid=930 pid=1006 auid=4294967295 uid=0 gid=0 euid=0 suid=0 fsuid=0 egid=0 sgid=0 fsgid=0 tty=(none) ses=4294967295 comm="auditctl" exe="/usr/sbin/auditctl" key=(null)ARCH=x86_64 SYSCALL=sendto AUID="unset" UID="root" GID="root" EUID="root" SUID="root" FSUID="root" EGID="root" SGID="root" FSGID="root"
type=PROCTITLE msg=audit(1720294293.427:5): proctitle=2F7362696E2F617564697463746C002D52002F6574632F61756469742F61756469742E72756C6573
type=SERVICE_START msg=audit(1720294293.428:6): pid=1 uid=0 auid=4294967295 ses=4294967295 msg='unit=auditd comm="systemd" exe="/usr/lib/systemd/systemd" hostname=? addr=? terminal=? res=success'UID="root" AUID="unset"
type=SYSTEM_BOOT msg=audit(1720294293.472:7): pid=1014 uid=0 auid=4294967295 ses=4294967295 msg=' comm="systemd-update-utmp" exe="/usr/lib/systemd/systemd-update-utmp" hostname=? addr=? terminal=? res=success'UID="root" AUID="unset"
type=SERVICE_START msg=audit(1720294293.501:8): pid=1 uid=0 auid=4294967295 ses=4294967295 msg='unit=systemd-update-utmp comm="systemd" exe="/usr/lib/systemd/systemd" hostname=? addr=? terminal=? res=success'UID="root" AUID="unset"
type=SERVICE_START msg=audit(1720294293.775:9): pid=1 uid=0 auid=4294967295 ses=4294967295 msg='unit=live-config comm="systemd" exe="/usr/lib/systemd/systemd" hostname=? addr=? terminal=? res=success'UID="root" AUID="unset"
type=SERVICE_START msg=audit(1720294293.792:10): pid=1 uid=0 auid=4294967295 ses=4294967295 msg='unit=acpid comm="systemd" exe="/usr/lib/systemd/systemd" hostname=? addr=? terminal=? res=success'UID="root" AUID="unset"
type=SERVICE_START msg=audit(1720294293.819:11): pid=1 uid=0 auid=4294967295 ses=4294967295 msg='unit=cron comm="systemd" exe="/usr/lib/systemd/systemd" hostname=? addr=? terminal=? res=success'UID="root" AUID="unset"
type=BPF msg=audit(1720294293.861:12): prog-id=9 op=LOAD
type=BPF msg=audit(1720294293.862:13): prog-id=10 op=LOAD
type=BPF msg=audit(1720294293.862:14): prog-id=11 op=LOAD
type=BPF msg=audit(1720294293.873:15): prog-id=12 op=LOAD
type=SERVICE_START msg=audit(1720294293.884:16): pid=1 uid=0 auid=4294967295 ses=4294967295 msg='unit=atd comm="systemd" exe="/usr/lib/systemd/systemd" hostname=? addr=? terminal=? res=success'UID="root" AUID="unset"
type=SERVICE_START msg=audit(1720294293.885:17): pid=1 uid=0 auid=4294967295 ses=4294967295 msg='unit=podman comm="systemd" exe="/usr/lib/systemd/systemd" hostname=? addr=? terminal=? res=success'UID="root" AUID="unset"
type=SERVICE_START msg=audit(1720294293.908:18): pid=1 uid=0 auid=4294967295 ses=4294967295 msg='unit=e2scrub_reap comm="systemd" exe="/usr/lib/systemd/systemd" hostname=? addr=? terminal=? res=success'UID="root" AUID="unset"
type=SERVICE_STOP msg=audit(1720294293.908:19): pid=1 uid=0 auid=4294967295 ses=4294967295 msg='unit=e2scrub_reap comm="systemd" exe="/usr/lib/systemd/systemd" hostname=? addr=? terminal=? res=success'UID="root" AUID="unset"
type=SERVICE_START msg=audit(1720294294.106:20): pid=1 uid=0 auid=4294967295 ses=4294967295 msg='unit=atopacct comm="systemd" exe="/usr/lib/systemd/systemd" hostname=? addr=? terminal=? res=success'UID="root" AUID="unset"
type=SERVICE_START msg=audit(1720294294.141:21): pid=1 uid=0 auid=4294967295 ses=4294967295 msg='unit=atop comm="systemd" exe="/usr/lib/systemd/systemd" hostname=? addr=? terminal=? res=success'UID="root" AUID="unset"
type=SERVICE_START msg=audit(1720294294.410:22): pid=1 uid=0 auid=4294967295 ses=4294967295 msg='unit=rsyslog comm="systemd" exe="/usr/lib/systemd/systemd" hostname=? addr=? terminal=? res=success'UID="root" AUID="unset"
type=SERVICE_START msg=audit(1720294294.573:23): pid=1 uid=0 auid=4294967295 ses=4294967295 msg='unit=dbus comm="systemd" exe="/usr/lib/systemd/systemd" hostname=? addr=? terminal=? res=success'UID="root" AUID="unset"
type=SERVICE_START msg=audit(1720294294.582:24): pid=1 uid=0 auid=4294967295 ses=4294967295 msg='unit=systemd-logind comm="systemd" exe="/usr/lib/systemd/systemd" hostname=? addr=? terminal=? res=success'UID="root" AUID="unset"
type=SERVICE_START msg=audit(1720294294.611:25): pid=1 uid=0 auid=4294967295 ses=4294967295 msg='unit=logrotate comm="systemd" exe="/usr/lib/systemd/systemd" hostname=? addr=? terminal=? res=success'UID="root" AUID="unset"
type=SERVICE_STOP msg=audit(1720294294.611:26): pid=1 uid=0 auid=4294967295 ses=4294967295 msg='unit=logrotate comm="systemd" exe="/usr/lib/systemd/systemd" hostname=? addr=? terminal=? res=success'UID="root" AUID="unset"
type=BPF msg=audit(1720294294.617:27): prog-id=12 op=UNLOAD
type=SERVICE_START msg=audit(1720294294.625:28): pid=1 uid=0 auid=4294967295 ses=4294967295 msg='unit=vyos-grub-update comm="systemd" exe="/usr/lib/systemd/systemd" hostname=? addr=? terminal=? res=success'UID="root" AUID="unset"
type=SERVICE_STOP msg=audit(1720294294.625:29): pid=1 uid=0 auid=4294967295 ses=4294967295 msg='unit=vyos-grub-update comm="systemd" exe="/usr/lib/systemd/systemd" hostname=? addr=? terminal=? res=success'UID="root" AUID="unset"
type=SERVICE_START msg=audit(1720294294.632:30): pid=1 uid=0 auid=4294967295 ses=4294967295 msg='unit=vyos-router comm="systemd" exe="/usr/lib/systemd/systemd" hostname=? addr=? terminal=? res=success'UID="root" AUID="unset"
type=SERVICE_START msg=audit(1720294294.664:31): pid=1 uid=0 auid=4294967295 ses=4294967295 msg='unit=systemd-user-sessions comm="systemd" exe="/usr/lib/systemd/systemd" hostname=? addr=? terminal=? res=success'UID="root" AUID="unset"
type=SERVICE_START msg=audit(1720294294.671:32): pid=1 uid=0 auid=4294967295 ses=4294967295 msg='unit=getty@tty1 comm="systemd" exe="/usr/lib/systemd/systemd" hostname=? addr=? terminal=? res=success'UID="root" AUID="unset"
type=SERVICE_START msg=audit(1720294294.795:33): pid=1 uid=0 auid=4294967295 ses=4294967295 msg='unit=netplug comm="systemd" exe="/usr/lib/systemd/systemd" hostname=? addr=? terminal=? res=success'UID="root" AUID="unset"
type=SERVICE_START msg=audit(1720294295.687:34): pid=1 uid=0 auid=4294967295 ses=4294967295 msg='unit=podman-clean-transient comm="systemd" exe="/usr/lib/systemd/systemd" hostname=? addr=? terminal=? res=success'UID="root" AUID="unset"
type=SERVICE_STOP msg=audit(1720294295.687:35): pid=1 uid=0 auid=4294967295 ses=4294967295 msg='unit=podman-clean-transient comm="systemd" exe="/usr/lib/systemd/systemd" hostname=? addr=? terminal=? res=success'UID="root" AUID="unset"
type=SYSTEM_RUNLEVEL msg=audit(1720294295.700:36): pid=1344 uid=0 auid=4294967295 ses=4294967295 msg='old-level=N new-level=3 comm="systemd-update-utmp" exe="/usr/lib/systemd/systemd-update-utmp" hostname=? addr=? terminal=? res=success'UID="root" AUID="unset"
type=SERVICE_START msg=audit(1720294295.707:37): pid=1 uid=0 auid=4294967295 ses=4294967295 msg='unit=systemd-update-utmp-runlevel comm="systemd" exe="/usr/lib/systemd/systemd" hostname=? addr=? terminal=? res=success'UID="root" AUID="unset"
type=SERVICE_STOP msg=audit(1720294295.707:38): pid=1 uid=0 auid=4294967295 ses=4294967295 msg='unit=systemd-update-utmp-runlevel comm="systemd" exe="/usr/lib/systemd/systemd" hostname=? addr=? terminal=? res=success'UID="root" AUID="unset"
type=NETFILTER_CFG msg=audit(1720294296.818:39): table=vrf_zones:2 family=1 entries=4 op=nft_register_chain pid=1430 comm="nft"
type=NETFILTER_CFG msg=audit(1720294296.818:39): table=raw:2 family=10 entries=7 op=nft_register_chain pid=1430 comm="nft"
type=NETFILTER_CFG msg=audit(1720294296.818:39): table=raw:2 family=2 entries=7 op=nft_register_chain pid=1430 comm="nft"
type=NETFILTER_CFG msg=audit(1720294296.818:39): table=mangle:2 family=1 entries=2 op=nft_register_chain pid=1430 comm="nft"
type=NETFILTER_CFG msg=audit(1720294296.818:39): table=nat:2 family=2 entries=3 op=nft_register_chain pid=1430 comm="nft"
type=SYSCALL msg=audit(1720294296.818:39): arch=c000003e syscall=46 success=yes exit=2036 a0=3 a1=7fffc937aab0 a2=0 a3=7f641a81e680 items=0 ppid=1176 pid=1430 auid=4294967295 uid=0 gid=0 euid=0 suid=0 fsuid=0 egid=0 sgid=0 fsgid=0 tty=(none) ses=4294967295 comm="nft" exe="/usr/sbin/nft" key=(null)ARCH=x86_64 SYSCALL=sendmsg AUID="unset" UID="root" GID="root" EUID="root" SUID="root" FSUID="root" EGID="root" SGID="root" FSGID="root"
type=PROCTITLE msg=audit(1720294296.818:39): proctitle=6E6674002D2D66696C65002F7573722F73686172652F76796F732F76796F732D6669726577616C6C2D696E69742E636F6E66
type=BPF msg=audit(1720294297.425:40): prog-id=13 op=LOAD
type=BPF msg=audit(1720294297.425:41): prog-id=3 op=UNLOAD
type=BPF msg=audit(1720294297.425:42): prog-id=14 op=LOAD
type=BPF msg=audit(1720294297.425:43): prog-id=15 op=LOAD
type=BPF msg=audit(1720294297.425:44): prog-id=4 op=UNLOAD
type=BPF msg=audit(1720294297.425:45): prog-id=5 op=UNLOAD
type=BPF msg=audit(1720294297.428:46): prog-id=16 op=LOAD
type=BPF msg=audit(1720294297.428:47): prog-id=9 op=UNLOAD
type=BPF msg=audit(1720294297.429:48): prog-id=17 op=LOAD
type=BPF msg=audit(1720294297.429:49): prog-id=18 op=LOAD
type=BPF msg=audit(1720294297.429:50): prog-id=10 op=UNLOAD
type=BPF msg=audit(1720294297.429:51): prog-id=11 op=UNLOAD
type=BPF msg=audit(1720294297.429:52): prog-id=19 op=LOAD
type=BPF msg=audit(1720294297.429:53): prog-id=20 op=LOAD
type=BPF msg=audit(1720294297.429:54): prog-id=6 op=UNLOAD
type=BPF msg=audit(1720294297.429:55): prog-id=7 op=UNLOAD
type=BPF msg=audit(1720294297.432:56): prog-id=21 op=LOAD
type=BPF msg=audit(1720294297.432:57): prog-id=8 op=UNLOAD
type=BPF msg=audit(1720294297.968:58): prog-id=22 op=LOAD
type=BPF msg=audit(1720294297.968:59): prog-id=13 op=UNLOAD
type=BPF msg=audit(1720294297.968:60): prog-id=23 op=LOAD
type=BPF msg=audit(1720294297.968:61): prog-id=24 op=LOAD
type=BPF msg=audit(1720294297.968:62): prog-id=14 op=UNLOAD
type=BPF msg=audit(1720294297.968:63): prog-id=15 op=UNLOAD
type=BPF msg=audit(1720294297.970:64): prog-id=25 op=LOAD
type=BPF msg=audit(1720294297.970:65): prog-id=16 op=UNLOAD
type=BPF msg=audit(1720294297.970:66): prog-id=26 op=LOAD
type=BPF msg=audit(1720294297.970:67): prog-id=27 op=LOAD
type=BPF msg=audit(1720294297.970:68): prog-id=17 op=UNLOAD
type=BPF msg=audit(1720294297.970:69): prog-id=18 op=UNLOAD
type=BPF msg=audit(1720294297.971:70): prog-id=28 op=LOAD
type=BPF msg=audit(1720294297.971:71): prog-id=29 op=LOAD
type=BPF msg=audit(1720294297.971:72): prog-id=19 op=UNLOAD
type=BPF msg=audit(1720294297.971:73): prog-id=20 op=UNLOAD
type=BPF msg=audit(1720294297.974:74): prog-id=30 op=LOAD
type=BPF msg=audit(1720294297.974:75): prog-id=21 op=UNLOAD
type=BPF msg=audit(1720294298.299:76): prog-id=31 op=LOAD
type=BPF msg=audit(1720294298.299:77): prog-id=22 op=UNLOAD
type=BPF msg=audit(1720294298.299:78): prog-id=32 op=LOAD
type=BPF msg=audit(1720294298.299:79): prog-id=33 op=LOAD
type=BPF msg=audit(1720294298.299:80): prog-id=23 op=UNLOAD
type=BPF msg=audit(1720294298.299:81): prog-id=24 op=UNLOAD
type=BPF msg=audit(1720294298.301:82): prog-id=34 op=LOAD
type=BPF msg=audit(1720294298.301:83): prog-id=25 op=UNLOAD
type=BPF msg=audit(1720294298.301:84): prog-id=35 op=LOAD
type=BPF msg=audit(1720294298.301:85): prog-id=36 op=LOAD
type=BPF msg=audit(1720294298.301:86): prog-id=26 op=UNLOAD
type=BPF msg=audit(1720294298.301:87): prog-id=27 op=UNLOAD
type=BPF msg=audit(1720294298.302:88): prog-id=37 op=LOAD
type=BPF msg=audit(1720294298.302:89): prog-id=38 op=LOAD
type=BPF msg=audit(1720294298.302:90): prog-id=28 op=UNLOAD
type=BPF msg=audit(1720294298.302:91): prog-id=29 op=UNLOAD
type=BPF msg=audit(1720294298.305:92): prog-id=39 op=LOAD
type=BPF msg=audit(1720294298.305:93): prog-id=30 op=UNLOAD
type=BPF msg=audit(1720294298.334:94): prog-id=40 op=LOAD
type=BPF msg=audit(1720294298.335:95): prog-id=41 op=LOAD
type=BPF msg=audit(1720294298.335:96): prog-id=42 op=LOAD
type=SERVICE_START msg=audit(1720294298.407:97): pid=1 uid=0 auid=4294967295 ses=4294967295 msg='unit=systemd-localed comm="systemd" exe="/usr/lib/systemd/systemd" hostname=? addr=? terminal=? res=success'UID="root" AUID="unset"
type=NETFILTER_CFG msg=audit(1720294299.091:98): table=vyos_conntrack:3 family=10 entries=23 op=nft_register_chain pid=1574 comm="nft"
type=NETFILTER_CFG msg=audit(1720294299.091:98): table=vyos_conntrack:3 family=2 entries=26 op=nft_register_chain pid=1574 comm="nft"
type=SYSCALL msg=audit(1720294299.091:98): arch=c000003e syscall=46 success=yes exit=5184 a0=3 a1=7ffd910e3fc0 a2=0 a3=7f4cf6462680 items=0 ppid=1572 pid=1574 auid=4294967295 uid=0 gid=0 euid=0 suid=0 fsuid=0 egid=0 sgid=0 fsgid=0 tty=(none) ses=4294967295 comm="nft" exe="/usr/sbin/nft" key=(null)ARCH=x86_64 SYSCALL=sendmsg AUID="unset" UID="root" GID="root" EUID="root" SUID="root" FSUID="root" EGID="root" SGID="root" FSGID="root"
type=PROCTITLE msg=audit(1720294299.091:98): proctitle=6E6674002D2D66696C65002F72756E2F6E667461626C65732D63742E636F6E66
type=BPF msg=audit(1720294299.525:99): prog-id=43 op=LOAD
type=BPF msg=audit(1720294299.525:100): prog-id=31 op=UNLOAD
type=BPF msg=audit(1720294299.525:101): prog-id=44 op=LOAD
type=BPF msg=audit(1720294299.525:102): prog-id=45 op=LOAD
type=BPF msg=audit(1720294299.525:103): prog-id=32 op=UNLOAD
type=BPF msg=audit(1720294299.525:104): prog-id=33 op=UNLOAD
type=BPF msg=audit(1720294299.528:105): prog-id=46 op=LOAD
type=BPF msg=audit(1720294299.528:106): prog-id=34 op=UNLOAD
type=BPF msg=audit(1720294299.528:107): prog-id=47 op=LOAD
type=BPF msg=audit(1720294299.528:108): prog-id=48 op=LOAD
type=BPF msg=audit(1720294299.528:109): prog-id=35 op=UNLOAD
type=BPF msg=audit(1720294299.528:110): prog-id=36 op=UNLOAD
type=BPF msg=audit(1720294299.529:111): prog-id=49 op=LOAD
type=BPF msg=audit(1720294299.529:112): prog-id=50 op=LOAD
type=BPF msg=audit(1720294299.529:113): prog-id=37 op=UNLOAD
type=BPF msg=audit(1720294299.529:114): prog-id=38 op=UNLOAD
type=BPF msg=audit(1720294299.532:115): prog-id=51 op=LOAD
type=BPF msg=audit(1720294299.532:116): prog-id=39 op=UNLOAD
type=BPF msg=audit(1720294299.533:117): prog-id=52 op=LOAD
type=BPF msg=audit(1720294299.533:118): prog-id=40 op=UNLOAD
type=BPF msg=audit(1720294299.533:119): prog-id=53 op=LOAD
type=BPF msg=audit(1720294299.533:120): prog-id=54 op=LOAD
type=BPF msg=audit(1720294299.533:121): prog-id=41 op=UNLOAD
type=BPF msg=audit(1720294299.533:122): prog-id=42 op=UNLOAD
type=BPF msg=audit(1720294299.684:123): prog-id=55 op=LOAD
type=BPF msg=audit(1720294299.684:124): prog-id=56 op=LOAD
type=BPF msg=audit(1720294299.684:125): prog-id=57 op=LOAD
type=SERVICE_START msg=audit(1720294299.750:126): pid=1 uid=0 auid=4294967295 ses=4294967295 msg='unit=systemd-hostnamed comm="systemd" exe="/usr/lib/systemd/systemd" hostname=? addr=? terminal=? res=success'UID="root" AUID="unset"
type=SERVICE_STOP msg=audit(1720294300.697:127): pid=1 uid=0 auid=4294967295 ses=4294967295 msg='unit=podman comm="systemd" exe="/usr/lib/systemd/systemd" hostname=? addr=? terminal=? res=success'UID="root" AUID="unset"
type=USER_AUTH msg=audit(1720294300.993:128): pid=1718 uid=0 auid=4294967295 ses=4294967295 msg='op=PAM:authentication grantors=pam_permit acct="root" exe="/usr/bin/vtysh" hostname=? addr=? terminal=? res=success'UID="root" AUID="unset"
type=USER_ACCT msg=audit(1720294300.994:129): pid=1718 uid=0 auid=4294967295 ses=4294967295 msg='op=PAM:accounting grantors=pam_permit acct="root" exe="/usr/bin/vtysh" hostname=? addr=? terminal=? res=success'UID="root" AUID="unset"
type=SERVICE_START msg=audit(1720294301.050:130): pid=1 uid=0 auid=4294967295 ses=4294967295 msg='unit=frr comm="systemd" exe="/usr/lib/systemd/systemd" hostname=? addr=? terminal=? res=success'UID="root" AUID="unset"
type=USER_ACCT msg=audit(1720294302.835:131): pid=1835 uid=0 auid=4294967295 ses=4294967295 msg='op=PAM:accounting grantors=pam_permit acct="root" exe="/usr/bin/sudo" hostname=? addr=? terminal=? res=success'UID="root" AUID="unset"
type=USER_CMD msg=audit(1720294302.835:132): pid=1835 uid=0 auid=4294967295 ses=4294967295 msg='cwd="/" cmd=7368202D63202F7573722F7362696E2F76797368696D202F7573722F6C6962657865632F76796F732F636F6E665F6D6F64652F73797374656D5F686F73742D6E616D652E7079 exe="/usr/bin/sudo" terminal=? res=success'UID="root" AUID="unset"
type=CRED_REFR msg=audit(1720294302.841:133): pid=1835 uid=0 auid=4294967295 ses=4294967295 msg='op=PAM:setcred grantors=pam_permit,pam_cap acct="root" exe="/usr/bin/sudo" hostname=? addr=? terminal=? res=success'UID="root" AUID="unset"
type=USER_START msg=audit(1720294302.841:134): pid=1835 uid=0 auid=4294967295 ses=4294967295 msg='op=PAM:session_open grantors=pam_limits,pam_permit,pam_mkhomedir,pam_unix acct="root" exe="/usr/bin/sudo" hostname=? addr=? terminal=? res=success'UID="root" AUID="unset"
type=USER_END msg=audit(1720294303.185:135): pid=1835 uid=0 auid=4294967295 ses=4294967295 msg='op=PAM:session_close grantors=pam_limits,pam_permit,pam_mkhomedir,pam_unix acct="root" exe="/usr/bin/sudo" hostname=? addr=? terminal=? res=success'UID="root" AUID="unset"
type=CRED_DISP msg=audit(1720294303.185:136): pid=1835 uid=0 auid=4294967295 ses=4294967295 msg='op=PAM:setcred grantors=pam_permit acct="root" exe="/usr/bin/sudo" hostname=? addr=? terminal=? res=success'UID="root" AUID="unset"
type=USER_ACCT msg=audit(1720294303.202:137): pid=1847 uid=0 auid=4294967295 ses=4294967295 msg='op=PAM:accounting grantors=pam_permit acct="root" exe="/usr/bin/sudo" hostname=? addr=? terminal=? res=success'UID="root" AUID="unset"
type=USER_CMD msg=audit(1720294303.202:138): pid=1847 uid=0 auid=4294967295 ses=4294967295 msg='cwd="/" cmd=7368202D63202F7573722F7362696E2F76797368696D202F7573722F6C6962657865632F76796F732F636F6E665F6D6F64652F73797374656D5F636F6E736F6C652E7079 exe="/usr/bin/sudo" terminal=? res=success'UID="root" AUID="unset"
type=CRED_REFR msg=audit(1720294303.202:139): pid=1847 uid=0 auid=4294967295 ses=4294967295 msg='op=PAM:setcred grantors=pam_permit,pam_cap acct="root" exe="/usr/bin/sudo" hostname=? addr=? terminal=? res=success'UID="root" AUID="unset"
type=USER_START msg=audit(1720294303.203:140): pid=1847 uid=0 auid=4294967295 ses=4294967295 msg='op=PAM:session_open grantors=pam_limits,pam_permit,pam_mkhomedir,pam_unix acct="root" exe="/usr/bin/sudo" hostname=? addr=? terminal=? res=success'UID="root" AUID="unset"
type=BPF msg=audit(1720294303.502:141): prog-id=58 op=LOAD
type=BPF msg=audit(1720294303.502:142): prog-id=43 op=UNLOAD
type=BPF msg=audit(1720294303.502:143): prog-id=59 op=LOAD
type=BPF msg=audit(1720294303.502:144): prog-id=60 op=LOAD
type=BPF msg=audit(1720294303.502:145): prog-id=44 op=UNLOAD
type=BPF msg=audit(1720294303.502:146): prog-id=45 op=UNLOAD
type=BPF msg=audit(1720294303.505:147): prog-id=61 op=LOAD
type=BPF msg=audit(1720294303.505:148): prog-id=46 op=UNLOAD
type=BPF msg=audit(1720294303.505:149): prog-id=62 op=LOAD
type=BPF msg=audit(1720294303.505:150): prog-id=63 op=LOAD
type=BPF msg=audit(1720294303.505:151): prog-id=47 op=UNLOAD
type=BPF msg=audit(1720294303.505:152): prog-id=48 op=UNLOAD
type=BPF msg=audit(1720294303.506:153): prog-id=64 op=LOAD
type=BPF msg=audit(1720294303.506:154): prog-id=65 op=LOAD
type=BPF msg=audit(1720294303.506:155): prog-id=49 op=UNLOAD
type=BPF msg=audit(1720294303.506:156): prog-id=50 op=UNLOAD
type=BPF msg=audit(1720294303.509:157): prog-id=66 op=LOAD
type=BPF msg=audit(1720294303.509:158): prog-id=51 op=UNLOAD
type=BPF msg=audit(1720294303.510:159): prog-id=67 op=LOAD
type=BPF msg=audit(1720294303.510:160): prog-id=55 op=UNLOAD
type=BPF msg=audit(1720294303.510:161): prog-id=68 op=LOAD
type=BPF msg=audit(1720294303.510:162): prog-id=69 op=LOAD
type=BPF msg=audit(1720294303.510:163): prog-id=56 op=UNLOAD
type=BPF msg=audit(1720294303.510:164): prog-id=57 op=UNLOAD
type=BPF msg=audit(1720294303.511:165): prog-id=70 op=LOAD
type=BPF msg=audit(1720294303.511:166): prog-id=52 op=UNLOAD
type=BPF msg=audit(1720294303.511:167): prog-id=71 op=LOAD
type=BPF msg=audit(1720294303.511:168): prog-id=72 op=LOAD
type=BPF msg=audit(1720294303.511:169): prog-id=53 op=UNLOAD
type=BPF msg=audit(1720294303.511:170): prog-id=54 op=UNLOAD
type=SERVICE_START msg=audit(1720294303.534:171): pid=1 uid=0 auid=4294967295 ses=4294967295 msg='unit=serial-getty@ttyS0 comm="systemd" exe="/usr/lib/systemd/systemd" hostname=? addr=? terminal=? res=success'UID="root" AUID="unset"
type=USER_END msg=audit(1720294303.539:172): pid=1847 uid=0 auid=4294967295 ses=4294967295 msg='op=PAM:session_close grantors=pam_limits,pam_permit,pam_mkhomedir,pam_unix acct="root" exe="/usr/bin/sudo" hostname=? addr=? terminal=? res=success'UID="root" AUID="unset"
type=CRED_DISP msg=audit(1720294303.540:173): pid=1847 uid=0 auid=4294967295 ses=4294967295 msg='op=PAM:setcred grantors=pam_permit acct="root" exe="/usr/bin/sudo" hostname=? addr=? terminal=? res=success'UID="root" AUID="unset"
type=USER_ACCT msg=audit(1720294303.658:174): pid=1900 uid=0 auid=4294967295 ses=4294967295 msg='op=PAM:accounting grantors=pam_permit acct="root" exe="/usr/bin/sudo" hostname=? addr=? terminal=? res=success'UID="root" AUID="unset"
type=USER_CMD msg=audit(1720294303.658:175): pid=1900 uid=0 auid=4294967295 ses=4294967295 msg='cwd="/" cmd=7368202D63202F7573722F7362696E2F76797368696D202F7573722F6C6962657865632F76796F732F636F6E665F6D6F64652F706B692E7079 exe="/usr/bin/sudo" terminal=? res=success'UID="root" AUID="unset"
type=CRED_REFR msg=audit(1720294303.658:176): pid=1900 uid=0 auid=4294967295 ses=4294967295 msg='op=PAM:setcred grantors=pam_permit,pam_cap acct="root" exe="/usr/bin/sudo" hostname=? addr=? terminal=? res=success'UID="root" AUID="unset"
type=USER_START msg=audit(1720294303.658:177): pid=1900 uid=0 auid=4294967295 ses=4294967295 msg='op=PAM:session_open grantors=pam_limits,pam_permit,pam_mkhomedir,pam_unix acct="root" exe="/usr/bin/sudo" hostname=? addr=? terminal=? res=success'UID="root" AUID="unset"
type=USER_END msg=audit(1720294303.720:178): pid=1900 uid=0 auid=4294967295 ses=4294967295 msg='op=PAM:session_close grantors=pam_limits,pam_permit,pam_mkhomedir,pam_unix acct="root" exe="/usr/bin/sudo" hostname=? addr=? terminal=? res=success'UID="root" AUID="unset"
type=CRED_DISP msg=audit(1720294303.720:179): pid=1900 uid=0 auid=4294967295 ses=4294967295 msg='op=PAM:setcred grantors=pam_permit acct="root" exe="/usr/bin/sudo" hostname=? addr=? terminal=? res=success'UID="root" AUID="unset"
type=USER_ACCT msg=audit(1720294303.734:180): pid=1906 uid=0 auid=4294967295 ses=4294967295 msg='op=PAM:accounting grantors=pam_permit acct="root" exe="/usr/bin/sudo" hostname=? addr=? terminal=? res=success'UID="root" AUID="unset"
type=USER_CMD msg=audit(1720294303.734:181): pid=1906 uid=0 auid=4294967295 ses=4294967295 msg='cwd="/" cmd=7368202D63202F7573722F7362696E2F76797368696D2056594F535F5441474E4F44455F56414C55453D276C6F27202F7573722F6C6962657865632F76796F732F636F6E665F6D6F64652F696E74657266616365735F6C6F6F706261636B2E7079 exe="/usr/bin/sudo" terminal=? res=success'UID="root" AUID="unset"
type=CRED_REFR msg=audit(1720294303.735:182): pid=1906 uid=0 auid=4294967295 ses=4294967295 msg='op=PAM:setcred grantors=pam_permit,pam_cap acct="root" exe="/usr/bin/sudo" hostname=? addr=? terminal=? res=success'UID="root" AUID="unset"
type=USER_START msg=audit(1720294303.735:183): pid=1906 uid=0 auid=4294967295 ses=4294967295 msg='op=PAM:session_open grantors=pam_limits,pam_permit,pam_mkhomedir,pam_unix acct="root" exe="/usr/bin/sudo" hostname=? addr=? terminal=? res=success'UID="root" AUID="unset"
type=USER_END msg=audit(1720294303.894:184): pid=1906 uid=0 auid=4294967295 ses=4294967295 msg='op=PAM:session_close grantors=pam_limits,pam_permit,pam_mkhomedir,pam_unix acct="root" exe="/usr/bin/sudo" hostname=? addr=? terminal=? res=success'UID="root" AUID="unset"
type=CRED_DISP msg=audit(1720294303.894:185): pid=1906 uid=0 auid=4294967295 ses=4294967295 msg='op=PAM:setcred grantors=pam_permit acct="root" exe="/usr/bin/sudo" hostname=? addr=? terminal=? res=success'UID="root" AUID="unset"
type=USER_ACCT msg=audit(1720294303.949:186): pid=1942 uid=0 auid=4294967295 ses=4294967295 msg='op=PAM:accounting grantors=pam_permit acct="root" exe="/usr/bin/sudo" hostname=? addr=? terminal=? res=success'UID="root" AUID="unset"
type=USER_CMD msg=audit(1720294303.949:187): pid=1942 uid=0 auid=4294967295 ses=4294967295 msg='cwd="/" cmd=7368202D63202F7573722F7362696E2F76797368696D2056594F535F5441474E4F44455F56414C55453D276574683027202F7573722F6C6962657865632F76796F732F636F6E665F6D6F64652F696E74657266616365735F65746865726E65742E7079 exe="/usr/bin/sudo" terminal=? res=success'UID="root" AUID="unset"
type=CRED_REFR msg=audit(1720294303.949:188): pid=1942 uid=0 auid=4294967295 ses=4294967295 msg='op=PAM:setcred grantors=pam_permit,pam_cap acct="root" exe="/usr/bin/sudo" hostname=? addr=? terminal=? res=success'UID="root" AUID="unset"
type=USER_START msg=audit(1720294303.950:189): pid=1942 uid=0 auid=4294967295 ses=4294967295 msg='op=PAM:session_open grantors=pam_limits,pam_permit,pam_mkhomedir,pam_unix acct="root" exe="/usr/bin/sudo" hostname=? addr=? terminal=? res=success'UID="root" AUID="unset"
type=BPF msg=audit(1720294304.336:190): prog-id=73 op=LOAD
type=BPF msg=audit(1720294304.336:191): prog-id=58 op=UNLOAD
type=BPF msg=audit(1720294304.336:192): prog-id=74 op=LOAD
type=BPF msg=audit(1720294304.336:193): prog-id=75 op=LOAD
type=BPF msg=audit(1720294304.336:194): prog-id=59 op=UNLOAD
type=BPF msg=audit(1720294304.336:195): prog-id=60 op=UNLOAD
type=BPF msg=audit(1720294304.338:196): prog-id=76 op=LOAD
type=BPF msg=audit(1720294304.338:197): prog-id=61 op=UNLOAD
type=BPF msg=audit(1720294304.338:198): prog-id=77 op=LOAD
type=BPF msg=audit(1720294304.338:199): prog-id=78 op=LOAD
type=BPF msg=audit(1720294304.339:200): prog-id=62 op=UNLOAD
type=BPF msg=audit(1720294304.339:201): prog-id=63 op=UNLOAD
type=BPF msg=audit(1720294304.339:202): prog-id=79 op=LOAD
type=BPF msg=audit(1720294304.339:203): prog-id=80 op=LOAD
type=BPF msg=audit(1720294304.339:204): prog-id=64 op=UNLOAD
type=BPF msg=audit(1720294304.339:205): prog-id=65 op=UNLOAD
type=BPF msg=audit(1720294304.343:206): prog-id=81 op=LOAD
type=BPF msg=audit(1720294304.343:207): prog-id=66 op=UNLOAD
type=BPF msg=audit(1720294304.344:208): prog-id=82 op=LOAD
type=BPF msg=audit(1720294304.344:209): prog-id=67 op=UNLOAD
type=BPF msg=audit(1720294304.344:210): prog-id=83 op=LOAD
type=BPF msg=audit(1720294304.344:211): prog-id=84 op=LOAD
type=BPF msg=audit(1720294304.344:212): prog-id=68 op=UNLOAD
type=BPF msg=audit(1720294304.344:213): prog-id=69 op=UNLOAD
type=BPF msg=audit(1720294304.345:214): prog-id=85 op=LOAD
type=BPF msg=audit(1720294304.345:215): prog-id=70 op=UNLOAD
type=BPF msg=audit(1720294304.345:216): prog-id=86 op=LOAD
type=BPF msg=audit(1720294304.345:217): prog-id=87 op=LOAD
type=BPF msg=audit(1720294304.346:218): prog-id=71 op=UNLOAD
type=BPF msg=audit(1720294304.346:219): prog-id=72 op=UNLOAD
type=SERVICE_START msg=audit(1720294304.403:220): pid=1 uid=0 auid=4294967295 ses=4294967295 msg='unit=dhclient@eth0 comm="systemd" exe="/usr/lib/systemd/systemd" hostname=? addr=? terminal=? res=success'UID="root" AUID="unset"
type=USER_AUTH msg=audit(1720294304.930:221): pid=2030 uid=0 auid=4294967295 ses=4294967295 msg='op=PAM:authentication grantors=pam_permit acct="root" exe="/usr/bin/vtysh" hostname=? addr=? terminal=? res=success'UID="root" AUID="unset"
type=USER_ACCT msg=audit(1720294304.930:222): pid=2030 uid=0 auid=4294967295 ses=4294967295 msg='op=PAM:accounting grantors=pam_permit acct="root" exe="/usr/bin/vtysh" hostname=? addr=? terminal=? res=success'UID="root" AUID="unset"
type=USER_AUTH msg=audit(1720294305.040:223): pid=2050 uid=0 auid=4294967295 ses=4294967295 msg='op=PAM:authentication grantors=pam_permit acct="root" exe="/usr/bin/vtysh" hostname=? addr=? terminal=? res=success'UID="root" AUID="unset"
type=USER_ACCT msg=audit(1720294305.040:224): pid=2050 uid=0 auid=4294967295 ses=4294967295 msg='op=PAM:accounting grantors=pam_permit acct="root" exe="/usr/bin/vtysh" hostname=? addr=? terminal=? res=success'UID="root" AUID="unset"
type=USER_AUTH msg=audit(1720294305.071:225): pid=2053 uid=0 auid=4294967295 ses=4294967295 msg='op=PAM:authentication grantors=pam_permit acct="root" exe="/usr/bin/vtysh" hostname=? addr=? terminal=? res=success'UID="root" AUID="unset"
type=USER_ACCT msg=audit(1720294305.071:226): pid=2053 uid=0 auid=4294967295 ses=4294967295 msg='op=PAM:accounting grantors=pam_permit acct="root" exe="/usr/bin/vtysh" hostname=? addr=? terminal=? res=success'UID="root" AUID="unset"
type=USER_AUTH msg=audit(1720294305.128:227): pid=2055 uid=0 auid=4294967295 ses=4294967295 msg='op=PAM:authentication grantors=pam_permit acct="root" exe="/usr/bin/vtysh" hostname=? addr=? terminal=? res=success'UID="root" AUID="unset"
type=USER_ACCT msg=audit(1720294305.128:228): pid=2055 uid=0 auid=4294967295 ses=4294967295 msg='op=PAM:accounting grantors=pam_permit acct="root" exe="/usr/bin/vtysh" hostname=? addr=? terminal=? res=success'UID="root" AUID="unset"
type=USER_AUTH msg=audit(1720294305.261:229): pid=2078 uid=0 auid=4294967295 ses=4294967295 msg='op=PAM:authentication grantors=pam_permit acct="root" exe="/usr/bin/vtysh" hostname=? addr=? terminal=? res=success'UID="root" AUID="unset"
type=USER_ACCT msg=audit(1720294305.261:230): pid=2078 uid=0 auid=4294967295 ses=4294967295 msg='op=PAM:accounting grantors=pam_permit acct="root" exe="/usr/bin/vtysh" hostname=? addr=? terminal=? res=success'UID="root" AUID="unset"
type=USER_AUTH msg=audit(1720294305.295:231): pid=2087 uid=0 auid=4294967295 ses=4294967295 msg='op=PAM:authentication grantors=pam_permit acct="root" exe="/usr/bin/vtysh" hostname=? addr=? terminal=? res=success'UID="root" AUID="unset"
type=USER_ACCT msg=audit(1720294305.295:232): pid=2087 uid=0 auid=4294967295 ses=4294967295 msg='op=PAM:accounting grantors=pam_permit acct="root" exe="/usr/bin/vtysh" hostname=? addr=? terminal=? res=success'UID="root" AUID="unset"
type=USER_AUTH msg=audit(1720294305.375:233): pid=2110 uid=0 auid=4294967295 ses=4294967295 msg='op=PAM:authentication grantors=pam_permit acct="root" exe="/usr/bin/vtysh" hostname=? addr=? terminal=? res=success'UID="root" AUID="unset"
type=USER_ACCT msg=audit(1720294305.375:234): pid=2110 uid=0 auid=4294967295 ses=4294967295 msg='op=PAM:accounting grantors=pam_permit acct="root" exe="/usr/bin/vtysh" hostname=? addr=? terminal=? res=success'UID="root" AUID="unset"
type=USER_END msg=audit(1720294305.381:235): pid=1942 uid=0 auid=4294967295 ses=4294967295 msg='op=PAM:session_close grantors=pam_limits,pam_permit,pam_mkhomedir,pam_unix acct="root" exe="/usr/bin/sudo" hostname=? addr=? terminal=? res=success'UID="root" AUID="unset"
type=CRED_DISP msg=audit(1720294305.381:236): pid=1942 uid=0 auid=4294967295 ses=4294967295 msg='op=PAM:setcred grantors=pam_permit acct="root" exe="/usr/bin/sudo" hostname=? addr=? terminal=? res=success'UID="root" AUID="unset"
type=USER_ACCT msg=audit(1720294305.608:237): pid=2162 uid=0 auid=4294967295 ses=4294967295 msg='op=PAM:accounting grantors=pam_permit acct="root" exe="/usr/bin/sudo" hostname=? addr=? terminal=? res=success'UID="root" AUID="unset"
type=USER_CMD msg=audit(1720294305.608:238): pid=2162 uid=0 auid=4294967295 ses=4294967295 msg='cwd="/" cmd=7368202D63202F7573722F7362696E2F76797368696D202F7573722F6C6962657865632F76796F732F636F6E665F6D6F64652F6669726577616C6C2E7079 exe="/usr/bin/sudo" terminal=? res=success'UID="root" AUID="unset"
type=CRED_REFR msg=audit(1720294305.608:239): pid=2162 uid=0 auid=4294967295 ses=4294967295 msg='op=PAM:setcred grantors=pam_permit,pam_cap acct="root" exe="/usr/bin/sudo" hostname=? addr=? terminal=? res=success'UID="root" AUID="unset"
type=USER_START msg=audit(1720294305.609:240): pid=2162 uid=0 auid=4294967295 ses=4294967295 msg='op=PAM:session_open grantors=pam_limits,pam_permit,pam_mkhomedir,pam_unix acct="root" exe="/usr/bin/sudo" hostname=? addr=? terminal=? res=success'UID="root" AUID="unset"
type=NETFILTER_CFG msg=audit(1720294305.715:241): table=vyos_filter:4 family=7 entries=3 op=nft_register_chain pid=2166 comm="nft"
type=NETFILTER_CFG msg=audit(1720294305.715:241): table=vyos_filter:4 family=10 entries=21 op=nft_register_chain pid=2166 comm="nft"
type=NETFILTER_CFG msg=audit(1720294305.715:241): table=vyos_filter:4 family=2 entries=41 op=nft_register_chain pid=2166 comm="nft"
type=NETFILTER_CFG msg=audit(1720294305.715:241): table=raw:4 family=10 entries=3 op=nft_register_chain pid=2166 comm="nft"
type=NETFILTER_CFG msg=audit(1720294305.715:241): table=raw:4 family=2 entries=3 op=nft_register_chain pid=2166 comm="nft"
type=SYSCALL msg=audit(1720294305.715:241): arch=c000003e syscall=46 success=yes exit=10564 a0=3 a1=7ffef7196b30 a2=0 a3=7f64e4d9a680 items=0 ppid=850 pid=2166 auid=4294967295 uid=0 gid=102 euid=0 suid=0 fsuid=0 egid=102 sgid=102 fsgid=102 tty=(none) ses=4294967295 comm="nft" exe="/usr/sbin/nft" key=(null)ARCH=x86_64 SYSCALL=sendmsg AUID="unset" UID="root" GID="vyattacfg" EUID="root" SUID="root" FSUID="root" EGID="vyattacfg" SGID="vyattacfg" FSGID="vyattacfg"
type=PROCTITLE msg=audit(1720294305.715:241): proctitle=6E6674002D2D66696C65002F72756E2F6E667461626C65732E636F6E66
type=USER_END msg=audit(1720294305.749:242): pid=2162 uid=0 auid=4294967295 ses=4294967295 msg='op=PAM:session_close grantors=pam_limits,pam_permit,pam_mkhomedir,pam_unix acct="root" exe="/usr/bin/sudo" hostname=? addr=? terminal=? res=success'UID="root" AUID="unset"
type=CRED_DISP msg=audit(1720294305.749:243): pid=2162 uid=0 auid=4294967295 ses=4294967295 msg='op=PAM:setcred grantors=pam_permit acct="root" exe="/usr/bin/sudo" hostname=? addr=? terminal=? res=success'UID="root" AUID="unset"
type=USER_ACCT msg=audit(1720294305.775:244): pid=2173 uid=0 auid=4294967295 ses=4294967295 msg='op=PAM:accounting grantors=pam_permit acct="root" exe="/usr/bin/sudo" hostname=? addr=? terminal=? res=success'UID="root" AUID="unset"
type=USER_CMD msg=audit(1720294305.775:245): pid=2173 uid=0 auid=4294967295 ses=4294967295 msg='cwd="/" cmd=7368202D63202F7573722F7362696E2F76797368696D202F7573722F6C6962657865632F76796F732F636F6E665F6D6F64652F73797374656D5F7379736C6F672E7079 exe="/usr/bin/sudo" terminal=? res=success'UID="root" AUID="unset"
type=CRED_REFR msg=audit(1720294305.775:246): pid=2173 uid=0 auid=4294967295 ses=4294967295 msg='op=PAM:setcred grantors=pam_permit,pam_cap acct="root" exe="/usr/bin/sudo" hostname=? addr=? terminal=? res=success'UID="root" AUID="unset"
type=USER_START msg=audit(1720294305.775:247): pid=2173 uid=0 auid=4294967295 ses=4294967295 msg='op=PAM:session_open grantors=pam_limits,pam_permit,pam_mkhomedir,pam_unix acct="root" exe="/usr/bin/sudo" hostname=? addr=? terminal=? res=success'UID="root" AUID="unset"
type=BPF msg=audit(1720294306.031:248): prog-id=88 op=LOAD
type=BPF msg=audit(1720294306.031:249): prog-id=73 op=UNLOAD
type=BPF msg=audit(1720294306.031:250): prog-id=89 op=LOAD
type=BPF msg=audit(1720294306.031:251): prog-id=90 op=LOAD
type=BPF msg=audit(1720294306.031:252): prog-id=74 op=UNLOAD
type=BPF msg=audit(1720294306.031:253): prog-id=75 op=UNLOAD
type=BPF msg=audit(1720294306.033:254): prog-id=91 op=LOAD
type=BPF msg=audit(1720294306.033:255): prog-id=76 op=UNLOAD
type=BPF msg=audit(1720294306.033:256): prog-id=92 op=LOAD
type=BPF msg=audit(1720294306.033:257): prog-id=93 op=LOAD
type=BPF msg=audit(1720294306.033:258): prog-id=77 op=UNLOAD
type=BPF msg=audit(1720294306.033:259): prog-id=78 op=UNLOAD
type=BPF msg=audit(1720294306.034:260): prog-id=94 op=LOAD
type=BPF msg=audit(1720294306.034:261): prog-id=95 op=LOAD
type=BPF msg=audit(1720294306.034:262): prog-id=79 op=UNLOAD
type=BPF msg=audit(1720294306.034:263): prog-id=80 op=UNLOAD
type=BPF msg=audit(1720294306.038:264): prog-id=96 op=LOAD
type=BPF msg=audit(1720294306.038:265): prog-id=81 op=UNLOAD
type=BPF msg=audit(1720294306.039:266): prog-id=97 op=LOAD
type=BPF msg=audit(1720294306.039:267): prog-id=82 op=UNLOAD
type=BPF msg=audit(1720294306.039:268): prog-id=98 op=LOAD
type=BPF msg=audit(1720294306.039:269): prog-id=99 op=LOAD
type=BPF msg=audit(1720294306.039:270): prog-id=83 op=UNLOAD
type=BPF msg=audit(1720294306.039:271): prog-id=84 op=UNLOAD
type=BPF msg=audit(1720294306.040:272): prog-id=100 op=LOAD
type=BPF msg=audit(1720294306.040:273): prog-id=85 op=UNLOAD
type=BPF msg=audit(1720294306.040:274): prog-id=101 op=LOAD
type=BPF msg=audit(1720294306.040:275): prog-id=102 op=LOAD
type=BPF msg=audit(1720294306.040:276): prog-id=86 op=UNLOAD
type=BPF msg=audit(1720294306.040:277): prog-id=87 op=UNLOAD
type=SERVICE_STOP msg=audit(1720294306.055:278): pid=1 uid=0 auid=4294967295 ses=4294967295 msg='unit=rsyslog comm="systemd" exe="/usr/lib/systemd/systemd" hostname=? addr=? terminal=? res=success'UID="root" AUID="unset"
type=SERVICE_START msg=audit(1720294306.065:279): pid=1 uid=0 auid=4294967295 ses=4294967295 msg='unit=rsyslog comm="systemd" exe="/usr/lib/systemd/systemd" hostname=? addr=? terminal=? res=success'UID="root" AUID="unset"
type=USER_END msg=audit(1720294306.069:280): pid=2173 uid=0 auid=4294967295 ses=4294967295 msg='op=PAM:session_close grantors=pam_limits,pam_permit,pam_mkhomedir,pam_unix acct="root" exe="/usr/bin/sudo" hostname=? addr=? terminal=? res=success'UID="root" AUID="unset"
type=CRED_DISP msg=audit(1720294306.069:281): pid=2173 uid=0 auid=4294967295 ses=4294967295 msg='op=PAM:setcred grantors=pam_permit acct="root" exe="/usr/bin/sudo" hostname=? addr=? terminal=? res=success'UID="root" AUID="unset"
type=USER_ACCT msg=audit(1720294306.102:282): pid=2217 uid=0 auid=4294967295 ses=4294967295 msg='op=PAM:accounting grantors=pam_permit acct="root" exe="/usr/bin/sudo" hostname=? addr=? terminal=? res=success'UID="root" AUID="unset"
type=USER_CMD msg=audit(1720294306.102:283): pid=2217 uid=0 auid=4294967295 ses=4294967295 msg='cwd="/" cmd=7368202D63202F7573722F7362696E2F76797368696D202F7573722F6C6962657865632F76796F732F636F6E665F6D6F64652F73797374656D5F6C6F67696E2E7079 exe="/usr/bin/sudo" terminal=? res=success'UID="root" AUID="unset"
type=CRED_REFR msg=audit(1720294306.103:284): pid=2217 uid=0 auid=4294967295 ses=4294967295 msg='op=PAM:setcred grantors=pam_permit,pam_cap acct="root" exe="/usr/bin/sudo" hostname=? addr=? terminal=? res=success'UID="root" AUID="unset"
type=USER_START msg=audit(1720294306.103:285): pid=2217 uid=0 auid=4294967295 ses=4294967295 msg='op=PAM:session_open grantors=pam_limits,pam_permit,pam_mkhomedir,pam_unix acct="root" exe="/usr/bin/sudo" hostname=? addr=? terminal=? res=success'UID="root" AUID="unset"
type=USER_END msg=audit(1720294306.653:286): pid=2217 uid=0 auid=4294967295 ses=4294967295 msg='op=PAM:session_close grantors=pam_limits,pam_permit,pam_mkhomedir,pam_unix acct="root" exe="/usr/bin/sudo" hostname=? addr=? terminal=? res=success'UID="root" AUID="unset"
type=CRED_DISP msg=audit(1720294306.654:287): pid=2217 uid=0 auid=4294967295 ses=4294967295 msg='op=PAM:setcred grantors=pam_permit acct="root" exe="/usr/bin/sudo" hostname=? addr=? terminal=? res=success'UID="root" AUID="unset"
type=USER_ACCT msg=audit(1720294306.875:288): pid=2304 uid=0 auid=4294967295 ses=4294967295 msg='op=PAM:accounting grantors=pam_permit acct="root" exe="/usr/bin/sudo" hostname=? addr=? terminal=? res=success'UID="root" AUID="unset"
type=USER_CMD msg=audit(1720294306.875:289): pid=2304 uid=0 auid=4294967295 ses=4294967295 msg='cwd="/" cmd=7368202D63202F7573722F7362696E2F76797368696D202F7573722F6C6962657865632F76796F732F636F6E665F6D6F64652F73797374656D5F636F6E6669672D6D616E6167656D656E742E7079 exe="/usr/bin/sudo" terminal=? res=success'UID="root" AUID="unset"
type=CRED_REFR msg=audit(1720294306.875:290): pid=2304 uid=0 auid=4294967295 ses=4294967295 msg='op=PAM:setcred grantors=pam_permit,pam_cap acct="root" exe="/usr/bin/sudo" hostname=? addr=? terminal=? res=success'UID="root" AUID="unset"
type=USER_START msg=audit(1720294306.876:291): pid=2304 uid=0 auid=4294967295 ses=4294967295 msg='op=PAM:session_open grantors=pam_limits,pam_permit,pam_mkhomedir,pam_unix acct="root" exe="/usr/bin/sudo" hostname=? addr=? terminal=? res=success'UID="root" AUID="unset"
type=USER_END msg=audit(1720294306.885:292): pid=2304 uid=0 auid=4294967295 ses=4294967295 msg='op=PAM:session_close grantors=pam_limits,pam_permit,pam_mkhomedir,pam_unix acct="root" exe="/usr/bin/sudo" hostname=? addr=? terminal=? res=success'UID="root" AUID="unset"
type=CRED_DISP msg=audit(1720294306.885:293): pid=2304 uid=0 auid=4294967295 ses=4294967295 msg='op=PAM:setcred grantors=pam_permit acct="root" exe="/usr/bin/sudo" hostname=? addr=? terminal=? res=success'UID="root" AUID="unset"
type=USER_ACCT msg=audit(1720294306.991:294): pid=2353 uid=0 auid=4294967295 ses=4294967295 msg='op=PAM:accounting grantors=pam_permit acct="root" exe="/usr/bin/sudo" hostname=? addr=? terminal=? res=success'UID="root" AUID="unset"
type=USER_CMD msg=audit(1720294306.991:295): pid=2353 uid=0 auid=4294967295 ses=4294967295 msg='cwd="/" cmd=7368202D63202F7573722F7362696E2F76797368696D202F7573722F6C6962657865632F76796F732F636F6E665F6D6F64652F736572766963655F6E74702E7079 exe="/usr/bin/sudo" terminal=? res=success'UID="root" AUID="unset"
type=CRED_REFR msg=audit(1720294306.991:296): pid=2353 uid=0 auid=4294967295 ses=4294967295 msg='op=PAM:setcred grantors=pam_permit,pam_cap acct="root" exe="/usr/bin/sudo" hostname=? addr=? terminal=? res=success'UID="root" AUID="unset"
type=USER_START msg=audit(1720294306.991:297): pid=2353 uid=0 auid=4294967295 ses=4294967295 msg='op=PAM:session_open grantors=pam_limits,pam_permit,pam_mkhomedir,pam_unix acct="root" exe="/usr/bin/sudo" hostname=? addr=? terminal=? res=success'UID="root" AUID="unset"
type=BPF msg=audit(1720294307.212:298): prog-id=103 op=LOAD
type=BPF msg=audit(1720294307.212:299): prog-id=88 op=UNLOAD
type=BPF msg=audit(1720294307.212:300): prog-id=104 op=LOAD
type=BPF msg=audit(1720294307.212:301): prog-id=105 op=LOAD
type=BPF msg=audit(1720294307.212:302): prog-id=89 op=UNLOAD
type=BPF msg=audit(1720294307.212:303): prog-id=90 op=UNLOAD
type=BPF msg=audit(1720294307.214:304): prog-id=106 op=LOAD
type=BPF msg=audit(1720294307.214:305): prog-id=91 op=UNLOAD
type=BPF msg=audit(1720294307.215:306): prog-id=107 op=LOAD
type=BPF msg=audit(1720294307.215:307): prog-id=108 op=LOAD
type=BPF msg=audit(1720294307.215:308): prog-id=92 op=UNLOAD
type=BPF msg=audit(1720294307.215:309): prog-id=93 op=UNLOAD
type=BPF msg=audit(1720294307.215:310): prog-id=109 op=LOAD
type=BPF msg=audit(1720294307.215:311): prog-id=110 op=LOAD
type=BPF msg=audit(1720294307.215:312): prog-id=94 op=UNLOAD
type=BPF msg=audit(1720294307.216:313): prog-id=95 op=UNLOAD
type=BPF msg=audit(1720294307.219:314): prog-id=111 op=LOAD
type=BPF msg=audit(1720294307.219:315): prog-id=96 op=UNLOAD
type=BPF msg=audit(1720294307.220:316): prog-id=112 op=LOAD
type=BPF msg=audit(1720294307.220:317): prog-id=97 op=UNLOAD
type=BPF msg=audit(1720294307.220:318): prog-id=113 op=LOAD
type=BPF msg=audit(1720294307.220:319): prog-id=114 op=LOAD
type=BPF msg=audit(1720294307.220:320): prog-id=98 op=UNLOAD
type=BPF msg=audit(1720294307.220:321): prog-id=99 op=UNLOAD
type=BPF msg=audit(1720294307.221:322): prog-id=115 op=LOAD
type=BPF msg=audit(1720294307.221:323): prog-id=100 op=UNLOAD
type=BPF msg=audit(1720294307.222:324): prog-id=116 op=LOAD
type=BPF msg=audit(1720294307.222:325): prog-id=117 op=LOAD
type=BPF msg=audit(1720294307.222:326): prog-id=101 op=UNLOAD
type=BPF msg=audit(1720294307.222:327): prog-id=102 op=UNLOAD
type=BPF msg=audit(1720294307.239:328): prog-id=118 op=LOAD
type=USER_AUTH msg=audit(1720294307.377:329): pid=2433 uid=0 auid=4294967295 ses=4294967295 msg='op=PAM:authentication grantors=pam_permit acct="root" exe="/usr/bin/vtysh" hostname=? addr=? terminal=? res=success'UID="root" AUID="unset"
type=USER_ACCT msg=audit(1720294307.377:330): pid=2433 uid=0 auid=4294967295 ses=4294967295 msg='op=PAM:accounting grantors=pam_permit acct="root" exe="/usr/bin/vtysh" hostname=? addr=? terminal=? res=success'UID="root" AUID="unset"
type=SERVICE_START msg=audit(1720294307.432:331): pid=1 uid=0 auid=4294967295 ses=4294967295 msg='unit=chrony comm="systemd" exe="/usr/lib/systemd/systemd" hostname=? addr=? terminal=? res=success'UID="root" AUID="unset"
type=USER_END msg=audit(1720294307.436:332): pid=2353 uid=0 auid=4294967295 ses=4294967295 msg='op=PAM:session_close grantors=pam_limits,pam_permit,pam_mkhomedir,pam_unix acct="root" exe="/usr/bin/sudo" hostname=? addr=? terminal=? res=success'UID="root" AUID="unset"
type=CRED_DISP msg=audit(1720294307.436:333): pid=2353 uid=0 auid=4294967295 ses=4294967295 msg='op=PAM:setcred grantors=pam_permit acct="root" exe="/usr/bin/sudo" hostname=? addr=? terminal=? res=success'UID="root" AUID="unset"
type=USER_ACCT msg=audit(1720294307.474:334): pid=2455 uid=0 auid=4294967295 ses=4294967295 msg='op=PAM:accounting grantors=pam_permit acct="root" exe="/usr/bin/sudo" hostname=? addr=? terminal=? res=success'UID="root" AUID="unset"
type=USER_CMD msg=audit(1720294307.474:335): pid=2455 uid=0 auid=4294967295 ses=4294967295 msg='cwd="/" cmd=7368202D63202F7573722F7362696E2F76797368696D202F7573722F6C6962657865632F76796F732F636F6E665F6D6F64652F76706E5F737374702E7079 exe="/usr/bin/sudo" terminal=? res=success'UID="root" AUID="unset"
type=CRED_REFR msg=audit(1720294307.475:336): pid=2455 uid=0 auid=4294967295 ses=4294967295 msg='op=PAM:setcred grantors=pam_permit,pam_cap acct="root" exe="/usr/bin/sudo" hostname=? addr=? terminal=? res=success'UID="root" AUID="unset"
type=USER_START msg=audit(1720294307.475:337): pid=2455 uid=0 auid=4294967295 ses=4294967295 msg='op=PAM:session_open grantors=pam_limits,pam_permit,pam_mkhomedir,pam_unix acct="root" exe="/usr/bin/sudo" hostname=? addr=? terminal=? res=success'UID="root" AUID="unset"
type=SERVICE_START msg=audit(1720294307.579:338): pid=1 uid=0 auid=4294967295 ses=4294967295 msg='unit=accel-ppp@sstp comm="systemd" exe="/usr/lib/systemd/systemd" hostname=? addr=? terminal=? res=success'UID="root" AUID="unset"
type=USER_END msg=audit(1720294307.585:339): pid=2455 uid=0 auid=4294967295 ses=4294967295 msg='op=PAM:session_close grantors=pam_limits,pam_permit,pam_mkhomedir,pam_unix acct="root" exe="/usr/bin/sudo" hostname=? addr=? terminal=? res=success'UID="root" AUID="unset"
type=CRED_DISP msg=audit(1720294307.585:340): pid=2455 uid=0 auid=4294967295 ses=4294967295 msg='op=PAM:setcred grantors=pam_permit acct="root" exe="/usr/bin/sudo" hostname=? addr=? terminal=? res=success'UID="root" AUID="unset"
type=USER_ACCT msg=audit(1720294307.609:341): pid=2475 uid=0 auid=4294967295 ses=4294967295 msg='op=PAM:accounting grantors=pam_permit acct="root" exe="/usr/bin/sudo" hostname=? addr=? terminal=? res=success'UID="root" AUID="unset"
type=USER_CMD msg=audit(1720294307.609:342): pid=2475 uid=0 auid=4294967295 ses=4294967295 msg='cwd="/" cmd=7368202D63202F7573722F7362696E2F76797368696D202F7573722F6C6962657865632F76796F732F636F6E665F6D6F64652F736572766963655F7373682E7079 exe="/usr/bin/sudo" terminal=? res=success'UID="root" AUID="unset"
type=CRED_REFR msg=audit(1720294307.609:343): pid=2475 uid=0 auid=4294967295 ses=4294967295 msg='op=PAM:setcred grantors=pam_permit,pam_cap acct="root" exe="/usr/bin/sudo" hostname=? addr=? terminal=? res=success'UID="root" AUID="unset"
type=USER_START msg=audit(1720294307.610:344): pid=2475 uid=0 auid=4294967295 ses=4294967295 msg='op=PAM:session_open grantors=pam_limits,pam_permit,pam_mkhomedir,pam_unix acct="root" exe="/usr/bin/sudo" hostname=? addr=? terminal=? res=success'UID="root" AUID="unset"
type=SERVICE_START msg=audit(1720294307.720:345): pid=1 uid=0 auid=4294967295 ses=4294967295 msg='unit=ssh@default comm="systemd" exe="/usr/lib/systemd/systemd" hostname=? addr=? terminal=? res=success'UID="root" AUID="unset"
type=NETFILTER_CFG msg=audit(1720294307.746:346): table=vyos_conntrack:5 family=10 entries=27 op=nft_register_chain pid=2496 comm="nft"
type=NETFILTER_CFG msg=audit(1720294307.746:346): table=vyos_conntrack:5 family=10 entries=23 op=nft_unregister_table pid=2496 comm="nft"
type=NETFILTER_CFG msg=audit(1720294307.746:346): table=vyos_conntrack:5 family=2 entries=30 op=nft_register_chain pid=2496 comm="nft"
type=NETFILTER_CFG msg=audit(1720294307.746:346): table=vyos_conntrack:5 family=2 entries=26 op=nft_unregister_table pid=2496 comm="nft"
type=SYSCALL msg=audit(1720294307.746:346): arch=c000003e syscall=46 success=yes exit=6288 a0=3 a1=7fff3745b270 a2=0 a3=7fcb74d37680 items=0 ppid=850 pid=2496 auid=4294967295 uid=0 gid=102 euid=0 suid=0 fsuid=0 egid=102 sgid=102 fsgid=102 tty=(none) ses=4294967295 comm="nft" exe="/usr/sbin/nft" key=(null)ARCH=x86_64 SYSCALL=sendmsg AUID="unset" UID="root" GID="vyattacfg" EUID="root" SUID="root" FSUID="root" EGID="vyattacfg" SGID="vyattacfg" FSGID="vyattacfg"
type=PROCTITLE msg=audit(1720294307.746:346): proctitle=6E6674002D2D66696C65002F72756E2F6E667461626C65732D63742E636F6E66
type=USER_END msg=audit(1720294307.752:347): pid=2475 uid=0 auid=4294967295 ses=4294967295 msg='op=PAM:session_close grantors=pam_limits,pam_permit,pam_mkhomedir,pam_unix acct="root" exe="/usr/bin/sudo" hostname=? addr=? terminal=? res=success'UID="root" AUID="unset"
type=CRED_DISP msg=audit(1720294307.752:348): pid=2475 uid=0 auid=4294967295 ses=4294967295 msg='op=PAM:setcred grantors=pam_permit acct="root" exe="/usr/bin/sudo" hostname=? addr=? terminal=? res=success'UID="root" AUID="unset"
type=BPF msg=audit(1720294308.805:349): prog-id=119 op=LOAD
type=BPF msg=audit(1720294308.805:350): prog-id=103 op=UNLOAD
type=BPF msg=audit(1720294308.805:351): prog-id=120 op=LOAD
type=BPF msg=audit(1720294308.805:352): prog-id=121 op=LOAD
type=BPF msg=audit(1720294308.805:353): prog-id=104 op=UNLOAD
type=BPF msg=audit(1720294308.805:354): prog-id=105 op=UNLOAD
type=BPF msg=audit(1720294308.807:355): prog-id=122 op=LOAD
type=BPF msg=audit(1720294308.807:356): prog-id=118 op=UNLOAD
type=BPF msg=audit(1720294308.809:357): prog-id=123 op=LOAD
type=BPF msg=audit(1720294308.809:358): prog-id=106 op=UNLOAD
type=BPF msg=audit(1720294308.809:359): prog-id=124 op=LOAD
type=BPF msg=audit(1720294308.809:360): prog-id=125 op=LOAD
type=BPF msg=audit(1720294308.809:361): prog-id=107 op=UNLOAD
type=BPF msg=audit(1720294308.809:362): prog-id=108 op=UNLOAD
type=BPF msg=audit(1720294308.810:363): prog-id=126 op=LOAD
type=BPF msg=audit(1720294308.810:364): prog-id=127 op=LOAD
type=BPF msg=audit(1720294308.810:365): prog-id=109 op=UNLOAD
type=BPF msg=audit(1720294308.810:366): prog-id=110 op=UNLOAD
type=BPF msg=audit(1720294308.814:367): prog-id=128 op=LOAD
type=BPF msg=audit(1720294308.814:368): prog-id=111 op=UNLOAD
type=BPF msg=audit(1720294308.815:369): prog-id=129 op=LOAD
type=BPF msg=audit(1720294308.815:370): prog-id=112 op=UNLOAD
type=BPF msg=audit(1720294308.815:371): prog-id=130 op=LOAD
type=BPF msg=audit(1720294308.815:372): prog-id=131 op=LOAD
type=BPF msg=audit(1720294308.815:373): prog-id=113 op=UNLOAD
type=BPF msg=audit(1720294308.815:374): prog-id=114 op=UNLOAD
type=BPF msg=audit(1720294308.816:375): prog-id=132 op=LOAD
type=BPF msg=audit(1720294308.816:376): prog-id=115 op=UNLOAD
type=BPF msg=audit(1720294308.816:377): prog-id=133 op=LOAD
type=BPF msg=audit(1720294308.816:378): prog-id=134 op=LOAD
type=BPF msg=audit(1720294308.816:379): prog-id=116 op=UNLOAD
type=BPF msg=audit(1720294308.816:380): prog-id=117 op=UNLOAD
type=SERVICE_STOP msg=audit(1720294319.566:381): pid=1 uid=0 auid=4294967295 ses=4294967295 msg='unit=serial-getty@ttyS0 comm="systemd" exe="/usr/lib/systemd/systemd" hostname=? addr=? terminal=? res=success'UID="root" AUID="unset"
type=SERVICE_START msg=audit(1720294319.817:382): pid=1 uid=0 auid=4294967295 ses=4294967295 msg='unit=serial-getty@ttyS0 comm="systemd" exe="/usr/lib/systemd/systemd" hostname=? addr=? terminal=? res=success'UID="root" AUID="unset"
type=SERVICE_STOP msg=audit(1720294319.818:383): pid=1 uid=0 auid=4294967295 ses=4294967295 msg='unit=serial-getty@ttyS0 comm="systemd" exe="/usr/lib/systemd/systemd" hostname=? addr=? terminal=? res=success'UID="root" AUID="unset"
type=SERVICE_START msg=audit(1720294319.827:384): pid=1 uid=0 auid=4294967295 ses=4294967295 msg='unit=serial-getty@ttyS0 comm="systemd" exe="/usr/lib/systemd/systemd" hostname=? addr=? terminal=? res=success'UID="root" AUID="unset"
type=SERVICE_STOP msg=audit(1720294328.442:385): pid=1 uid=0 auid=4294967295 ses=4294967295 msg='unit=systemd-localed comm="systemd" exe="/usr/lib/systemd/systemd" hostname=? addr=? terminal=? res=success'UID="root" AUID="unset"
type=BPF msg=audit(1720294328.472:386): prog-id=134 op=UNLOAD
type=BPF msg=audit(1720294328.472:387): prog-id=133 op=UNLOAD
type=BPF msg=audit(1720294328.472:388): prog-id=132 op=UNLOAD
type=SERVICE_STOP msg=audit(1720294329.846:389): pid=1 uid=0 auid=4294967295 ses=4294967295 msg='unit=serial-getty@ttyS0 comm="systemd" exe="/usr/lib/systemd/systemd" hostname=? addr=? terminal=? res=success'UID="root" AUID="unset"
type=SERVICE_START msg=audit(1720294330.068:390): pid=1 uid=0 auid=4294967295 ses=4294967295 msg='unit=serial-getty@ttyS0 comm="systemd" exe="/usr/lib/systemd/systemd" hostname=? addr=? terminal=? res=success'UID="root" AUID="unset"
type=SERVICE_STOP msg=audit(1720294330.068:391): pid=1 uid=0 auid=4294967295 ses=4294967295 msg='unit=serial-getty@ttyS0 comm="systemd" exe="/usr/lib/systemd/systemd" hostname=? addr=? terminal=? res=success'UID="root" AUID="unset"
type=SERVICE_START msg=audit(1720294330.082:392): pid=1 uid=0 auid=4294967295 ses=4294967295 msg='unit=serial-getty@ttyS0 comm="systemd" exe="/usr/lib/systemd/systemd" hostname=? addr=? terminal=? res=success'UID="root" AUID="unset"
type=SERVICE_STOP msg=audit(1720294333.198:393): pid=1 uid=0 auid=4294967295 ses=4294967295 msg='unit=systemd-hostnamed comm="systemd" exe="/usr/lib/systemd/systemd" hostname=? addr=? terminal=? res=success'UID="root" AUID="unset"
type=BPF msg=audit(1720294333.241:394): prog-id=131 op=UNLOAD
type=BPF msg=audit(1720294333.241:395): prog-id=130 op=UNLOAD
type=BPF msg=audit(1720294333.241:396): prog-id=129 op=UNLOAD
type=SERVICE_STOP msg=audit(1720294340.107:397): pid=1 uid=0 auid=4294967295 ses=4294967295 msg='unit=serial-getty@ttyS0 comm="systemd" exe="/usr/lib/systemd/systemd" hostname=? addr=? terminal=? res=success'UID="root" AUID="unset"
type=SERVICE_START msg=audit(1720294340.317:398): pid=1 uid=0 auid=4294967295 ses=4294967295 msg='unit=serial-getty@ttyS0 comm="systemd" exe="/usr/lib/systemd/systemd" hostname=? addr=? terminal=? res=success'UID="root" AUID="unset"
type=SERVICE_STOP msg=audit(1720294340.317:399): pid=1 uid=0 auid=4294967295 ses=4294967295 msg='unit=serial-getty@ttyS0 comm="systemd" exe="/usr/lib/systemd/systemd" hostname=? addr=? terminal=? res=success'UID="root" AUID="unset"
type=SERVICE_START msg=audit(1720294340.326:400): pid=1 uid=0 auid=4294967295 ses=4294967295 msg='unit=serial-getty@ttyS0 comm="systemd" exe="/usr/lib/systemd/systemd" hostname=? addr=? terminal=? res=success'UID="root" AUID="unset"
type=SERVICE_STOP msg=audit(1720294350.344:401): pid=1 uid=0 auid=4294967295 ses=4294967295 msg='unit=serial-getty@ttyS0 comm="systemd" exe="/usr/lib/systemd/systemd" hostname=? addr=? terminal=? res=success'UID="root" AUID="unset"
type=SERVICE_START msg=audit(1720294350.567:402): pid=1 uid=0 auid=4294967295 ses=4294967295 msg='unit=serial-getty@ttyS0 comm="systemd" exe="/usr/lib/systemd/systemd" hostname=? addr=? terminal=? res=success'UID="root" AUID="unset"
type=SERVICE_STOP msg=audit(1720294350.568:403): pid=1 uid=0 auid=4294967295 ses=4294967295 msg='unit=serial-getty@ttyS0 comm="systemd" exe="/usr/lib/systemd/systemd" hostname=? addr=? terminal=? res=success'UID="root" AUID="unset"
type=SERVICE_START msg=audit(1720294350.577:404): pid=1 uid=0 auid=4294967295 ses=4294967295 msg='unit=serial-getty@ttyS0 comm="systemd" exe="/usr/lib/systemd/systemd" hostname=? addr=? terminal=? res=success'UID="root" AUID="unset"
type=SERVICE_STOP msg=audit(1720294360.592:405): pid=1 uid=0 auid=4294967295 ses=4294967295 msg='unit=serial-getty@ttyS0 comm="systemd" exe="/usr/lib/systemd/systemd" hostname=? addr=? terminal=? res=success'UID="root" AUID="unset"
type=SERVICE_START msg=audit(1720294360.817:406): pid=1 uid=0 auid=4294967295 ses=4294967295 msg='unit=serial-getty@ttyS0 comm="systemd" exe="/usr/lib/systemd/systemd" hostname=? addr=? terminal=? res=success'UID="root" AUID="unset"
type=SERVICE_STOP msg=audit(1720294360.817:407): pid=1 uid=0 auid=4294967295 ses=4294967295 msg='unit=serial-getty@ttyS0 comm="systemd" exe="/usr/lib/systemd/systemd" hostname=? addr=? terminal=? res=success'UID="root" AUID="unset"
type=SERVICE_START msg=audit(1720294360.828:408): pid=1 uid=0 auid=4294967295 ses=4294967295 msg='unit=serial-getty@ttyS0 comm="systemd" exe="/usr/lib/systemd/systemd" hostname=? addr=? terminal=? res=success'UID="root" AUID="unset"
type=SERVICE_STOP msg=audit(1720294370.840:409): pid=1 uid=0 auid=4294967295 ses=4294967295 msg='unit=serial-getty@ttyS0 comm="systemd" exe="/usr/lib/systemd/systemd" hostname=? addr=? terminal=? res=success'UID="root" AUID="unset"
type=SERVICE_START msg=audit(1720294371.068:410): pid=1 uid=0 auid=4294967295 ses=4294967295 msg='unit=serial-getty@ttyS0 comm="systemd" exe="/usr/lib/systemd/systemd" hostname=? addr=? terminal=? res=success'UID="root" AUID="unset"
type=SERVICE_STOP msg=audit(1720294371.068:411): pid=1 uid=0 auid=4294967295 ses=4294967295 msg='unit=serial-getty@ttyS0 comm="systemd" exe="/usr/lib/systemd/systemd" hostname=? addr=? terminal=? res=success'UID="root" AUID="unset"
type=SERVICE_START msg=audit(1720294371.077:412): pid=1 uid=0 auid=4294967295 ses=4294967295 msg='unit=serial-getty@ttyS0 comm="systemd" exe="/usr/lib/systemd/systemd" hostname=? addr=? terminal=? res=success'UID="root" AUID="unset"
type=USER_LOGIN msg=audit(1720294372.412:413): pid=2592 uid=0 auid=4294967295 ses=4294967295 msg='op=login acct="vyos" exe="/usr/sbin/sshd" hostname=? addr=192.168.1.25 terminal=sshd res=failed'UID="root" AUID="unset"
type=USER_LOGIN msg=audit(1720294372.419:414): pid=2592 uid=0 auid=4294967295 ses=4294967295 msg='op=login acct="vyos" exe="/usr/sbin/sshd" hostname=? addr=192.168.1.25 terminal=sshd res=failed'UID="root" AUID="unset"
type=USER_AUTH msg=audit(1720294375.544:415): pid=2592 uid=0 auid=4294967295 ses=4294967295 msg='op=PAM:authentication grantors=? acct="vyos" exe="/usr/sbin/sshd" hostname=192.168.1.25 addr=192.168.1.25 terminal=ssh res=failed'UID="root" AUID="unset"
type=USER_LOGIN msg=audit(1720294377.431:416): pid=2592 uid=0 auid=4294967295 ses=4294967295 msg='op=login acct="vyos" exe="/usr/sbin/sshd" hostname=? addr=192.168.1.25 terminal=sshd res=failed'UID="root" AUID="unset"
type=SERVICE_STOP msg=audit(1720294381.100:417): pid=1 uid=0 auid=4294967295 ses=4294967295 msg='unit=serial-getty@ttyS0 comm="systemd" exe="/usr/lib/systemd/systemd" hostname=? addr=? terminal=? res=success'UID="root" AUID="unset"
type=SERVICE_START msg=audit(1720294381.318:418): pid=1 uid=0 auid=4294967295 ses=4294967295 msg='unit=serial-getty@ttyS0 comm="systemd" exe="/usr/lib/systemd/systemd" hostname=? addr=? terminal=? res=success'UID="root" AUID="unset"
type=SERVICE_STOP msg=audit(1720294381.318:419): pid=1 uid=0 auid=4294967295 ses=4294967295 msg='unit=serial-getty@ttyS0 comm="systemd" exe="/usr/lib/systemd/systemd" hostname=? addr=? terminal=? res=success'UID="root" AUID="unset"
type=SERVICE_START msg=audit(1720294381.328:420): pid=1 uid=0 auid=4294967295 ses=4294967295 msg='unit=serial-getty@ttyS0 comm="systemd" exe="/usr/lib/systemd/systemd" hostname=? addr=? terminal=? res=success'UID="root" AUID="unset"
type=USER_AUTH msg=audit(1720294381.798:421): pid=2592 uid=0 auid=4294967295 ses=4294967295 msg='op=PAM:authentication grantors=pam_permit,pam_cap acct="vyos" exe="/usr/sbin/sshd" hostname=192.168.1.25 addr=192.168.1.25 terminal=ssh res=success'UID="root" AUID="unset"
type=USER_ACCT msg=audit(1720294381.804:422): pid=2592 uid=0 auid=4294967295 ses=4294967295 msg='op=PAM:accounting grantors=pam_permit acct="vyos" exe="/usr/sbin/sshd" hostname=192.168.1.25 addr=192.168.1.25 terminal=ssh res=success'UID="root" AUID="unset"
type=CRED_ACQ msg=audit(1720294381.807:423): pid=2592 uid=0 auid=4294967295 ses=4294967295 msg='op=PAM:setcred grantors=pam_permit,pam_cap acct="vyos" exe="/usr/sbin/sshd" hostname=192.168.1.25 addr=192.168.1.25 terminal=ssh res=success'UID="root" AUID="unset"
type=LOGIN msg=audit(1720294381.807:424): pid=2592 uid=0 old-auid=4294967295 auid=1002 tty=(none) old-ses=4294967295 ses=1 res=1UID="root" OLD-AUID="unset" AUID="vyos"
type=SYSCALL msg=audit(1720294381.807:424): arch=c000003e syscall=1 success=yes exit=4 a0=3 a1=7ffc32321e70 a2=4 a3=7ffc32321b84 items=0 ppid=2495 pid=2592 auid=1002 uid=0 gid=0 euid=0 suid=0 fsuid=0 egid=0 sgid=0 fsgid=0 tty=(none) ses=1 comm="sshd" exe="/usr/sbin/sshd" key=(null)ARCH=x86_64 SYSCALL=write AUID="vyos" UID="root" GID="root" EUID="root" SUID="root" FSUID="root" EGID="root" SGID="root" FSGID="root"
type=PROCTITLE msg=audit(1720294381.807:424): proctitle=737368643A2076796F73205B707269765D
type=SERVICE_START msg=audit(1720294381.856:425): pid=1 uid=0 auid=4294967295 ses=4294967295 msg='unit=user-runtime-dir@1002 comm="systemd" exe="/usr/lib/systemd/systemd" hostname=? addr=? terminal=? res=success'UID="root" AUID="unset"
type=USER_ACCT msg=audit(1720294381.872:426): pid=2598 uid=0 auid=4294967295 ses=4294967295 msg='op=PAM:accounting grantors=pam_permit acct="vyos" exe="/usr/lib/systemd/systemd" hostname=? addr=? terminal=? res=success'UID="root" AUID="unset"
type=CRED_ACQ msg=audit(1720294381.872:427): pid=2598 uid=0 auid=4294967295 ses=4294967295 msg='op=PAM:setcred grantors=pam_permit,pam_cap acct="vyos" exe="/usr/lib/systemd/systemd" hostname=? addr=? terminal=? res=success'UID="root" AUID="unset"
type=LOGIN msg=audit(1720294381.872:428): pid=2598 uid=0 old-auid=4294967295 auid=1002 tty=(none) old-ses=4294967295 ses=2 res=1UID="root" OLD-AUID="unset" AUID="vyos"
type=SYSCALL msg=audit(1720294381.872:428): arch=c000003e syscall=1 success=yes exit=4 a0=7 a1=7ffd2e2025a0 a2=4 a3=7ffd2e2022b4 items=0 ppid=1 pid=2598 auid=1002 uid=0 gid=0 euid=0 suid=0 fsuid=0 egid=0 sgid=0 fsgid=0 tty=(none) ses=2 comm="(systemd)" exe="/usr/lib/systemd/systemd" key=(null)ARCH=x86_64 SYSCALL=write AUID="vyos" UID="root" GID="root" EUID="root" SUID="root" FSUID="root" EGID="root" SGID="root" FSGID="root"
type=PROCTITLE msg=audit(1720294381.872:428): proctitle="(systemd)"
type=USER_START msg=audit(1720294381.873:429): pid=2598 uid=0 auid=1002 ses=2 msg='op=PAM:session_open grantors=pam_selinux,pam_selinux,pam_loginuid,pam_limits,pam_permit,pam_mkhomedir,pam_unix,pam_keyinit,pam_systemd acct="vyos" exe="/usr/lib/systemd/systemd" hostname=? addr=? terminal=? res=success'UID="root" AUID="vyos"
type=BPF msg=audit(1720294381.892:430): prog-id=135 op=LOAD
type=SYSCALL msg=audit(1720294381.892:430): arch=c000003e syscall=321 success=yes exit=8 a0=5 a1=7ffd00adba10 a2=90 a3=0 items=0 ppid=1 pid=2598 auid=1002 uid=1002 gid=100 euid=1002 suid=1002 fsuid=1002 egid=100 sgid=100 fsgid=100 tty=(none) ses=2 comm="systemd" exe="/usr/lib/systemd/systemd" key=(null)ARCH=x86_64 SYSCALL=bpf AUID="vyos" UID="vyos" GID="users" EUID="vyos" SUID="vyos" FSUID="vyos" EGID="users" SGID="users" FSGID="users"
type=PROCTITLE msg=audit(1720294381.892:430): proctitle="(systemd)"
type=BPF msg=audit(1720294381.892:431): prog-id=135 op=UNLOAD
type=SYSCALL msg=audit(1720294381.892:431): arch=c000003e syscall=3 success=yes exit=0 a0=8 a1=7ffd00adbaf0 a2=90 a3=200000008 items=0 ppid=1 pid=2598 auid=1002 uid=1002 gid=100 euid=1002 suid=1002 fsuid=1002 egid=100 sgid=100 fsgid=100 tty=(none) ses=2 comm="systemd" exe="/usr/lib/systemd/systemd" key=(null)ARCH=x86_64 SYSCALL=close AUID="vyos" UID="vyos" GID="users" EUID="vyos" SUID="vyos" FSUID="vyos" EGID="users" SGID="users" FSGID="users"
type=PROCTITLE msg=audit(1720294381.892:431): proctitle="(systemd)"
type=SERVICE_START msg=audit(1720294382.051:432): pid=1 uid=0 auid=4294967295 ses=4294967295 msg='unit=user@1002 comm="systemd" exe="/usr/lib/systemd/systemd" hostname=? addr=? terminal=? res=success'UID="root" AUID="unset"
type=USER_START msg=audit(1720294382.337:433): pid=2592 uid=0 auid=1002 ses=1 msg='op=PAM:session_open grantors=pam_selinux,pam_loginuid,pam_keyinit,pam_permit,pam_mkhomedir,pam_unix,pam_systemd,pam_mail,pam_limits,pam_env,pam_env,pam_selinux acct="vyos" exe="/usr/sbin/sshd" hostname=192.168.1.25 addr=192.168.1.25 terminal=ssh res=success'UID="root" AUID="vyos"
type=CRED_ACQ msg=audit(1720294382.340:434): pid=2695 uid=0 auid=1002 ses=1 msg='op=PAM:setcred grantors=pam_permit,pam_cap acct="vyos" exe="/usr/sbin/sshd" hostname=192.168.1.25 addr=192.168.1.25 terminal=ssh res=success'UID="root" AUID="vyos"
type=USER_LOGIN msg=audit(1720294382.383:435): pid=2592 uid=0 auid=1002 ses=1 msg='op=login id=1002 exe="/usr/sbin/sshd" hostname=192.168.1.25 addr=192.168.1.25 terminal=/dev/pts/0 res=success'UID="root" AUID="vyos" ID="vyos"
type=USER_ACCT msg=audit(1720294383.995:436): pid=2788 uid=1002 auid=1002 ses=1 msg='op=PAM:accounting grantors=pam_permit acct="vyos" exe="/usr/bin/sudo" hostname=? addr=? terminal=/dev/pts/0 res=success'UID="vyos" AUID="vyos"
type=USER_CMD msg=audit(1720294383.995:437): pid=2788 uid=1002 auid=1002 ses=1 msg='cwd="/home/vyos" cmd=746172202D2D6578636C7564653D2F70726F63202D2D6578636C7564653D2F737973202D2D6578636C7564653D2F646576202D2D6578636C7564653D2F746D702F73797374656D5F6261636B75702E7461722E677A202D6376707A66202F746D702F73797374656D5F6261636B75702E7461722E677A202F exe="/usr/bin/sudo" terminal=pts/0 res=success'UID="vyos" AUID="vyos"
type=CRED_REFR msg=audit(1720294383.996:438): pid=2788 uid=1002 auid=1002 ses=1 msg='op=PAM:setcred grantors=pam_permit,pam_cap acct="root" exe="/usr/bin/sudo" hostname=? addr=? terminal=/dev/pts/0 res=success'UID="vyos" AUID="vyos"
type=USER_START msg=audit(1720294383.997:439): pid=2788 uid=1002 auid=1002 ses=1 msg='op=PAM:session_open grantors=pam_limits,pam_permit,pam_mkhomedir,pam_unix acct="root" exe="/usr/bin/sudo" hostname=? addr=? terminal=/dev/pts/0 res=success'UID="vyos" AUID="vyos"
type=SERVICE_STOP msg=audit(1720294391.346:440): pid=1 uid=0 auid=4294967295 ses=4294967295 msg='unit=serial-getty@ttyS0 comm="systemd" exe="/usr/lib/systemd/systemd" hostname=? addr=? terminal=? res=success'UID="root" AUID="unset"
type=SERVICE_START msg=audit(1720294391.568:441): pid=1 uid=0 auid=4294967295 ses=4294967295 msg='unit=serial-getty@ttyS0 comm="systemd" exe="/usr/lib/systemd/systemd" hostname=? addr=? terminal=? res=success'UID="root" AUID="unset"
type=SERVICE_STOP msg=audit(1720294391.568:442): pid=1 uid=0 auid=4294967295 ses=4294967295 msg='unit=serial-getty@ttyS0 comm="systemd" exe="/usr/lib/systemd/systemd" hostname=? addr=? terminal=? res=success'UID="root" AUID="unset"
type=SERVICE_START msg=audit(1720294391.585:443): pid=1 uid=0 auid=4294967295 ses=4294967295 msg='unit=serial-getty@ttyS0 comm="systemd" exe="/usr/lib/systemd/systemd" hostname=? addr=? terminal=? res=success'UID="root" AUID="unset"
type=SERVICE_STOP msg=audit(1720294401.602:444): pid=1 uid=0 auid=4294967295 ses=4294967295 msg='unit=serial-getty@ttyS0 comm="systemd" exe="/usr/lib/systemd/systemd" hostname=? addr=? terminal=? res=success'UID="root" AUID="unset"
type=SERVICE_START msg=audit(1720294401.817:445): pid=1 uid=0 auid=4294967295 ses=4294967295 msg='unit=serial-getty@ttyS0 comm="systemd" exe="/usr/lib/systemd/systemd" hostname=? addr=? terminal=? res=success'UID="root" AUID="unset"
type=SERVICE_STOP msg=audit(1720294401.817:446): pid=1 uid=0 auid=4294967295 ses=4294967295 msg='unit=serial-getty@ttyS0 comm="systemd" exe="/usr/lib/systemd/systemd" hostname=? addr=? terminal=? res=success'UID="root" AUID="unset"
type=SERVICE_START msg=audit(1720294401.827:447): pid=1 uid=0 auid=4294967295 ses=4294967295 msg='unit=serial-getty@ttyS0 comm="systemd" exe="/usr/lib/systemd/systemd" hostname=? addr=? terminal=? res=success'UID="root" AUID="unset"
type=SERVICE_STOP msg=audit(1720294411.849:448): pid=1 uid=0 auid=4294967295 ses=4294967295 msg='unit=serial-getty@ttyS0 comm="systemd" exe="/usr/lib/systemd/systemd" hostname=? addr=? terminal=? res=success'UID="root" AUID="unset"
type=SERVICE_START msg=audit(1720294412.067:449): pid=1 uid=0 auid=4294967295 ses=4294967295 msg='unit=serial-getty@ttyS0 comm="systemd" exe="/usr/lib/systemd/systemd" hostname=? addr=? terminal=? res=success'UID="root" AUID="unset"
type=SERVICE_STOP msg=audit(1720294412.067:450): pid=1 uid=0 auid=4294967295 ses=4294967295 msg='unit=serial-getty@ttyS0 comm="systemd" exe="/usr/lib/systemd/systemd" hostname=? addr=? terminal=? res=success'UID="root" AUID="unset"
type=SERVICE_START msg=audit(1720294412.075:451): pid=1 uid=0 auid=4294967295 ses=4294967295 msg='unit=serial-getty@ttyS0 comm="systemd" exe="/usr/lib/systemd/systemd" hostname=? addr=? terminal=? res=success'UID="root" AUID="unset"
type=SERVICE_STOP msg=audit(1720294422.092:452): pid=1 uid=0 auid=4294967295 ses=4294967295 msg='unit=serial-getty@ttyS0 comm="systemd" exe="/usr/lib/systemd/systemd" hostname=? addr=? terminal=? res=success'UID="root" AUID="unset"
type=SERVICE_START msg=audit(1720294422.319:453): pid=1 uid=0 auid=4294967295 ses=4294967295 msg='unit=serial-getty@ttyS0 comm="systemd" exe="/usr/lib/systemd/systemd" hostname=? addr=? terminal=? res=success'UID="root" AUID="unset"
type=SERVICE_STOP msg=audit(1720294422.319:454): pid=1 uid=0 auid=4294967295 ses=4294967295 msg='unit=serial-getty@ttyS0 comm="systemd" exe="/usr/lib/systemd/systemd" hostname=? addr=? terminal=? res=success'UID="root" AUID="unset"
type=SERVICE_START msg=audit(1720294422.329:455): pid=1 uid=0 auid=4294967295 ses=4294967295 msg='unit=serial-getty@ttyS0 comm="systemd" exe="/usr/lib/systemd/systemd" hostname=? addr=? terminal=? res=success'UID="root" AUID="unset"
type=SERVICE_STOP msg=audit(1720294432.344:456): pid=1 uid=0 auid=4294967295 ses=4294967295 msg='unit=serial-getty@ttyS0 comm="systemd" exe="/usr/lib/systemd/systemd" hostname=? addr=? terminal=? res=success'UID="root" AUID="unset"
type=SERVICE_START msg=audit(1720294432.567:457): pid=1 uid=0 auid=4294967295 ses=4294967295 msg='unit=serial-getty@ttyS0 comm="systemd" exe="/usr/lib/systemd/systemd" hostname=? addr=? terminal=? res=success'UID="root" AUID="unset"
type=SERVICE_STOP msg=audit(1720294432.567:458): pid=1 uid=0 auid=4294967295 ses=4294967295 msg='unit=serial-getty@ttyS0 comm="systemd" exe="/usr/lib/systemd/systemd" hostname=? addr=? terminal=? res=success'UID="root" AUID="unset"
type=SERVICE_START msg=audit(1720294432.573:459): pid=1 uid=0 auid=4294967295 ses=4294967295 msg='unit=serial-getty@ttyS0 comm="systemd" exe="/usr/lib/systemd/systemd" hostname=? addr=? terminal=? res=success'UID="root" AUID="unset"
type=SERVICE_STOP msg=audit(1720294442.584:460): pid=1 uid=0 auid=4294967295 ses=4294967295 msg='unit=serial-getty@ttyS0 comm="systemd" exe="/usr/lib/systemd/systemd" hostname=? addr=? terminal=? res=success'UID="root" AUID="unset"
type=SERVICE_START msg=audit(1720294442.817:461): pid=1 uid=0 auid=4294967295 ses=4294967295 msg='unit=serial-getty@ttyS0 comm="systemd" exe="/usr/lib/systemd/systemd" hostname=? addr=? terminal=? res=success'UID="root" AUID="unset"
type=SERVICE_STOP msg=audit(1720294442.817:462): pid=1 uid=0 auid=4294967295 ses=4294967295 msg='unit=serial-getty@ttyS0 comm="systemd" exe="/usr/lib/systemd/systemd" hostname=? addr=? terminal=? res=success'UID="root" AUID="unset"
type=SERVICE_START msg=audit(1720294442.826:463): pid=1 uid=0 auid=4294967295 ses=4294967295 msg='unit=serial-getty@ttyS0 comm="systemd" exe="/usr/lib/systemd/systemd" hostname=? addr=? terminal=? res=success'UID="root" AUID="unset"
type=SERVICE_STOP msg=audit(1720294452.850:464): pid=1 uid=0 auid=4294967295 ses=4294967295 msg='unit=serial-getty@ttyS0 comm="systemd" exe="/usr/lib/systemd/systemd" hostname=? addr=? terminal=? res=success'UID="root" AUID="unset"
type=SERVICE_START msg=audit(1720294453.068:465): pid=1 uid=0 auid=4294967295 ses=4294967295 msg='unit=serial-getty@ttyS0 comm="systemd" exe="/usr/lib/systemd/systemd" hostname=? addr=? terminal=? res=success'UID="root" AUID="unset"
type=SERVICE_STOP msg=audit(1720294453.068:466): pid=1 uid=0 auid=4294967295 ses=4294967295 msg='unit=serial-getty@ttyS0 comm="systemd" exe="/usr/lib/systemd/systemd" hostname=? addr=? terminal=? res=success'UID="root" AUID="unset"
type=SERVICE_START msg=audit(1720294453.081:467): pid=1 uid=0 auid=4294967295 ses=4294967295 msg='unit=serial-getty@ttyS0 comm="systemd" exe="/usr/lib/systemd/systemd" hostname=? addr=? terminal=? res=success'UID="root" AUID="unset"
type=SERVICE_STOP msg=audit(1720294463.103:468): pid=1 uid=0 auid=4294967295 ses=4294967295 msg='unit=serial-getty@ttyS0 comm="systemd" exe="/usr/lib/systemd/systemd" hostname=? addr=? terminal=? res=success'UID="root" AUID="unset"
type=SERVICE_START msg=audit(1720294463.317:469): pid=1 uid=0 auid=4294967295 ses=4294967295 msg='unit=serial-getty@ttyS0 comm="systemd" exe="/usr/lib/systemd/systemd" hostname=? addr=? terminal=? res=success'UID="root" AUID="unset"
type=SERVICE_STOP msg=audit(1720294463.318:470): pid=1 uid=0 auid=4294967295 ses=4294967295 msg='unit=serial-getty@ttyS0 comm="systemd" exe="/usr/lib/systemd/systemd" hostname=? addr=? terminal=? res=success'UID="root" AUID="unset"
type=SERVICE_START msg=audit(1720294463.326:471): pid=1 uid=0 auid=4294967295 ses=4294967295 msg='unit=serial-getty@ttyS0 comm="systemd" exe="/usr/lib/systemd/systemd" hostname=? addr=? terminal=? res=success'UID="root" AUID="unset"
type=SERVICE_STOP msg=audit(1720294473.339:472): pid=1 uid=0 auid=4294967295 ses=4294967295 msg='unit=serial-getty@ttyS0 comm="systemd" exe="/usr/lib/systemd/systemd" hostname=? addr=? terminal=? res=success'UID="root" AUID="unset"
type=SERVICE_START msg=audit(1720294473.567:473): pid=1 uid=0 auid=4294967295 ses=4294967295 msg='unit=serial-getty@ttyS0 comm="systemd" exe="/usr/lib/systemd/systemd" hostname=? addr=? terminal=? res=success'UID="root" AUID="unset"
type=SERVICE_STOP msg=audit(1720294473.568:474): pid=1 uid=0 auid=4294967295 ses=4294967295 msg='unit=serial-getty@ttyS0 comm="systemd" exe="/usr/lib/systemd/systemd" hostname=? addr=? terminal=? res=success'UID="root" AUID="unset"
type=SERVICE_START msg=audit(1720294473.577:475): pid=1 uid=0 auid=4294967295 ses=4294967295 msg='unit=serial-getty@ttyS0 comm="systemd" exe="/usr/lib/systemd/systemd" hostname=? addr=? terminal=? res=success'UID="root" AUID="unset"
type=SERVICE_STOP msg=audit(1720294483.595:476): pid=1 uid=0 auid=4294967295 ses=4294967295 msg='unit=serial-getty@ttyS0 comm="systemd" exe="/usr/lib/systemd/systemd" hostname=? addr=? terminal=? res=success'UID="root" AUID="unset"
type=SERVICE_START msg=audit(1720294483.878:477): pid=1 uid=0 auid=4294967295 ses=4294967295 msg='unit=serial-getty@ttyS0 comm="systemd" exe="/usr/lib/systemd/systemd" hostname=? addr=? terminal=? res=success'UID="root" AUID="unset"
type=SERVICE_STOP msg=audit(1720294483.879:478): pid=1 uid=0 auid=4294967295 ses=4294967295 msg='unit=serial-getty@ttyS0 comm="systemd" exe="/usr/lib/systemd/systemd" hostname=? addr=? terminal=? res=success'UID="root" AUID="unset"
type=SERVICE_START msg=audit(1720294483.887:479): pid=1 uid=0 auid=4294967295 ses=4294967295 msg='unit=serial-getty@ttyS0 comm="systemd" exe="/usr/lib/systemd/systemd" hostname=? addr=? terminal=? res=success'UID="root" AUID="unset"
type=USER_END msg=audit(1720294484.468:480): pid=2788 uid=1002 auid=1002 ses=1 msg='op=PAM:session_close grantors=pam_limits,pam_permit,pam_mkhomedir,pam_unix acct="root" exe="/usr/bin/sudo" hostname=? addr=? terminal=/dev/pts/0 res=success'UID="vyos" AUID="vyos"
type=CRED_DISP msg=audit(1720294484.468:481): pid=2788 uid=1002 auid=1002 ses=1 msg='op=PAM:setcred grantors=pam_permit acct="root" exe="/usr/bin/sudo" hostname=? addr=? terminal=/dev/pts/0 res=success'UID="vyos" AUID="vyos"
type=SERVICE_STOP msg=audit(1720294493.907:482): pid=1 uid=0 auid=4294967295 ses=4294967295 msg='unit=serial-getty@ttyS0 comm="systemd" exe="/usr/lib/systemd/systemd" hostname=? addr=? terminal=? res=success'UID="root" AUID="unset"
type=SERVICE_START msg=audit(1720294494.067:483): pid=1 uid=0 auid=4294967295 ses=4294967295 msg='unit=serial-getty@ttyS0 comm="systemd" exe="/usr/lib/systemd/systemd" hostname=? addr=? terminal=? res=success'UID="root" AUID="unset"
type=SERVICE_STOP msg=audit(1720294494.068:484): pid=1 uid=0 auid=4294967295 ses=4294967295 msg='unit=serial-getty@ttyS0 comm="systemd" exe="/usr/lib/systemd/systemd" hostname=? addr=? terminal=? res=success'UID="root" AUID="unset"
type=SERVICE_START msg=audit(1720294494.077:485): pid=1 uid=0 auid=4294967295 ses=4294967295 msg='unit=serial-getty@ttyS0 comm="systemd" exe="/usr/lib/systemd/systemd" hostname=? addr=? terminal=? res=success'UID="root" AUID="unset"
type=SERVICE_STOP msg=audit(1720294504.090:486): pid=1 uid=0 auid=4294967295 ses=4294967295 msg='unit=serial-getty@ttyS0 comm="systemd" exe="/usr/lib/systemd/systemd" hostname=? addr=? terminal=? res=success'UID="root" AUID="unset"
type=SERVICE_START msg=audit(1720294504.317:487): pid=1 uid=0 auid=4294967295 ses=4294967295 msg='unit=serial-getty@ttyS0 comm="systemd" exe="/usr/lib/systemd/systemd" hostname=? addr=? terminal=? res=success'UID="root" AUID="unset"
type=SERVICE_STOP msg=audit(1720294504.317:488): pid=1 uid=0 auid=4294967295 ses=4294967295 msg='unit=serial-getty@ttyS0 comm="systemd" exe="/usr/lib/systemd/systemd" hostname=? addr=? terminal=? res=success'UID="root" AUID="unset"
type=SERVICE_START msg=audit(1720294504.326:489): pid=1 uid=0 auid=4294967295 ses=4294967295 msg='unit=serial-getty@ttyS0 comm="systemd" exe="/usr/lib/systemd/systemd" hostname=? addr=? terminal=? res=success'UID="root" AUID="unset"
type=USER_ACCT msg=audit(1720294506.185:490): pid=2862 uid=1002 auid=1002 ses=1 msg='op=PAM:accounting grantors=pam_permit acct="vyos" exe="/usr/bin/sudo" hostname=? addr=? terminal=/dev/pts/0 res=success'UID="vyos" AUID="vyos"
type=USER_CMD msg=audit(1720294506.185:491): pid=2862 uid=1002 auid=1002 ses=1 msg='cwd="/tmp" cmd=726D202D72662073797374656D5F6261636B75702E7461722E677A exe="/usr/bin/sudo" terminal=pts/0 res=success'UID="vyos" AUID="vyos"
type=CRED_REFR msg=audit(1720294506.185:492): pid=2862 uid=1002 auid=1002 ses=1 msg='op=PAM:setcred grantors=pam_permit,pam_cap acct="root" exe="/usr/bin/sudo" hostname=? addr=? terminal=/dev/pts/0 res=success'UID="vyos" AUID="vyos"
type=USER_START msg=audit(1720294506.186:493): pid=2862 uid=1002 auid=1002 ses=1 msg='op=PAM:session_open grantors=pam_limits,pam_permit,pam_mkhomedir,pam_unix acct="root" exe="/usr/bin/sudo" hostname=? addr=? terminal=/dev/pts/0 res=success'UID="vyos" AUID="vyos"
type=USER_END msg=audit(1720294506.513:494): pid=2862 uid=1002 auid=1002 ses=1 msg='op=PAM:session_close grantors=pam_limits,pam_permit,pam_mkhomedir,pam_unix acct="root" exe="/usr/bin/sudo" hostname=? addr=? terminal=/dev/pts/0 res=success'UID="vyos" AUID="vyos"
type=CRED_DISP msg=audit(1720294506.513:495): pid=2862 uid=1002 auid=1002 ses=1 msg='op=PAM:setcred grantors=pam_permit acct="root" exe="/usr/bin/sudo" hostname=? addr=? terminal=/dev/pts/0 res=success'UID="vyos" AUID="vyos"
type=SERVICE_STOP msg=audit(1720294514.343:496): pid=1 uid=0 auid=4294967295 ses=4294967295 msg='unit=serial-getty@ttyS0 comm="systemd" exe="/usr/lib/systemd/systemd" hostname=? addr=? terminal=? res=success'UID="root" AUID="unset"
type=SERVICE_START msg=audit(1720294514.568:497): pid=1 uid=0 auid=4294967295 ses=4294967295 msg='unit=serial-getty@ttyS0 comm="systemd" exe="/usr/lib/systemd/systemd" hostname=? addr=? terminal=? res=success'UID="root" AUID="unset"
type=SERVICE_STOP msg=audit(1720294514.568:498): pid=1 uid=0 auid=4294967295 ses=4294967295 msg='unit=serial-getty@ttyS0 comm="systemd" exe="/usr/lib/systemd/systemd" hostname=? addr=? terminal=? res=success'UID="root" AUID="unset"
type=SERVICE_START msg=audit(1720294514.576:499): pid=1 uid=0 auid=4294967295 ses=4294967295 msg='unit=serial-getty@ttyS0 comm="systemd" exe="/usr/lib/systemd/systemd" hostname=? addr=? terminal=? res=success'UID="root" AUID="unset"
type=SERVICE_STOP msg=audit(1720294524.595:500): pid=1 uid=0 auid=4294967295 ses=4294967295 msg='unit=serial-getty@ttyS0 comm="systemd" exe="/usr/lib/systemd/systemd" hostname=? addr=? terminal=? res=success'UID="root" AUID="unset"
type=SERVICE_START msg=audit(1720294524.817:501): pid=1 uid=0 auid=4294967295 ses=4294967295 msg='unit=serial-getty@ttyS0 comm="systemd" exe="/usr/lib/systemd/systemd" hostname=? addr=? terminal=? res=success'UID="root" AUID="unset"
type=SERVICE_STOP msg=audit(1720294524.817:502): pid=1 uid=0 auid=4294967295 ses=4294967295 msg='unit=serial-getty@ttyS0 comm="systemd" exe="/usr/lib/systemd/systemd" hostname=? addr=? terminal=? res=success'UID="root" AUID="unset"
type=SERVICE_START msg=audit(1720294524.827:503): pid=1 uid=0 auid=4294967295 ses=4294967295 msg='unit=serial-getty@ttyS0 comm="systemd" exe="/usr/lib/systemd/systemd" hostname=? addr=? terminal=? res=success'UID="root" AUID="unset"
type=SERVICE_STOP msg=audit(1720294534.838:504): pid=1 uid=0 auid=4294967295 ses=4294967295 msg='unit=serial-getty@ttyS0 comm="systemd" exe="/usr/lib/systemd/systemd" hostname=? addr=? terminal=? res=success'UID="root" AUID="unset"
type=SERVICE_START msg=audit(1720294535.068:505): pid=1 uid=0 auid=4294967295 ses=4294967295 msg='unit=serial-getty@ttyS0 comm="systemd" exe="/usr/lib/systemd/systemd" hostname=? addr=? terminal=? res=success'UID="root" AUID="unset"
type=SERVICE_STOP msg=audit(1720294535.068:506): pid=1 uid=0 auid=4294967295 ses=4294967295 msg='unit=serial-getty@ttyS0 comm="systemd" exe="/usr/lib/systemd/systemd" hostname=? addr=? terminal=? res=success'UID="root" AUID="unset"
type=SERVICE_START msg=audit(1720294535.083:507): pid=1 uid=0 auid=4294967295 ses=4294967295 msg='unit=serial-getty@ttyS0 comm="systemd" exe="/usr/lib/systemd/systemd" hostname=? addr=? terminal=? res=success'UID="root" AUID="unset"
type=USER_ACCT msg=audit(1720294540.442:508): pid=2879 uid=1002 auid=1002 ses=1 msg='op=PAM:accounting grantors=pam_permit acct="vyos" exe="/usr/bin/sudo" hostname=? addr=? terminal=/dev/pts/0 res=success'UID="vyos" AUID="vyos"
type=USER_CMD msg=audit(1720294540.442:509): pid=2879 uid=1002 auid=1002 ses=1 msg='cwd="/home/vyos" cmd=746172202D2D6578636C7564653D2F70726F63202D2D6578636C7564653D2F737973202D2D6578636C7564653D2F646576202D2D6578636C7564653D2F746D702F73797374656D5F6261636B75702E7461722E677A202D6376707A66202F746D702F73797374656D5F6261636B75702E7461722E677A202F exe="/usr/bin/sudo" terminal=pts/0 res=success'UID="vyos" AUID="vyos"
type=CRED_REFR msg=audit(1720294540.443:510): pid=2879 uid=1002 auid=1002 ses=1 msg='op=PAM:setcred grantors=pam_permit,pam_cap acct="root" exe="/usr/bin/sudo" hostname=? addr=? terminal=/dev/pts/0 res=success'UID="vyos" AUID="vyos"
type=USER_START msg=audit(1720294540.443:511): pid=2879 uid=1002 auid=1002 ses=1 msg='op=PAM:session_open grantors=pam_limits,pam_permit,pam_mkhomedir,pam_unix acct="root" exe="/usr/bin/sudo" hostname=? addr=? terminal=/dev/pts/0 res=success'UID="vyos" AUID="vyos"
type=USER_END msg=audit(1720294541.139:512): pid=2879 uid=1002 auid=1002 ses=1 msg='op=PAM:session_close grantors=pam_limits,pam_permit,pam_mkhomedir,pam_unix acct="root" exe="/usr/bin/sudo" hostname=? addr=? terminal=/dev/pts/0 res=success'UID="vyos" AUID="vyos"
type=CRED_DISP msg=audit(1720294541.139:513): pid=2879 uid=1002 auid=1002 ses=1 msg='op=PAM:setcred grantors=pam_permit acct="root" exe="/usr/bin/sudo" hostname=? addr=? terminal=/dev/pts/0 res=success'UID="vyos" AUID="vyos"
type=SERVICE_STOP msg=audit(1720294545.091:514): pid=1 uid=0 auid=4294967295 ses=4294967295 msg='unit=serial-getty@ttyS0 comm="systemd" exe="/usr/lib/systemd/systemd" hostname=? addr=? terminal=? res=success'UID="root" AUID="unset"
type=SERVICE_START msg=audit(1720294545.317:515): pid=1 uid=0 auid=4294967295 ses=4294967295 msg='unit=serial-getty@ttyS0 comm="systemd" exe="/usr/lib/systemd/systemd" hostname=? addr=? terminal=? res=success'UID="root" AUID="unset"
type=SERVICE_STOP msg=audit(1720294545.318:516): pid=1 uid=0 auid=4294967295 ses=4294967295 msg='unit=serial-getty@ttyS0 comm="systemd" exe="/usr/lib/systemd/systemd" hostname=? addr=? terminal=? res=success'UID="root" AUID="unset"
type=SERVICE_START msg=audit(1720294545.326:517): pid=1 uid=0 auid=4294967295 ses=4294967295 msg='unit=serial-getty@ttyS0 comm="systemd" exe="/usr/lib/systemd/systemd" hostname=? addr=? terminal=? res=success'UID="root" AUID="unset"
type=USER_ACCT msg=audit(1720294547.210:518): pid=2898 uid=1002 auid=1002 ses=1 msg='op=PAM:accounting grantors=pam_permit acct="vyos" exe="/usr/bin/sudo" hostname=? addr=? terminal=/dev/pts/0 res=success'UID="vyos" AUID="vyos"
type=USER_CMD msg=audit(1720294547.210:519): pid=2898 uid=1002 auid=1002 ses=1 msg='cwd="/home/vyos" cmd=726D202D7266202F746D702F73797374656D5F6261636B75702E7461722E677A exe="/usr/bin/sudo" terminal=pts/0 res=success'UID="vyos" AUID="vyos"
type=CRED_REFR msg=audit(1720294547.212:520): pid=2898 uid=1002 auid=1002 ses=1 msg='op=PAM:setcred grantors=pam_permit,pam_cap acct="root" exe="/usr/bin/sudo" hostname=? addr=? terminal=/dev/pts/0 res=success'UID="vyos" AUID="vyos"
type=USER_START msg=audit(1720294547.212:521): pid=2898 uid=1002 auid=1002 ses=1 msg='op=PAM:session_open grantors=pam_limits,pam_permit,pam_mkhomedir,pam_unix acct="root" exe="/usr/bin/sudo" hostname=? addr=? terminal=/dev/pts/0 res=success'UID="vyos" AUID="vyos"
type=USER_END msg=audit(1720294547.223:522): pid=2898 uid=1002 auid=1002 ses=1 msg='op=PAM:session_close grantors=pam_limits,pam_permit,pam_mkhomedir,pam_unix acct="root" exe="/usr/bin/sudo" hostname=? addr=? terminal=/dev/pts/0 res=success'UID="vyos" AUID="vyos"
type=CRED_DISP msg=audit(1720294547.223:523): pid=2898 uid=1002 auid=1002 ses=1 msg='op=PAM:setcred grantors=pam_permit acct="root" exe="/usr/bin/sudo" hostname=? addr=? terminal=/dev/pts/0 res=success'UID="vyos" AUID="vyos"
type=SERVICE_STOP msg=audit(1720294555.338:524): pid=1 uid=0 auid=4294967295 ses=4294967295 msg='unit=serial-getty@ttyS0 comm="systemd" exe="/usr/lib/systemd/systemd" hostname=? addr=? terminal=? res=success'UID="root" AUID="unset"
type=SERVICE_START msg=audit(1720294555.567:525): pid=1 uid=0 auid=4294967295 ses=4294967295 msg='unit=serial-getty@ttyS0 comm="systemd" exe="/usr/lib/systemd/systemd" hostname=? addr=? terminal=? res=success'UID="root" AUID="unset"
type=SERVICE_STOP msg=audit(1720294555.567:526): pid=1 uid=0 auid=4294967295 ses=4294967295 msg='unit=serial-getty@ttyS0 comm="systemd" exe="/usr/lib/systemd/systemd" hostname=? addr=? terminal=? res=success'UID="root" AUID="unset"
type=SERVICE_START msg=audit(1720294555.579:527): pid=1 uid=0 auid=4294967295 ses=4294967295 msg='unit=serial-getty@ttyS0 comm="systemd" exe="/usr/lib/systemd/systemd" hostname=? addr=? terminal=? res=success'UID="root" AUID="unset"
type=SERVICE_STOP msg=audit(1720294565.587:528): pid=1 uid=0 auid=4294967295 ses=4294967295 msg='unit=serial-getty@ttyS0 comm="systemd" exe="/usr/lib/systemd/systemd" hostname=? addr=? terminal=? res=success'UID="root" AUID="unset"
type=SERVICE_START msg=audit(1720294565.817:529): pid=1 uid=0 auid=4294967295 ses=4294967295 msg='unit=serial-getty@ttyS0 comm="systemd" exe="/usr/lib/systemd/systemd" hostname=? addr=? terminal=? res=success'UID="root" AUID="unset"
type=SERVICE_STOP msg=audit(1720294565.817:530): pid=1 uid=0 auid=4294967295 ses=4294967295 msg='unit=serial-getty@ttyS0 comm="systemd" exe="/usr/lib/systemd/systemd" hostname=? addr=? terminal=? res=success'UID="root" AUID="unset"
type=SERVICE_START msg=audit(1720294565.831:531): pid=1 uid=0 auid=4294967295 ses=4294967295 msg='unit=serial-getty@ttyS0 comm="systemd" exe="/usr/lib/systemd/systemd" hostname=? addr=? terminal=? res=success'UID="root" AUID="unset"
type=SERVICE_STOP msg=audit(1720294575.841:532): pid=1 uid=0 auid=4294967295 ses=4294967295 msg='unit=serial-getty@ttyS0 comm="systemd" exe="/usr/lib/systemd/systemd" hostname=? addr=? terminal=? res=success'UID="root" AUID="unset"
type=SERVICE_START msg=audit(1720294576.068:533): pid=1 uid=0 auid=4294967295 ses=4294967295 msg='unit=serial-getty@ttyS0 comm="systemd" exe="/usr/lib/systemd/systemd" hostname=? addr=? terminal=? res=success'UID="root" AUID="unset"
type=SERVICE_STOP msg=audit(1720294576.068:534): pid=1 uid=0 auid=4294967295 ses=4294967295 msg='unit=serial-getty@ttyS0 comm="systemd" exe="/usr/lib/systemd/systemd" hostname=? addr=? terminal=? res=success'UID="root" AUID="unset"
type=SERVICE_START msg=audit(1720294576.079:535): pid=1 uid=0 auid=4294967295 ses=4294967295 msg='unit=serial-getty@ttyS0 comm="systemd" exe="/usr/lib/systemd/systemd" hostname=? addr=? terminal=? res=success'UID="root" AUID="unset"
type=USER_ACCT msg=audit(1720294578.648:536): pid=2910 uid=1002 auid=1002 ses=1 msg='op=PAM:accounting grantors=pam_permit acct="vyos" exe="/usr/bin/sudo" hostname=? addr=? terminal=/dev/pts/0 res=success'UID="vyos" AUID="vyos"
type=USER_CMD msg=audit(1720294578.649:537): pid=2910 uid=1002 auid=1002 ses=1 msg='cwd="/home/vyos" cmd=746172202D2D6578636C7564653D2F70726F63202D2D6578636C7564653D2F757372202D2D6578636C7564653D2F737973202D2D6578636C7564653D2F646576202D2D6578636C7564653D2F746D702F73797374656D5F6261636B75702E7461722E677A202D6376707A66202F746D702F73797374656D5F6261636B75702E7461722E677A202F exe="/usr/bin/sudo" terminal=pts/0 res=success'UID="vyos" AUID="vyos"
type=CRED_REFR msg=audit(1720294578.650:538): pid=2910 uid=1002 auid=1002 ses=1 msg='op=PAM:setcred grantors=pam_permit,pam_cap acct="root" exe="/usr/bin/sudo" hostname=? addr=? terminal=/dev/pts/0 res=success'UID="vyos" AUID="vyos"
type=USER_START msg=audit(1720294578.651:539): pid=2910 uid=1002 auid=1002 ses=1 msg='op=PAM:session_open grantors=pam_limits,pam_permit,pam_mkhomedir,pam_unix acct="root" exe="/usr/bin/sudo" hostname=? addr=? terminal=/dev/pts/0 res=success'UID="vyos" AUID="vyos"
type=SERVICE_STOP msg=audit(1720294586.086:540): pid=1 uid=0 auid=4294967295 ses=4294967295 msg='unit=serial-getty@ttyS0 comm="systemd" exe="/usr/lib/systemd/systemd" hostname=? addr=? terminal=? res=success'UID="root" AUID="unset"
type=SERVICE_START msg=audit(1720294586.318:541): pid=1 uid=0 auid=4294967295 ses=4294967295 msg='unit=serial-getty@ttyS0 comm="systemd" exe="/usr/lib/systemd/systemd" hostname=? addr=? terminal=? res=success'UID="root" AUID="unset"
type=SERVICE_STOP msg=audit(1720294586.318:542): pid=1 uid=0 auid=4294967295 ses=4294967295 msg='unit=serial-getty@ttyS0 comm="systemd" exe="/usr/lib/systemd/systemd" hostname=? addr=? terminal=? res=success'UID="root" AUID="unset"
type=SERVICE_START msg=audit(1720294586.328:543): pid=1 uid=0 auid=4294967295 ses=4294967295 msg='unit=serial-getty@ttyS0 comm="systemd" exe="/usr/lib/systemd/systemd" hostname=? addr=? terminal=? res=success'UID="root" AUID="unset"
type=USER_END msg=audit(1720294586.732:544): pid=2910 uid=1002 auid=1002 ses=1 msg='op=PAM:session_close grantors=pam_limits,pam_permit,pam_mkhomedir,pam_unix acct="root" exe="/usr/bin/sudo" hostname=? addr=? terminal=/dev/pts/0 res=success'UID="vyos" AUID="vyos"
type=CRED_DISP msg=audit(1720294586.732:545): pid=2910 uid=1002 auid=1002 ses=1 msg='op=PAM:setcred grantors=pam_permit acct="root" exe="/usr/bin/sudo" hostname=? addr=? terminal=/dev/pts/0 res=success'UID="vyos" AUID="vyos"
type=SERVICE_STOP msg=audit(1720294596.343:546): pid=1 uid=0 auid=4294967295 ses=4294967295 msg='unit=serial-getty@ttyS0 comm="systemd" exe="/usr/lib/systemd/systemd" hostname=? addr=? terminal=? res=success'UID="root" AUID="unset"
type=SERVICE_START msg=audit(1720294596.567:547): pid=1 uid=0 auid=4294967295 ses=4294967295 msg='unit=serial-getty@ttyS0 comm="systemd" exe="/usr/lib/systemd/systemd" hostname=? addr=? terminal=? res=success'UID="root" AUID="unset"
type=SERVICE_STOP msg=audit(1720294596.567:548): pid=1 uid=0 auid=4294967295 ses=4294967295 msg='unit=serial-getty@ttyS0 comm="systemd" exe="/usr/lib/systemd/systemd" hostname=? addr=? terminal=? res=success'UID="root" AUID="unset"
type=SERVICE_START msg=audit(1720294596.576:549): pid=1 uid=0 auid=4294967295 ses=4294967295 msg='unit=serial-getty@ttyS0 comm="systemd" exe="/usr/lib/systemd/systemd" hostname=? addr=? terminal=? res=success'UID="root" AUID="unset"
type=USER_ACCT msg=audit(1720294596.837:550): pid=2947 uid=1002 auid=1002 ses=1 msg='op=PAM:accounting grantors=pam_permit acct="vyos" exe="/usr/bin/sudo" hostname=? addr=? terminal=/dev/pts/0 res=success'UID="vyos" AUID="vyos"
type=USER_CMD msg=audit(1720294596.837:551): pid=2947 uid=1002 auid=1002 ses=1 msg='cwd="/home/vyos" cmd=726D202F746D702F73797374656D5F6261636B75702E7461722E677A exe="/usr/bin/sudo" terminal=pts/0 res=success'UID="vyos" AUID="vyos"
type=CRED_REFR msg=audit(1720294596.839:552): pid=2947 uid=1002 auid=1002 ses=1 msg='op=PAM:setcred grantors=pam_permit,pam_cap acct="root" exe="/usr/bin/sudo" hostname=? addr=? terminal=/dev/pts/0 res=success'UID="vyos" AUID="vyos"
type=USER_START msg=audit(1720294596.839:553): pid=2947 uid=1002 auid=1002 ses=1 msg='op=PAM:session_open grantors=pam_limits,pam_permit,pam_mkhomedir,pam_unix acct="root" exe="/usr/bin/sudo" hostname=? addr=? terminal=/dev/pts/0 res=success'UID="vyos" AUID="vyos"
type=USER_END msg=audit(1720294596.932:554): pid=2947 uid=1002 auid=1002 ses=1 msg='op=PAM:session_close grantors=pam_limits,pam_permit,pam_mkhomedir,pam_unix acct="root" exe="/usr/bin/sudo" hostname=? addr=? terminal=/dev/pts/0 res=success'UID="vyos" AUID="vyos"
type=CRED_DISP msg=audit(1720294596.932:555): pid=2947 uid=1002 auid=1002 ses=1 msg='op=PAM:setcred grantors=pam_permit acct="root" exe="/usr/bin/sudo" hostname=? addr=? terminal=/dev/pts/0 res=success'UID="vyos" AUID="vyos"
type=SERVICE_STOP msg=audit(1720294606.598:556): pid=1 uid=0 auid=4294967295 ses=4294967295 msg='unit=serial-getty@ttyS0 comm="systemd" exe="/usr/lib/systemd/systemd" hostname=? addr=? terminal=? res=success'UID="root" AUID="unset"
type=SERVICE_START msg=audit(1720294606.818:557): pid=1 uid=0 auid=4294967295 ses=4294967295 msg='unit=serial-getty@ttyS0 comm="systemd" exe="/usr/lib/systemd/systemd" hostname=? addr=? terminal=? res=success'UID="root" AUID="unset"
type=SERVICE_STOP msg=audit(1720294606.818:558): pid=1 uid=0 auid=4294967295 ses=4294967295 msg='unit=serial-getty@ttyS0 comm="systemd" exe="/usr/lib/systemd/systemd" hostname=? addr=? terminal=? res=success'UID="root" AUID="unset"
type=SERVICE_START msg=audit(1720294606.832:559): pid=1 uid=0 auid=4294967295 ses=4294967295 msg='unit=serial-getty@ttyS0 comm="systemd" exe="/usr/lib/systemd/systemd" hostname=? addr=? terminal=? res=success'UID="root" AUID="unset"
type=USER_ACCT msg=audit(1720294614.138:560): pid=2954 uid=1002 auid=1002 ses=1 msg='op=PAM:accounting grantors=pam_permit acct="vyos" exe="/usr/bin/sudo" hostname=? addr=? terminal=/dev/pts/0 res=success'UID="vyos" AUID="vyos"
type=USER_CMD msg=audit(1720294614.138:561): pid=2954 uid=1002 auid=1002 ses=1 msg='cwd="/home/vyos" cmd=746172202D2D6578636C7564653D2F70726F63202D2D6578636C7564653D2F626F6F74202D2D6578636C7564653D2F757372202D2D6578636C7564653D2F737973202D2D6578636C7564653D2F646576202D2D6578636C7564653D2F746D702F73797374656D5F6261636B75702E7461722E677A202D6376707A66202F746D702F73797374656D5F6261636B75702E7461722E677A202F exe="/usr/bin/sudo" terminal=pts/0 res=success'UID="vyos" AUID="vyos"
type=CRED_REFR msg=audit(1720294614.140:562): pid=2954 uid=1002 auid=1002 ses=1 msg='op=PAM:setcred grantors=pam_permit,pam_cap acct="root" exe="/usr/bin/sudo" hostname=? addr=? terminal=/dev/pts/0 res=success'UID="vyos" AUID="vyos"
type=USER_START msg=audit(1720294614.140:563): pid=2954 uid=1002 auid=1002 ses=1 msg='op=PAM:session_open grantors=pam_limits,pam_permit,pam_mkhomedir,pam_unix acct="root" exe="/usr/bin/sudo" hostname=? addr=? terminal=/dev/pts/0 res=success'UID="vyos" AUID="vyos"
type=SERVICE_STOP msg=audit(1720294616.851:564): pid=1 uid=0 auid=4294967295 ses=4294967295 msg='unit=serial-getty@ttyS0 comm="systemd" exe="/usr/lib/systemd/systemd" hostname=? addr=? terminal=? res=success'UID="root" AUID="unset"
type=SERVICE_START msg=audit(1720294617.068:565): pid=1 uid=0 auid=4294967295 ses=4294967295 msg='unit=serial-getty@ttyS0 comm="systemd" exe="/usr/lib/systemd/systemd" hostname=? addr=? terminal=? res=success'UID="root" AUID="unset"
type=SERVICE_STOP msg=audit(1720294617.068:566): pid=1 uid=0 auid=4294967295 ses=4294967295 msg='unit=serial-getty@ttyS0 comm="systemd" exe="/usr/lib/systemd/systemd" hostname=? addr=? terminal=? res=success'UID="root" AUID="unset"
type=SERVICE_START msg=audit(1720294617.078:567): pid=1 uid=0 auid=4294967295 ses=4294967295 msg='unit=serial-getty@ttyS0 comm="systemd" exe="/usr/lib/systemd/systemd" hostname=? addr=? terminal=? res=success'UID="root" AUID="unset"
type=USER_END msg=audit(1720294617.499:568): pid=2954 uid=1002 auid=1002 ses=1 msg='op=PAM:session_close grantors=pam_limits,pam_permit,pam_mkhomedir,pam_unix acct="root" exe="/usr/bin/sudo" hostname=? addr=? terminal=/dev/pts/0 res=success'UID="vyos" AUID="vyos"
type=CRED_DISP msg=audit(1720294617.499:569): pid=2954 uid=1002 auid=1002 ses=1 msg='op=PAM:setcred grantors=pam_permit acct="root" exe="/usr/bin/sudo" hostname=? addr=? terminal=/dev/pts/0 res=success'UID="vyos" AUID="vyos"
type=SERVICE_STOP msg=audit(1720294627.086:570): pid=1 uid=0 auid=4294967295 ses=4294967295 msg='unit=serial-getty@ttyS0 comm="systemd" exe="/usr/lib/systemd/systemd" hostname=? addr=? terminal=? res=success'UID="root" AUID="unset"
type=SERVICE_START msg=audit(1720294627.317:571): pid=1 uid=0 auid=4294967295 ses=4294967295 msg='unit=serial-getty@ttyS0 comm="systemd" exe="/usr/lib/systemd/systemd" hostname=? addr=? terminal=? res=success'UID="root" AUID="unset"
type=SERVICE_STOP msg=audit(1720294627.317:572): pid=1 uid=0 auid=4294967295 ses=4294967295 msg='unit=serial-getty@ttyS0 comm="systemd" exe="/usr/lib/systemd/systemd" hostname=? addr=? terminal=? res=success'UID="root" AUID="unset"
type=SERVICE_START msg=audit(1720294627.326:573): pid=1 uid=0 auid=4294967295 ses=4294967295 msg='unit=serial-getty@ttyS0 comm="systemd" exe="/usr/lib/systemd/systemd" hostname=? addr=? terminal=? res=success'UID="root" AUID="unset"
type=SERVICE_STOP msg=audit(1720294637.334:574): pid=1 uid=0 auid=4294967295 ses=4294967295 msg='unit=serial-getty@ttyS0 comm="systemd" exe="/usr/lib/systemd/systemd" hostname=? addr=? terminal=? res=success'UID="root" AUID="unset"
type=SERVICE_START msg=audit(1720294637.567:575): pid=1 uid=0 auid=4294967295 ses=4294967295 msg='unit=serial-getty@ttyS0 comm="systemd" exe="/usr/lib/systemd/systemd" hostname=? addr=? terminal=? res=success'UID="root" AUID="unset"
type=SERVICE_STOP msg=audit(1720294637.567:576): pid=1 uid=0 auid=4294967295 ses=4294967295 msg='unit=serial-getty@ttyS0 comm="systemd" exe="/usr/lib/systemd/systemd" hostname=? addr=? terminal=? res=success'UID="root" AUID="unset"
type=SERVICE_START msg=audit(1720294637.579:577): pid=1 uid=0 auid=4294967295 ses=4294967295 msg='unit=serial-getty@ttyS0 comm="systemd" exe="/usr/lib/systemd/systemd" hostname=? addr=? terminal=? res=success'UID="root" AUID="unset"
type=SERVICE_STOP msg=audit(1720294647.598:578): pid=1 uid=0 auid=4294967295 ses=4294967295 msg='unit=serial-getty@ttyS0 comm="systemd" exe="/usr/lib/systemd/systemd" hostname=? addr=? terminal=? res=success'UID="root" AUID="unset"
type=SERVICE_START msg=audit(1720294647.817:579): pid=1 uid=0 auid=4294967295 ses=4294967295 msg='unit=serial-getty@ttyS0 comm="systemd" exe="/usr/lib/systemd/systemd" hostname=? addr=? terminal=? res=success'UID="root" AUID="unset"
type=SERVICE_STOP msg=audit(1720294647.818:580): pid=1 uid=0 auid=4294967295 ses=4294967295 msg='unit=serial-getty@ttyS0 comm="systemd" exe="/usr/lib/systemd/systemd" hostname=? addr=? terminal=? res=success'UID="root" AUID="unset"
type=SERVICE_START msg=audit(1720294647.832:581): pid=1 uid=0 auid=4294967295 ses=4294967295 msg='unit=serial-getty@ttyS0 comm="systemd" exe="/usr/lib/systemd/systemd" hostname=? addr=? terminal=? res=success'UID="root" AUID="unset"
type=SERVICE_STOP msg=audit(1720294657.854:582): pid=1 uid=0 auid=4294967295 ses=4294967295 msg='unit=serial-getty@ttyS0 comm="systemd" exe="/usr/lib/systemd/systemd" hostname=? addr=? terminal=? res=success'UID="root" AUID="unset"
type=SERVICE_START msg=audit(1720294658.068:583): pid=1 uid=0 auid=4294967295 ses=4294967295 msg='unit=serial-getty@ttyS0 comm="systemd" exe="/usr/lib/systemd/systemd" hostname=? addr=? terminal=? res=success'UID="root" AUID="unset"
type=SERVICE_STOP msg=audit(1720294658.068:584): pid=1 uid=0 auid=4294967295 ses=4294967295 msg='unit=serial-getty@ttyS0 comm="systemd" exe="/usr/lib/systemd/systemd" hostname=? addr=? terminal=? res=success'UID="root" AUID="unset"
type=SERVICE_START msg=audit(1720294658.077:585): pid=1 uid=0 auid=4294967295 ses=4294967295 msg='unit=serial-getty@ttyS0 comm="systemd" exe="/usr/lib/systemd/systemd" hostname=? addr=? terminal=? res=success'UID="root" AUID="unset"
type=SERVICE_STOP msg=audit(1720294668.086:586): pid=1 uid=0 auid=4294967295 ses=4294967295 msg='unit=serial-getty@ttyS0 comm="systemd" exe="/usr/lib/systemd/systemd" hostname=? addr=? terminal=? res=success'UID="root" AUID="unset"
type=SERVICE_START msg=audit(1720294668.317:587): pid=1 uid=0 auid=4294967295 ses=4294967295 msg='unit=serial-getty@ttyS0 comm="systemd" exe="/usr/lib/systemd/systemd" hostname=? addr=? terminal=? res=success'UID="root" AUID="unset"
type=SERVICE_STOP msg=audit(1720294668.318:588): pid=1 uid=0 auid=4294967295 ses=4294967295 msg='unit=serial-getty@ttyS0 comm="systemd" exe="/usr/lib/systemd/systemd" hostname=? addr=? terminal=? res=success'UID="root" AUID="unset"
type=SERVICE_START msg=audit(1720294668.326:589): pid=1 uid=0 auid=4294967295 ses=4294967295 msg='unit=serial-getty@ttyS0 comm="systemd" exe="/usr/lib/systemd/systemd" hostname=? addr=? terminal=? res=success'UID="root" AUID="unset"
type=SERVICE_STOP msg=audit(1720294678.338:590): pid=1 uid=0 auid=4294967295 ses=4294967295 msg='unit=serial-getty@ttyS0 comm="systemd" exe="/usr/lib/systemd/systemd" hostname=? addr=? terminal=? res=success'UID="root" AUID="unset"
type=SERVICE_START msg=audit(1720294678.567:591): pid=1 uid=0 auid=4294967295 ses=4294967295 msg='unit=serial-getty@ttyS0 comm="systemd" exe="/usr/lib/systemd/systemd" hostname=? addr=? terminal=? res=success'UID="root" AUID="unset"
type=SERVICE_STOP msg=audit(1720294678.568:592): pid=1 uid=0 auid=4294967295 ses=4294967295 msg='unit=serial-getty@ttyS0 comm="systemd" exe="/usr/lib/systemd/systemd" hostname=? addr=? terminal=? res=success'UID="root" AUID="unset"
type=SERVICE_START msg=audit(1720294678.576:593): pid=1 uid=0 auid=4294967295 ses=4294967295 msg='unit=serial-getty@ttyS0 comm="systemd" exe="/usr/lib/systemd/systemd" hostname=? addr=? terminal=? res=success'UID="root" AUID="unset"
type=SERVICE_STOP msg=audit(1720294688.595:594): pid=1 uid=0 auid=4294967295 ses=4294967295 msg='unit=serial-getty@ttyS0 comm="systemd" exe="/usr/lib/systemd/systemd" hostname=? addr=? terminal=? res=success'UID="root" AUID="unset"
type=SERVICE_START msg=audit(1720294688.818:595): pid=1 uid=0 auid=4294967295 ses=4294967295 msg='unit=serial-getty@ttyS0 comm="systemd" exe="/usr/lib/systemd/systemd" hostname=? addr=? terminal=? res=success'UID="root" AUID="unset"
type=SERVICE_STOP msg=audit(1720294688.818:596): pid=1 uid=0 auid=4294967295 ses=4294967295 msg='unit=serial-getty@ttyS0 comm="systemd" exe="/usr/lib/systemd/systemd" hostname=? addr=? terminal=? res=success'UID="root" AUID="unset"
type=SERVICE_START msg=audit(1720294688.827:597): pid=1 uid=0 auid=4294967295 ses=4294967295 msg='unit=serial-getty@ttyS0 comm="systemd" exe="/usr/lib/systemd/systemd" hostname=? addr=? terminal=? res=success'UID="root" AUID="unset"
type=SERVICE_STOP msg=audit(1720294698.844:598): pid=1 uid=0 auid=4294967295 ses=4294967295 msg='unit=serial-getty@ttyS0 comm="systemd" exe="/usr/lib/systemd/systemd" hostname=? addr=? terminal=? res=success'UID="root" AUID="unset"
type=SERVICE_START msg=audit(1720294699.068:599): pid=1 uid=0 auid=4294967295 ses=4294967295 msg='unit=serial-getty@ttyS0 comm="systemd" exe="/usr/lib/systemd/systemd" hostname=? addr=? terminal=? res=success'UID="root" AUID="unset"
type=SERVICE_STOP msg=audit(1720294699.068:600): pid=1 uid=0 auid=4294967295 ses=4294967295 msg='unit=serial-getty@ttyS0 comm="systemd" exe="/usr/lib/systemd/systemd" hostname=? addr=? terminal=? res=success'UID="root" AUID="unset"
type=SERVICE_START msg=audit(1720294699.078:601): pid=1 uid=0 auid=4294967295 ses=4294967295 msg='unit=serial-getty@ttyS0 comm="systemd" exe="/usr/lib/systemd/systemd" hostname=? addr=? terminal=? res=success'UID="root" AUID="unset"
type=SERVICE_STOP msg=audit(1720294709.089:602): pid=1 uid=0 auid=4294967295 ses=4294967295 msg='unit=serial-getty@ttyS0 comm="systemd" exe="/usr/lib/systemd/systemd" hostname=? addr=? terminal=? res=success'UID="root" AUID="unset"
type=SERVICE_START msg=audit(1720294709.317:603): pid=1 uid=0 auid=4294967295 ses=4294967295 msg='unit=serial-getty@ttyS0 comm="systemd" exe="/usr/lib/systemd/systemd" hostname=? addr=? terminal=? res=success'UID="root" AUID="unset"
type=SERVICE_STOP msg=audit(1720294709.317:604): pid=1 uid=0 auid=4294967295 ses=4294967295 msg='unit=serial-getty@ttyS0 comm="systemd" exe="/usr/lib/systemd/systemd" hostname=? addr=? terminal=? res=success'UID="root" AUID="unset"
type=SERVICE_START msg=audit(1720294709.328:605): pid=1 uid=0 auid=4294967295 ses=4294967295 msg='unit=serial-getty@ttyS0 comm="systemd" exe="/usr/lib/systemd/systemd" hostname=? addr=? terminal=? res=success'UID="root" AUID="unset"
type=SERVICE_STOP msg=audit(1720294719.349:606): pid=1 uid=0 auid=4294967295 ses=4294967295 msg='unit=serial-getty@ttyS0 comm="systemd" exe="/usr/lib/systemd/systemd" hostname=? addr=? terminal=? res=success'UID="root" AUID="unset"
type=SERVICE_START msg=audit(1720294719.567:607): pid=1 uid=0 auid=4294967295 ses=4294967295 msg='unit=serial-getty@ttyS0 comm="systemd" exe="/usr/lib/systemd/systemd" hostname=? addr=? terminal=? res=success'UID="root" AUID="unset"
type=SERVICE_STOP msg=audit(1720294719.567:608): pid=1 uid=0 auid=4294967295 ses=4294967295 msg='unit=serial-getty@ttyS0 comm="systemd" exe="/usr/lib/systemd/systemd" hostname=? addr=? terminal=? res=success'UID="root" AUID="unset"
type=SERVICE_START msg=audit(1720294719.581:609): pid=1 uid=0 auid=4294967295 ses=4294967295 msg='unit=serial-getty@ttyS0 comm="systemd" exe="/usr/lib/systemd/systemd" hostname=? addr=? terminal=? res=success'UID="root" AUID="unset"
type=SERVICE_STOP msg=audit(1720294729.599:610): pid=1 uid=0 auid=4294967295 ses=4294967295 msg='unit=serial-getty@ttyS0 comm="systemd" exe="/usr/lib/systemd/systemd" hostname=? addr=? terminal=? res=success'UID="root" AUID="unset"
type=SERVICE_START msg=audit(1720294729.817:611): pid=1 uid=0 auid=4294967295 ses=4294967295 msg='unit=serial-getty@ttyS0 comm="systemd" exe="/usr/lib/systemd/systemd" hostname=? addr=? terminal=? res=success'UID="root" AUID="unset"
type=SERVICE_STOP msg=audit(1720294729.817:612): pid=1 uid=0 auid=4294967295 ses=4294967295 msg='unit=serial-getty@ttyS0 comm="systemd" exe="/usr/lib/systemd/systemd" hostname=? addr=? terminal=? res=success'UID="root" AUID="unset"
type=SERVICE_START msg=audit(1720294729.827:613): pid=1 uid=0 auid=4294967295 ses=4294967295 msg='unit=serial-getty@ttyS0 comm="systemd" exe="/usr/lib/systemd/systemd" hostname=? addr=? terminal=? res=success'UID="root" AUID="unset"
type=SERVICE_STOP msg=audit(1720294739.843:614): pid=1 uid=0 auid=4294967295 ses=4294967295 msg='unit=serial-getty@ttyS0 comm="systemd" exe="/usr/lib/systemd/systemd" hostname=? addr=? terminal=? res=success'UID="root" AUID="unset"
type=SERVICE_START msg=audit(1720294740.067:615): pid=1 uid=0 auid=4294967295 ses=4294967295 msg='unit=serial-getty@ttyS0 comm="systemd" exe="/usr/lib/systemd/systemd" hostname=? addr=? terminal=? res=success'UID="root" AUID="unset"
type=SERVICE_STOP msg=audit(1720294740.067:616): pid=1 uid=0 auid=4294967295 ses=4294967295 msg='unit=serial-getty@ttyS0 comm="systemd" exe="/usr/lib/systemd/systemd" hostname=? addr=? terminal=? res=success'UID="root" AUID="unset"
type=SERVICE_START msg=audit(1720294740.077:617): pid=1 uid=0 auid=4294967295 ses=4294967295 msg='unit=serial-getty@ttyS0 comm="systemd" exe="/usr/lib/systemd/systemd" hostname=? addr=? terminal=? res=success'UID="root" AUID="unset"
type=SERVICE_STOP msg=audit(1720294750.093:618): pid=1 uid=0 auid=4294967295 ses=4294967295 msg='unit=serial-getty@ttyS0 comm="systemd" exe="/usr/lib/systemd/systemd" hostname=? addr=? terminal=? res=success'UID="root" AUID="unset"
type=SERVICE_START msg=audit(1720294750.317:619): pid=1 uid=0 auid=4294967295 ses=4294967295 msg='unit=serial-getty@ttyS0 comm="systemd" exe="/usr/lib/systemd/systemd" hostname=? addr=? terminal=? res=success'UID="root" AUID="unset"
type=SERVICE_STOP msg=audit(1720294750.317:620): pid=1 uid=0 auid=4294967295 ses=4294967295 msg='unit=serial-getty@ttyS0 comm="systemd" exe="/usr/lib/systemd/systemd" hostname=? addr=? terminal=? res=success'UID="root" AUID="unset"
type=SERVICE_START msg=audit(1720294750.325:621): pid=1 uid=0 auid=4294967295 ses=4294967295 msg='unit=serial-getty@ttyS0 comm="systemd" exe="/usr/lib/systemd/systemd" hostname=? addr=? terminal=? res=success'UID="root" AUID="unset"
type=SERVICE_STOP msg=audit(1720294760.336:622): pid=1 uid=0 auid=4294967295 ses=4294967295 msg='unit=serial-getty@ttyS0 comm="systemd" exe="/usr/lib/systemd/systemd" hostname=? addr=? terminal=? res=success'UID="root" AUID="unset"
type=SERVICE_START msg=audit(1720294760.568:623): pid=1 uid=0 auid=4294967295 ses=4294967295 msg='unit=serial-getty@ttyS0 comm="systemd" exe="/usr/lib/systemd/systemd" hostname=? addr=? terminal=? res=success'UID="root" AUID="unset"
type=SERVICE_STOP msg=audit(1720294760.568:624): pid=1 uid=0 auid=4294967295 ses=4294967295 msg='unit=serial-getty@ttyS0 comm="systemd" exe="/usr/lib/systemd/systemd" hostname=? addr=? terminal=? res=success'UID="root" AUID="unset"
type=SERVICE_START msg=audit(1720294760.576:625): pid=1 uid=0 auid=4294967295 ses=4294967295 msg='unit=serial-getty@ttyS0 comm="systemd" exe="/usr/lib/systemd/systemd" hostname=? addr=? terminal=? res=success'UID="root" AUID="unset"
type=SERVICE_STOP msg=audit(1720294770.589:626): pid=1 uid=0 auid=4294967295 ses=4294967295 msg='unit=serial-getty@ttyS0 comm="systemd" exe="/usr/lib/systemd/systemd" hostname=? addr=? terminal=? res=success'UID="root" AUID="unset"
type=SERVICE_START msg=audit(1720294770.817:627): pid=1 uid=0 auid=4294967295 ses=4294967295 msg='unit=serial-getty@ttyS0 comm="systemd" exe="/usr/lib/systemd/systemd" hostname=? addr=? terminal=? res=success'UID="root" AUID="unset"
type=SERVICE_STOP msg=audit(1720294770.817:628): pid=1 uid=0 auid=4294967295 ses=4294967295 msg='unit=serial-getty@ttyS0 comm="systemd" exe="/usr/lib/systemd/systemd" hostname=? addr=? terminal=? res=success'UID="root" AUID="unset"
type=SERVICE_START msg=audit(1720294770.826:629): pid=1 uid=0 auid=4294967295 ses=4294967295 msg='unit=serial-getty@ttyS0 comm="systemd" exe="/usr/lib/systemd/systemd" hostname=? addr=? terminal=? res=success'UID="root" AUID="unset"
type=SERVICE_STOP msg=audit(1720294780.844:630): pid=1 uid=0 auid=4294967295 ses=4294967295 msg='unit=serial-getty@ttyS0 comm="systemd" exe="/usr/lib/systemd/systemd" hostname=? addr=? terminal=? res=success'UID="root" AUID="unset"
type=SERVICE_START msg=audit(1720294781.051:631): pid=1 uid=0 auid=4294967295 ses=4294967295 msg='unit=serial-getty@ttyS0 comm="systemd" exe="/usr/lib/systemd/systemd" hostname=? addr=? terminal=? res=success'UID="root" AUID="unset"
type=SERVICE_STOP msg=audit(1720294781.052:632): pid=1 uid=0 auid=4294967295 ses=4294967295 msg='unit=serial-getty@ttyS0 comm="systemd" exe="/usr/lib/systemd/systemd" hostname=? addr=? terminal=? res=success'UID="root" AUID="unset"
type=SERVICE_START msg=audit(1720294781.062:633): pid=1 uid=0 auid=4294967295 ses=4294967295 msg='unit=serial-getty@ttyS0 comm="systemd" exe="/usr/lib/systemd/systemd" hostname=? addr=? terminal=? res=success'UID="root" AUID="unset"
type=SERVICE_STOP msg=audit(1720294791.074:634): pid=1 uid=0 auid=4294967295 ses=4294967295 msg='unit=serial-getty@ttyS0 comm="systemd" exe="/usr/lib/systemd/systemd" hostname=? addr=? terminal=? res=success'UID="root" AUID="unset"
type=SERVICE_START msg=audit(1720294791.317:635): pid=1 uid=0 auid=4294967295 ses=4294967295 msg='unit=serial-getty@ttyS0 comm="systemd" exe="/usr/lib/systemd/systemd" hostname=? addr=? terminal=? res=success'UID="root" AUID="unset"
type=SERVICE_STOP msg=audit(1720294791.317:636): pid=1 uid=0 auid=4294967295 ses=4294967295 msg='unit=serial-getty@ttyS0 comm="systemd" exe="/usr/lib/systemd/systemd" hostname=? addr=? terminal=? res=success'UID="root" AUID="unset"
type=SERVICE_START msg=audit(1720294791.325:637): pid=1 uid=0 auid=4294967295 ses=4294967295 msg='unit=serial-getty@ttyS0 comm="systemd" exe="/usr/lib/systemd/systemd" hostname=? addr=? terminal=? res=success'UID="root" AUID="unset"
type=SERVICE_STOP msg=audit(1720294801.335:638): pid=1 uid=0 auid=4294967295 ses=4294967295 msg='unit=serial-getty@ttyS0 comm="systemd" exe="/usr/lib/systemd/systemd" hostname=? addr=? terminal=? res=success'UID="root" AUID="unset"
type=SERVICE_START msg=audit(1720294801.567:639): pid=1 uid=0 auid=4294967295 ses=4294967295 msg='unit=serial-getty@ttyS0 comm="systemd" exe="/usr/lib/systemd/systemd" hostname=? addr=? terminal=? res=success'UID="root" AUID="unset"
type=SERVICE_STOP msg=audit(1720294801.567:640): pid=1 uid=0 auid=4294967295 ses=4294967295 msg='unit=serial-getty@ttyS0 comm="systemd" exe="/usr/lib/systemd/systemd" hostname=? addr=? terminal=? res=success'UID="root" AUID="unset"
type=SERVICE_START msg=audit(1720294801.575:641): pid=1 uid=0 auid=4294967295 ses=4294967295 msg='unit=serial-getty@ttyS0 comm="systemd" exe="/usr/lib/systemd/systemd" hostname=? addr=? terminal=? res=success'UID="root" AUID="unset"
type=SERVICE_STOP msg=audit(1720294811.592:642): pid=1 uid=0 auid=4294967295 ses=4294967295 msg='unit=serial-getty@ttyS0 comm="systemd" exe="/usr/lib/systemd/systemd" hostname=? addr=? terminal=? res=success'UID="root" AUID="unset"
type=SERVICE_START msg=audit(1720294811.817:643): pid=1 uid=0 auid=4294967295 ses=4294967295 msg='unit=serial-getty@ttyS0 comm="systemd" exe="/usr/lib/systemd/systemd" hostname=? addr=? terminal=? res=success'UID="root" AUID="unset"
type=SERVICE_STOP msg=audit(1720294811.818:644): pid=1 uid=0 auid=4294967295 ses=4294967295 msg='unit=serial-getty@ttyS0 comm="systemd" exe="/usr/lib/systemd/systemd" hostname=? addr=? terminal=? res=success'UID="root" AUID="unset"
type=SERVICE_START msg=audit(1720294811.830:645): pid=1 uid=0 auid=4294967295 ses=4294967295 msg='unit=serial-getty@ttyS0 comm="systemd" exe="/usr/lib/systemd/systemd" hostname=? addr=? terminal=? res=success'UID="root" AUID="unset"
type=SERVICE_STOP msg=audit(1720294821.845:646): pid=1 uid=0 auid=4294967295 ses=4294967295 msg='unit=serial-getty@ttyS0 comm="systemd" exe="/usr/lib/systemd/systemd" hostname=? addr=? terminal=? res=success'UID="root" AUID="unset"
type=SERVICE_START msg=audit(1720294822.068:647): pid=1 uid=0 auid=4294967295 ses=4294967295 msg='unit=serial-getty@ttyS0 comm="systemd" exe="/usr/lib/systemd/systemd" hostname=? addr=? terminal=? res=success'UID="root" AUID="unset"
type=SERVICE_STOP msg=audit(1720294822.068:648): pid=1 uid=0 auid=4294967295 ses=4294967295 msg='unit=serial-getty@ttyS0 comm="systemd" exe="/usr/lib/systemd/systemd" hostname=? addr=? terminal=? res=success'UID="root" AUID="unset"
type=SERVICE_START msg=audit(1720294822.080:649): pid=1 uid=0 auid=4294967295 ses=4294967295 msg='unit=serial-getty@ttyS0 comm="systemd" exe="/usr/lib/systemd/systemd" hostname=? addr=? terminal=? res=success'UID="root" AUID="unset"
type=SERVICE_STOP msg=audit(1720294832.096:650): pid=1 uid=0 auid=4294967295 ses=4294967295 msg='unit=serial-getty@ttyS0 comm="systemd" exe="/usr/lib/systemd/systemd" hostname=? addr=? terminal=? res=success'UID="root" AUID="unset"
type=SERVICE_START msg=audit(1720294832.318:651): pid=1 uid=0 auid=4294967295 ses=4294967295 msg='unit=serial-getty@ttyS0 comm="systemd" exe="/usr/lib/systemd/systemd" hostname=? addr=? terminal=? res=success'UID="root" AUID="unset"
type=SERVICE_STOP msg=audit(1720294832.318:652): pid=1 uid=0 auid=4294967295 ses=4294967295 msg='unit=serial-getty@ttyS0 comm="systemd" exe="/usr/lib/systemd/systemd" hostname=? addr=? terminal=? res=success'UID="root" AUID="unset"
type=SERVICE_START msg=audit(1720294832.326:653): pid=1 uid=0 auid=4294967295 ses=4294967295 msg='unit=serial-getty@ttyS0 comm="systemd" exe="/usr/lib/systemd/systemd" hostname=? addr=? terminal=? res=success'UID="root" AUID="unset"
type=SERVICE_STOP msg=audit(1720294842.336:654): pid=1 uid=0 auid=4294967295 ses=4294967295 msg='unit=serial-getty@ttyS0 comm="systemd" exe="/usr/lib/systemd/systemd" hostname=? addr=? terminal=? res=success'UID="root" AUID="unset"
type=SERVICE_START msg=audit(1720294842.567:655): pid=1 uid=0 auid=4294967295 ses=4294967295 msg='unit=serial-getty@ttyS0 comm="systemd" exe="/usr/lib/systemd/systemd" hostname=? addr=? terminal=? res=success'UID="root" AUID="unset"
type=SERVICE_STOP msg=audit(1720294842.568:656): pid=1 uid=0 auid=4294967295 ses=4294967295 msg='unit=serial-getty@ttyS0 comm="systemd" exe="/usr/lib/systemd/systemd" hostname=? addr=? terminal=? res=success'UID="root" AUID="unset"
type=SERVICE_START msg=audit(1720294842.577:657): pid=1 uid=0 auid=4294967295 ses=4294967295 msg='unit=serial-getty@ttyS0 comm="systemd" exe="/usr/lib/systemd/systemd" hostname=? addr=? terminal=? res=success'UID="root" AUID="unset"
type=SERVICE_STOP msg=audit(1720294852.601:658): pid=1 uid=0 auid=4294967295 ses=4294967295 msg='unit=serial-getty@ttyS0 comm="systemd" exe="/usr/lib/systemd/systemd" hostname=? addr=? terminal=? res=success'UID="root" AUID="unset"
type=SERVICE_START msg=audit(1720294852.818:659): pid=1 uid=0 auid=4294967295 ses=4294967295 msg='unit=serial-getty@ttyS0 comm="systemd" exe="/usr/lib/systemd/systemd" hostname=? addr=? terminal=? res=success'UID="root" AUID="unset"
type=SERVICE_STOP msg=audit(1720294852.818:660): pid=1 uid=0 auid=4294967295 ses=4294967295 msg='unit=serial-getty@ttyS0 comm="systemd" exe="/usr/lib/systemd/systemd" hostname=? addr=? terminal=? res=success'UID="root" AUID="unset"
type=SERVICE_START msg=audit(1720294852.827:661): pid=1 uid=0 auid=4294967295 ses=4294967295 msg='unit=serial-getty@ttyS0 comm="systemd" exe="/usr/lib/systemd/systemd" hostname=? addr=? terminal=? res=success'UID="root" AUID="unset"
type=SERVICE_STOP msg=audit(1720294862.850:662): pid=1 uid=0 auid=4294967295 ses=4294967295 msg='unit=serial-getty@ttyS0 comm="systemd" exe="/usr/lib/systemd/systemd" hostname=? addr=? terminal=? res=success'UID="root" AUID="unset"
type=SERVICE_START msg=audit(1720294863.067:663): pid=1 uid=0 auid=4294967295 ses=4294967295 msg='unit=serial-getty@ttyS0 comm="systemd" exe="/usr/lib/systemd/systemd" hostname=? addr=? terminal=? res=success'UID="root" AUID="unset"
type=SERVICE_STOP msg=audit(1720294863.068:664): pid=1 uid=0 auid=4294967295 ses=4294967295 msg='unit=serial-getty@ttyS0 comm="systemd" exe="/usr/lib/systemd/systemd" hostname=? addr=? terminal=? res=success'UID="root" AUID="unset"
type=SERVICE_START msg=audit(1720294863.080:665): pid=1 uid=0 auid=4294967295 ses=4294967295 msg='unit=serial-getty@ttyS0 comm="systemd" exe="/usr/lib/systemd/systemd" hostname=? addr=? terminal=? res=success'UID="root" AUID="unset"
type=SERVICE_STOP msg=audit(1720294873.095:666): pid=1 uid=0 auid=4294967295 ses=4294967295 msg='unit=serial-getty@ttyS0 comm="systemd" exe="/usr/lib/systemd/systemd" hostname=? addr=? terminal=? res=success'UID="root" AUID="unset"
type=SERVICE_START msg=audit(1720294873.317:667): pid=1 uid=0 auid=4294967295 ses=4294967295 msg='unit=serial-getty@ttyS0 comm="systemd" exe="/usr/lib/systemd/systemd" hostname=? addr=? terminal=? res=success'UID="root" AUID="unset"
type=SERVICE_STOP msg=audit(1720294873.318:668): pid=1 uid=0 auid=4294967295 ses=4294967295 msg='unit=serial-getty@ttyS0 comm="systemd" exe="/usr/lib/systemd/systemd" hostname=? addr=? terminal=? res=success'UID="root" AUID="unset"
type=SERVICE_START msg=audit(1720294873.330:669): pid=1 uid=0 auid=4294967295 ses=4294967295 msg='unit=serial-getty@ttyS0 comm="systemd" exe="/usr/lib/systemd/systemd" hostname=? addr=? terminal=? res=success'UID="root" AUID="unset"
type=SERVICE_STOP msg=audit(1720294883.343:670): pid=1 uid=0 auid=4294967295 ses=4294967295 msg='unit=serial-getty@ttyS0 comm="systemd" exe="/usr/lib/systemd/systemd" hostname=? addr=? terminal=? res=success'UID="root" AUID="unset"
type=SERVICE_START msg=audit(1720294883.567:671): pid=1 uid=0 auid=4294967295 ses=4294967295 msg='unit=serial-getty@ttyS0 comm="systemd" exe="/usr/lib/systemd/systemd" hostname=? addr=? terminal=? res=success'UID="root" AUID="unset"
type=SERVICE_STOP msg=audit(1720294883.568:672): pid=1 uid=0 auid=4294967295 ses=4294967295 msg='unit=serial-getty@ttyS0 comm="systemd" exe="/usr/lib/systemd/systemd" hostname=? addr=? terminal=? res=success'UID="root" AUID="unset"
type=SERVICE_START msg=audit(1720294883.573:673): pid=1 uid=0 auid=4294967295 ses=4294967295 msg='unit=serial-getty@ttyS0 comm="systemd" exe="/usr/lib/systemd/systemd" hostname=? addr=? terminal=? res=success'UID="root" AUID="unset"
type=SERVICE_STOP msg=audit(1720294893.591:674): pid=1 uid=0 auid=4294967295 ses=4294967295 msg='unit=serial-getty@ttyS0 comm="systemd" exe="/usr/lib/systemd/systemd" hostname=? addr=? terminal=? res=success'UID="root" AUID="unset"
type=SERVICE_START msg=audit(1720294893.817:675): pid=1 uid=0 auid=4294967295 ses=4294967295 msg='unit=serial-getty@ttyS0 comm="systemd" exe="/usr/lib/systemd/systemd" hostname=? addr=? terminal=? res=success'UID="root" AUID="unset"
type=SERVICE_STOP msg=audit(1720294893.818:676): pid=1 uid=0 auid=4294967295 ses=4294967295 msg='unit=serial-getty@ttyS0 comm="systemd" exe="/usr/lib/systemd/systemd" hostname=? addr=? terminal=? res=success'UID="root" AUID="unset"
type=SERVICE_START msg=audit(1720294893.830:677): pid=1 uid=0 auid=4294967295 ses=4294967295 msg='unit=serial-getty@ttyS0 comm="systemd" exe="/usr/lib/systemd/systemd" hostname=? addr=? terminal=? res=success'UID="root" AUID="unset"
type=SERVICE_STOP msg=audit(1720294903.846:678): pid=1 uid=0 auid=4294967295 ses=4294967295 msg='unit=serial-getty@ttyS0 comm="systemd" exe="/usr/lib/systemd/systemd" hostname=? addr=? terminal=? res=success'UID="root" AUID="unset"
type=SERVICE_START msg=audit(1720294904.068:679): pid=1 uid=0 auid=4294967295 ses=4294967295 msg='unit=serial-getty@ttyS0 comm="systemd" exe="/usr/lib/systemd/systemd" hostname=? addr=? terminal=? res=success'UID="root" AUID="unset"
type=SERVICE_STOP msg=audit(1720294904.068:680): pid=1 uid=0 auid=4294967295 ses=4294967295 msg='unit=serial-getty@ttyS0 comm="systemd" exe="/usr/lib/systemd/systemd" hostname=? addr=? terminal=? res=success'UID="root" AUID="unset"
type=SERVICE_START msg=audit(1720294904.077:681): pid=1 uid=0 auid=4294967295 ses=4294967295 msg='unit=serial-getty@ttyS0 comm="systemd" exe="/usr/lib/systemd/systemd" hostname=? addr=? terminal=? res=success'UID="root" AUID="unset"
type=SERVICE_STOP msg=audit(1720294914.096:682): pid=1 uid=0 auid=4294967295 ses=4294967295 msg='unit=serial-getty@ttyS0 comm="systemd" exe="/usr/lib/systemd/systemd" hostname=? addr=? terminal=? res=success'UID="root" AUID="unset"
type=SERVICE_START msg=audit(1720294914.317:683): pid=1 uid=0 auid=4294967295 ses=4294967295 msg='unit=serial-getty@ttyS0 comm="systemd" exe="/usr/lib/systemd/systemd" hostname=? addr=? terminal=? res=success'UID="root" AUID="unset"
type=SERVICE_STOP msg=audit(1720294914.317:684): pid=1 uid=0 auid=4294967295 ses=4294967295 msg='unit=serial-getty@ttyS0 comm="systemd" exe="/usr/lib/systemd/systemd" hostname=? addr=? terminal=? res=success'UID="root" AUID="unset"
type=SERVICE_START msg=audit(1720294914.330:685): pid=1 uid=0 auid=4294967295 ses=4294967295 msg='unit=serial-getty@ttyS0 comm="systemd" exe="/usr/lib/systemd/systemd" hostname=? addr=? terminal=? res=success'UID="root" AUID="unset"
type=SERVICE_STOP msg=audit(1720294924.349:686): pid=1 uid=0 auid=4294967295 ses=4294967295 msg='unit=serial-getty@ttyS0 comm="systemd" exe="/usr/lib/systemd/systemd" hostname=? addr=? terminal=? res=success'UID="root" AUID="unset"
type=SERVICE_START msg=audit(1720294924.568:687): pid=1 uid=0 auid=4294967295 ses=4294967295 msg='unit=serial-getty@ttyS0 comm="systemd" exe="/usr/lib/systemd/systemd" hostname=? addr=? terminal=? res=success'UID="root" AUID="unset"
type=SERVICE_STOP msg=audit(1720294924.568:688): pid=1 uid=0 auid=4294967295 ses=4294967295 msg='unit=serial-getty@ttyS0 comm="systemd" exe="/usr/lib/systemd/systemd" hostname=? addr=? terminal=? res=success'UID="root" AUID="unset"
type=SERVICE_START msg=audit(1720294924.577:689): pid=1 uid=0 auid=4294967295 ses=4294967295 msg='unit=serial-getty@ttyS0 comm="systemd" exe="/usr/lib/systemd/systemd" hostname=? addr=? terminal=? res=success'UID="root" AUID="unset"
type=SERVICE_STOP msg=audit(1720294934.591:690): pid=1 uid=0 auid=4294967295 ses=4294967295 msg='unit=serial-getty@ttyS0 comm="systemd" exe="/usr/lib/systemd/systemd" hostname=? addr=? terminal=? res=success'UID="root" AUID="unset"
type=SERVICE_START msg=audit(1720294934.817:691): pid=1 uid=0 auid=4294967295 ses=4294967295 msg='unit=serial-getty@ttyS0 comm="systemd" exe="/usr/lib/systemd/systemd" hostname=? addr=? terminal=? res=success'UID="root" AUID="unset"
type=SERVICE_STOP msg=audit(1720294934.817:692): pid=1 uid=0 auid=4294967295 ses=4294967295 msg='unit=serial-getty@ttyS0 comm="systemd" exe="/usr/lib/systemd/systemd" hostname=? addr=? terminal=? res=success'UID="root" AUID="unset"
type=SERVICE_START msg=audit(1720294934.829:693): pid=1 uid=0 auid=4294967295 ses=4294967295 msg='unit=serial-getty@ttyS0 comm="systemd" exe="/usr/lib/systemd/systemd" hostname=? addr=? terminal=? res=success'UID="root" AUID="unset"
type=SERVICE_STOP msg=audit(1720294944.849:694): pid=1 uid=0 auid=4294967295 ses=4294967295 msg='unit=serial-getty@ttyS0 comm="systemd" exe="/usr/lib/systemd/systemd" hostname=? addr=? terminal=? res=success'UID="root" AUID="unset"
type=SERVICE_START msg=audit(1720294945.067:695): pid=1 uid=0 auid=4294967295 ses=4294967295 msg='unit=serial-getty@ttyS0 comm="systemd" exe="/usr/lib/systemd/systemd" hostname=? addr=? terminal=? res=success'UID="root" AUID="unset"
type=SERVICE_STOP msg=audit(1720294945.068:696): pid=1 uid=0 auid=4294967295 ses=4294967295 msg='unit=serial-getty@ttyS0 comm="systemd" exe="/usr/lib/systemd/systemd" hostname=? addr=? terminal=? res=success'UID="root" AUID="unset"
type=SERVICE_START msg=audit(1720294945.078:697): pid=1 uid=0 auid=4294967295 ses=4294967295 msg='unit=serial-getty@ttyS0 comm="systemd" exe="/usr/lib/systemd/systemd" hostname=? addr=? terminal=? res=success'UID="root" AUID="unset"
type=SERVICE_STOP msg=audit(1720294955.101:698): pid=1 uid=0 auid=4294967295 ses=4294967295 msg='unit=serial-getty@ttyS0 comm="systemd" exe="/usr/lib/systemd/systemd" hostname=? addr=? terminal=? res=success'UID="root" AUID="unset"
type=SERVICE_START msg=audit(1720294955.318:699): pid=1 uid=0 auid=4294967295 ses=4294967295 msg='unit=serial-getty@ttyS0 comm="systemd" exe="/usr/lib/systemd/systemd" hostname=? addr=? terminal=? res=success'UID="root" AUID="unset"
type=SERVICE_STOP msg=audit(1720294955.318:700): pid=1 uid=0 auid=4294967295 ses=4294967295 msg='unit=serial-getty@ttyS0 comm="systemd" exe="/usr/lib/systemd/systemd" hostname=? addr=? terminal=? res=success'UID="root" AUID="unset"
type=SERVICE_START msg=audit(1720294955.328:701): pid=1 uid=0 auid=4294967295 ses=4294967295 msg='unit=serial-getty@ttyS0 comm="systemd" exe="/usr/lib/systemd/systemd" hostname=? addr=? terminal=? res=success'UID="root" AUID="unset"
type=SERVICE_STOP msg=audit(1720294965.352:702): pid=1 uid=0 auid=4294967295 ses=4294967295 msg='unit=serial-getty@ttyS0 comm="systemd" exe="/usr/lib/systemd/systemd" hostname=? addr=? terminal=? res=success'UID="root" AUID="unset"
type=SERVICE_START msg=audit(1720294965.567:703): pid=1 uid=0 auid=4294967295 ses=4294967295 msg='unit=serial-getty@ttyS0 comm="systemd" exe="/usr/lib/systemd/systemd" hostname=? addr=? terminal=? res=success'UID="root" AUID="unset"
type=SERVICE_STOP msg=audit(1720294965.568:704): pid=1 uid=0 auid=4294967295 ses=4294967295 msg='unit=serial-getty@ttyS0 comm="systemd" exe="/usr/lib/systemd/systemd" hostname=? addr=? terminal=? res=success'UID="root" AUID="unset"
type=SERVICE_START msg=audit(1720294965.577:705): pid=1 uid=0 auid=4294967295 ses=4294967295 msg='unit=serial-getty@ttyS0 comm="systemd" exe="/usr/lib/systemd/systemd" hostname=? addr=? terminal=? res=success'UID="root" AUID="unset"
type=SERVICE_STOP msg=audit(1720294975.596:706): pid=1 uid=0 auid=4294967295 ses=4294967295 msg='unit=serial-getty@ttyS0 comm="systemd" exe="/usr/lib/systemd/systemd" hostname=? addr=? terminal=? res=success'UID="root" AUID="unset"
type=SERVICE_START msg=audit(1720294975.817:707): pid=1 uid=0 auid=4294967295 ses=4294967295 msg='unit=serial-getty@ttyS0 comm="systemd" exe="/usr/lib/systemd/systemd" hostname=? addr=? terminal=? res=success'UID="root" AUID="unset"
type=SERVICE_STOP msg=audit(1720294975.818:708): pid=1 uid=0 auid=4294967295 ses=4294967295 msg='unit=serial-getty@ttyS0 comm="systemd" exe="/usr/lib/systemd/systemd" hostname=? addr=? terminal=? res=success'UID="root" AUID="unset"
type=SERVICE_START msg=audit(1720294975.831:709): pid=1 uid=0 auid=4294967295 ses=4294967295 msg='unit=serial-getty@ttyS0 comm="systemd" exe="/usr/lib/systemd/systemd" hostname=? addr=? terminal=? res=success'UID="root" AUID="unset"
type=SERVICE_STOP msg=audit(1720294985.848:710): pid=1 uid=0 auid=4294967295 ses=4294967295 msg='unit=serial-getty@ttyS0 comm="systemd" exe="/usr/lib/systemd/systemd" hostname=? addr=? terminal=? res=success'UID="root" AUID="unset"
type=SERVICE_START msg=audit(1720294986.067:711): pid=1 uid=0 auid=4294967295 ses=4294967295 msg='unit=serial-getty@ttyS0 comm="systemd" exe="/usr/lib/systemd/systemd" hostname=? addr=? terminal=? res=success'UID="root" AUID="unset"
type=SERVICE_STOP msg=audit(1720294986.068:712): pid=1 uid=0 auid=4294967295 ses=4294967295 msg='unit=serial-getty@ttyS0 comm="systemd" exe="/usr/lib/systemd/systemd" hostname=? addr=? terminal=? res=success'UID="root" AUID="unset"
type=SERVICE_START msg=audit(1720294986.076:713): pid=1 uid=0 auid=4294967295 ses=4294967295 msg='unit=serial-getty@ttyS0 comm="systemd" exe="/usr/lib/systemd/systemd" hostname=? addr=? terminal=? res=success'UID="root" AUID="unset"
type=SERVICE_STOP msg=audit(1720294996.090:714): pid=1 uid=0 auid=4294967295 ses=4294967295 msg='unit=serial-getty@ttyS0 comm="systemd" exe="/usr/lib/systemd/systemd" hostname=? addr=? terminal=? res=success'UID="root" AUID="unset"
type=SERVICE_START msg=audit(1720294996.318:715): pid=1 uid=0 auid=4294967295 ses=4294967295 msg='unit=serial-getty@ttyS0 comm="systemd" exe="/usr/lib/systemd/systemd" hostname=? addr=? terminal=? res=success'UID="root" AUID="unset"
type=SERVICE_STOP msg=audit(1720294996.318:716): pid=1 uid=0 auid=4294967295 ses=4294967295 msg='unit=serial-getty@ttyS0 comm="systemd" exe="/usr/lib/systemd/systemd" hostname=? addr=? terminal=? res=success'UID="root" AUID="unset"
type=SERVICE_START msg=audit(1720294996.331:717): pid=1 uid=0 auid=4294967295 ses=4294967295 msg='unit=serial-getty@ttyS0 comm="systemd" exe="/usr/lib/systemd/systemd" hostname=? addr=? terminal=? res=success'UID="root" AUID="unset"
type=SERVICE_STOP msg=audit(1720295006.341:718): pid=1 uid=0 auid=4294967295 ses=4294967295 msg='unit=serial-getty@ttyS0 comm="systemd" exe="/usr/lib/systemd/systemd" hostname=? addr=? terminal=? res=success'UID="root" AUID="unset"
type=SERVICE_START msg=audit(1720295006.568:719): pid=1 uid=0 auid=4294967295 ses=4294967295 msg='unit=serial-getty@ttyS0 comm="systemd" exe="/usr/lib/systemd/systemd" hostname=? addr=? terminal=? res=success'UID="root" AUID="unset"
type=SERVICE_STOP msg=audit(1720295006.568:720): pid=1 uid=0 auid=4294967295 ses=4294967295 msg='unit=serial-getty@ttyS0 comm="systemd" exe="/usr/lib/systemd/systemd" hostname=? addr=? terminal=? res=success'UID="root" AUID="unset"
type=SERVICE_START msg=audit(1720295006.577:721): pid=1 uid=0 auid=4294967295 ses=4294967295 msg='unit=serial-getty@ttyS0 comm="systemd" exe="/usr/lib/systemd/systemd" hostname=? addr=? terminal=? res=success'UID="root" AUID="unset"
type=SERVICE_STOP msg=audit(1720295016.590:722): pid=1 uid=0 auid=4294967295 ses=4294967295 msg='unit=serial-getty@ttyS0 comm="systemd" exe="/usr/lib/systemd/systemd" hostname=? addr=? terminal=? res=success'UID="root" AUID="unset"
type=SERVICE_START msg=audit(1720295016.818:723): pid=1 uid=0 auid=4294967295 ses=4294967295 msg='unit=serial-getty@ttyS0 comm="systemd" exe="/usr/lib/systemd/systemd" hostname=? addr=? terminal=? res=success'UID="root" AUID="unset"
type=SERVICE_STOP msg=audit(1720295016.818:724): pid=1 uid=0 auid=4294967295 ses=4294967295 msg='unit=serial-getty@ttyS0 comm="systemd" exe="/usr/lib/systemd/systemd" hostname=? addr=? terminal=? res=success'UID="root" AUID="unset"
type=SERVICE_START msg=audit(1720295016.830:725): pid=1 uid=0 auid=4294967295 ses=4294967295 msg='unit=serial-getty@ttyS0 comm="systemd" exe="/usr/lib/systemd/systemd" hostname=? addr=? terminal=? res=success'UID="root" AUID="unset"
type=SERVICE_STOP msg=audit(1720295026.846:726): pid=1 uid=0 auid=4294967295 ses=4294967295 msg='unit=serial-getty@ttyS0 comm="systemd" exe="/usr/lib/systemd/systemd" hostname=? addr=? terminal=? res=success'UID="root" AUID="unset"
type=SERVICE_START msg=audit(1720295027.068:727): pid=1 uid=0 auid=4294967295 ses=4294967295 msg='unit=serial-getty@ttyS0 comm="systemd" exe="/usr/lib/systemd/systemd" hostname=? addr=? terminal=? res=success'UID="root" AUID="unset"
type=SERVICE_STOP msg=audit(1720295027.068:728): pid=1 uid=0 auid=4294967295 ses=4294967295 msg='unit=serial-getty@ttyS0 comm="systemd" exe="/usr/lib/systemd/systemd" hostname=? addr=? terminal=? res=success'UID="root" AUID="unset"
type=SERVICE_START msg=audit(1720295027.076:729): pid=1 uid=0 auid=4294967295 ses=4294967295 msg='unit=serial-getty@ttyS0 comm="systemd" exe="/usr/lib/systemd/systemd" hostname=? addr=? terminal=? res=success'UID="root" AUID="unset"
type=SERVICE_STOP msg=audit(1720295037.091:730): pid=1 uid=0 auid=4294967295 ses=4294967295 msg='unit=serial-getty@ttyS0 comm="systemd" exe="/usr/lib/systemd/systemd" hostname=? addr=? terminal=? res=success'UID="root" AUID="unset"
type=SERVICE_START msg=audit(1720295037.317:731): pid=1 uid=0 auid=4294967295 ses=4294967295 msg='unit=serial-getty@ttyS0 comm="systemd" exe="/usr/lib/systemd/systemd" hostname=? addr=? terminal=? res=success'UID="root" AUID="unset"
type=SERVICE_STOP msg=audit(1720295037.318:732): pid=1 uid=0 auid=4294967295 ses=4294967295 msg='unit=serial-getty@ttyS0 comm="systemd" exe="/usr/lib/systemd/systemd" hostname=? addr=? terminal=? res=success'UID="root" AUID="unset"
type=SERVICE_START msg=audit(1720295037.329:733): pid=1 uid=0 auid=4294967295 ses=4294967295 msg='unit=serial-getty@ttyS0 comm="systemd" exe="/usr/lib/systemd/systemd" hostname=? addr=? terminal=? res=success'UID="root" AUID="unset"
type=SERVICE_STOP msg=audit(1720295047.340:734): pid=1 uid=0 auid=4294967295 ses=4294967295 msg='unit=serial-getty@ttyS0 comm="systemd" exe="/usr/lib/systemd/systemd" hostname=? addr=? terminal=? res=success'UID="root" AUID="unset"
type=SERVICE_START msg=audit(1720295047.567:735): pid=1 uid=0 auid=4294967295 ses=4294967295 msg='unit=serial-getty@ttyS0 comm="systemd" exe="/usr/lib/systemd/systemd" hostname=? addr=? terminal=? res=success'UID="root" AUID="unset"
type=SERVICE_STOP msg=audit(1720295047.568:736): pid=1 uid=0 auid=4294967295 ses=4294967295 msg='unit=serial-getty@ttyS0 comm="systemd" exe="/usr/lib/systemd/systemd" hostname=? addr=? terminal=? res=success'UID="root" AUID="unset"
type=SERVICE_START msg=audit(1720295047.582:737): pid=1 uid=0 auid=4294967295 ses=4294967295 msg='unit=serial-getty@ttyS0 comm="systemd" exe="/usr/lib/systemd/systemd" hostname=? addr=? terminal=? res=success'UID="root" AUID="unset"
type=SERVICE_STOP msg=audit(1720295057.594:738): pid=1 uid=0 auid=4294967295 ses=4294967295 msg='unit=serial-getty@ttyS0 comm="systemd" exe="/usr/lib/systemd/systemd" hostname=? addr=? terminal=? res=success'UID="root" AUID="unset"
type=SERVICE_START msg=audit(1720295057.817:739): pid=1 uid=0 auid=4294967295 ses=4294967295 msg='unit=serial-getty@ttyS0 comm="systemd" exe="/usr/lib/systemd/systemd" hostname=? addr=? terminal=? res=success'UID="root" AUID="unset"
type=SERVICE_STOP msg=audit(1720295057.817:740): pid=1 uid=0 auid=4294967295 ses=4294967295 msg='unit=serial-getty@ttyS0 comm="systemd" exe="/usr/lib/systemd/systemd" hostname=? addr=? terminal=? res=success'UID="root" AUID="unset"
type=SERVICE_START msg=audit(1720295057.826:741): pid=1 uid=0 auid=4294967295 ses=4294967295 msg='unit=serial-getty@ttyS0 comm="systemd" exe="/usr/lib/systemd/systemd" hostname=? addr=? terminal=? res=success'UID="root" AUID="unset"
type=SERVICE_STOP msg=audit(1720295067.838:742): pid=1 uid=0 auid=4294967295 ses=4294967295 msg='unit=serial-getty@ttyS0 comm="systemd" exe="/usr/lib/systemd/systemd" hostname=? addr=? terminal=? res=success'UID="root" AUID="unset"
type=SERVICE_START msg=audit(1720295068.068:743): pid=1 uid=0 auid=4294967295 ses=4294967295 msg='unit=serial-getty@ttyS0 comm="systemd" exe="/usr/lib/systemd/systemd" hostname=? addr=? terminal=? res=success'UID="root" AUID="unset"
type=SERVICE_STOP msg=audit(1720295068.068:744): pid=1 uid=0 auid=4294967295 ses=4294967295 msg='unit=serial-getty@ttyS0 comm="systemd" exe="/usr/lib/systemd/systemd" hostname=? addr=? terminal=? res=success'UID="root" AUID="unset"
type=SERVICE_START msg=audit(1720295068.077:745): pid=1 uid=0 auid=4294967295 ses=4294967295 msg='unit=serial-getty@ttyS0 comm="systemd" exe="/usr/lib/systemd/systemd" hostname=? addr=? terminal=? res=success'UID="root" AUID="unset"
type=SERVICE_STOP msg=audit(1720295078.094:746): pid=1 uid=0 auid=4294967295 ses=4294967295 msg='unit=serial-getty@ttyS0 comm="systemd" exe="/usr/lib/systemd/systemd" hostname=? addr=? terminal=? res=success'UID="root" AUID="unset"
type=SERVICE_START msg=audit(1720295078.317:747): pid=1 uid=0 auid=4294967295 ses=4294967295 msg='unit=serial-getty@ttyS0 comm="systemd" exe="/usr/lib/systemd/systemd" hostname=? addr=? terminal=? res=success'UID="root" AUID="unset"
type=SERVICE_STOP msg=audit(1720295078.318:748): pid=1 uid=0 auid=4294967295 ses=4294967295 msg='unit=serial-getty@ttyS0 comm="systemd" exe="/usr/lib/systemd/systemd" hostname=? addr=? terminal=? res=success'UID="root" AUID="unset"
type=SERVICE_START msg=audit(1720295078.327:749): pid=1 uid=0 auid=4294967295 ses=4294967295 msg='unit=serial-getty@ttyS0 comm="systemd" exe="/usr/lib/systemd/systemd" hostname=? addr=? terminal=? res=success'UID="root" AUID="unset"
type=SERVICE_STOP msg=audit(1720295088.350:750): pid=1 uid=0 auid=4294967295 ses=4294967295 msg='unit=serial-getty@ttyS0 comm="systemd" exe="/usr/lib/systemd/systemd" hostname=? addr=? terminal=? res=success'UID="root" AUID="unset"
type=SERVICE_START msg=audit(1720295088.568:751): pid=1 uid=0 auid=4294967295 ses=4294967295 msg='unit=serial-getty@ttyS0 comm="systemd" exe="/usr/lib/systemd/systemd" hostname=? addr=? terminal=? res=success'UID="root" AUID="unset"
type=SERVICE_STOP msg=audit(1720295088.568:752): pid=1 uid=0 auid=4294967295 ses=4294967295 msg='unit=serial-getty@ttyS0 comm="systemd" exe="/usr/lib/systemd/systemd" hostname=? addr=? terminal=? res=success'UID="root" AUID="unset"
type=SERVICE_START msg=audit(1720295088.577:753): pid=1 uid=0 auid=4294967295 ses=4294967295 msg='unit=serial-getty@ttyS0 comm="systemd" exe="/usr/lib/systemd/systemd" hostname=? addr=? terminal=? res=success'UID="root" AUID="unset"
type=SERVICE_STOP msg=audit(1720295098.591:754): pid=1 uid=0 auid=4294967295 ses=4294967295 msg='unit=serial-getty@ttyS0 comm="systemd" exe="/usr/lib/systemd/systemd" hostname=? addr=? terminal=? res=success'UID="root" AUID="unset"
type=SERVICE_START msg=audit(1720295098.818:755): pid=1 uid=0 auid=4294967295 ses=4294967295 msg='unit=serial-getty@ttyS0 comm="systemd" exe="/usr/lib/systemd/systemd" hostname=? addr=? terminal=? res=success'UID="root" AUID="unset"
type=SERVICE_STOP msg=audit(1720295098.818:756): pid=1 uid=0 auid=4294967295 ses=4294967295 msg='unit=serial-getty@ttyS0 comm="systemd" exe="/usr/lib/systemd/systemd" hostname=? addr=? terminal=? res=success'UID="root" AUID="unset"
type=SERVICE_START msg=audit(1720295098.831:757): pid=1 uid=0 auid=4294967295 ses=4294967295 msg='unit=serial-getty@ttyS0 comm="systemd" exe="/usr/lib/systemd/systemd" hostname=? addr=? terminal=? res=success'UID="root" AUID="unset"
type=SERVICE_STOP msg=audit(1720295108.851:758): pid=1 uid=0 auid=4294967295 ses=4294967295 msg='unit=serial-getty@ttyS0 comm="systemd" exe="/usr/lib/systemd/systemd" hostname=? addr=? terminal=? res=success'UID="root" AUID="unset"
type=SERVICE_START msg=audit(1720295109.068:759): pid=1 uid=0 auid=4294967295 ses=4294967295 msg='unit=serial-getty@ttyS0 comm="systemd" exe="/usr/lib/systemd/systemd" hostname=? addr=? terminal=? res=success'UID="root" AUID="unset"
type=SERVICE_STOP msg=audit(1720295109.068:760): pid=1 uid=0 auid=4294967295 ses=4294967295 msg='unit=serial-getty@ttyS0 comm="systemd" exe="/usr/lib/systemd/systemd" hostname=? addr=? terminal=? res=success'UID="root" AUID="unset"
type=SERVICE_START msg=audit(1720295109.078:761): pid=1 uid=0 auid=4294967295 ses=4294967295 msg='unit=serial-getty@ttyS0 comm="systemd" exe="/usr/lib/systemd/systemd" hostname=? addr=? terminal=? res=success'UID="root" AUID="unset"
type=SERVICE_STOP msg=audit(1720295119.092:762): pid=1 uid=0 auid=4294967295 ses=4294967295 msg='unit=serial-getty@ttyS0 comm="systemd" exe="/usr/lib/systemd/systemd" hostname=? addr=? terminal=? res=success'UID="root" AUID="unset"
type=SERVICE_START msg=audit(1720295119.318:763): pid=1 uid=0 auid=4294967295 ses=4294967295 msg='unit=serial-getty@ttyS0 comm="systemd" exe="/usr/lib/systemd/systemd" hostname=? addr=? terminal=? res=success'UID="root" AUID="unset"
type=SERVICE_STOP msg=audit(1720295119.318:764): pid=1 uid=0 auid=4294967295 ses=4294967295 msg='unit=serial-getty@ttyS0 comm="systemd" exe="/usr/lib/systemd/systemd" hostname=? addr=? terminal=? res=success'UID="root" AUID="unset"
type=SERVICE_START msg=audit(1720295119.335:765): pid=1 uid=0 auid=4294967295 ses=4294967295 msg='unit=serial-getty@ttyS0 comm="systemd" exe="/usr/lib/systemd/systemd" hostname=? addr=? terminal=? res=success'UID="root" AUID="unset"
type=SERVICE_STOP msg=audit(1720295129.348:766): pid=1 uid=0 auid=4294967295 ses=4294967295 msg='unit=serial-getty@ttyS0 comm="systemd" exe="/usr/lib/systemd/systemd" hostname=? addr=? terminal=? res=success'UID="root" AUID="unset"
type=SERVICE_START msg=audit(1720295129.567:767): pid=1 uid=0 auid=4294967295 ses=4294967295 msg='unit=serial-getty@ttyS0 comm="systemd" exe="/usr/lib/systemd/systemd" hostname=? addr=? terminal=? res=success'UID="root" AUID="unset"
type=SERVICE_STOP msg=audit(1720295129.568:768): pid=1 uid=0 auid=4294967295 ses=4294967295 msg='unit=serial-getty@ttyS0 comm="systemd" exe="/usr/lib/systemd/systemd" hostname=? addr=? terminal=? res=success'UID="root" AUID="unset"
type=SERVICE_START msg=audit(1720295129.576:769): pid=1 uid=0 auid=4294967295 ses=4294967295 msg='unit=serial-getty@ttyS0 comm="systemd" exe="/usr/lib/systemd/systemd" hostname=? addr=? terminal=? res=success'UID="root" AUID="unset"
type=USER_ACCT msg=audit(1720295137.123:770): pid=3210 uid=1002 auid=1002 ses=1 msg='op=PAM:accounting grantors=pam_permit acct="vyos" exe="/usr/bin/sudo" hostname=? addr=? terminal=/dev/pts/0 res=success'UID="vyos" AUID="vyos"
type=USER_CMD msg=audit(1720295137.124:771): pid=3210 uid=1002 auid=1002 ses=1 msg='cwd="/tmp" cmd=726D202D72662073797374656D5F6261636B75702E7461722E677A exe="/usr/bin/sudo" terminal=pts/0 res=success'UID="vyos" AUID="vyos"
type=CRED_REFR msg=audit(1720295137.125:772): pid=3210 uid=1002 auid=1002 ses=1 msg='op=PAM:setcred grantors=pam_permit,pam_cap acct="root" exe="/usr/bin/sudo" hostname=? addr=? terminal=/dev/pts/0 res=success'UID="vyos" AUID="vyos"
type=USER_START msg=audit(1720295137.125:773): pid=3210 uid=1002 auid=1002 ses=1 msg='op=PAM:session_open grantors=pam_limits,pam_permit,pam_mkhomedir,pam_unix acct="root" exe="/usr/bin/sudo" hostname=? addr=? terminal=/dev/pts/0 res=success'UID="vyos" AUID="vyos"
type=USER_END msg=audit(1720295137.133:774): pid=3210 uid=1002 auid=1002 ses=1 msg='op=PAM:session_close grantors=pam_limits,pam_permit,pam_mkhomedir,pam_unix acct="root" exe="/usr/bin/sudo" hostname=? addr=? terminal=/dev/pts/0 res=success'UID="vyos" AUID="vyos"
type=CRED_DISP msg=audit(1720295137.133:775): pid=3210 uid=1002 auid=1002 ses=1 msg='op=PAM:setcred grantors=pam_permit acct="root" exe="/usr/bin/sudo" hostname=? addr=? terminal=/dev/pts/0 res=success'UID="vyos" AUID="vyos"
type=USER_ACCT msg=audit(1720295139.027:776): pid=3213 uid=1002 auid=1002 ses=1 msg='op=PAM:accounting grantors=pam_permit acct="vyos" exe="/usr/bin/sudo" hostname=? addr=? terminal=/dev/pts/0 res=success'UID="vyos" AUID="vyos"
type=USER_CMD msg=audit(1720295139.028:777): pid=3213 uid=1002 auid=1002 ses=1 msg='cwd="/tmp" cmd=746172202D2D6578636C7564653D2F70726F63202D2D6578636C7564653D2F626F6F74202D2D6578636C7564653D2F757372202D2D6578636C7564653D2F737973202D2D6578636C7564653D2F646576202D2D6578636C7564653D2F746D702F73797374656D5F6261636B75702E7461722E677A202D6376707A66202F746D702F73797374656D5F6261636B75702E7461722E677A202F exe="/usr/bin/sudo" terminal=pts/0 res=success'UID="vyos" AUID="vyos"
type=CRED_REFR msg=audit(1720295139.029:778): pid=3213 uid=1002 auid=1002 ses=1 msg='op=PAM:setcred grantors=pam_permit,pam_cap acct="root" exe="/usr/bin/sudo" hostname=? addr=? terminal=/dev/pts/0 res=success'UID="vyos" AUID="vyos"
type=USER_START msg=audit(1720295139.029:779): pid=3213 uid=1002 auid=1002 ses=1 msg='op=PAM:session_open grantors=pam_limits,pam_permit,pam_mkhomedir,pam_unix acct="root" exe="/usr/bin/sudo" hostname=? addr=? terminal=/dev/pts/0 res=success'UID="vyos" AUID="vyos"
type=SERVICE_STOP msg=audit(1720295139.599:780): pid=1 uid=0 auid=4294967295 ses=4294967295 msg='unit=serial-getty@ttyS0 comm="systemd" exe="/usr/lib/systemd/systemd" hostname=? addr=? terminal=? res=success'UID="root" AUID="unset"
type=SERVICE_START msg=audit(1720295139.817:781): pid=1 uid=0 auid=4294967295 ses=4294967295 msg='unit=serial-getty@ttyS0 comm="systemd" exe="/usr/lib/systemd/systemd" hostname=? addr=? terminal=? res=success'UID="root" AUID="unset"
type=SERVICE_STOP msg=audit(1720295139.817:782): pid=1 uid=0 auid=4294967295 ses=4294967295 msg='unit=serial-getty@ttyS0 comm="systemd" exe="/usr/lib/systemd/systemd" hostname=? addr=? terminal=? res=success'UID="root" AUID="unset"
type=SERVICE_START msg=audit(1720295139.823:783): pid=1 uid=0 auid=4294967295 ses=4294967295 msg='unit=serial-getty@ttyS0 comm="systemd" exe="/usr/lib/systemd/systemd" hostname=? addr=? terminal=? res=success'UID="root" AUID="unset"
