cp[/opt/vyatta/config/tmp/new_config_1971]->[/opt/vyatta/config/tmp/tmp_1971/work]
recursive_copy_dir failed due to boost::filesystem::copy_file: Invalid cross-device link: "/opt/vyatta/config/tmp/new_config_1971/interfaces/ethernet/eth0/address/node.val", "/opt/vyatta/config/tmp/tmp_1971/work/interfaces/ethernet/eth0/address/node.val" in copy_file. Falling back to internal stream_file
recursive_copy_dir failed due to boost::filesystem::copy_file: Invalid cross-device link: "/opt/vyatta/config/tmp/new_config_1971/interfaces/ethernet/eth0/hw-id/node.val", "/opt/vyatta/config/tmp/tmp_1971/work/interfaces/ethernet/eth0/hw-id/node.val" in copy_file. Falling back to internal stream_file
recursive_copy_dir failed due to boost::filesystem::copy_file: Invalid cross-device link: "/opt/vyatta/config/tmp/new_config_1971/service/ntp/allow-client/address/node.val", "/opt/vyatta/config/tmp/tmp_1971/work/service/ntp/allow-client/address/node.val" in copy_file. Falling back to internal stream_file
recursive_copy_dir failed due to boost::filesystem::copy_file: Invalid cross-device link: "/opt/vyatta/config/tmp/new_config_1971/service/ssh/port/node.val", "/opt/vyatta/config/tmp/tmp_1971/work/service/ssh/port/node.val" in copy_file. Falling back to internal stream_file
recursive_copy_dir failed due to boost::filesystem::copy_file: Invalid cross-device link: "/opt/vyatta/config/tmp/new_config_1971/system/config-management/commit-revisions/node.val", "/opt/vyatta/config/tmp/tmp_1971/work/system/config-management/commit-revisions/node.val" in copy_file. Falling back to internal stream_file
recursive_copy_dir failed due to boost::filesystem::copy_file: Invalid cross-device link: "/opt/vyatta/config/tmp/new_config_1971/system/console/device/ttyS0/speed/node.val", "/opt/vyatta/config/tmp/tmp_1971/work/system/console/device/ttyS0/speed/node.val" in copy_file. Falling back to internal stream_file
recursive_copy_dir failed due to boost::filesystem::copy_file: Invalid cross-device link: "/opt/vyatta/config/tmp/new_config_1971/system/host-name/node.val", "/opt/vyatta/config/tmp/tmp_1971/work/system/host-name/node.val" in copy_file. Falling back to internal stream_file
recursive_copy_dir failed due to boost::filesystem::copy_file: Invalid cross-device link: "/opt/vyatta/config/tmp/new_config_1971/system/login/user/vyos/authentication/encrypted-password/node.val", "/opt/vyatta/config/tmp/tmp_1971/work/system/login/user/vyos/authentication/encrypted-password/node.val" in copy_file. Falling back to internal stream_file
recursive_copy_dir failed due to boost::filesystem::copy_file: Invalid cross-device link: "/opt/vyatta/config/tmp/new_config_1971/system/syslog/global/facility/all/level/node.val", "/opt/vyatta/config/tmp/tmp_1971/work/system/syslog/global/facility/all/level/node.val" in copy_file. Falling back to internal stream_file
recursive_copy_dir failed due to boost::filesystem::copy_file: Invalid cross-device link: "/opt/vyatta/config/tmp/new_config_1971/system/syslog/global/facility/local7/level/node.val", "/opt/vyatta/config/tmp/tmp_1971/work/system/syslog/global/facility/local7/level/node.val" in copy_file. Falling back to internal stream_file
no tap[/opt/vyatta/config/tmp/tmp_1971/active]
cp[/opt/vyatta/config/tmp/new_config_1971]->[/opt/vyatta/config/tmp/tmp_1971/active]
recursive_copy_dir failed due to boost::filesystem::copy_file: Invalid cross-device link: "/opt/vyatta/config/tmp/new_config_1971/interfaces/ethernet/eth0/address/node.val", "/opt/vyatta/config/tmp/tmp_1971/active/interfaces/ethernet/eth0/address/node.val" in copy_file. Falling back to internal stream_file
recursive_copy_dir failed due to boost::filesystem::copy_file: Invalid cross-device link: "/opt/vyatta/config/tmp/new_config_1971/interfaces/ethernet/eth0/hw-id/node.val", "/opt/vyatta/config/tmp/tmp_1971/active/interfaces/ethernet/eth0/hw-id/node.val" in copy_file. Falling back to internal stream_file
recursive_copy_dir failed due to boost::filesystem::copy_file: Invalid cross-device link: "/opt/vyatta/config/tmp/new_config_1971/service/ntp/allow-client/address/node.val", "/opt/vyatta/config/tmp/tmp_1971/active/service/ntp/allow-client/address/node.val" in copy_file. Falling back to internal stream_file
recursive_copy_dir failed due to boost::filesystem::copy_file: Invalid cross-device link: "/opt/vyatta/config/tmp/new_config_1971/service/ssh/port/node.val", "/opt/vyatta/config/tmp/tmp_1971/active/service/ssh/port/node.val" in copy_file. Falling back to internal stream_file
recursive_copy_dir failed due to boost::filesystem::copy_file: Invalid cross-device link: "/opt/vyatta/config/tmp/new_config_1971/system/config-management/commit-revisions/node.val", "/opt/vyatta/config/tmp/tmp_1971/active/system/config-management/commit-revisions/node.val" in copy_file. Falling back to internal stream_file
recursive_copy_dir failed due to boost::filesystem::copy_file: Invalid cross-device link: "/opt/vyatta/config/tmp/new_config_1971/system/console/device/ttyS0/speed/node.val", "/opt/vyatta/config/tmp/tmp_1971/active/system/console/device/ttyS0/speed/node.val" in copy_file. Falling back to internal stream_file
recursive_copy_dir failed due to boost::filesystem::copy_file: Invalid cross-device link: "/opt/vyatta/config/tmp/new_config_1971/system/host-name/node.val", "/opt/vyatta/config/tmp/tmp_1971/active/system/host-name/node.val" in copy_file. Falling back to internal stream_file
recursive_copy_dir failed due to boost::filesystem::copy_file: Invalid cross-device link: "/opt/vyatta/config/tmp/new_config_1971/system/login/user/vyos/authentication/encrypted-password/node.val", "/opt/vyatta/config/tmp/tmp_1971/active/system/login/user/vyos/authentication/encrypted-password/node.val" in copy_file. Falling back to internal stream_file
recursive_copy_dir failed due to boost::filesystem::copy_file: Invalid cross-device link: "/opt/vyatta/config/tmp/new_config_1971/system/syslog/global/facility/all/level/node.val", "/opt/vyatta/config/tmp/tmp_1971/active/system/syslog/global/facility/all/level/node.val" in copy_file. Falling back to internal stream_file
recursive_copy_dir failed due to boost::filesystem::copy_file: Invalid cross-device link: "/opt/vyatta/config/tmp/new_config_1971/system/syslog/global/facility/local7/level/node.val", "/opt/vyatta/config/tmp/tmp_1971/active/system/syslog/global/facility/local7/level/node.val" in copy_file. Falling back to internal stream_file
cp[/opt/vyatta/config/tmp/new_config_3025]->[/opt/vyatta/config/tmp/tmp_3025/work]
recursive_copy_dir failed due to boost::filesystem::copy_file: Invalid cross-device link: "/opt/vyatta/config/tmp/new_config_3025/interfaces/ethernet/eth0/description/node.val", "/opt/vyatta/config/tmp/tmp_3025/work/interfaces/ethernet/eth0/description/node.val" in copy_file. Falling back to internal stream_file
recursive_copy_dir failed due to boost::filesystem::copy_file: Invalid cross-device link: "/opt/vyatta/config/tmp/new_config_3025/interfaces/ethernet/eth0/address/node.val", "/opt/vyatta/config/tmp/tmp_3025/work/interfaces/ethernet/eth0/address/node.val" in copy_file. Falling back to internal stream_file
recursive_copy_dir failed due to boost::filesystem::copy_file: Invalid cross-device link: "/opt/vyatta/config/tmp/new_config_3025/interfaces/ethernet/eth0/hw-id/node.val", "/opt/vyatta/config/tmp/tmp_3025/work/interfaces/ethernet/eth0/hw-id/node.val" in copy_file. Falling back to internal stream_file
recursive_copy_dir failed due to boost::filesystem::copy_file: Invalid cross-device link: "/opt/vyatta/config/tmp/new_config_3025/firewall/global-options/state-policy/established/action/node.val", "/opt/vyatta/config/tmp/tmp_3025/work/firewall/global-options/state-policy/established/action/node.val" in copy_file. Falling back to internal stream_file
recursive_copy_dir failed due to boost::filesystem::copy_file: Invalid cross-device link: "/opt/vyatta/config/tmp/new_config_3025/firewall/global-options/state-policy/related/action/node.val", "/opt/vyatta/config/tmp/tmp_3025/work/firewall/global-options/state-policy/related/action/node.val" in copy_file. Falling back to internal stream_file
recursive_copy_dir failed due to boost::filesystem::copy_file: Invalid cross-device link: "/opt/vyatta/config/tmp/new_config_3025/firewall/global-options/state-policy/invalid/action/node.val", "/opt/vyatta/config/tmp/tmp_3025/work/firewall/global-options/state-policy/invalid/action/node.val" in copy_file. Falling back to internal stream_file
recursive_copy_dir failed due to boost::filesystem::copy_file: Invalid cross-device link: "/opt/vyatta/config/tmp/new_config_3025/firewall/ipv4/name/CONN_FILTER/default-action/node.val", "/opt/vyatta/config/tmp/tmp_3025/work/firewall/ipv4/name/CONN_FILTER/default-action/node.val" in copy_file. Falling back to internal stream_file
recursive_copy_dir failed due to boost::filesystem::copy_file: Invalid cross-device link: "/opt/vyatta/config/tmp/new_config_3025/firewall/ipv4/name/CONN_FILTER/rule/10/action/node.val", "/opt/vyatta/config/tmp/tmp_3025/work/firewall/ipv4/name/CONN_FILTER/rule/10/action/node.val" in copy_file. Falling back to internal stream_file
recursive_copy_dir failed due to boost::filesystem::copy_file: Invalid cross-device link: "/opt/vyatta/config/tmp/new_config_3025/firewall/ipv4/name/CONN_FILTER/rule/10/state/node.val", "/opt/vyatta/config/tmp/tmp_3025/work/firewall/ipv4/name/CONN_FILTER/rule/10/state/node.val" in copy_file. Falling back to internal stream_file
recursive_copy_dir failed due to boost::filesystem::copy_file: Invalid cross-device link: "/opt/vyatta/config/tmp/new_config_3025/firewall/ipv4/name/CONN_FILTER/rule/20/action/node.val", "/opt/vyatta/config/tmp/tmp_3025/work/firewall/ipv4/name/CONN_FILTER/rule/20/action/node.val" in copy_file. Falling back to internal stream_file
recursive_copy_dir failed due to boost::filesystem::copy_file: Invalid cross-device link: "/opt/vyatta/config/tmp/new_config_3025/firewall/ipv4/name/CONN_FILTER/rule/20/state/node.val", "/opt/vyatta/config/tmp/tmp_3025/work/firewall/ipv4/name/CONN_FILTER/rule/20/state/node.val" in copy_file. Falling back to internal stream_file
recursive_copy_dir failed due to boost::filesystem::copy_file: Invalid cross-device link: "/opt/vyatta/config/tmp/new_config_3025/firewall/ipv4/forward/filter/rule/10/action/node.val", "/opt/vyatta/config/tmp/tmp_3025/work/firewall/ipv4/forward/filter/rule/10/action/node.val" in copy_file. Falling back to internal stream_file
recursive_copy_dir failed due to boost::filesystem::copy_file: Invalid cross-device link: "/opt/vyatta/config/tmp/new_config_3025/firewall/ipv4/forward/filter/rule/10/jump-target/node.val", "/opt/vyatta/config/tmp/tmp_3025/work/firewall/ipv4/forward/filter/rule/10/jump-target/node.val" in copy_file. Falling back to internal stream_file
recursive_copy_dir failed due to boost::filesystem::copy_file: Invalid cross-device link: "/opt/vyatta/config/tmp/new_config_3025/firewall/ipv4/forward/filter/rule/10/state/node.val", "/opt/vyatta/config/tmp/tmp_3025/work/firewall/ipv4/forward/filter/rule/10/state/node.val" in copy_file. Falling back to internal stream_file
recursive_copy_dir failed due to boost::filesystem::copy_file: Invalid cross-device link: "/opt/vyatta/config/tmp/new_config_3025/firewall/ipv4/forward/filter/rule/5/action/node.val", "/opt/vyatta/config/tmp/tmp_3025/work/firewall/ipv4/forward/filter/rule/5/action/node.val" in copy_file. Falling back to internal stream_file
recursive_copy_dir failed due to boost::filesystem::copy_file: Invalid cross-device link: "/opt/vyatta/config/tmp/new_config_3025/firewall/ipv4/forward/filter/rule/5/state/node.val", "/opt/vyatta/config/tmp/tmp_3025/work/firewall/ipv4/forward/filter/rule/5/state/node.val" in copy_file. Falling back to internal stream_file
recursive_copy_dir failed due to boost::filesystem::copy_file: Invalid cross-device link: "/opt/vyatta/config/tmp/new_config_3025/firewall/ipv4/input/filter/rule/10/action/node.val", "/opt/vyatta/config/tmp/tmp_3025/work/firewall/ipv4/input/filter/rule/10/action/node.val" in copy_file. Falling back to internal stream_file
recursive_copy_dir failed due to boost::filesystem::copy_file: Invalid cross-device link: "/opt/vyatta/config/tmp/new_config_3025/firewall/ipv4/input/filter/rule/10/jump-target/node.val", "/opt/vyatta/config/tmp/tmp_3025/work/firewall/ipv4/input/filter/rule/10/jump-target/node.val" in copy_file. Falling back to internal stream_file
recursive_copy_dir failed due to boost::filesystem::copy_file: Invalid cross-device link: "/opt/vyatta/config/tmp/new_config_3025/firewall/ipv4/input/filter/rule/10/state/node.val", "/opt/vyatta/config/tmp/tmp_3025/work/firewall/ipv4/input/filter/rule/10/state/node.val" in copy_file. Falling back to internal stream_file
recursive_copy_dir failed due to boost::filesystem::copy_file: Invalid cross-device link: "/opt/vyatta/config/tmp/new_config_3025/firewall/ipv4/input/filter/rule/5/action/node.val", "/opt/vyatta/config/tmp/tmp_3025/work/firewall/ipv4/input/filter/rule/5/action/node.val" in copy_file. Falling back to internal stream_file
recursive_copy_dir failed due to boost::filesystem::copy_file: Invalid cross-device link: "/opt/vyatta/config/tmp/new_config_3025/firewall/ipv4/input/filter/rule/5/state/node.val", "/opt/vyatta/config/tmp/tmp_3025/work/firewall/ipv4/input/filter/rule/5/state/node.val" in copy_file. Falling back to internal stream_file
recursive_copy_dir failed due to boost::filesystem::copy_file: Invalid cross-device link: "/opt/vyatta/config/tmp/new_config_3025/service/ntp/allow-client/address/node.val", "/opt/vyatta/config/tmp/tmp_3025/work/service/ntp/allow-client/address/node.val" in copy_file. Falling back to internal stream_file
recursive_copy_dir failed due to boost::filesystem::copy_file: Invalid cross-device link: "/opt/vyatta/config/tmp/new_config_3025/service/ssh/port/node.val", "/opt/vyatta/config/tmp/tmp_3025/work/service/ssh/port/node.val" in copy_file. Falling back to internal stream_file
recursive_copy_dir failed due to boost::filesystem::copy_file: Invalid cross-device link: "/opt/vyatta/config/tmp/new_config_3025/system/config-management/commit-revisions/node.val", "/opt/vyatta/config/tmp/tmp_3025/work/system/config-management/commit-revisions/node.val" in copy_file. Falling back to internal stream_file
recursive_copy_dir failed due to boost::filesystem::copy_file: Invalid cross-device link: "/opt/vyatta/config/tmp/new_config_3025/system/console/device/ttyS0/speed/node.val", "/opt/vyatta/config/tmp/tmp_3025/work/system/console/device/ttyS0/speed/node.val" in copy_file. Falling back to internal stream_file
recursive_copy_dir failed due to boost::filesystem::copy_file: Invalid cross-device link: "/opt/vyatta/config/tmp/new_config_3025/system/host-name/node.val", "/opt/vyatta/config/tmp/tmp_3025/work/system/host-name/node.val" in copy_file. Falling back to internal stream_file
recursive_copy_dir failed due to boost::filesystem::copy_file: Invalid cross-device link: "/opt/vyatta/config/tmp/new_config_3025/system/login/user/vyos/authentication/encrypted-password/node.val", "/opt/vyatta/config/tmp/tmp_3025/work/system/login/user/vyos/authentication/encrypted-password/node.val" in copy_file. Falling back to internal stream_file
recursive_copy_dir failed due to boost::filesystem::copy_file: Invalid cross-device link: "/opt/vyatta/config/tmp/new_config_3025/system/syslog/global/facility/all/level/node.val", "/opt/vyatta/config/tmp/tmp_3025/work/system/syslog/global/facility/all/level/node.val" in copy_file. Falling back to internal stream_file
recursive_copy_dir failed due to boost::filesystem::copy_file: Invalid cross-device link: "/opt/vyatta/config/tmp/new_config_3025/system/syslog/global/facility/local7/level/node.val", "/opt/vyatta/config/tmp/tmp_3025/work/system/syslog/global/facility/local7/level/node.val" in copy_file. Falling back to internal stream_file
no tap[/opt/vyatta/config/tmp/tmp_3025/active]
cp[/opt/vyatta/config/tmp/new_config_3025]->[/opt/vyatta/config/tmp/tmp_3025/active]
recursive_copy_dir failed due to boost::filesystem::copy_file: Invalid cross-device link: "/opt/vyatta/config/tmp/new_config_3025/interfaces/ethernet/eth0/description/node.val", "/opt/vyatta/config/tmp/tmp_3025/active/interfaces/ethernet/eth0/description/node.val" in copy_file. Falling back to internal stream_file
recursive_copy_dir failed due to boost::filesystem::copy_file: Invalid cross-device link: "/opt/vyatta/config/tmp/new_config_3025/interfaces/ethernet/eth0/address/node.val", "/opt/vyatta/config/tmp/tmp_3025/active/interfaces/ethernet/eth0/address/node.val" in copy_file. Falling back to internal stream_file
recursive_copy_dir failed due to boost::filesystem::copy_file: Invalid cross-device link: "/opt/vyatta/config/tmp/new_config_3025/interfaces/ethernet/eth0/hw-id/node.val", "/opt/vyatta/config/tmp/tmp_3025/active/interfaces/ethernet/eth0/hw-id/node.val" in copy_file. Falling back to internal stream_file
recursive_copy_dir failed due to boost::filesystem::copy_file: Invalid cross-device link: "/opt/vyatta/config/tmp/new_config_3025/firewall/global-options/state-policy/established/action/node.val", "/opt/vyatta/config/tmp/tmp_3025/active/firewall/global-options/state-policy/established/action/node.val" in copy_file. Falling back to internal stream_file
recursive_copy_dir failed due to boost::filesystem::copy_file: Invalid cross-device link: "/opt/vyatta/config/tmp/new_config_3025/firewall/global-options/state-policy/related/action/node.val", "/opt/vyatta/config/tmp/tmp_3025/active/firewall/global-options/state-policy/related/action/node.val" in copy_file. Falling back to internal stream_file
recursive_copy_dir failed due to boost::filesystem::copy_file: Invalid cross-device link: "/opt/vyatta/config/tmp/new_config_3025/firewall/global-options/state-policy/invalid/action/node.val", "/opt/vyatta/config/tmp/tmp_3025/active/firewall/global-options/state-policy/invalid/action/node.val" in copy_file. Falling back to internal stream_file
recursive_copy_dir failed due to boost::filesystem::copy_file: Invalid cross-device link: "/opt/vyatta/config/tmp/new_config_3025/firewall/ipv4/name/CONN_FILTER/default-action/node.val", "/opt/vyatta/config/tmp/tmp_3025/active/firewall/ipv4/name/CONN_FILTER/default-action/node.val" in copy_file. Falling back to internal stream_file
recursive_copy_dir failed due to boost::filesystem::copy_file: Invalid cross-device link: "/opt/vyatta/config/tmp/new_config_3025/firewall/ipv4/name/CONN_FILTER/rule/10/action/node.val", "/opt/vyatta/config/tmp/tmp_3025/active/firewall/ipv4/name/CONN_FILTER/rule/10/action/node.val" in copy_file. Falling back to internal stream_file
recursive_copy_dir failed due to boost::filesystem::copy_file: Invalid cross-device link: "/opt/vyatta/config/tmp/new_config_3025/firewall/ipv4/name/CONN_FILTER/rule/10/state/node.val", "/opt/vyatta/config/tmp/tmp_3025/active/firewall/ipv4/name/CONN_FILTER/rule/10/state/node.val" in copy_file. Falling back to internal stream_file
recursive_copy_dir failed due to boost::filesystem::copy_file: Invalid cross-device link: "/opt/vyatta/config/tmp/new_config_3025/firewall/ipv4/name/CONN_FILTER/rule/20/action/node.val", "/opt/vyatta/config/tmp/tmp_3025/active/firewall/ipv4/name/CONN_FILTER/rule/20/action/node.val" in copy_file. Falling back to internal stream_file
recursive_copy_dir failed due to boost::filesystem::copy_file: Invalid cross-device link: "/opt/vyatta/config/tmp/new_config_3025/firewall/ipv4/name/CONN_FILTER/rule/20/state/node.val", "/opt/vyatta/config/tmp/tmp_3025/active/firewall/ipv4/name/CONN_FILTER/rule/20/state/node.val" in copy_file. Falling back to internal stream_file
recursive_copy_dir failed due to boost::filesystem::copy_file: Invalid cross-device link: "/opt/vyatta/config/tmp/new_config_3025/firewall/ipv4/forward/filter/rule/10/action/node.val", "/opt/vyatta/config/tmp/tmp_3025/active/firewall/ipv4/forward/filter/rule/10/action/node.val" in copy_file. Falling back to internal stream_file
recursive_copy_dir failed due to boost::filesystem::copy_file: Invalid cross-device link: "/opt/vyatta/config/tmp/new_config_3025/firewall/ipv4/forward/filter/rule/10/jump-target/node.val", "/opt/vyatta/config/tmp/tmp_3025/active/firewall/ipv4/forward/filter/rule/10/jump-target/node.val" in copy_file. Falling back to internal stream_file
recursive_copy_dir failed due to boost::filesystem::copy_file: Invalid cross-device link: "/opt/vyatta/config/tmp/new_config_3025/firewall/ipv4/forward/filter/rule/10/state/node.val", "/opt/vyatta/config/tmp/tmp_3025/active/firewall/ipv4/forward/filter/rule/10/state/node.val" in copy_file. Falling back to internal stream_file
recursive_copy_dir failed due to boost::filesystem::copy_file: Invalid cross-device link: "/opt/vyatta/config/tmp/new_config_3025/firewall/ipv4/forward/filter/rule/5/action/node.val", "/opt/vyatta/config/tmp/tmp_3025/active/firewall/ipv4/forward/filter/rule/5/action/node.val" in copy_file. Falling back to internal stream_file
recursive_copy_dir failed due to boost::filesystem::copy_file: Invalid cross-device link: "/opt/vyatta/config/tmp/new_config_3025/firewall/ipv4/forward/filter/rule/5/state/node.val", "/opt/vyatta/config/tmp/tmp_3025/active/firewall/ipv4/forward/filter/rule/5/state/node.val" in copy_file. Falling back to internal stream_file
recursive_copy_dir failed due to boost::filesystem::copy_file: Invalid cross-device link: "/opt/vyatta/config/tmp/new_config_3025/firewall/ipv4/input/filter/rule/10/action/node.val", "/opt/vyatta/config/tmp/tmp_3025/active/firewall/ipv4/input/filter/rule/10/action/node.val" in copy_file. Falling back to internal stream_file
recursive_copy_dir failed due to boost::filesystem::copy_file: Invalid cross-device link: "/opt/vyatta/config/tmp/new_config_3025/firewall/ipv4/input/filter/rule/10/jump-target/node.val", "/opt/vyatta/config/tmp/tmp_3025/active/firewall/ipv4/input/filter/rule/10/jump-target/node.val" in copy_file. Falling back to internal stream_file
recursive_copy_dir failed due to boost::filesystem::copy_file: Invalid cross-device link: "/opt/vyatta/config/tmp/new_config_3025/firewall/ipv4/input/filter/rule/10/state/node.val", "/opt/vyatta/config/tmp/tmp_3025/active/firewall/ipv4/input/filter/rule/10/state/node.val" in copy_file. Falling back to internal stream_file
recursive_copy_dir failed due to boost::filesystem::copy_file: Invalid cross-device link: "/opt/vyatta/config/tmp/new_config_3025/firewall/ipv4/input/filter/rule/5/action/node.val", "/opt/vyatta/config/tmp/tmp_3025/active/firewall/ipv4/input/filter/rule/5/action/node.val" in copy_file. Falling back to internal stream_file
recursive_copy_dir failed due to boost::filesystem::copy_file: Invalid cross-device link: "/opt/vyatta/config/tmp/new_config_3025/firewall/ipv4/input/filter/rule/5/state/node.val", "/opt/vyatta/config/tmp/tmp_3025/active/firewall/ipv4/input/filter/rule/5/state/node.val" in copy_file. Falling back to internal stream_file
recursive_copy_dir failed due to boost::filesystem::copy_file: Invalid cross-device link: "/opt/vyatta/config/tmp/new_config_3025/service/ntp/allow-client/address/node.val", "/opt/vyatta/config/tmp/tmp_3025/active/service/ntp/allow-client/address/node.val" in copy_file. Falling back to internal stream_file
recursive_copy_dir failed due to boost::filesystem::copy_file: Invalid cross-device link: "/opt/vyatta/config/tmp/new_config_3025/service/ssh/port/node.val", "/opt/vyatta/config/tmp/tmp_3025/active/service/ssh/port/node.val" in copy_file. Falling back to internal stream_file
recursive_copy_dir failed due to boost::filesystem::copy_file: Invalid cross-device link: "/opt/vyatta/config/tmp/new_config_3025/system/config-management/commit-revisions/node.val", "/opt/vyatta/config/tmp/tmp_3025/active/system/config-management/commit-revisions/node.val" in copy_file. Falling back to internal stream_file
recursive_copy_dir failed due to boost::filesystem::copy_file: Invalid cross-device link: "/opt/vyatta/config/tmp/new_config_3025/system/console/device/ttyS0/speed/node.val", "/opt/vyatta/config/tmp/tmp_3025/active/system/console/device/ttyS0/speed/node.val" in copy_file. Falling back to internal stream_file
recursive_copy_dir failed due to boost::filesystem::copy_file: Invalid cross-device link: "/opt/vyatta/config/tmp/new_config_3025/system/host-name/node.val", "/opt/vyatta/config/tmp/tmp_3025/active/system/host-name/node.val" in copy_file. Falling back to internal stream_file
recursive_copy_dir failed due to boost::filesystem::copy_file: Invalid cross-device link: "/opt/vyatta/config/tmp/new_config_3025/system/login/user/vyos/authentication/encrypted-password/node.val", "/opt/vyatta/config/tmp/tmp_3025/active/system/login/user/vyos/authentication/encrypted-password/node.val" in copy_file. Falling back to internal stream_file
recursive_copy_dir failed due to boost::filesystem::copy_file: Invalid cross-device link: "/opt/vyatta/config/tmp/new_config_3025/system/syslog/global/facility/all/level/node.val", "/opt/vyatta/config/tmp/tmp_3025/active/system/syslog/global/facility/all/level/node.val" in copy_file. Falling back to internal stream_file
recursive_copy_dir failed due to boost::filesystem::copy_file: Invalid cross-device link: "/opt/vyatta/config/tmp/new_config_3025/system/syslog/global/facility/local7/level/node.val", "/opt/vyatta/config/tmp/tmp_3025/active/system/syslog/global/facility/local7/level/node.val" in copy_file. Falling back to internal stream_file
rm[/opt/vyatta/config/tmp/tmp_3025/active/firewall]
no ap[/opt/vyatta/config/active/firewall]
rm[/opt/vyatta/config/tmp/tmp_3025/active/interfaces/ethernet/eth0]
rm[/opt/vyatta/config/tmp/tmp_3025/active/interfaces/ethernet]
cp[/opt/vyatta/config/tmp/new_config_3025/interfaces/ethernet/eth0]->[/opt/vyatta/config/tmp/tmp_3025/active/interfaces/ethernet/eth0]
recursive_copy_dir failed due to boost::filesystem::copy_file: Invalid cross-device link: "/opt/vyatta/config/tmp/new_config_3025/interfaces/ethernet/eth0/description/node.val", "/opt/vyatta/config/tmp/tmp_3025/active/interfaces/ethernet/eth0/description/node.val" in copy_file. Falling back to internal stream_file
recursive_copy_dir failed due to boost::filesystem::copy_file: Invalid cross-device link: "/opt/vyatta/config/tmp/new_config_3025/interfaces/ethernet/eth0/address/node.val", "/opt/vyatta/config/tmp/tmp_3025/active/interfaces/ethernet/eth0/address/node.val" in copy_file. Falling back to internal stream_file
recursive_copy_dir failed due to boost::filesystem::copy_file: Invalid cross-device link: "/opt/vyatta/config/tmp/new_config_3025/interfaces/ethernet/eth0/hw-id/node.val", "/opt/vyatta/config/tmp/tmp_3025/active/interfaces/ethernet/eth0/hw-id/node.val" in copy_file. Falling back to internal stream_file
recursive_copy_dir failed due to boost::filesystem::copy_file: Invalid cross-device link: "/opt/vyatta/config/tmp/tmp_3025/work/firewall/global-options/state-policy/established/action/node.val", "/opt/vyatta/config/tmp/new_config_3025/firewall/global-options/state-policy/established/action/node.val" in copy_file. Falling back to internal stream_file
recursive_copy_dir failed due to boost::filesystem::copy_file: Invalid cross-device link: "/opt/vyatta/config/tmp/tmp_3025/work/firewall/global-options/state-policy/related/action/node.val", "/opt/vyatta/config/tmp/new_config_3025/firewall/global-options/state-policy/related/action/node.val" in copy_file. Falling back to internal stream_file
recursive_copy_dir failed due to boost::filesystem::copy_file: Invalid cross-device link: "/opt/vyatta/config/tmp/tmp_3025/work/firewall/global-options/state-policy/invalid/action/node.val", "/opt/vyatta/config/tmp/new_config_3025/firewall/global-options/state-policy/invalid/action/node.val" in copy_file. Falling back to internal stream_file
recursive_copy_dir failed due to boost::filesystem::copy_file: Invalid cross-device link: "/opt/vyatta/config/tmp/tmp_3025/work/firewall/ipv4/name/CONN_FILTER/default-action/node.val", "/opt/vyatta/config/tmp/new_config_3025/firewall/ipv4/name/CONN_FILTER/default-action/node.val" in copy_file. Falling back to internal stream_file
recursive_copy_dir failed due to boost::filesystem::copy_file: Invalid cross-device link: "/opt/vyatta/config/tmp/tmp_3025/work/firewall/ipv4/name/CONN_FILTER/rule/10/action/node.val", "/opt/vyatta/config/tmp/new_config_3025/firewall/ipv4/name/CONN_FILTER/rule/10/action/node.val" in copy_file. Falling back to internal stream_file
recursive_copy_dir failed due to boost::filesystem::copy_file: Invalid cross-device link: "/opt/vyatta/config/tmp/tmp_3025/work/firewall/ipv4/name/CONN_FILTER/rule/10/state/node.val", "/opt/vyatta/config/tmp/new_config_3025/firewall/ipv4/name/CONN_FILTER/rule/10/state/node.val" in copy_file. Falling back to internal stream_file
recursive_copy_dir failed due to boost::filesystem::copy_file: Invalid cross-device link: "/opt/vyatta/config/tmp/tmp_3025/work/firewall/ipv4/name/CONN_FILTER/rule/20/action/node.val", "/opt/vyatta/config/tmp/new_config_3025/firewall/ipv4/name/CONN_FILTER/rule/20/action/node.val" in copy_file. Falling back to internal stream_file
recursive_copy_dir failed due to boost::filesystem::copy_file: Invalid cross-device link: "/opt/vyatta/config/tmp/tmp_3025/work/firewall/ipv4/name/CONN_FILTER/rule/20/state/node.val", "/opt/vyatta/config/tmp/new_config_3025/firewall/ipv4/name/CONN_FILTER/rule/20/state/node.val" in copy_file. Falling back to internal stream_file
recursive_copy_dir failed due to boost::filesystem::copy_file: Invalid cross-device link: "/opt/vyatta/config/tmp/tmp_3025/work/firewall/ipv4/forward/filter/rule/10/action/node.val", "/opt/vyatta/config/tmp/new_config_3025/firewall/ipv4/forward/filter/rule/10/action/node.val" in copy_file. Falling back to internal stream_file
recursive_copy_dir failed due to boost::filesystem::copy_file: Invalid cross-device link: "/opt/vyatta/config/tmp/tmp_3025/work/firewall/ipv4/forward/filter/rule/10/jump-target/node.val", "/opt/vyatta/config/tmp/new_config_3025/firewall/ipv4/forward/filter/rule/10/jump-target/node.val" in copy_file. Falling back to internal stream_file
recursive_copy_dir failed due to boost::filesystem::copy_file: Invalid cross-device link: "/opt/vyatta/config/tmp/tmp_3025/work/firewall/ipv4/forward/filter/rule/10/state/node.val", "/opt/vyatta/config/tmp/new_config_3025/firewall/ipv4/forward/filter/rule/10/state/node.val" in copy_file. Falling back to internal stream_file
recursive_copy_dir failed due to boost::filesystem::copy_file: Invalid cross-device link: "/opt/vyatta/config/tmp/tmp_3025/work/firewall/ipv4/forward/filter/rule/5/action/node.val", "/opt/vyatta/config/tmp/new_config_3025/firewall/ipv4/forward/filter/rule/5/action/node.val" in copy_file. Falling back to internal stream_file
recursive_copy_dir failed due to boost::filesystem::copy_file: Invalid cross-device link: "/opt/vyatta/config/tmp/tmp_3025/work/firewall/ipv4/forward/filter/rule/5/state/node.val", "/opt/vyatta/config/tmp/new_config_3025/firewall/ipv4/forward/filter/rule/5/state/node.val" in copy_file. Falling back to internal stream_file
recursive_copy_dir failed due to boost::filesystem::copy_file: Invalid cross-device link: "/opt/vyatta/config/tmp/tmp_3025/work/firewall/ipv4/input/filter/rule/10/action/node.val", "/opt/vyatta/config/tmp/new_config_3025/firewall/ipv4/input/filter/rule/10/action/node.val" in copy_file. Falling back to internal stream_file
recursive_copy_dir failed due to boost::filesystem::copy_file: Invalid cross-device link: "/opt/vyatta/config/tmp/tmp_3025/work/firewall/ipv4/input/filter/rule/10/jump-target/node.val", "/opt/vyatta/config/tmp/new_config_3025/firewall/ipv4/input/filter/rule/10/jump-target/node.val" in copy_file. Falling back to internal stream_file
recursive_copy_dir failed due to boost::filesystem::copy_file: Invalid cross-device link: "/opt/vyatta/config/tmp/tmp_3025/work/firewall/ipv4/input/filter/rule/10/state/node.val", "/opt/vyatta/config/tmp/new_config_3025/firewall/ipv4/input/filter/rule/10/state/node.val" in copy_file. Falling back to internal stream_file
recursive_copy_dir failed due to boost::filesystem::copy_file: Invalid cross-device link: "/opt/vyatta/config/tmp/tmp_3025/work/firewall/ipv4/input/filter/rule/5/action/node.val", "/opt/vyatta/config/tmp/new_config_3025/firewall/ipv4/input/filter/rule/5/action/node.val" in copy_file. Falling back to internal stream_file
recursive_copy_dir failed due to boost::filesystem::copy_file: Invalid cross-device link: "/opt/vyatta/config/tmp/tmp_3025/work/firewall/ipv4/input/filter/rule/5/state/node.val", "/opt/vyatta/config/tmp/new_config_3025/firewall/ipv4/input/filter/rule/5/state/node.val" in copy_file. Falling back to internal stream_file
cp[/opt/vyatta/config/tmp/new_config_3025]->[/opt/vyatta/config/tmp/tmp_3025/work]
recursive_copy_dir failed due to boost::filesystem::copy_file: Invalid cross-device link: "/opt/vyatta/config/tmp/new_config_3025/firewall/global-options/state-policy/established/action/node.val", "/opt/vyatta/config/tmp/tmp_3025/work/firewall/global-options/state-policy/established/action/node.val" in copy_file. Falling back to internal stream_file
recursive_copy_dir failed due to boost::filesystem::copy_file: Invalid cross-device link: "/opt/vyatta/config/tmp/new_config_3025/firewall/global-options/state-policy/related/action/node.val", "/opt/vyatta/config/tmp/tmp_3025/work/firewall/global-options/state-policy/related/action/node.val" in copy_file. Falling back to internal stream_file
recursive_copy_dir failed due to boost::filesystem::copy_file: Invalid cross-device link: "/opt/vyatta/config/tmp/new_config_3025/firewall/global-options/state-policy/invalid/action/node.val", "/opt/vyatta/config/tmp/tmp_3025/work/firewall/global-options/state-policy/invalid/action/node.val" in copy_file. Falling back to internal stream_file
recursive_copy_dir failed due to boost::filesystem::copy_file: Invalid cross-device link: "/opt/vyatta/config/tmp/new_config_3025/firewall/ipv4/name/CONN_FILTER/default-action/node.val", "/opt/vyatta/config/tmp/tmp_3025/work/firewall/ipv4/name/CONN_FILTER/default-action/node.val" in copy_file. Falling back to internal stream_file
recursive_copy_dir failed due to boost::filesystem::copy_file: Invalid cross-device link: "/opt/vyatta/config/tmp/new_config_3025/firewall/ipv4/name/CONN_FILTER/rule/10/action/node.val", "/opt/vyatta/config/tmp/tmp_3025/work/firewall/ipv4/name/CONN_FILTER/rule/10/action/node.val" in copy_file. Falling back to internal stream_file
recursive_copy_dir failed due to boost::filesystem::copy_file: Invalid cross-device link: "/opt/vyatta/config/tmp/new_config_3025/firewall/ipv4/name/CONN_FILTER/rule/10/state/node.val", "/opt/vyatta/config/tmp/tmp_3025/work/firewall/ipv4/name/CONN_FILTER/rule/10/state/node.val" in copy_file. Falling back to internal stream_file
recursive_copy_dir failed due to boost::filesystem::copy_file: Invalid cross-device link: "/opt/vyatta/config/tmp/new_config_3025/firewall/ipv4/name/CONN_FILTER/rule/20/action/node.val", "/opt/vyatta/config/tmp/tmp_3025/work/firewall/ipv4/name/CONN_FILTER/rule/20/action/node.val" in copy_file. Falling back to internal stream_file
recursive_copy_dir failed due to boost::filesystem::copy_file: Invalid cross-device link: "/opt/vyatta/config/tmp/new_config_3025/firewall/ipv4/name/CONN_FILTER/rule/20/state/node.val", "/opt/vyatta/config/tmp/tmp_3025/work/firewall/ipv4/name/CONN_FILTER/rule/20/state/node.val" in copy_file. Falling back to internal stream_file
recursive_copy_dir failed due to boost::filesystem::copy_file: Invalid cross-device link: "/opt/vyatta/config/tmp/new_config_3025/firewall/ipv4/forward/filter/rule/10/action/node.val", "/opt/vyatta/config/tmp/tmp_3025/work/firewall/ipv4/forward/filter/rule/10/action/node.val" in copy_file. Falling back to internal stream_file
recursive_copy_dir failed due to boost::filesystem::copy_file: Invalid cross-device link: "/opt/vyatta/config/tmp/new_config_3025/firewall/ipv4/forward/filter/rule/10/jump-target/node.val", "/opt/vyatta/config/tmp/tmp_3025/work/firewall/ipv4/forward/filter/rule/10/jump-target/node.val" in copy_file. Falling back to internal stream_file
recursive_copy_dir failed due to boost::filesystem::copy_file: Invalid cross-device link: "/opt/vyatta/config/tmp/new_config_3025/firewall/ipv4/forward/filter/rule/10/state/node.val", "/opt/vyatta/config/tmp/tmp_3025/work/firewall/ipv4/forward/filter/rule/10/state/node.val" in copy_file. Falling back to internal stream_file
recursive_copy_dir failed due to boost::filesystem::copy_file: Invalid cross-device link: "/opt/vyatta/config/tmp/new_config_3025/firewall/ipv4/forward/filter/rule/5/action/node.val", "/opt/vyatta/config/tmp/tmp_3025/work/firewall/ipv4/forward/filter/rule/5/action/node.val" in copy_file. Falling back to internal stream_file
recursive_copy_dir failed due to boost::filesystem::copy_file: Invalid cross-device link: "/opt/vyatta/config/tmp/new_config_3025/firewall/ipv4/forward/filter/rule/5/state/node.val", "/opt/vyatta/config/tmp/tmp_3025/work/firewall/ipv4/forward/filter/rule/5/state/node.val" in copy_file. Falling back to internal stream_file
recursive_copy_dir failed due to boost::filesystem::copy_file: Invalid cross-device link: "/opt/vyatta/config/tmp/new_config_3025/firewall/ipv4/input/filter/rule/10/action/node.val", "/opt/vyatta/config/tmp/tmp_3025/work/firewall/ipv4/input/filter/rule/10/action/node.val" in copy_file. Falling back to internal stream_file
recursive_copy_dir failed due to boost::filesystem::copy_file: Invalid cross-device link: "/opt/vyatta/config/tmp/new_config_3025/firewall/ipv4/input/filter/rule/10/jump-target/node.val", "/opt/vyatta/config/tmp/tmp_3025/work/firewall/ipv4/input/filter/rule/10/jump-target/node.val" in copy_file. Falling back to internal stream_file
recursive_copy_dir failed due to boost::filesystem::copy_file: Invalid cross-device link: "/opt/vyatta/config/tmp/new_config_3025/firewall/ipv4/input/filter/rule/10/state/node.val", "/opt/vyatta/config/tmp/tmp_3025/work/firewall/ipv4/input/filter/rule/10/state/node.val" in copy_file. Falling back to internal stream_file
recursive_copy_dir failed due to boost::filesystem::copy_file: Invalid cross-device link: "/opt/vyatta/config/tmp/new_config_3025/firewall/ipv4/input/filter/rule/5/action/node.val", "/opt/vyatta/config/tmp/tmp_3025/work/firewall/ipv4/input/filter/rule/5/action/node.val" in copy_file. Falling back to internal stream_file
recursive_copy_dir failed due to boost::filesystem::copy_file: Invalid cross-device link: "/opt/vyatta/config/tmp/new_config_3025/firewall/ipv4/input/filter/rule/5/state/node.val", "/opt/vyatta/config/tmp/tmp_3025/work/firewall/ipv4/input/filter/rule/5/state/node.val" in copy_file. Falling back to internal stream_file
recursive_copy_dir failed due to boost::filesystem::copy_file: Invalid cross-device link: "/opt/vyatta/config/tmp/new_config_3025/interfaces/ethernet/eth0/description/node.val", "/opt/vyatta/config/tmp/tmp_3025/work/interfaces/ethernet/eth0/description/node.val" in copy_file. Falling back to internal stream_file
recursive_copy_dir failed due to boost::filesystem::copy_file: Invalid cross-device link: "/opt/vyatta/config/tmp/new_config_3025/interfaces/ethernet/eth0/address/node.val", "/opt/vyatta/config/tmp/tmp_3025/work/interfaces/ethernet/eth0/address/node.val" in copy_file. Falling back to internal stream_file
recursive_copy_dir failed due to boost::filesystem::copy_file: Invalid cross-device link: "/opt/vyatta/config/tmp/new_config_3025/interfaces/ethernet/eth0/hw-id/node.val", "/opt/vyatta/config/tmp/tmp_3025/work/interfaces/ethernet/eth0/hw-id/node.val" in copy_file. Falling back to internal stream_file
recursive_copy_dir failed due to boost::filesystem::copy_file: Invalid cross-device link: "/opt/vyatta/config/tmp/new_config_3025/service/ntp/allow-client/address/node.val", "/opt/vyatta/config/tmp/tmp_3025/work/service/ntp/allow-client/address/node.val" in copy_file. Falling back to internal stream_file
recursive_copy_dir failed due to boost::filesystem::copy_file: Invalid cross-device link: "/opt/vyatta/config/tmp/new_config_3025/service/ssh/port/node.val", "/opt/vyatta/config/tmp/tmp_3025/work/service/ssh/port/node.val" in copy_file. Falling back to internal stream_file
recursive_copy_dir failed due to boost::filesystem::copy_file: Invalid cross-device link: "/opt/vyatta/config/tmp/new_config_3025/system/config-management/commit-revisions/node.val", "/opt/vyatta/config/tmp/tmp_3025/work/system/config-management/commit-revisions/node.val" in copy_file. Falling back to internal stream_file
recursive_copy_dir failed due to boost::filesystem::copy_file: Invalid cross-device link: "/opt/vyatta/config/tmp/new_config_3025/system/console/device/ttyS0/speed/node.val", "/opt/vyatta/config/tmp/tmp_3025/work/system/console/device/ttyS0/speed/node.val" in copy_file. Falling back to internal stream_file
recursive_copy_dir failed due to boost::filesystem::copy_file: Invalid cross-device link: "/opt/vyatta/config/tmp/new_config_3025/system/host-name/node.val", "/opt/vyatta/config/tmp/tmp_3025/work/system/host-name/node.val" in copy_file. Falling back to internal stream_file
recursive_copy_dir failed due to boost::filesystem::copy_file: Invalid cross-device link: "/opt/vyatta/config/tmp/new_config_3025/system/login/user/vyos/authentication/encrypted-password/node.val", "/opt/vyatta/config/tmp/tmp_3025/work/system/login/user/vyos/authentication/encrypted-password/node.val" in copy_file. Falling back to internal stream_file
recursive_copy_dir failed due to boost::filesystem::copy_file: Invalid cross-device link: "/opt/vyatta/config/tmp/new_config_3025/system/syslog/global/facility/all/level/node.val", "/opt/vyatta/config/tmp/tmp_3025/work/system/syslog/global/facility/all/level/node.val" in copy_file. Falling back to internal stream_file
recursive_copy_dir failed due to boost::filesystem::copy_file: Invalid cross-device link: "/opt/vyatta/config/tmp/new_config_3025/system/syslog/global/facility/local7/level/node.val", "/opt/vyatta/config/tmp/tmp_3025/work/system/syslog/global/facility/local7/level/node.val" in copy_file. Falling back to internal stream_file
no tap[/opt/vyatta/config/tmp/tmp_3025/active]
cp[/opt/vyatta/config/tmp/new_config_3025]->[/opt/vyatta/config/tmp/tmp_3025/active]
recursive_copy_dir failed due to boost::filesystem::copy_file: Invalid cross-device link: "/opt/vyatta/config/tmp/new_config_3025/firewall/global-options/state-policy/established/action/node.val", "/opt/vyatta/config/tmp/tmp_3025/active/firewall/global-options/state-policy/established/action/node.val" in copy_file. Falling back to internal stream_file
recursive_copy_dir failed due to boost::filesystem::copy_file: Invalid cross-device link: "/opt/vyatta/config/tmp/new_config_3025/firewall/global-options/state-policy/related/action/node.val", "/opt/vyatta/config/tmp/tmp_3025/active/firewall/global-options/state-policy/related/action/node.val" in copy_file. Falling back to internal stream_file
recursive_copy_dir failed due to boost::filesystem::copy_file: Invalid cross-device link: "/opt/vyatta/config/tmp/new_config_3025/firewall/global-options/state-policy/invalid/action/node.val", "/opt/vyatta/config/tmp/tmp_3025/active/firewall/global-options/state-policy/invalid/action/node.val" in copy_file. Falling back to internal stream_file
recursive_copy_dir failed due to boost::filesystem::copy_file: Invalid cross-device link: "/opt/vyatta/config/tmp/new_config_3025/firewall/ipv4/name/CONN_FILTER/default-action/node.val", "/opt/vyatta/config/tmp/tmp_3025/active/firewall/ipv4/name/CONN_FILTER/default-action/node.val" in copy_file. Falling back to internal stream_file
recursive_copy_dir failed due to boost::filesystem::copy_file: Invalid cross-device link: "/opt/vyatta/config/tmp/new_config_3025/firewall/ipv4/name/CONN_FILTER/rule/10/action/node.val", "/opt/vyatta/config/tmp/tmp_3025/active/firewall/ipv4/name/CONN_FILTER/rule/10/action/node.val" in copy_file. Falling back to internal stream_file
recursive_copy_dir failed due to boost::filesystem::copy_file: Invalid cross-device link: "/opt/vyatta/config/tmp/new_config_3025/firewall/ipv4/name/CONN_FILTER/rule/10/state/node.val", "/opt/vyatta/config/tmp/tmp_3025/active/firewall/ipv4/name/CONN_FILTER/rule/10/state/node.val" in copy_file. Falling back to internal stream_file
recursive_copy_dir failed due to boost::filesystem::copy_file: Invalid cross-device link: "/opt/vyatta/config/tmp/new_config_3025/firewall/ipv4/name/CONN_FILTER/rule/20/action/node.val", "/opt/vyatta/config/tmp/tmp_3025/active/firewall/ipv4/name/CONN_FILTER/rule/20/action/node.val" in copy_file. Falling back to internal stream_file
recursive_copy_dir failed due to boost::filesystem::copy_file: Invalid cross-device link: "/opt/vyatta/config/tmp/new_config_3025/firewall/ipv4/name/CONN_FILTER/rule/20/state/node.val", "/opt/vyatta/config/tmp/tmp_3025/active/firewall/ipv4/name/CONN_FILTER/rule/20/state/node.val" in copy_file. Falling back to internal stream_file
recursive_copy_dir failed due to boost::filesystem::copy_file: Invalid cross-device link: "/opt/vyatta/config/tmp/new_config_3025/firewall/ipv4/forward/filter/rule/10/action/node.val", "/opt/vyatta/config/tmp/tmp_3025/active/firewall/ipv4/forward/filter/rule/10/action/node.val" in copy_file. Falling back to internal stream_file
recursive_copy_dir failed due to boost::filesystem::copy_file: Invalid cross-device link: "/opt/vyatta/config/tmp/new_config_3025/firewall/ipv4/forward/filter/rule/10/jump-target/node.val", "/opt/vyatta/config/tmp/tmp_3025/active/firewall/ipv4/forward/filter/rule/10/jump-target/node.val" in copy_file. Falling back to internal stream_file
recursive_copy_dir failed due to boost::filesystem::copy_file: Invalid cross-device link: "/opt/vyatta/config/tmp/new_config_3025/firewall/ipv4/forward/filter/rule/10/state/node.val", "/opt/vyatta/config/tmp/tmp_3025/active/firewall/ipv4/forward/filter/rule/10/state/node.val" in copy_file. Falling back to internal stream_file
recursive_copy_dir failed due to boost::filesystem::copy_file: Invalid cross-device link: "/opt/vyatta/config/tmp/new_config_3025/firewall/ipv4/forward/filter/rule/5/action/node.val", "/opt/vyatta/config/tmp/tmp_3025/active/firewall/ipv4/forward/filter/rule/5/action/node.val" in copy_file. Falling back to internal stream_file
recursive_copy_dir failed due to boost::filesystem::copy_file: Invalid cross-device link: "/opt/vyatta/config/tmp/new_config_3025/firewall/ipv4/forward/filter/rule/5/state/node.val", "/opt/vyatta/config/tmp/tmp_3025/active/firewall/ipv4/forward/filter/rule/5/state/node.val" in copy_file. Falling back to internal stream_file
recursive_copy_dir failed due to boost::filesystem::copy_file: Invalid cross-device link: "/opt/vyatta/config/tmp/new_config_3025/firewall/ipv4/input/filter/rule/10/action/node.val", "/opt/vyatta/config/tmp/tmp_3025/active/firewall/ipv4/input/filter/rule/10/action/node.val" in copy_file. Falling back to internal stream_file
recursive_copy_dir failed due to boost::filesystem::copy_file: Invalid cross-device link: "/opt/vyatta/config/tmp/new_config_3025/firewall/ipv4/input/filter/rule/10/jump-target/node.val", "/opt/vyatta/config/tmp/tmp_3025/active/firewall/ipv4/input/filter/rule/10/jump-target/node.val" in copy_file. Falling back to internal stream_file
recursive_copy_dir failed due to boost::filesystem::copy_file: Invalid cross-device link: "/opt/vyatta/config/tmp/new_config_3025/firewall/ipv4/input/filter/rule/10/state/node.val", "/opt/vyatta/config/tmp/tmp_3025/active/firewall/ipv4/input/filter/rule/10/state/node.val" in copy_file. Falling back to internal stream_file
recursive_copy_dir failed due to boost::filesystem::copy_file: Invalid cross-device link: "/opt/vyatta/config/tmp/new_config_3025/firewall/ipv4/input/filter/rule/5/action/node.val", "/opt/vyatta/config/tmp/tmp_3025/active/firewall/ipv4/input/filter/rule/5/action/node.val" in copy_file. Falling back to internal stream_file
recursive_copy_dir failed due to boost::filesystem::copy_file: Invalid cross-device link: "/opt/vyatta/config/tmp/new_config_3025/firewall/ipv4/input/filter/rule/5/state/node.val", "/opt/vyatta/config/tmp/tmp_3025/active/firewall/ipv4/input/filter/rule/5/state/node.val" in copy_file. Falling back to internal stream_file
recursive_copy_dir failed due to boost::filesystem::copy_file: Invalid cross-device link: "/opt/vyatta/config/tmp/new_config_3025/interfaces/ethernet/eth0/description/node.val", "/opt/vyatta/config/tmp/tmp_3025/active/interfaces/ethernet/eth0/description/node.val" in copy_file. Falling back to internal stream_file
recursive_copy_dir failed due to boost::filesystem::copy_file: Invalid cross-device link: "/opt/vyatta/config/tmp/new_config_3025/interfaces/ethernet/eth0/address/node.val", "/opt/vyatta/config/tmp/tmp_3025/active/interfaces/ethernet/eth0/address/node.val" in copy_file. Falling back to internal stream_file
recursive_copy_dir failed due to boost::filesystem::copy_file: Invalid cross-device link: "/opt/vyatta/config/tmp/new_config_3025/interfaces/ethernet/eth0/hw-id/node.val", "/opt/vyatta/config/tmp/tmp_3025/active/interfaces/ethernet/eth0/hw-id/node.val" in copy_file. Falling back to internal stream_file
recursive_copy_dir failed due to boost::filesystem::copy_file: Invalid cross-device link: "/opt/vyatta/config/tmp/new_config_3025/service/ntp/allow-client/address/node.val", "/opt/vyatta/config/tmp/tmp_3025/active/service/ntp/allow-client/address/node.val" in copy_file. Falling back to internal stream_file
recursive_copy_dir failed due to boost::filesystem::copy_file: Invalid cross-device link: "/opt/vyatta/config/tmp/new_config_3025/service/ssh/port/node.val", "/opt/vyatta/config/tmp/tmp_3025/active/service/ssh/port/node.val" in copy_file. Falling back to internal stream_file
recursive_copy_dir failed due to boost::filesystem::copy_file: Invalid cross-device link: "/opt/vyatta/config/tmp/new_config_3025/system/config-management/commit-revisions/node.val", "/opt/vyatta/config/tmp/tmp_3025/active/system/config-management/commit-revisions/node.val" in copy_file. Falling back to internal stream_file
recursive_copy_dir failed due to boost::filesystem::copy_file: Invalid cross-device link: "/opt/vyatta/config/tmp/new_config_3025/system/console/device/ttyS0/speed/node.val", "/opt/vyatta/config/tmp/tmp_3025/active/system/console/device/ttyS0/speed/node.val" in copy_file. Falling back to internal stream_file
recursive_copy_dir failed due to boost::filesystem::copy_file: Invalid cross-device link: "/opt/vyatta/config/tmp/new_config_3025/system/host-name/node.val", "/opt/vyatta/config/tmp/tmp_3025/active/system/host-name/node.val" in copy_file. Falling back to internal stream_file
recursive_copy_dir failed due to boost::filesystem::copy_file: Invalid cross-device link: "/opt/vyatta/config/tmp/new_config_3025/system/login/user/vyos/authentication/encrypted-password/node.val", "/opt/vyatta/config/tmp/tmp_3025/active/system/login/user/vyos/authentication/encrypted-password/node.val" in copy_file. Falling back to internal stream_file
recursive_copy_dir failed due to boost::filesystem::copy_file: Invalid cross-device link: "/opt/vyatta/config/tmp/new_config_3025/system/syslog/global/facility/all/level/node.val", "/opt/vyatta/config/tmp/tmp_3025/active/system/syslog/global/facility/all/level/node.val" in copy_file. Falling back to internal stream_file
recursive_copy_dir failed due to boost::filesystem::copy_file: Invalid cross-device link: "/opt/vyatta/config/tmp/new_config_3025/system/syslog/global/facility/local7/level/node.val", "/opt/vyatta/config/tmp/tmp_3025/active/system/syslog/global/facility/local7/level/node.val" in copy_file. Falling back to internal stream_file
cp[/opt/vyatta/config/tmp/new_config_3025]->[/opt/vyatta/config/tmp/tmp_3025/work]
recursive_copy_dir failed due to boost::filesystem::copy_file: Invalid cross-device link: "/opt/vyatta/config/tmp/new_config_3025/system/login/user/admin/authentication/encrypted-password/node.val", "/opt/vyatta/config/tmp/tmp_3025/work/system/login/user/admin/authentication/encrypted-password/node.val" in copy_file. Falling back to internal stream_file
recursive_copy_dir failed due to boost::filesystem::copy_file: Invalid cross-device link: "/opt/vyatta/config/tmp/new_config_3025/system/login/user/vyos/authentication/encrypted-password/node.val", "/opt/vyatta/config/tmp/tmp_3025/work/system/login/user/vyos/authentication/encrypted-password/node.val" in copy_file. Falling back to internal stream_file
recursive_copy_dir failed due to boost::filesystem::copy_file: Invalid cross-device link: "/opt/vyatta/config/tmp/new_config_3025/system/config-management/commit-revisions/node.val", "/opt/vyatta/config/tmp/tmp_3025/work/system/config-management/commit-revisions/node.val" in copy_file. Falling back to internal stream_file
recursive_copy_dir failed due to boost::filesystem::copy_file: Invalid cross-device link: "/opt/vyatta/config/tmp/new_config_3025/system/console/device/ttyS0/speed/node.val", "/opt/vyatta/config/tmp/tmp_3025/work/system/console/device/ttyS0/speed/node.val" in copy_file. Falling back to internal stream_file
recursive_copy_dir failed due to boost::filesystem::copy_file: Invalid cross-device link: "/opt/vyatta/config/tmp/new_config_3025/system/host-name/node.val", "/opt/vyatta/config/tmp/tmp_3025/work/system/host-name/node.val" in copy_file. Falling back to internal stream_file
recursive_copy_dir failed due to boost::filesystem::copy_file: Invalid cross-device link: "/opt/vyatta/config/tmp/new_config_3025/system/syslog/global/facility/all/level/node.val", "/opt/vyatta/config/tmp/tmp_3025/work/system/syslog/global/facility/all/level/node.val" in copy_file. Falling back to internal stream_file
recursive_copy_dir failed due to boost::filesystem::copy_file: Invalid cross-device link: "/opt/vyatta/config/tmp/new_config_3025/system/syslog/global/facility/local7/level/node.val", "/opt/vyatta/config/tmp/tmp_3025/work/system/syslog/global/facility/local7/level/node.val" in copy_file. Falling back to internal stream_file
recursive_copy_dir failed due to boost::filesystem::copy_file: Invalid cross-device link: "/opt/vyatta/config/tmp/new_config_3025/firewall/ipv4/name/PHANTOM_MANAGEMENT/default-action/node.val", "/opt/vyatta/config/tmp/tmp_3025/work/firewall/ipv4/name/PHANTOM_MANAGEMENT/default-action/node.val" in copy_file. Falling back to internal stream_file
recursive_copy_dir failed due to boost::filesystem::copy_file: Invalid cross-device link: "/opt/vyatta/config/tmp/new_config_3025/firewall/ipv4/name/CONN_FILTER/default-action/node.val", "/opt/vyatta/config/tmp/tmp_3025/work/firewall/ipv4/name/CONN_FILTER/default-action/node.val" in copy_file. Falling back to internal stream_file
recursive_copy_dir failed due to boost::filesystem::copy_file: Invalid cross-device link: "/opt/vyatta/config/tmp/new_config_3025/firewall/ipv4/name/CONN_FILTER/rule/10/action/node.val", "/opt/vyatta/config/tmp/tmp_3025/work/firewall/ipv4/name/CONN_FILTER/rule/10/action/node.val" in copy_file. Falling back to internal stream_file
recursive_copy_dir failed due to boost::filesystem::copy_file: Invalid cross-device link: "/opt/vyatta/config/tmp/new_config_3025/firewall/ipv4/name/CONN_FILTER/rule/10/state/node.val", "/opt/vyatta/config/tmp/tmp_3025/work/firewall/ipv4/name/CONN_FILTER/rule/10/state/node.val" in copy_file. Falling back to internal stream_file
recursive_copy_dir failed due to boost::filesystem::copy_file: Invalid cross-device link: "/opt/vyatta/config/tmp/new_config_3025/firewall/ipv4/name/CONN_FILTER/rule/20/action/node.val", "/opt/vyatta/config/tmp/tmp_3025/work/firewall/ipv4/name/CONN_FILTER/rule/20/action/node.val" in copy_file. Falling back to internal stream_file
recursive_copy_dir failed due to boost::filesystem::copy_file: Invalid cross-device link: "/opt/vyatta/config/tmp/new_config_3025/firewall/ipv4/name/CONN_FILTER/rule/20/state/node.val", "/opt/vyatta/config/tmp/tmp_3025/work/firewall/ipv4/name/CONN_FILTER/rule/20/state/node.val" in copy_file. Falling back to internal stream_file
recursive_copy_dir failed due to boost::filesystem::copy_file: Invalid cross-device link: "/opt/vyatta/config/tmp/new_config_3025/firewall/ipv4/input/filter/rule/20/action/node.val", "/opt/vyatta/config/tmp/tmp_3025/work/firewall/ipv4/input/filter/rule/20/action/node.val" in copy_file. Falling back to internal stream_file
recursive_copy_dir failed due to boost::filesystem::copy_file: Invalid cross-device link: "/opt/vyatta/config/tmp/new_config_3025/firewall/ipv4/input/filter/rule/20/jump-target/node.val", "/opt/vyatta/config/tmp/tmp_3025/work/firewall/ipv4/input/filter/rule/20/jump-target/node.val" in copy_file. Falling back to internal stream_file
recursive_copy_dir failed due to boost::filesystem::copy_file: Invalid cross-device link: "/opt/vyatta/config/tmp/new_config_3025/firewall/ipv4/input/filter/rule/20/destination/port/node.val", "/opt/vyatta/config/tmp/tmp_3025/work/firewall/ipv4/input/filter/rule/20/destination/port/node.val" in copy_file. Falling back to internal stream_file
recursive_copy_dir failed due to boost::filesystem::copy_file: Invalid cross-device link: "/opt/vyatta/config/tmp/new_config_3025/firewall/ipv4/input/filter/rule/20/protocol/node.val", "/opt/vyatta/config/tmp/tmp_3025/work/firewall/ipv4/input/filter/rule/20/protocol/node.val" in copy_file. Falling back to internal stream_file
recursive_copy_dir failed due to boost::filesystem::copy_file: Invalid cross-device link: "/opt/vyatta/config/tmp/new_config_3025/firewall/ipv4/input/filter/rule/10/action/node.val", "/opt/vyatta/config/tmp/tmp_3025/work/firewall/ipv4/input/filter/rule/10/action/node.val" in copy_file. Falling back to internal stream_file
recursive_copy_dir failed due to boost::filesystem::copy_file: Invalid cross-device link: "/opt/vyatta/config/tmp/new_config_3025/firewall/ipv4/input/filter/rule/10/jump-target/node.val", "/opt/vyatta/config/tmp/tmp_3025/work/firewall/ipv4/input/filter/rule/10/jump-target/node.val" in copy_file. Falling back to internal stream_file
recursive_copy_dir failed due to boost::filesystem::copy_file: Invalid cross-device link: "/opt/vyatta/config/tmp/new_config_3025/firewall/ipv4/input/filter/rule/10/state/node.val", "/opt/vyatta/config/tmp/tmp_3025/work/firewall/ipv4/input/filter/rule/10/state/node.val" in copy_file. Falling back to internal stream_file
recursive_copy_dir failed due to boost::filesystem::copy_file: Invalid cross-device link: "/opt/vyatta/config/tmp/new_config_3025/firewall/ipv4/input/filter/rule/5/action/node.val", "/opt/vyatta/config/tmp/tmp_3025/work/firewall/ipv4/input/filter/rule/5/action/node.val" in copy_file. Falling back to internal stream_file
recursive_copy_dir failed due to boost::filesystem::copy_file: Invalid cross-device link: "/opt/vyatta/config/tmp/new_config_3025/firewall/ipv4/input/filter/rule/5/state/node.val", "/opt/vyatta/config/tmp/tmp_3025/work/firewall/ipv4/input/filter/rule/5/state/node.val" in copy_file. Falling back to internal stream_file
recursive_copy_dir failed due to boost::filesystem::copy_file: Invalid cross-device link: "/opt/vyatta/config/tmp/new_config_3025/firewall/ipv4/forward/filter/rule/10/action/node.val", "/opt/vyatta/config/tmp/tmp_3025/work/firewall/ipv4/forward/filter/rule/10/action/node.val" in copy_file. Falling back to internal stream_file
recursive_copy_dir failed due to boost::filesystem::copy_file: Invalid cross-device link: "/opt/vyatta/config/tmp/new_config_3025/firewall/ipv4/forward/filter/rule/10/jump-target/node.val", "/opt/vyatta/config/tmp/tmp_3025/work/firewall/ipv4/forward/filter/rule/10/jump-target/node.val" in copy_file. Falling back to internal stream_file
recursive_copy_dir failed due to boost::filesystem::copy_file: Invalid cross-device link: "/opt/vyatta/config/tmp/new_config_3025/firewall/ipv4/forward/filter/rule/10/state/node.val", "/opt/vyatta/config/tmp/tmp_3025/work/firewall/ipv4/forward/filter/rule/10/state/node.val" in copy_file. Falling back to internal stream_file
recursive_copy_dir failed due to boost::filesystem::copy_file: Invalid cross-device link: "/opt/vyatta/config/tmp/new_config_3025/firewall/ipv4/forward/filter/rule/5/action/node.val", "/opt/vyatta/config/tmp/tmp_3025/work/firewall/ipv4/forward/filter/rule/5/action/node.val" in copy_file. Falling back to internal stream_file
recursive_copy_dir failed due to boost::filesystem::copy_file: Invalid cross-device link: "/opt/vyatta/config/tmp/new_config_3025/firewall/ipv4/forward/filter/rule/5/state/node.val", "/opt/vyatta/config/tmp/tmp_3025/work/firewall/ipv4/forward/filter/rule/5/state/node.val" in copy_file. Falling back to internal stream_file
recursive_copy_dir failed due to boost::filesystem::copy_file: Invalid cross-device link: "/opt/vyatta/config/tmp/new_config_3025/firewall/global-options/state-policy/established/action/node.val", "/opt/vyatta/config/tmp/tmp_3025/work/firewall/global-options/state-policy/established/action/node.val" in copy_file. Falling back to internal stream_file
recursive_copy_dir failed due to boost::filesystem::copy_file: Invalid cross-device link: "/opt/vyatta/config/tmp/new_config_3025/firewall/global-options/state-policy/related/action/node.val", "/opt/vyatta/config/tmp/tmp_3025/work/firewall/global-options/state-policy/related/action/node.val" in copy_file. Falling back to internal stream_file
recursive_copy_dir failed due to boost::filesystem::copy_file: Invalid cross-device link: "/opt/vyatta/config/tmp/new_config_3025/firewall/global-options/state-policy/invalid/action/node.val", "/opt/vyatta/config/tmp/tmp_3025/work/firewall/global-options/state-policy/invalid/action/node.val" in copy_file. Falling back to internal stream_file
recursive_copy_dir failed due to boost::filesystem::copy_file: Invalid cross-device link: "/opt/vyatta/config/tmp/new_config_3025/interfaces/ethernet/eth0/description/node.val", "/opt/vyatta/config/tmp/tmp_3025/work/interfaces/ethernet/eth0/description/node.val" in copy_file. Falling back to internal stream_file
recursive_copy_dir failed due to boost::filesystem::copy_file: Invalid cross-device link: "/opt/vyatta/config/tmp/new_config_3025/interfaces/ethernet/eth0/address/node.val", "/opt/vyatta/config/tmp/tmp_3025/work/interfaces/ethernet/eth0/address/node.val" in copy_file. Falling back to internal stream_file
recursive_copy_dir failed due to boost::filesystem::copy_file: Invalid cross-device link: "/opt/vyatta/config/tmp/new_config_3025/interfaces/ethernet/eth0/hw-id/node.val", "/opt/vyatta/config/tmp/tmp_3025/work/interfaces/ethernet/eth0/hw-id/node.val" in copy_file. Falling back to internal stream_file
recursive_copy_dir failed due to boost::filesystem::copy_file: Invalid cross-device link: "/opt/vyatta/config/tmp/new_config_3025/service/ntp/allow-client/address/node.val", "/opt/vyatta/config/tmp/tmp_3025/work/service/ntp/allow-client/address/node.val" in copy_file. Falling back to internal stream_file
recursive_copy_dir failed due to boost::filesystem::copy_file: Invalid cross-device link: "/opt/vyatta/config/tmp/new_config_3025/service/ssh/port/node.val", "/opt/vyatta/config/tmp/tmp_3025/work/service/ssh/port/node.val" in copy_file. Falling back to internal stream_file
no tap[/opt/vyatta/config/tmp/tmp_3025/active]
cp[/opt/vyatta/config/tmp/new_config_3025]->[/opt/vyatta/config/tmp/tmp_3025/active]
recursive_copy_dir failed due to boost::filesystem::copy_file: Invalid cross-device link: "/opt/vyatta/config/tmp/new_config_3025/system/login/user/admin/authentication/encrypted-password/node.val", "/opt/vyatta/config/tmp/tmp_3025/active/system/login/user/admin/authentication/encrypted-password/node.val" in copy_file. Falling back to internal stream_file
recursive_copy_dir failed due to boost::filesystem::copy_file: Invalid cross-device link: "/opt/vyatta/config/tmp/new_config_3025/system/login/user/vyos/authentication/encrypted-password/node.val", "/opt/vyatta/config/tmp/tmp_3025/active/system/login/user/vyos/authentication/encrypted-password/node.val" in copy_file. Falling back to internal stream_file
recursive_copy_dir failed due to boost::filesystem::copy_file: Invalid cross-device link: "/opt/vyatta/config/tmp/new_config_3025/system/config-management/commit-revisions/node.val", "/opt/vyatta/config/tmp/tmp_3025/active/system/config-management/commit-revisions/node.val" in copy_file. Falling back to internal stream_file
recursive_copy_dir failed due to boost::filesystem::copy_file: Invalid cross-device link: "/opt/vyatta/config/tmp/new_config_3025/system/console/device/ttyS0/speed/node.val", "/opt/vyatta/config/tmp/tmp_3025/active/system/console/device/ttyS0/speed/node.val" in copy_file. Falling back to internal stream_file
recursive_copy_dir failed due to boost::filesystem::copy_file: Invalid cross-device link: "/opt/vyatta/config/tmp/new_config_3025/system/host-name/node.val", "/opt/vyatta/config/tmp/tmp_3025/active/system/host-name/node.val" in copy_file. Falling back to internal stream_file
recursive_copy_dir failed due to boost::filesystem::copy_file: Invalid cross-device link: "/opt/vyatta/config/tmp/new_config_3025/system/syslog/global/facility/all/level/node.val", "/opt/vyatta/config/tmp/tmp_3025/active/system/syslog/global/facility/all/level/node.val" in copy_file. Falling back to internal stream_file
recursive_copy_dir failed due to boost::filesystem::copy_file: Invalid cross-device link: "/opt/vyatta/config/tmp/new_config_3025/system/syslog/global/facility/local7/level/node.val", "/opt/vyatta/config/tmp/tmp_3025/active/system/syslog/global/facility/local7/level/node.val" in copy_file. Falling back to internal stream_file
recursive_copy_dir failed due to boost::filesystem::copy_file: Invalid cross-device link: "/opt/vyatta/config/tmp/new_config_3025/firewall/ipv4/name/PHANTOM_MANAGEMENT/default-action/node.val", "/opt/vyatta/config/tmp/tmp_3025/active/firewall/ipv4/name/PHANTOM_MANAGEMENT/default-action/node.val" in copy_file. Falling back to internal stream_file
recursive_copy_dir failed due to boost::filesystem::copy_file: Invalid cross-device link: "/opt/vyatta/config/tmp/new_config_3025/firewall/ipv4/name/CONN_FILTER/default-action/node.val", "/opt/vyatta/config/tmp/tmp_3025/active/firewall/ipv4/name/CONN_FILTER/default-action/node.val" in copy_file. Falling back to internal stream_file
recursive_copy_dir failed due to boost::filesystem::copy_file: Invalid cross-device link: "/opt/vyatta/config/tmp/new_config_3025/firewall/ipv4/name/CONN_FILTER/rule/10/action/node.val", "/opt/vyatta/config/tmp/tmp_3025/active/firewall/ipv4/name/CONN_FILTER/rule/10/action/node.val" in copy_file. Falling back to internal stream_file
recursive_copy_dir failed due to boost::filesystem::copy_file: Invalid cross-device link: "/opt/vyatta/config/tmp/new_config_3025/firewall/ipv4/name/CONN_FILTER/rule/10/state/node.val", "/opt/vyatta/config/tmp/tmp_3025/active/firewall/ipv4/name/CONN_FILTER/rule/10/state/node.val" in copy_file. Falling back to internal stream_file
recursive_copy_dir failed due to boost::filesystem::copy_file: Invalid cross-device link: "/opt/vyatta/config/tmp/new_config_3025/firewall/ipv4/name/CONN_FILTER/rule/20/action/node.val", "/opt/vyatta/config/tmp/tmp_3025/active/firewall/ipv4/name/CONN_FILTER/rule/20/action/node.val" in copy_file. Falling back to internal stream_file
recursive_copy_dir failed due to boost::filesystem::copy_file: Invalid cross-device link: "/opt/vyatta/config/tmp/new_config_3025/firewall/ipv4/name/CONN_FILTER/rule/20/state/node.val", "/opt/vyatta/config/tmp/tmp_3025/active/firewall/ipv4/name/CONN_FILTER/rule/20/state/node.val" in copy_file. Falling back to internal stream_file
recursive_copy_dir failed due to boost::filesystem::copy_file: Invalid cross-device link: "/opt/vyatta/config/tmp/new_config_3025/firewall/ipv4/input/filter/rule/20/action/node.val", "/opt/vyatta/config/tmp/tmp_3025/active/firewall/ipv4/input/filter/rule/20/action/node.val" in copy_file. Falling back to internal stream_file
recursive_copy_dir failed due to boost::filesystem::copy_file: Invalid cross-device link: "/opt/vyatta/config/tmp/new_config_3025/firewall/ipv4/input/filter/rule/20/jump-target/node.val", "/opt/vyatta/config/tmp/tmp_3025/active/firewall/ipv4/input/filter/rule/20/jump-target/node.val" in copy_file. Falling back to internal stream_file
recursive_copy_dir failed due to boost::filesystem::copy_file: Invalid cross-device link: "/opt/vyatta/config/tmp/new_config_3025/firewall/ipv4/input/filter/rule/20/destination/port/node.val", "/opt/vyatta/config/tmp/tmp_3025/active/firewall/ipv4/input/filter/rule/20/destination/port/node.val" in copy_file. Falling back to internal stream_file
recursive_copy_dir failed due to boost::filesystem::copy_file: Invalid cross-device link: "/opt/vyatta/config/tmp/new_config_3025/firewall/ipv4/input/filter/rule/20/protocol/node.val", "/opt/vyatta/config/tmp/tmp_3025/active/firewall/ipv4/input/filter/rule/20/protocol/node.val" in copy_file. Falling back to internal stream_file
recursive_copy_dir failed due to boost::filesystem::copy_file: Invalid cross-device link: "/opt/vyatta/config/tmp/new_config_3025/firewall/ipv4/input/filter/rule/10/action/node.val", "/opt/vyatta/config/tmp/tmp_3025/active/firewall/ipv4/input/filter/rule/10/action/node.val" in copy_file. Falling back to internal stream_file
recursive_copy_dir failed due to boost::filesystem::copy_file: Invalid cross-device link: "/opt/vyatta/config/tmp/new_config_3025/firewall/ipv4/input/filter/rule/10/jump-target/node.val", "/opt/vyatta/config/tmp/tmp_3025/active/firewall/ipv4/input/filter/rule/10/jump-target/node.val" in copy_file. Falling back to internal stream_file
recursive_copy_dir failed due to boost::filesystem::copy_file: Invalid cross-device link: "/opt/vyatta/config/tmp/new_config_3025/firewall/ipv4/input/filter/rule/10/state/node.val", "/opt/vyatta/config/tmp/tmp_3025/active/firewall/ipv4/input/filter/rule/10/state/node.val" in copy_file. Falling back to internal stream_file
recursive_copy_dir failed due to boost::filesystem::copy_file: Invalid cross-device link: "/opt/vyatta/config/tmp/new_config_3025/firewall/ipv4/input/filter/rule/5/action/node.val", "/opt/vyatta/config/tmp/tmp_3025/active/firewall/ipv4/input/filter/rule/5/action/node.val" in copy_file. Falling back to internal stream_file
recursive_copy_dir failed due to boost::filesystem::copy_file: Invalid cross-device link: "/opt/vyatta/config/tmp/new_config_3025/firewall/ipv4/input/filter/rule/5/state/node.val", "/opt/vyatta/config/tmp/tmp_3025/active/firewall/ipv4/input/filter/rule/5/state/node.val" in copy_file. Falling back to internal stream_file
recursive_copy_dir failed due to boost::filesystem::copy_file: Invalid cross-device link: "/opt/vyatta/config/tmp/new_config_3025/firewall/ipv4/forward/filter/rule/10/action/node.val", "/opt/vyatta/config/tmp/tmp_3025/active/firewall/ipv4/forward/filter/rule/10/action/node.val" in copy_file. Falling back to internal stream_file
recursive_copy_dir failed due to boost::filesystem::copy_file: Invalid cross-device link: "/opt/vyatta/config/tmp/new_config_3025/firewall/ipv4/forward/filter/rule/10/jump-target/node.val", "/opt/vyatta/config/tmp/tmp_3025/active/firewall/ipv4/forward/filter/rule/10/jump-target/node.val" in copy_file. Falling back to internal stream_file
recursive_copy_dir failed due to boost::filesystem::copy_file: Invalid cross-device link: "/opt/vyatta/config/tmp/new_config_3025/firewall/ipv4/forward/filter/rule/10/state/node.val", "/opt/vyatta/config/tmp/tmp_3025/active/firewall/ipv4/forward/filter/rule/10/state/node.val" in copy_file. Falling back to internal stream_file
recursive_copy_dir failed due to boost::filesystem::copy_file: Invalid cross-device link: "/opt/vyatta/config/tmp/new_config_3025/firewall/ipv4/forward/filter/rule/5/action/node.val", "/opt/vyatta/config/tmp/tmp_3025/active/firewall/ipv4/forward/filter/rule/5/action/node.val" in copy_file. Falling back to internal stream_file
recursive_copy_dir failed due to boost::filesystem::copy_file: Invalid cross-device link: "/opt/vyatta/config/tmp/new_config_3025/firewall/ipv4/forward/filter/rule/5/state/node.val", "/opt/vyatta/config/tmp/tmp_3025/active/firewall/ipv4/forward/filter/rule/5/state/node.val" in copy_file. Falling back to internal stream_file
recursive_copy_dir failed due to boost::filesystem::copy_file: Invalid cross-device link: "/opt/vyatta/config/tmp/new_config_3025/firewall/global-options/state-policy/established/action/node.val", "/opt/vyatta/config/tmp/tmp_3025/active/firewall/global-options/state-policy/established/action/node.val" in copy_file. Falling back to internal stream_file
recursive_copy_dir failed due to boost::filesystem::copy_file: Invalid cross-device link: "/opt/vyatta/config/tmp/new_config_3025/firewall/global-options/state-policy/related/action/node.val", "/opt/vyatta/config/tmp/tmp_3025/active/firewall/global-options/state-policy/related/action/node.val" in copy_file. Falling back to internal stream_file
recursive_copy_dir failed due to boost::filesystem::copy_file: Invalid cross-device link: "/opt/vyatta/config/tmp/new_config_3025/firewall/global-options/state-policy/invalid/action/node.val", "/opt/vyatta/config/tmp/tmp_3025/active/firewall/global-options/state-policy/invalid/action/node.val" in copy_file. Falling back to internal stream_file
recursive_copy_dir failed due to boost::filesystem::copy_file: Invalid cross-device link: "/opt/vyatta/config/tmp/new_config_3025/interfaces/ethernet/eth0/description/node.val", "/opt/vyatta/config/tmp/tmp_3025/active/interfaces/ethernet/eth0/description/node.val" in copy_file. Falling back to internal stream_file
recursive_copy_dir failed due to boost::filesystem::copy_file: Invalid cross-device link: "/opt/vyatta/config/tmp/new_config_3025/interfaces/ethernet/eth0/address/node.val", "/opt/vyatta/config/tmp/tmp_3025/active/interfaces/ethernet/eth0/address/node.val" in copy_file. Falling back to internal stream_file
recursive_copy_dir failed due to boost::filesystem::copy_file: Invalid cross-device link: "/opt/vyatta/config/tmp/new_config_3025/interfaces/ethernet/eth0/hw-id/node.val", "/opt/vyatta/config/tmp/tmp_3025/active/interfaces/ethernet/eth0/hw-id/node.val" in copy_file. Falling back to internal stream_file
recursive_copy_dir failed due to boost::filesystem::copy_file: Invalid cross-device link: "/opt/vyatta/config/tmp/new_config_3025/service/ntp/allow-client/address/node.val", "/opt/vyatta/config/tmp/tmp_3025/active/service/ntp/allow-client/address/node.val" in copy_file. Falling back to internal stream_file
recursive_copy_dir failed due to boost::filesystem::copy_file: Invalid cross-device link: "/opt/vyatta/config/tmp/new_config_3025/service/ssh/port/node.val", "/opt/vyatta/config/tmp/tmp_3025/active/service/ssh/port/node.val" in copy_file. Falling back to internal stream_file
cp[/opt/vyatta/config/tmp/new_config_4451]->[/opt/vyatta/config/tmp/tmp_4451/work]
recursive_copy_dir failed due to boost::filesystem::copy_file: Invalid cross-device link: "/opt/vyatta/config/tmp/new_config_4451/pki/ca/CA/certificate/node.val", "/opt/vyatta/config/tmp/tmp_4451/work/pki/ca/CA/certificate/node.val" in copy_file. Falling back to internal stream_file
recursive_copy_dir failed due to boost::filesystem::copy_file: Invalid cross-device link: "/opt/vyatta/config/tmp/new_config_4451/pki/ca/CA/private/key/node.val", "/opt/vyatta/config/tmp/tmp_4451/work/pki/ca/CA/private/key/node.val" in copy_file. Falling back to internal stream_file
recursive_copy_dir failed due to boost::filesystem::copy_file: Invalid cross-device link: "/opt/vyatta/config/tmp/new_config_4451/system/login/user/admin/authentication/encrypted-password/node.val", "/opt/vyatta/config/tmp/tmp_4451/work/system/login/user/admin/authentication/encrypted-password/node.val" in copy_file. Falling back to internal stream_file
recursive_copy_dir failed due to boost::filesystem::copy_file: Invalid cross-device link: "/opt/vyatta/config/tmp/new_config_4451/system/login/user/vyos/authentication/encrypted-password/node.val", "/opt/vyatta/config/tmp/tmp_4451/work/system/login/user/vyos/authentication/encrypted-password/node.val" in copy_file. Falling back to internal stream_file
recursive_copy_dir failed due to boost::filesystem::copy_file: Invalid cross-device link: "/opt/vyatta/config/tmp/new_config_4451/system/config-management/commit-revisions/node.val", "/opt/vyatta/config/tmp/tmp_4451/work/system/config-management/commit-revisions/node.val" in copy_file. Falling back to internal stream_file
recursive_copy_dir failed due to boost::filesystem::copy_file: Invalid cross-device link: "/opt/vyatta/config/tmp/new_config_4451/system/console/device/ttyS0/speed/node.val", "/opt/vyatta/config/tmp/tmp_4451/work/system/console/device/ttyS0/speed/node.val" in copy_file. Falling back to internal stream_file
recursive_copy_dir failed due to boost::filesystem::copy_file: Invalid cross-device link: "/opt/vyatta/config/tmp/new_config_4451/system/host-name/node.val", "/opt/vyatta/config/tmp/tmp_4451/work/system/host-name/node.val" in copy_file. Falling back to internal stream_file
recursive_copy_dir failed due to boost::filesystem::copy_file: Invalid cross-device link: "/opt/vyatta/config/tmp/new_config_4451/system/syslog/global/facility/all/level/node.val", "/opt/vyatta/config/tmp/tmp_4451/work/system/syslog/global/facility/all/level/node.val" in copy_file. Falling back to internal stream_file
recursive_copy_dir failed due to boost::filesystem::copy_file: Invalid cross-device link: "/opt/vyatta/config/tmp/new_config_4451/system/syslog/global/facility/local7/level/node.val", "/opt/vyatta/config/tmp/tmp_4451/work/system/syslog/global/facility/local7/level/node.val" in copy_file. Falling back to internal stream_file
recursive_copy_dir failed due to boost::filesystem::copy_file: Invalid cross-device link: "/opt/vyatta/config/tmp/new_config_4451/firewall/ipv4/name/PHANTOM_MANAGEMENT/default-action/node.val", "/opt/vyatta/config/tmp/tmp_4451/work/firewall/ipv4/name/PHANTOM_MANAGEMENT/default-action/node.val" in copy_file. Falling back to internal stream_file
recursive_copy_dir failed due to boost::filesystem::copy_file: Invalid cross-device link: "/opt/vyatta/config/tmp/new_config_4451/firewall/ipv4/name/CONN_FILTER/default-action/node.val", "/opt/vyatta/config/tmp/tmp_4451/work/firewall/ipv4/name/CONN_FILTER/default-action/node.val" in copy_file. Falling back to internal stream_file
recursive_copy_dir failed due to boost::filesystem::copy_file: Invalid cross-device link: "/opt/vyatta/config/tmp/new_config_4451/firewall/ipv4/name/CONN_FILTER/rule/10/action/node.val", "/opt/vyatta/config/tmp/tmp_4451/work/firewall/ipv4/name/CONN_FILTER/rule/10/action/node.val" in copy_file. Falling back to internal stream_file
recursive_copy_dir failed due to boost::filesystem::copy_file: Invalid cross-device link: "/opt/vyatta/config/tmp/new_config_4451/firewall/ipv4/name/CONN_FILTER/rule/10/state/node.val", "/opt/vyatta/config/tmp/tmp_4451/work/firewall/ipv4/name/CONN_FILTER/rule/10/state/node.val" in copy_file. Falling back to internal stream_file
recursive_copy_dir failed due to boost::filesystem::copy_file: Invalid cross-device link: "/opt/vyatta/config/tmp/new_config_4451/firewall/ipv4/name/CONN_FILTER/rule/20/action/node.val", "/opt/vyatta/config/tmp/tmp_4451/work/firewall/ipv4/name/CONN_FILTER/rule/20/action/node.val" in copy_file. Falling back to internal stream_file
recursive_copy_dir failed due to boost::filesystem::copy_file: Invalid cross-device link: "/opt/vyatta/config/tmp/new_config_4451/firewall/ipv4/name/CONN_FILTER/rule/20/state/node.val", "/opt/vyatta/config/tmp/tmp_4451/work/firewall/ipv4/name/CONN_FILTER/rule/20/state/node.val" in copy_file. Falling back to internal stream_file
recursive_copy_dir failed due to boost::filesystem::copy_file: Invalid cross-device link: "/opt/vyatta/config/tmp/new_config_4451/firewall/ipv4/input/filter/rule/20/action/node.val", "/opt/vyatta/config/tmp/tmp_4451/work/firewall/ipv4/input/filter/rule/20/action/node.val" in copy_file. Falling back to internal stream_file
recursive_copy_dir failed due to boost::filesystem::copy_file: Invalid cross-device link: "/opt/vyatta/config/tmp/new_config_4451/firewall/ipv4/input/filter/rule/20/jump-target/node.val", "/opt/vyatta/config/tmp/tmp_4451/work/firewall/ipv4/input/filter/rule/20/jump-target/node.val" in copy_file. Falling back to internal stream_file
recursive_copy_dir failed due to boost::filesystem::copy_file: Invalid cross-device link: "/opt/vyatta/config/tmp/new_config_4451/firewall/ipv4/input/filter/rule/20/destination/port/node.val", "/opt/vyatta/config/tmp/tmp_4451/work/firewall/ipv4/input/filter/rule/20/destination/port/node.val" in copy_file. Falling back to internal stream_file
recursive_copy_dir failed due to boost::filesystem::copy_file: Invalid cross-device link: "/opt/vyatta/config/tmp/new_config_4451/firewall/ipv4/input/filter/rule/20/protocol/node.val", "/opt/vyatta/config/tmp/tmp_4451/work/firewall/ipv4/input/filter/rule/20/protocol/node.val" in copy_file. Falling back to internal stream_file
recursive_copy_dir failed due to boost::filesystem::copy_file: Invalid cross-device link: "/opt/vyatta/config/tmp/new_config_4451/firewall/ipv4/input/filter/rule/10/action/node.val", "/opt/vyatta/config/tmp/tmp_4451/work/firewall/ipv4/input/filter/rule/10/action/node.val" in copy_file. Falling back to internal stream_file
recursive_copy_dir failed due to boost::filesystem::copy_file: Invalid cross-device link: "/opt/vyatta/config/tmp/new_config_4451/firewall/ipv4/input/filter/rule/10/jump-target/node.val", "/opt/vyatta/config/tmp/tmp_4451/work/firewall/ipv4/input/filter/rule/10/jump-target/node.val" in copy_file. Falling back to internal stream_file
recursive_copy_dir failed due to boost::filesystem::copy_file: Invalid cross-device link: "/opt/vyatta/config/tmp/new_config_4451/firewall/ipv4/input/filter/rule/10/state/node.val", "/opt/vyatta/config/tmp/tmp_4451/work/firewall/ipv4/input/filter/rule/10/state/node.val" in copy_file. Falling back to internal stream_file
recursive_copy_dir failed due to boost::filesystem::copy_file: Invalid cross-device link: "/opt/vyatta/config/tmp/new_config_4451/firewall/ipv4/input/filter/rule/5/action/node.val", "/opt/vyatta/config/tmp/tmp_4451/work/firewall/ipv4/input/filter/rule/5/action/node.val" in copy_file. Falling back to internal stream_file
recursive_copy_dir failed due to boost::filesystem::copy_file: Invalid cross-device link: "/opt/vyatta/config/tmp/new_config_4451/firewall/ipv4/input/filter/rule/5/state/node.val", "/opt/vyatta/config/tmp/tmp_4451/work/firewall/ipv4/input/filter/rule/5/state/node.val" in copy_file. Falling back to internal stream_file
recursive_copy_dir failed due to boost::filesystem::copy_file: Invalid cross-device link: "/opt/vyatta/config/tmp/new_config_4451/firewall/ipv4/forward/filter/rule/10/action/node.val", "/opt/vyatta/config/tmp/tmp_4451/work/firewall/ipv4/forward/filter/rule/10/action/node.val" in copy_file. Falling back to internal stream_file
recursive_copy_dir failed due to boost::filesystem::copy_file: Invalid cross-device link: "/opt/vyatta/config/tmp/new_config_4451/firewall/ipv4/forward/filter/rule/10/jump-target/node.val", "/opt/vyatta/config/tmp/tmp_4451/work/firewall/ipv4/forward/filter/rule/10/jump-target/node.val" in copy_file. Falling back to internal stream_file
recursive_copy_dir failed due to boost::filesystem::copy_file: Invalid cross-device link: "/opt/vyatta/config/tmp/new_config_4451/firewall/ipv4/forward/filter/rule/10/state/node.val", "/opt/vyatta/config/tmp/tmp_4451/work/firewall/ipv4/forward/filter/rule/10/state/node.val" in copy_file. Falling back to internal stream_file
recursive_copy_dir failed due to boost::filesystem::copy_file: Invalid cross-device link: "/opt/vyatta/config/tmp/new_config_4451/firewall/ipv4/forward/filter/rule/5/action/node.val", "/opt/vyatta/config/tmp/tmp_4451/work/firewall/ipv4/forward/filter/rule/5/action/node.val" in copy_file. Falling back to internal stream_file
recursive_copy_dir failed due to boost::filesystem::copy_file: Invalid cross-device link: "/opt/vyatta/config/tmp/new_config_4451/firewall/ipv4/forward/filter/rule/5/state/node.val", "/opt/vyatta/config/tmp/tmp_4451/work/firewall/ipv4/forward/filter/rule/5/state/node.val" in copy_file. Falling back to internal stream_file
recursive_copy_dir failed due to boost::filesystem::copy_file: Invalid cross-device link: "/opt/vyatta/config/tmp/new_config_4451/firewall/global-options/state-policy/established/action/node.val", "/opt/vyatta/config/tmp/tmp_4451/work/firewall/global-options/state-policy/established/action/node.val" in copy_file. Falling back to internal stream_file
recursive_copy_dir failed due to boost::filesystem::copy_file: Invalid cross-device link: "/opt/vyatta/config/tmp/new_config_4451/firewall/global-options/state-policy/related/action/node.val", "/opt/vyatta/config/tmp/tmp_4451/work/firewall/global-options/state-policy/related/action/node.val" in copy_file. Falling back to internal stream_file
recursive_copy_dir failed due to boost::filesystem::copy_file: Invalid cross-device link: "/opt/vyatta/config/tmp/new_config_4451/firewall/global-options/state-policy/invalid/action/node.val", "/opt/vyatta/config/tmp/tmp_4451/work/firewall/global-options/state-policy/invalid/action/node.val" in copy_file. Falling back to internal stream_file
recursive_copy_dir failed due to boost::filesystem::copy_file: Invalid cross-device link: "/opt/vyatta/config/tmp/new_config_4451/interfaces/ethernet/eth0/description/node.val", "/opt/vyatta/config/tmp/tmp_4451/work/interfaces/ethernet/eth0/description/node.val" in copy_file. Falling back to internal stream_file
recursive_copy_dir failed due to boost::filesystem::copy_file: Invalid cross-device link: "/opt/vyatta/config/tmp/new_config_4451/interfaces/ethernet/eth0/address/node.val", "/opt/vyatta/config/tmp/tmp_4451/work/interfaces/ethernet/eth0/address/node.val" in copy_file. Falling back to internal stream_file
recursive_copy_dir failed due to boost::filesystem::copy_file: Invalid cross-device link: "/opt/vyatta/config/tmp/new_config_4451/interfaces/ethernet/eth0/hw-id/node.val", "/opt/vyatta/config/tmp/tmp_4451/work/interfaces/ethernet/eth0/hw-id/node.val" in copy_file. Falling back to internal stream_file
recursive_copy_dir failed due to boost::filesystem::copy_file: Invalid cross-device link: "/opt/vyatta/config/tmp/new_config_4451/service/ntp/allow-client/address/node.val", "/opt/vyatta/config/tmp/tmp_4451/work/service/ntp/allow-client/address/node.val" in copy_file. Falling back to internal stream_file
recursive_copy_dir failed due to boost::filesystem::copy_file: Invalid cross-device link: "/opt/vyatta/config/tmp/new_config_4451/service/ssh/port/node.val", "/opt/vyatta/config/tmp/tmp_4451/work/service/ssh/port/node.val" in copy_file. Falling back to internal stream_file
no tap[/opt/vyatta/config/tmp/tmp_4451/active]
cp[/opt/vyatta/config/tmp/new_config_4451]->[/opt/vyatta/config/tmp/tmp_4451/active]
recursive_copy_dir failed due to boost::filesystem::copy_file: Invalid cross-device link: "/opt/vyatta/config/tmp/new_config_4451/pki/ca/CA/certificate/node.val", "/opt/vyatta/config/tmp/tmp_4451/active/pki/ca/CA/certificate/node.val" in copy_file. Falling back to internal stream_file
recursive_copy_dir failed due to boost::filesystem::copy_file: Invalid cross-device link: "/opt/vyatta/config/tmp/new_config_4451/pki/ca/CA/private/key/node.val", "/opt/vyatta/config/tmp/tmp_4451/active/pki/ca/CA/private/key/node.val" in copy_file. Falling back to internal stream_file
recursive_copy_dir failed due to boost::filesystem::copy_file: Invalid cross-device link: "/opt/vyatta/config/tmp/new_config_4451/system/login/user/admin/authentication/encrypted-password/node.val", "/opt/vyatta/config/tmp/tmp_4451/active/system/login/user/admin/authentication/encrypted-password/node.val" in copy_file. Falling back to internal stream_file
recursive_copy_dir failed due to boost::filesystem::copy_file: Invalid cross-device link: "/opt/vyatta/config/tmp/new_config_4451/system/login/user/vyos/authentication/encrypted-password/node.val", "/opt/vyatta/config/tmp/tmp_4451/active/system/login/user/vyos/authentication/encrypted-password/node.val" in copy_file. Falling back to internal stream_file
recursive_copy_dir failed due to boost::filesystem::copy_file: Invalid cross-device link: "/opt/vyatta/config/tmp/new_config_4451/system/config-management/commit-revisions/node.val", "/opt/vyatta/config/tmp/tmp_4451/active/system/config-management/commit-revisions/node.val" in copy_file. Falling back to internal stream_file
recursive_copy_dir failed due to boost::filesystem::copy_file: Invalid cross-device link: "/opt/vyatta/config/tmp/new_config_4451/system/console/device/ttyS0/speed/node.val", "/opt/vyatta/config/tmp/tmp_4451/active/system/console/device/ttyS0/speed/node.val" in copy_file. Falling back to internal stream_file
recursive_copy_dir failed due to boost::filesystem::copy_file: Invalid cross-device link: "/opt/vyatta/config/tmp/new_config_4451/system/host-name/node.val", "/opt/vyatta/config/tmp/tmp_4451/active/system/host-name/node.val" in copy_file. Falling back to internal stream_file
recursive_copy_dir failed due to boost::filesystem::copy_file: Invalid cross-device link: "/opt/vyatta/config/tmp/new_config_4451/system/syslog/global/facility/all/level/node.val", "/opt/vyatta/config/tmp/tmp_4451/active/system/syslog/global/facility/all/level/node.val" in copy_file. Falling back to internal stream_file
recursive_copy_dir failed due to boost::filesystem::copy_file: Invalid cross-device link: "/opt/vyatta/config/tmp/new_config_4451/system/syslog/global/facility/local7/level/node.val", "/opt/vyatta/config/tmp/tmp_4451/active/system/syslog/global/facility/local7/level/node.val" in copy_file. Falling back to internal stream_file
recursive_copy_dir failed due to boost::filesystem::copy_file: Invalid cross-device link: "/opt/vyatta/config/tmp/new_config_4451/firewall/ipv4/name/PHANTOM_MANAGEMENT/default-action/node.val", "/opt/vyatta/config/tmp/tmp_4451/active/firewall/ipv4/name/PHANTOM_MANAGEMENT/default-action/node.val" in copy_file. Falling back to internal stream_file
recursive_copy_dir failed due to boost::filesystem::copy_file: Invalid cross-device link: "/opt/vyatta/config/tmp/new_config_4451/firewall/ipv4/name/CONN_FILTER/default-action/node.val", "/opt/vyatta/config/tmp/tmp_4451/active/firewall/ipv4/name/CONN_FILTER/default-action/node.val" in copy_file. Falling back to internal stream_file
recursive_copy_dir failed due to boost::filesystem::copy_file: Invalid cross-device link: "/opt/vyatta/config/tmp/new_config_4451/firewall/ipv4/name/CONN_FILTER/rule/10/action/node.val", "/opt/vyatta/config/tmp/tmp_4451/active/firewall/ipv4/name/CONN_FILTER/rule/10/action/node.val" in copy_file. Falling back to internal stream_file
recursive_copy_dir failed due to boost::filesystem::copy_file: Invalid cross-device link: "/opt/vyatta/config/tmp/new_config_4451/firewall/ipv4/name/CONN_FILTER/rule/10/state/node.val", "/opt/vyatta/config/tmp/tmp_4451/active/firewall/ipv4/name/CONN_FILTER/rule/10/state/node.val" in copy_file. Falling back to internal stream_file
recursive_copy_dir failed due to boost::filesystem::copy_file: Invalid cross-device link: "/opt/vyatta/config/tmp/new_config_4451/firewall/ipv4/name/CONN_FILTER/rule/20/action/node.val", "/opt/vyatta/config/tmp/tmp_4451/active/firewall/ipv4/name/CONN_FILTER/rule/20/action/node.val" in copy_file. Falling back to internal stream_file
recursive_copy_dir failed due to boost::filesystem::copy_file: Invalid cross-device link: "/opt/vyatta/config/tmp/new_config_4451/firewall/ipv4/name/CONN_FILTER/rule/20/state/node.val", "/opt/vyatta/config/tmp/tmp_4451/active/firewall/ipv4/name/CONN_FILTER/rule/20/state/node.val" in copy_file. Falling back to internal stream_file
recursive_copy_dir failed due to boost::filesystem::copy_file: Invalid cross-device link: "/opt/vyatta/config/tmp/new_config_4451/firewall/ipv4/input/filter/rule/20/action/node.val", "/opt/vyatta/config/tmp/tmp_4451/active/firewall/ipv4/input/filter/rule/20/action/node.val" in copy_file. Falling back to internal stream_file
recursive_copy_dir failed due to boost::filesystem::copy_file: Invalid cross-device link: "/opt/vyatta/config/tmp/new_config_4451/firewall/ipv4/input/filter/rule/20/jump-target/node.val", "/opt/vyatta/config/tmp/tmp_4451/active/firewall/ipv4/input/filter/rule/20/jump-target/node.val" in copy_file. Falling back to internal stream_file
recursive_copy_dir failed due to boost::filesystem::copy_file: Invalid cross-device link: "/opt/vyatta/config/tmp/new_config_4451/firewall/ipv4/input/filter/rule/20/destination/port/node.val", "/opt/vyatta/config/tmp/tmp_4451/active/firewall/ipv4/input/filter/rule/20/destination/port/node.val" in copy_file. Falling back to internal stream_file
recursive_copy_dir failed due to boost::filesystem::copy_file: Invalid cross-device link: "/opt/vyatta/config/tmp/new_config_4451/firewall/ipv4/input/filter/rule/20/protocol/node.val", "/opt/vyatta/config/tmp/tmp_4451/active/firewall/ipv4/input/filter/rule/20/protocol/node.val" in copy_file. Falling back to internal stream_file
recursive_copy_dir failed due to boost::filesystem::copy_file: Invalid cross-device link: "/opt/vyatta/config/tmp/new_config_4451/firewall/ipv4/input/filter/rule/10/action/node.val", "/opt/vyatta/config/tmp/tmp_4451/active/firewall/ipv4/input/filter/rule/10/action/node.val" in copy_file. Falling back to internal stream_file
recursive_copy_dir failed due to boost::filesystem::copy_file: Invalid cross-device link: "/opt/vyatta/config/tmp/new_config_4451/firewall/ipv4/input/filter/rule/10/jump-target/node.val", "/opt/vyatta/config/tmp/tmp_4451/active/firewall/ipv4/input/filter/rule/10/jump-target/node.val" in copy_file. Falling back to internal stream_file
recursive_copy_dir failed due to boost::filesystem::copy_file: Invalid cross-device link: "/opt/vyatta/config/tmp/new_config_4451/firewall/ipv4/input/filter/rule/10/state/node.val", "/opt/vyatta/config/tmp/tmp_4451/active/firewall/ipv4/input/filter/rule/10/state/node.val" in copy_file. Falling back to internal stream_file
recursive_copy_dir failed due to boost::filesystem::copy_file: Invalid cross-device link: "/opt/vyatta/config/tmp/new_config_4451/firewall/ipv4/input/filter/rule/5/action/node.val", "/opt/vyatta/config/tmp/tmp_4451/active/firewall/ipv4/input/filter/rule/5/action/node.val" in copy_file. Falling back to internal stream_file
recursive_copy_dir failed due to boost::filesystem::copy_file: Invalid cross-device link: "/opt/vyatta/config/tmp/new_config_4451/firewall/ipv4/input/filter/rule/5/state/node.val", "/opt/vyatta/config/tmp/tmp_4451/active/firewall/ipv4/input/filter/rule/5/state/node.val" in copy_file. Falling back to internal stream_file
recursive_copy_dir failed due to boost::filesystem::copy_file: Invalid cross-device link: "/opt/vyatta/config/tmp/new_config_4451/firewall/ipv4/forward/filter/rule/10/action/node.val", "/opt/vyatta/config/tmp/tmp_4451/active/firewall/ipv4/forward/filter/rule/10/action/node.val" in copy_file. Falling back to internal stream_file
recursive_copy_dir failed due to boost::filesystem::copy_file: Invalid cross-device link: "/opt/vyatta/config/tmp/new_config_4451/firewall/ipv4/forward/filter/rule/10/jump-target/node.val", "/opt/vyatta/config/tmp/tmp_4451/active/firewall/ipv4/forward/filter/rule/10/jump-target/node.val" in copy_file. Falling back to internal stream_file
recursive_copy_dir failed due to boost::filesystem::copy_file: Invalid cross-device link: "/opt/vyatta/config/tmp/new_config_4451/firewall/ipv4/forward/filter/rule/10/state/node.val", "/opt/vyatta/config/tmp/tmp_4451/active/firewall/ipv4/forward/filter/rule/10/state/node.val" in copy_file. Falling back to internal stream_file
recursive_copy_dir failed due to boost::filesystem::copy_file: Invalid cross-device link: "/opt/vyatta/config/tmp/new_config_4451/firewall/ipv4/forward/filter/rule/5/action/node.val", "/opt/vyatta/config/tmp/tmp_4451/active/firewall/ipv4/forward/filter/rule/5/action/node.val" in copy_file. Falling back to internal stream_file
recursive_copy_dir failed due to boost::filesystem::copy_file: Invalid cross-device link: "/opt/vyatta/config/tmp/new_config_4451/firewall/ipv4/forward/filter/rule/5/state/node.val", "/opt/vyatta/config/tmp/tmp_4451/active/firewall/ipv4/forward/filter/rule/5/state/node.val" in copy_file. Falling back to internal stream_file
recursive_copy_dir failed due to boost::filesystem::copy_file: Invalid cross-device link: "/opt/vyatta/config/tmp/new_config_4451/firewall/global-options/state-policy/established/action/node.val", "/opt/vyatta/config/tmp/tmp_4451/active/firewall/global-options/state-policy/established/action/node.val" in copy_file. Falling back to internal stream_file
recursive_copy_dir failed due to boost::filesystem::copy_file: Invalid cross-device link: "/opt/vyatta/config/tmp/new_config_4451/firewall/global-options/state-policy/related/action/node.val", "/opt/vyatta/config/tmp/tmp_4451/active/firewall/global-options/state-policy/related/action/node.val" in copy_file. Falling back to internal stream_file
recursive_copy_dir failed due to boost::filesystem::copy_file: Invalid cross-device link: "/opt/vyatta/config/tmp/new_config_4451/firewall/global-options/state-policy/invalid/action/node.val", "/opt/vyatta/config/tmp/tmp_4451/active/firewall/global-options/state-policy/invalid/action/node.val" in copy_file. Falling back to internal stream_file
recursive_copy_dir failed due to boost::filesystem::copy_file: Invalid cross-device link: "/opt/vyatta/config/tmp/new_config_4451/interfaces/ethernet/eth0/description/node.val", "/opt/vyatta/config/tmp/tmp_4451/active/interfaces/ethernet/eth0/description/node.val" in copy_file. Falling back to internal stream_file
recursive_copy_dir failed due to boost::filesystem::copy_file: Invalid cross-device link: "/opt/vyatta/config/tmp/new_config_4451/interfaces/ethernet/eth0/address/node.val", "/opt/vyatta/config/tmp/tmp_4451/active/interfaces/ethernet/eth0/address/node.val" in copy_file. Falling back to internal stream_file
recursive_copy_dir failed due to boost::filesystem::copy_file: Invalid cross-device link: "/opt/vyatta/config/tmp/new_config_4451/interfaces/ethernet/eth0/hw-id/node.val", "/opt/vyatta/config/tmp/tmp_4451/active/interfaces/ethernet/eth0/hw-id/node.val" in copy_file. Falling back to internal stream_file
recursive_copy_dir failed due to boost::filesystem::copy_file: Invalid cross-device link: "/opt/vyatta/config/tmp/new_config_4451/service/ntp/allow-client/address/node.val", "/opt/vyatta/config/tmp/tmp_4451/active/service/ntp/allow-client/address/node.val" in copy_file. Falling back to internal stream_file
recursive_copy_dir failed due to boost::filesystem::copy_file: Invalid cross-device link: "/opt/vyatta/config/tmp/new_config_4451/service/ssh/port/node.val", "/opt/vyatta/config/tmp/tmp_4451/active/service/ssh/port/node.val" in copy_file. Falling back to internal stream_file
cp[/opt/vyatta/config/tmp/new_config_4812]->[/opt/vyatta/config/tmp/tmp_4812/work]
recursive_copy_dir failed due to boost::filesystem::copy_file: Invalid cross-device link: "/opt/vyatta/config/tmp/new_config_4812/pki/certificate/Server/certificate/node.val", "/opt/vyatta/config/tmp/tmp_4812/work/pki/certificate/Server/certificate/node.val" in copy_file. Falling back to internal stream_file
recursive_copy_dir failed due to boost::filesystem::copy_file: Invalid cross-device link: "/opt/vyatta/config/tmp/new_config_4812/pki/certificate/Server/private/key/node.val", "/opt/vyatta/config/tmp/tmp_4812/work/pki/certificate/Server/private/key/node.val" in copy_file. Falling back to internal stream_file
recursive_copy_dir failed due to boost::filesystem::copy_file: Invalid cross-device link: "/opt/vyatta/config/tmp/new_config_4812/pki/ca/CA/certificate/node.val", "/opt/vyatta/config/tmp/tmp_4812/work/pki/ca/CA/certificate/node.val" in copy_file. Falling back to internal stream_file
recursive_copy_dir failed due to boost::filesystem::copy_file: Invalid cross-device link: "/opt/vyatta/config/tmp/new_config_4812/pki/ca/CA/private/key/node.val", "/opt/vyatta/config/tmp/tmp_4812/work/pki/ca/CA/private/key/node.val" in copy_file. Falling back to internal stream_file
recursive_copy_dir failed due to boost::filesystem::copy_file: Invalid cross-device link: "/opt/vyatta/config/tmp/new_config_4812/system/login/user/admin/authentication/encrypted-password/node.val", "/opt/vyatta/config/tmp/tmp_4812/work/system/login/user/admin/authentication/encrypted-password/node.val" in copy_file. Falling back to internal stream_file
recursive_copy_dir failed due to boost::filesystem::copy_file: Invalid cross-device link: "/opt/vyatta/config/tmp/new_config_4812/system/login/user/vyos/authentication/encrypted-password/node.val", "/opt/vyatta/config/tmp/tmp_4812/work/system/login/user/vyos/authentication/encrypted-password/node.val" in copy_file. Falling back to internal stream_file
recursive_copy_dir failed due to boost::filesystem::copy_file: Invalid cross-device link: "/opt/vyatta/config/tmp/new_config_4812/system/config-management/commit-revisions/node.val", "/opt/vyatta/config/tmp/tmp_4812/work/system/config-management/commit-revisions/node.val" in copy_file. Falling back to internal stream_file
recursive_copy_dir failed due to boost::filesystem::copy_file: Invalid cross-device link: "/opt/vyatta/config/tmp/new_config_4812/system/console/device/ttyS0/speed/node.val", "/opt/vyatta/config/tmp/tmp_4812/work/system/console/device/ttyS0/speed/node.val" in copy_file. Falling back to internal stream_file
recursive_copy_dir failed due to boost::filesystem::copy_file: Invalid cross-device link: "/opt/vyatta/config/tmp/new_config_4812/system/host-name/node.val", "/opt/vyatta/config/tmp/tmp_4812/work/system/host-name/node.val" in copy_file. Falling back to internal stream_file
recursive_copy_dir failed due to boost::filesystem::copy_file: Invalid cross-device link: "/opt/vyatta/config/tmp/new_config_4812/system/syslog/global/facility/all/level/node.val", "/opt/vyatta/config/tmp/tmp_4812/work/system/syslog/global/facility/all/level/node.val" in copy_file. Falling back to internal stream_file
recursive_copy_dir failed due to boost::filesystem::copy_file: Invalid cross-device link: "/opt/vyatta/config/tmp/new_config_4812/system/syslog/global/facility/local7/level/node.val", "/opt/vyatta/config/tmp/tmp_4812/work/system/syslog/global/facility/local7/level/node.val" in copy_file. Falling back to internal stream_file
recursive_copy_dir failed due to boost::filesystem::copy_file: Invalid cross-device link: "/opt/vyatta/config/tmp/new_config_4812/firewall/ipv4/name/PHANTOM_MANAGEMENT/default-action/node.val", "/opt/vyatta/config/tmp/tmp_4812/work/firewall/ipv4/name/PHANTOM_MANAGEMENT/default-action/node.val" in copy_file. Falling back to internal stream_file
recursive_copy_dir failed due to boost::filesystem::copy_file: Invalid cross-device link: "/opt/vyatta/config/tmp/new_config_4812/firewall/ipv4/name/CONN_FILTER/default-action/node.val", "/opt/vyatta/config/tmp/tmp_4812/work/firewall/ipv4/name/CONN_FILTER/default-action/node.val" in copy_file. Falling back to internal stream_file
recursive_copy_dir failed due to boost::filesystem::copy_file: Invalid cross-device link: "/opt/vyatta/config/tmp/new_config_4812/firewall/ipv4/name/CONN_FILTER/rule/10/action/node.val", "/opt/vyatta/config/tmp/tmp_4812/work/firewall/ipv4/name/CONN_FILTER/rule/10/action/node.val" in copy_file. Falling back to internal stream_file
recursive_copy_dir failed due to boost::filesystem::copy_file: Invalid cross-device link: "/opt/vyatta/config/tmp/new_config_4812/firewall/ipv4/name/CONN_FILTER/rule/10/state/node.val", "/opt/vyatta/config/tmp/tmp_4812/work/firewall/ipv4/name/CONN_FILTER/rule/10/state/node.val" in copy_file. Falling back to internal stream_file
recursive_copy_dir failed due to boost::filesystem::copy_file: Invalid cross-device link: "/opt/vyatta/config/tmp/new_config_4812/firewall/ipv4/name/CONN_FILTER/rule/20/action/node.val", "/opt/vyatta/config/tmp/tmp_4812/work/firewall/ipv4/name/CONN_FILTER/rule/20/action/node.val" in copy_file. Falling back to internal stream_file
recursive_copy_dir failed due to boost::filesystem::copy_file: Invalid cross-device link: "/opt/vyatta/config/tmp/new_config_4812/firewall/ipv4/name/CONN_FILTER/rule/20/state/node.val", "/opt/vyatta/config/tmp/tmp_4812/work/firewall/ipv4/name/CONN_FILTER/rule/20/state/node.val" in copy_file. Falling back to internal stream_file
recursive_copy_dir failed due to boost::filesystem::copy_file: Invalid cross-device link: "/opt/vyatta/config/tmp/new_config_4812/firewall/ipv4/input/filter/rule/20/action/node.val", "/opt/vyatta/config/tmp/tmp_4812/work/firewall/ipv4/input/filter/rule/20/action/node.val" in copy_file. Falling back to internal stream_file
recursive_copy_dir failed due to boost::filesystem::copy_file: Invalid cross-device link: "/opt/vyatta/config/tmp/new_config_4812/firewall/ipv4/input/filter/rule/20/jump-target/node.val", "/opt/vyatta/config/tmp/tmp_4812/work/firewall/ipv4/input/filter/rule/20/jump-target/node.val" in copy_file. Falling back to internal stream_file
recursive_copy_dir failed due to boost::filesystem::copy_file: Invalid cross-device link: "/opt/vyatta/config/tmp/new_config_4812/firewall/ipv4/input/filter/rule/20/destination/port/node.val", "/opt/vyatta/config/tmp/tmp_4812/work/firewall/ipv4/input/filter/rule/20/destination/port/node.val" in copy_file. Falling back to internal stream_file
recursive_copy_dir failed due to boost::filesystem::copy_file: Invalid cross-device link: "/opt/vyatta/config/tmp/new_config_4812/firewall/ipv4/input/filter/rule/20/protocol/node.val", "/opt/vyatta/config/tmp/tmp_4812/work/firewall/ipv4/input/filter/rule/20/protocol/node.val" in copy_file. Falling back to internal stream_file
recursive_copy_dir failed due to boost::filesystem::copy_file: Invalid cross-device link: "/opt/vyatta/config/tmp/new_config_4812/firewall/ipv4/input/filter/rule/10/action/node.val", "/opt/vyatta/config/tmp/tmp_4812/work/firewall/ipv4/input/filter/rule/10/action/node.val" in copy_file. Falling back to internal stream_file
recursive_copy_dir failed due to boost::filesystem::copy_file: Invalid cross-device link: "/opt/vyatta/config/tmp/new_config_4812/firewall/ipv4/input/filter/rule/10/jump-target/node.val", "/opt/vyatta/config/tmp/tmp_4812/work/firewall/ipv4/input/filter/rule/10/jump-target/node.val" in copy_file. Falling back to internal stream_file
recursive_copy_dir failed due to boost::filesystem::copy_file: Invalid cross-device link: "/opt/vyatta/config/tmp/new_config_4812/firewall/ipv4/input/filter/rule/10/state/node.val", "/opt/vyatta/config/tmp/tmp_4812/work/firewall/ipv4/input/filter/rule/10/state/node.val" in copy_file. Falling back to internal stream_file
recursive_copy_dir failed due to boost::filesystem::copy_file: Invalid cross-device link: "/opt/vyatta/config/tmp/new_config_4812/firewall/ipv4/input/filter/rule/5/action/node.val", "/opt/vyatta/config/tmp/tmp_4812/work/firewall/ipv4/input/filter/rule/5/action/node.val" in copy_file. Falling back to internal stream_file
recursive_copy_dir failed due to boost::filesystem::copy_file: Invalid cross-device link: "/opt/vyatta/config/tmp/new_config_4812/firewall/ipv4/input/filter/rule/5/state/node.val", "/opt/vyatta/config/tmp/tmp_4812/work/firewall/ipv4/input/filter/rule/5/state/node.val" in copy_file. Falling back to internal stream_file
recursive_copy_dir failed due to boost::filesystem::copy_file: Invalid cross-device link: "/opt/vyatta/config/tmp/new_config_4812/firewall/ipv4/forward/filter/rule/10/action/node.val", "/opt/vyatta/config/tmp/tmp_4812/work/firewall/ipv4/forward/filter/rule/10/action/node.val" in copy_file. Falling back to internal stream_file
recursive_copy_dir failed due to boost::filesystem::copy_file: Invalid cross-device link: "/opt/vyatta/config/tmp/new_config_4812/firewall/ipv4/forward/filter/rule/10/jump-target/node.val", "/opt/vyatta/config/tmp/tmp_4812/work/firewall/ipv4/forward/filter/rule/10/jump-target/node.val" in copy_file. Falling back to internal stream_file
recursive_copy_dir failed due to boost::filesystem::copy_file: Invalid cross-device link: "/opt/vyatta/config/tmp/new_config_4812/firewall/ipv4/forward/filter/rule/10/state/node.val", "/opt/vyatta/config/tmp/tmp_4812/work/firewall/ipv4/forward/filter/rule/10/state/node.val" in copy_file. Falling back to internal stream_file
recursive_copy_dir failed due to boost::filesystem::copy_file: Invalid cross-device link: "/opt/vyatta/config/tmp/new_config_4812/firewall/ipv4/forward/filter/rule/5/action/node.val", "/opt/vyatta/config/tmp/tmp_4812/work/firewall/ipv4/forward/filter/rule/5/action/node.val" in copy_file. Falling back to internal stream_file
recursive_copy_dir failed due to boost::filesystem::copy_file: Invalid cross-device link: "/opt/vyatta/config/tmp/new_config_4812/firewall/ipv4/forward/filter/rule/5/state/node.val", "/opt/vyatta/config/tmp/tmp_4812/work/firewall/ipv4/forward/filter/rule/5/state/node.val" in copy_file. Falling back to internal stream_file
recursive_copy_dir failed due to boost::filesystem::copy_file: Invalid cross-device link: "/opt/vyatta/config/tmp/new_config_4812/firewall/global-options/state-policy/established/action/node.val", "/opt/vyatta/config/tmp/tmp_4812/work/firewall/global-options/state-policy/established/action/node.val" in copy_file. Falling back to internal stream_file
recursive_copy_dir failed due to boost::filesystem::copy_file: Invalid cross-device link: "/opt/vyatta/config/tmp/new_config_4812/firewall/global-options/state-policy/related/action/node.val", "/opt/vyatta/config/tmp/tmp_4812/work/firewall/global-options/state-policy/related/action/node.val" in copy_file. Falling back to internal stream_file
recursive_copy_dir failed due to boost::filesystem::copy_file: Invalid cross-device link: "/opt/vyatta/config/tmp/new_config_4812/firewall/global-options/state-policy/invalid/action/node.val", "/opt/vyatta/config/tmp/tmp_4812/work/firewall/global-options/state-policy/invalid/action/node.val" in copy_file. Falling back to internal stream_file
recursive_copy_dir failed due to boost::filesystem::copy_file: Invalid cross-device link: "/opt/vyatta/config/tmp/new_config_4812/interfaces/ethernet/eth0/description/node.val", "/opt/vyatta/config/tmp/tmp_4812/work/interfaces/ethernet/eth0/description/node.val" in copy_file. Falling back to internal stream_file
recursive_copy_dir failed due to boost::filesystem::copy_file: Invalid cross-device link: "/opt/vyatta/config/tmp/new_config_4812/interfaces/ethernet/eth0/address/node.val", "/opt/vyatta/config/tmp/tmp_4812/work/interfaces/ethernet/eth0/address/node.val" in copy_file. Falling back to internal stream_file
recursive_copy_dir failed due to boost::filesystem::copy_file: Invalid cross-device link: "/opt/vyatta/config/tmp/new_config_4812/interfaces/ethernet/eth0/hw-id/node.val", "/opt/vyatta/config/tmp/tmp_4812/work/interfaces/ethernet/eth0/hw-id/node.val" in copy_file. Falling back to internal stream_file
recursive_copy_dir failed due to boost::filesystem::copy_file: Invalid cross-device link: "/opt/vyatta/config/tmp/new_config_4812/service/ntp/allow-client/address/node.val", "/opt/vyatta/config/tmp/tmp_4812/work/service/ntp/allow-client/address/node.val" in copy_file. Falling back to internal stream_file
recursive_copy_dir failed due to boost::filesystem::copy_file: Invalid cross-device link: "/opt/vyatta/config/tmp/new_config_4812/service/ssh/port/node.val", "/opt/vyatta/config/tmp/tmp_4812/work/service/ssh/port/node.val" in copy_file. Falling back to internal stream_file
no tap[/opt/vyatta/config/tmp/tmp_4812/active]
cp[/opt/vyatta/config/tmp/new_config_4812]->[/opt/vyatta/config/tmp/tmp_4812/active]
recursive_copy_dir failed due to boost::filesystem::copy_file: Invalid cross-device link: "/opt/vyatta/config/tmp/new_config_4812/pki/certificate/Server/certificate/node.val", "/opt/vyatta/config/tmp/tmp_4812/active/pki/certificate/Server/certificate/node.val" in copy_file. Falling back to internal stream_file
recursive_copy_dir failed due to boost::filesystem::copy_file: Invalid cross-device link: "/opt/vyatta/config/tmp/new_config_4812/pki/certificate/Server/private/key/node.val", "/opt/vyatta/config/tmp/tmp_4812/active/pki/certificate/Server/private/key/node.val" in copy_file. Falling back to internal stream_file
recursive_copy_dir failed due to boost::filesystem::copy_file: Invalid cross-device link: "/opt/vyatta/config/tmp/new_config_4812/pki/ca/CA/certificate/node.val", "/opt/vyatta/config/tmp/tmp_4812/active/pki/ca/CA/certificate/node.val" in copy_file. Falling back to internal stream_file
recursive_copy_dir failed due to boost::filesystem::copy_file: Invalid cross-device link: "/opt/vyatta/config/tmp/new_config_4812/pki/ca/CA/private/key/node.val", "/opt/vyatta/config/tmp/tmp_4812/active/pki/ca/CA/private/key/node.val" in copy_file. Falling back to internal stream_file
recursive_copy_dir failed due to boost::filesystem::copy_file: Invalid cross-device link: "/opt/vyatta/config/tmp/new_config_4812/system/login/user/admin/authentication/encrypted-password/node.val", "/opt/vyatta/config/tmp/tmp_4812/active/system/login/user/admin/authentication/encrypted-password/node.val" in copy_file. Falling back to internal stream_file
recursive_copy_dir failed due to boost::filesystem::copy_file: Invalid cross-device link: "/opt/vyatta/config/tmp/new_config_4812/system/login/user/vyos/authentication/encrypted-password/node.val", "/opt/vyatta/config/tmp/tmp_4812/active/system/login/user/vyos/authentication/encrypted-password/node.val" in copy_file. Falling back to internal stream_file
recursive_copy_dir failed due to boost::filesystem::copy_file: Invalid cross-device link: "/opt/vyatta/config/tmp/new_config_4812/system/config-management/commit-revisions/node.val", "/opt/vyatta/config/tmp/tmp_4812/active/system/config-management/commit-revisions/node.val" in copy_file. Falling back to internal stream_file
recursive_copy_dir failed due to boost::filesystem::copy_file: Invalid cross-device link: "/opt/vyatta/config/tmp/new_config_4812/system/console/device/ttyS0/speed/node.val", "/opt/vyatta/config/tmp/tmp_4812/active/system/console/device/ttyS0/speed/node.val" in copy_file. Falling back to internal stream_file
recursive_copy_dir failed due to boost::filesystem::copy_file: Invalid cross-device link: "/opt/vyatta/config/tmp/new_config_4812/system/host-name/node.val", "/opt/vyatta/config/tmp/tmp_4812/active/system/host-name/node.val" in copy_file. Falling back to internal stream_file
recursive_copy_dir failed due to boost::filesystem::copy_file: Invalid cross-device link: "/opt/vyatta/config/tmp/new_config_4812/system/syslog/global/facility/all/level/node.val", "/opt/vyatta/config/tmp/tmp_4812/active/system/syslog/global/facility/all/level/node.val" in copy_file. Falling back to internal stream_file
recursive_copy_dir failed due to boost::filesystem::copy_file: Invalid cross-device link: "/opt/vyatta/config/tmp/new_config_4812/system/syslog/global/facility/local7/level/node.val", "/opt/vyatta/config/tmp/tmp_4812/active/system/syslog/global/facility/local7/level/node.val" in copy_file. Falling back to internal stream_file
recursive_copy_dir failed due to boost::filesystem::copy_file: Invalid cross-device link: "/opt/vyatta/config/tmp/new_config_4812/firewall/ipv4/name/PHANTOM_MANAGEMENT/default-action/node.val", "/opt/vyatta/config/tmp/tmp_4812/active/firewall/ipv4/name/PHANTOM_MANAGEMENT/default-action/node.val" in copy_file. Falling back to internal stream_file
recursive_copy_dir failed due to boost::filesystem::copy_file: Invalid cross-device link: "/opt/vyatta/config/tmp/new_config_4812/firewall/ipv4/name/CONN_FILTER/default-action/node.val", "/opt/vyatta/config/tmp/tmp_4812/active/firewall/ipv4/name/CONN_FILTER/default-action/node.val" in copy_file. Falling back to internal stream_file
recursive_copy_dir failed due to boost::filesystem::copy_file: Invalid cross-device link: "/opt/vyatta/config/tmp/new_config_4812/firewall/ipv4/name/CONN_FILTER/rule/10/action/node.val", "/opt/vyatta/config/tmp/tmp_4812/active/firewall/ipv4/name/CONN_FILTER/rule/10/action/node.val" in copy_file. Falling back to internal stream_file
recursive_copy_dir failed due to boost::filesystem::copy_file: Invalid cross-device link: "/opt/vyatta/config/tmp/new_config_4812/firewall/ipv4/name/CONN_FILTER/rule/10/state/node.val", "/opt/vyatta/config/tmp/tmp_4812/active/firewall/ipv4/name/CONN_FILTER/rule/10/state/node.val" in copy_file. Falling back to internal stream_file
recursive_copy_dir failed due to boost::filesystem::copy_file: Invalid cross-device link: "/opt/vyatta/config/tmp/new_config_4812/firewall/ipv4/name/CONN_FILTER/rule/20/action/node.val", "/opt/vyatta/config/tmp/tmp_4812/active/firewall/ipv4/name/CONN_FILTER/rule/20/action/node.val" in copy_file. Falling back to internal stream_file
recursive_copy_dir failed due to boost::filesystem::copy_file: Invalid cross-device link: "/opt/vyatta/config/tmp/new_config_4812/firewall/ipv4/name/CONN_FILTER/rule/20/state/node.val", "/opt/vyatta/config/tmp/tmp_4812/active/firewall/ipv4/name/CONN_FILTER/rule/20/state/node.val" in copy_file. Falling back to internal stream_file
recursive_copy_dir failed due to boost::filesystem::copy_file: Invalid cross-device link: "/opt/vyatta/config/tmp/new_config_4812/firewall/ipv4/input/filter/rule/20/action/node.val", "/opt/vyatta/config/tmp/tmp_4812/active/firewall/ipv4/input/filter/rule/20/action/node.val" in copy_file. Falling back to internal stream_file
recursive_copy_dir failed due to boost::filesystem::copy_file: Invalid cross-device link: "/opt/vyatta/config/tmp/new_config_4812/firewall/ipv4/input/filter/rule/20/jump-target/node.val", "/opt/vyatta/config/tmp/tmp_4812/active/firewall/ipv4/input/filter/rule/20/jump-target/node.val" in copy_file. Falling back to internal stream_file
recursive_copy_dir failed due to boost::filesystem::copy_file: Invalid cross-device link: "/opt/vyatta/config/tmp/new_config_4812/firewall/ipv4/input/filter/rule/20/destination/port/node.val", "/opt/vyatta/config/tmp/tmp_4812/active/firewall/ipv4/input/filter/rule/20/destination/port/node.val" in copy_file. Falling back to internal stream_file
recursive_copy_dir failed due to boost::filesystem::copy_file: Invalid cross-device link: "/opt/vyatta/config/tmp/new_config_4812/firewall/ipv4/input/filter/rule/20/protocol/node.val", "/opt/vyatta/config/tmp/tmp_4812/active/firewall/ipv4/input/filter/rule/20/protocol/node.val" in copy_file. Falling back to internal stream_file
recursive_copy_dir failed due to boost::filesystem::copy_file: Invalid cross-device link: "/opt/vyatta/config/tmp/new_config_4812/firewall/ipv4/input/filter/rule/10/action/node.val", "/opt/vyatta/config/tmp/tmp_4812/active/firewall/ipv4/input/filter/rule/10/action/node.val" in copy_file. Falling back to internal stream_file
recursive_copy_dir failed due to boost::filesystem::copy_file: Invalid cross-device link: "/opt/vyatta/config/tmp/new_config_4812/firewall/ipv4/input/filter/rule/10/jump-target/node.val", "/opt/vyatta/config/tmp/tmp_4812/active/firewall/ipv4/input/filter/rule/10/jump-target/node.val" in copy_file. Falling back to internal stream_file
recursive_copy_dir failed due to boost::filesystem::copy_file: Invalid cross-device link: "/opt/vyatta/config/tmp/new_config_4812/firewall/ipv4/input/filter/rule/10/state/node.val", "/opt/vyatta/config/tmp/tmp_4812/active/firewall/ipv4/input/filter/rule/10/state/node.val" in copy_file. Falling back to internal stream_file
recursive_copy_dir failed due to boost::filesystem::copy_file: Invalid cross-device link: "/opt/vyatta/config/tmp/new_config_4812/firewall/ipv4/input/filter/rule/5/action/node.val", "/opt/vyatta/config/tmp/tmp_4812/active/firewall/ipv4/input/filter/rule/5/action/node.val" in copy_file. Falling back to internal stream_file
recursive_copy_dir failed due to boost::filesystem::copy_file: Invalid cross-device link: "/opt/vyatta/config/tmp/new_config_4812/firewall/ipv4/input/filter/rule/5/state/node.val", "/opt/vyatta/config/tmp/tmp_4812/active/firewall/ipv4/input/filter/rule/5/state/node.val" in copy_file. Falling back to internal stream_file
recursive_copy_dir failed due to boost::filesystem::copy_file: Invalid cross-device link: "/opt/vyatta/config/tmp/new_config_4812/firewall/ipv4/forward/filter/rule/10/action/node.val", "/opt/vyatta/config/tmp/tmp_4812/active/firewall/ipv4/forward/filter/rule/10/action/node.val" in copy_file. Falling back to internal stream_file
recursive_copy_dir failed due to boost::filesystem::copy_file: Invalid cross-device link: "/opt/vyatta/config/tmp/new_config_4812/firewall/ipv4/forward/filter/rule/10/jump-target/node.val", "/opt/vyatta/config/tmp/tmp_4812/active/firewall/ipv4/forward/filter/rule/10/jump-target/node.val" in copy_file. Falling back to internal stream_file
recursive_copy_dir failed due to boost::filesystem::copy_file: Invalid cross-device link: "/opt/vyatta/config/tmp/new_config_4812/firewall/ipv4/forward/filter/rule/10/state/node.val", "/opt/vyatta/config/tmp/tmp_4812/active/firewall/ipv4/forward/filter/rule/10/state/node.val" in copy_file. Falling back to internal stream_file
recursive_copy_dir failed due to boost::filesystem::copy_file: Invalid cross-device link: "/opt/vyatta/config/tmp/new_config_4812/firewall/ipv4/forward/filter/rule/5/action/node.val", "/opt/vyatta/config/tmp/tmp_4812/active/firewall/ipv4/forward/filter/rule/5/action/node.val" in copy_file. Falling back to internal stream_file
recursive_copy_dir failed due to boost::filesystem::copy_file: Invalid cross-device link: "/opt/vyatta/config/tmp/new_config_4812/firewall/ipv4/forward/filter/rule/5/state/node.val", "/opt/vyatta/config/tmp/tmp_4812/active/firewall/ipv4/forward/filter/rule/5/state/node.val" in copy_file. Falling back to internal stream_file
recursive_copy_dir failed due to boost::filesystem::copy_file: Invalid cross-device link: "/opt/vyatta/config/tmp/new_config_4812/firewall/global-options/state-policy/established/action/node.val", "/opt/vyatta/config/tmp/tmp_4812/active/firewall/global-options/state-policy/established/action/node.val" in copy_file. Falling back to internal stream_file
recursive_copy_dir failed due to boost::filesystem::copy_file: Invalid cross-device link: "/opt/vyatta/config/tmp/new_config_4812/firewall/global-options/state-policy/related/action/node.val", "/opt/vyatta/config/tmp/tmp_4812/active/firewall/global-options/state-policy/related/action/node.val" in copy_file. Falling back to internal stream_file
recursive_copy_dir failed due to boost::filesystem::copy_file: Invalid cross-device link: "/opt/vyatta/config/tmp/new_config_4812/firewall/global-options/state-policy/invalid/action/node.val", "/opt/vyatta/config/tmp/tmp_4812/active/firewall/global-options/state-policy/invalid/action/node.val" in copy_file. Falling back to internal stream_file
recursive_copy_dir failed due to boost::filesystem::copy_file: Invalid cross-device link: "/opt/vyatta/config/tmp/new_config_4812/interfaces/ethernet/eth0/description/node.val", "/opt/vyatta/config/tmp/tmp_4812/active/interfaces/ethernet/eth0/description/node.val" in copy_file. Falling back to internal stream_file
recursive_copy_dir failed due to boost::filesystem::copy_file: Invalid cross-device link: "/opt/vyatta/config/tmp/new_config_4812/interfaces/ethernet/eth0/address/node.val", "/opt/vyatta/config/tmp/tmp_4812/active/interfaces/ethernet/eth0/address/node.val" in copy_file. Falling back to internal stream_file
recursive_copy_dir failed due to boost::filesystem::copy_file: Invalid cross-device link: "/opt/vyatta/config/tmp/new_config_4812/interfaces/ethernet/eth0/hw-id/node.val", "/opt/vyatta/config/tmp/tmp_4812/active/interfaces/ethernet/eth0/hw-id/node.val" in copy_file. Falling back to internal stream_file
recursive_copy_dir failed due to boost::filesystem::copy_file: Invalid cross-device link: "/opt/vyatta/config/tmp/new_config_4812/service/ntp/allow-client/address/node.val", "/opt/vyatta/config/tmp/tmp_4812/active/service/ntp/allow-client/address/node.val" in copy_file. Falling back to internal stream_file
recursive_copy_dir failed due to boost::filesystem::copy_file: Invalid cross-device link: "/opt/vyatta/config/tmp/new_config_4812/service/ssh/port/node.val", "/opt/vyatta/config/tmp/tmp_4812/active/service/ssh/port/node.val" in copy_file. Falling back to internal stream_file
cp[/opt/vyatta/config/tmp/new_config_5175]->[/opt/vyatta/config/tmp/tmp_5175/work]
recursive_copy_dir failed due to boost::filesystem::copy_file: Invalid cross-device link: "/opt/vyatta/config/tmp/new_config_5175/vpn/sstp/authentication/local-users/username/lstanley/password/node.val", "/opt/vyatta/config/tmp/tmp_5175/work/vpn/sstp/authentication/local-users/username/lstanley/password/node.val" in copy_file. Falling back to internal stream_file
recursive_copy_dir failed due to boost::filesystem::copy_file: Invalid cross-device link: "/opt/vyatta/config/tmp/new_config_5175/vpn/sstp/authentication/mode/node.val", "/opt/vyatta/config/tmp/tmp_5175/work/vpn/sstp/authentication/mode/node.val" in copy_file. Falling back to internal stream_file
recursive_copy_dir failed due to boost::filesystem::copy_file: Invalid cross-device link: "/opt/vyatta/config/tmp/new_config_5175/vpn/sstp/client-ip-pool/SSTP-POOL/range/node.val", "/opt/vyatta/config/tmp/tmp_5175/work/vpn/sstp/client-ip-pool/SSTP-POOL/range/node.val" in copy_file. Falling back to internal stream_file
recursive_copy_dir failed due to boost::filesystem::copy_file: Invalid cross-device link: "/opt/vyatta/config/tmp/new_config_5175/vpn/sstp/default-pool/node.val", "/opt/vyatta/config/tmp/tmp_5175/work/vpn/sstp/default-pool/node.val" in copy_file. Falling back to internal stream_file
recursive_copy_dir failed due to boost::filesystem::copy_file: Invalid cross-device link: "/opt/vyatta/config/tmp/new_config_5175/vpn/sstp/gateway-address/node.val", "/opt/vyatta/config/tmp/tmp_5175/work/vpn/sstp/gateway-address/node.val" in copy_file. Falling back to internal stream_file
recursive_copy_dir failed due to boost::filesystem::copy_file: Invalid cross-device link: "/opt/vyatta/config/tmp/new_config_5175/vpn/sstp/ssl/ca-certificate/node.val", "/opt/vyatta/config/tmp/tmp_5175/work/vpn/sstp/ssl/ca-certificate/node.val" in copy_file. Falling back to internal stream_file
recursive_copy_dir failed due to boost::filesystem::copy_file: Invalid cross-device link: "/opt/vyatta/config/tmp/new_config_5175/vpn/sstp/ssl/certificate/node.val", "/opt/vyatta/config/tmp/tmp_5175/work/vpn/sstp/ssl/certificate/node.val" in copy_file. Falling back to internal stream_file
recursive_copy_dir failed due to boost::filesystem::copy_file: Invalid cross-device link: "/opt/vyatta/config/tmp/new_config_5175/pki/certificate/Server/certificate/node.val", "/opt/vyatta/config/tmp/tmp_5175/work/pki/certificate/Server/certificate/node.val" in copy_file. Falling back to internal stream_file
recursive_copy_dir failed due to boost::filesystem::copy_file: Invalid cross-device link: "/opt/vyatta/config/tmp/new_config_5175/pki/certificate/Server/private/key/node.val", "/opt/vyatta/config/tmp/tmp_5175/work/pki/certificate/Server/private/key/node.val" in copy_file. Falling back to internal stream_file
recursive_copy_dir failed due to boost::filesystem::copy_file: Invalid cross-device link: "/opt/vyatta/config/tmp/new_config_5175/pki/ca/CA/certificate/node.val", "/opt/vyatta/config/tmp/tmp_5175/work/pki/ca/CA/certificate/node.val" in copy_file. Falling back to internal stream_file
recursive_copy_dir failed due to boost::filesystem::copy_file: Invalid cross-device link: "/opt/vyatta/config/tmp/new_config_5175/pki/ca/CA/private/key/node.val", "/opt/vyatta/config/tmp/tmp_5175/work/pki/ca/CA/private/key/node.val" in copy_file. Falling back to internal stream_file
recursive_copy_dir failed due to boost::filesystem::copy_file: Invalid cross-device link: "/opt/vyatta/config/tmp/new_config_5175/system/login/user/admin/authentication/encrypted-password/node.val", "/opt/vyatta/config/tmp/tmp_5175/work/system/login/user/admin/authentication/encrypted-password/node.val" in copy_file. Falling back to internal stream_file
recursive_copy_dir failed due to boost::filesystem::copy_file: Invalid cross-device link: "/opt/vyatta/config/tmp/new_config_5175/system/login/user/vyos/authentication/encrypted-password/node.val", "/opt/vyatta/config/tmp/tmp_5175/work/system/login/user/vyos/authentication/encrypted-password/node.val" in copy_file. Falling back to internal stream_file
recursive_copy_dir failed due to boost::filesystem::copy_file: Invalid cross-device link: "/opt/vyatta/config/tmp/new_config_5175/system/config-management/commit-revisions/node.val", "/opt/vyatta/config/tmp/tmp_5175/work/system/config-management/commit-revisions/node.val" in copy_file. Falling back to internal stream_file
recursive_copy_dir failed due to boost::filesystem::copy_file: Invalid cross-device link: "/opt/vyatta/config/tmp/new_config_5175/system/console/device/ttyS0/speed/node.val", "/opt/vyatta/config/tmp/tmp_5175/work/system/console/device/ttyS0/speed/node.val" in copy_file. Falling back to internal stream_file
recursive_copy_dir failed due to boost::filesystem::copy_file: Invalid cross-device link: "/opt/vyatta/config/tmp/new_config_5175/system/host-name/node.val", "/opt/vyatta/config/tmp/tmp_5175/work/system/host-name/node.val" in copy_file. Falling back to internal stream_file
recursive_copy_dir failed due to boost::filesystem::copy_file: Invalid cross-device link: "/opt/vyatta/config/tmp/new_config_5175/system/syslog/global/facility/all/level/node.val", "/opt/vyatta/config/tmp/tmp_5175/work/system/syslog/global/facility/all/level/node.val" in copy_file. Falling back to internal stream_file
recursive_copy_dir failed due to boost::filesystem::copy_file: Invalid cross-device link: "/opt/vyatta/config/tmp/new_config_5175/system/syslog/global/facility/local7/level/node.val", "/opt/vyatta/config/tmp/tmp_5175/work/system/syslog/global/facility/local7/level/node.val" in copy_file. Falling back to internal stream_file
recursive_copy_dir failed due to boost::filesystem::copy_file: Invalid cross-device link: "/opt/vyatta/config/tmp/new_config_5175/firewall/ipv4/name/PHANTOM_MANAGEMENT/default-action/node.val", "/opt/vyatta/config/tmp/tmp_5175/work/firewall/ipv4/name/PHANTOM_MANAGEMENT/default-action/node.val" in copy_file. Falling back to internal stream_file
recursive_copy_dir failed due to boost::filesystem::copy_file: Invalid cross-device link: "/opt/vyatta/config/tmp/new_config_5175/firewall/ipv4/name/CONN_FILTER/default-action/node.val", "/opt/vyatta/config/tmp/tmp_5175/work/firewall/ipv4/name/CONN_FILTER/default-action/node.val" in copy_file. Falling back to internal stream_file
recursive_copy_dir failed due to boost::filesystem::copy_file: Invalid cross-device link: "/opt/vyatta/config/tmp/new_config_5175/firewall/ipv4/name/CONN_FILTER/rule/10/action/node.val", "/opt/vyatta/config/tmp/tmp_5175/work/firewall/ipv4/name/CONN_FILTER/rule/10/action/node.val" in copy_file. Falling back to internal stream_file
recursive_copy_dir failed due to boost::filesystem::copy_file: Invalid cross-device link: "/opt/vyatta/config/tmp/new_config_5175/firewall/ipv4/name/CONN_FILTER/rule/10/state/node.val", "/opt/vyatta/config/tmp/tmp_5175/work/firewall/ipv4/name/CONN_FILTER/rule/10/state/node.val" in copy_file. Falling back to internal stream_file
recursive_copy_dir failed due to boost::filesystem::copy_file: Invalid cross-device link: "/opt/vyatta/config/tmp/new_config_5175/firewall/ipv4/name/CONN_FILTER/rule/20/action/node.val", "/opt/vyatta/config/tmp/tmp_5175/work/firewall/ipv4/name/CONN_FILTER/rule/20/action/node.val" in copy_file. Falling back to internal stream_file
recursive_copy_dir failed due to boost::filesystem::copy_file: Invalid cross-device link: "/opt/vyatta/config/tmp/new_config_5175/firewall/ipv4/name/CONN_FILTER/rule/20/state/node.val", "/opt/vyatta/config/tmp/tmp_5175/work/firewall/ipv4/name/CONN_FILTER/rule/20/state/node.val" in copy_file. Falling back to internal stream_file
recursive_copy_dir failed due to boost::filesystem::copy_file: Invalid cross-device link: "/opt/vyatta/config/tmp/new_config_5175/firewall/ipv4/input/filter/rule/20/action/node.val", "/opt/vyatta/config/tmp/tmp_5175/work/firewall/ipv4/input/filter/rule/20/action/node.val" in copy_file. Falling back to internal stream_file
recursive_copy_dir failed due to boost::filesystem::copy_file: Invalid cross-device link: "/opt/vyatta/config/tmp/new_config_5175/firewall/ipv4/input/filter/rule/20/jump-target/node.val", "/opt/vyatta/config/tmp/tmp_5175/work/firewall/ipv4/input/filter/rule/20/jump-target/node.val" in copy_file. Falling back to internal stream_file
recursive_copy_dir failed due to boost::filesystem::copy_file: Invalid cross-device link: "/opt/vyatta/config/tmp/new_config_5175/firewall/ipv4/input/filter/rule/20/destination/port/node.val", "/opt/vyatta/config/tmp/tmp_5175/work/firewall/ipv4/input/filter/rule/20/destination/port/node.val" in copy_file. Falling back to internal stream_file
recursive_copy_dir failed due to boost::filesystem::copy_file: Invalid cross-device link: "/opt/vyatta/config/tmp/new_config_5175/firewall/ipv4/input/filter/rule/20/protocol/node.val", "/opt/vyatta/config/tmp/tmp_5175/work/firewall/ipv4/input/filter/rule/20/protocol/node.val" in copy_file. Falling back to internal stream_file
recursive_copy_dir failed due to boost::filesystem::copy_file: Invalid cross-device link: "/opt/vyatta/config/tmp/new_config_5175/firewall/ipv4/input/filter/rule/10/action/node.val", "/opt/vyatta/config/tmp/tmp_5175/work/firewall/ipv4/input/filter/rule/10/action/node.val" in copy_file. Falling back to internal stream_file
recursive_copy_dir failed due to boost::filesystem::copy_file: Invalid cross-device link: "/opt/vyatta/config/tmp/new_config_5175/firewall/ipv4/input/filter/rule/10/jump-target/node.val", "/opt/vyatta/config/tmp/tmp_5175/work/firewall/ipv4/input/filter/rule/10/jump-target/node.val" in copy_file. Falling back to internal stream_file
recursive_copy_dir failed due to boost::filesystem::copy_file: Invalid cross-device link: "/opt/vyatta/config/tmp/new_config_5175/firewall/ipv4/input/filter/rule/10/state/node.val", "/opt/vyatta/config/tmp/tmp_5175/work/firewall/ipv4/input/filter/rule/10/state/node.val" in copy_file. Falling back to internal stream_file
recursive_copy_dir failed due to boost::filesystem::copy_file: Invalid cross-device link: "/opt/vyatta/config/tmp/new_config_5175/firewall/ipv4/input/filter/rule/5/action/node.val", "/opt/vyatta/config/tmp/tmp_5175/work/firewall/ipv4/input/filter/rule/5/action/node.val" in copy_file. Falling back to internal stream_file
recursive_copy_dir failed due to boost::filesystem::copy_file: Invalid cross-device link: "/opt/vyatta/config/tmp/new_config_5175/firewall/ipv4/input/filter/rule/5/state/node.val", "/opt/vyatta/config/tmp/tmp_5175/work/firewall/ipv4/input/filter/rule/5/state/node.val" in copy_file. Falling back to internal stream_file
recursive_copy_dir failed due to boost::filesystem::copy_file: Invalid cross-device link: "/opt/vyatta/config/tmp/new_config_5175/firewall/ipv4/forward/filter/rule/10/action/node.val", "/opt/vyatta/config/tmp/tmp_5175/work/firewall/ipv4/forward/filter/rule/10/action/node.val" in copy_file. Falling back to internal stream_file
recursive_copy_dir failed due to boost::filesystem::copy_file: Invalid cross-device link: "/opt/vyatta/config/tmp/new_config_5175/firewall/ipv4/forward/filter/rule/10/jump-target/node.val", "/opt/vyatta/config/tmp/tmp_5175/work/firewall/ipv4/forward/filter/rule/10/jump-target/node.val" in copy_file. Falling back to internal stream_file
recursive_copy_dir failed due to boost::filesystem::copy_file: Invalid cross-device link: "/opt/vyatta/config/tmp/new_config_5175/firewall/ipv4/forward/filter/rule/10/state/node.val", "/opt/vyatta/config/tmp/tmp_5175/work/firewall/ipv4/forward/filter/rule/10/state/node.val" in copy_file. Falling back to internal stream_file
recursive_copy_dir failed due to boost::filesystem::copy_file: Invalid cross-device link: "/opt/vyatta/config/tmp/new_config_5175/firewall/ipv4/forward/filter/rule/5/action/node.val", "/opt/vyatta/config/tmp/tmp_5175/work/firewall/ipv4/forward/filter/rule/5/action/node.val" in copy_file. Falling back to internal stream_file
recursive_copy_dir failed due to boost::filesystem::copy_file: Invalid cross-device link: "/opt/vyatta/config/tmp/new_config_5175/firewall/ipv4/forward/filter/rule/5/state/node.val", "/opt/vyatta/config/tmp/tmp_5175/work/firewall/ipv4/forward/filter/rule/5/state/node.val" in copy_file. Falling back to internal stream_file
recursive_copy_dir failed due to boost::filesystem::copy_file: Invalid cross-device link: "/opt/vyatta/config/tmp/new_config_5175/firewall/global-options/state-policy/established/action/node.val", "/opt/vyatta/config/tmp/tmp_5175/work/firewall/global-options/state-policy/established/action/node.val" in copy_file. Falling back to internal stream_file
recursive_copy_dir failed due to boost::filesystem::copy_file: Invalid cross-device link: "/opt/vyatta/config/tmp/new_config_5175/firewall/global-options/state-policy/related/action/node.val", "/opt/vyatta/config/tmp/tmp_5175/work/firewall/global-options/state-policy/related/action/node.val" in copy_file. Falling back to internal stream_file
recursive_copy_dir failed due to boost::filesystem::copy_file: Invalid cross-device link: "/opt/vyatta/config/tmp/new_config_5175/firewall/global-options/state-policy/invalid/action/node.val", "/opt/vyatta/config/tmp/tmp_5175/work/firewall/global-options/state-policy/invalid/action/node.val" in copy_file. Falling back to internal stream_file
recursive_copy_dir failed due to boost::filesystem::copy_file: Invalid cross-device link: "/opt/vyatta/config/tmp/new_config_5175/interfaces/ethernet/eth0/description/node.val", "/opt/vyatta/config/tmp/tmp_5175/work/interfaces/ethernet/eth0/description/node.val" in copy_file. Falling back to internal stream_file
recursive_copy_dir failed due to boost::filesystem::copy_file: Invalid cross-device link: "/opt/vyatta/config/tmp/new_config_5175/interfaces/ethernet/eth0/address/node.val", "/opt/vyatta/config/tmp/tmp_5175/work/interfaces/ethernet/eth0/address/node.val" in copy_file. Falling back to internal stream_file
recursive_copy_dir failed due to boost::filesystem::copy_file: Invalid cross-device link: "/opt/vyatta/config/tmp/new_config_5175/interfaces/ethernet/eth0/hw-id/node.val", "/opt/vyatta/config/tmp/tmp_5175/work/interfaces/ethernet/eth0/hw-id/node.val" in copy_file. Falling back to internal stream_file
recursive_copy_dir failed due to boost::filesystem::copy_file: Invalid cross-device link: "/opt/vyatta/config/tmp/new_config_5175/service/ntp/allow-client/address/node.val", "/opt/vyatta/config/tmp/tmp_5175/work/service/ntp/allow-client/address/node.val" in copy_file. Falling back to internal stream_file
recursive_copy_dir failed due to boost::filesystem::copy_file: Invalid cross-device link: "/opt/vyatta/config/tmp/new_config_5175/service/ssh/port/node.val", "/opt/vyatta/config/tmp/tmp_5175/work/service/ssh/port/node.val" in copy_file. Falling back to internal stream_file
no tap[/opt/vyatta/config/tmp/tmp_5175/active]
cp[/opt/vyatta/config/tmp/new_config_5175]->[/opt/vyatta/config/tmp/tmp_5175/active]
recursive_copy_dir failed due to boost::filesystem::copy_file: Invalid cross-device link: "/opt/vyatta/config/tmp/new_config_5175/vpn/sstp/authentication/local-users/username/lstanley/password/node.val", "/opt/vyatta/config/tmp/tmp_5175/active/vpn/sstp/authentication/local-users/username/lstanley/password/node.val" in copy_file. Falling back to internal stream_file
recursive_copy_dir failed due to boost::filesystem::copy_file: Invalid cross-device link: "/opt/vyatta/config/tmp/new_config_5175/vpn/sstp/authentication/mode/node.val", "/opt/vyatta/config/tmp/tmp_5175/active/vpn/sstp/authentication/mode/node.val" in copy_file. Falling back to internal stream_file
recursive_copy_dir failed due to boost::filesystem::copy_file: Invalid cross-device link: "/opt/vyatta/config/tmp/new_config_5175/vpn/sstp/client-ip-pool/SSTP-POOL/range/node.val", "/opt/vyatta/config/tmp/tmp_5175/active/vpn/sstp/client-ip-pool/SSTP-POOL/range/node.val" in copy_file. Falling back to internal stream_file
recursive_copy_dir failed due to boost::filesystem::copy_file: Invalid cross-device link: "/opt/vyatta/config/tmp/new_config_5175/vpn/sstp/default-pool/node.val", "/opt/vyatta/config/tmp/tmp_5175/active/vpn/sstp/default-pool/node.val" in copy_file. Falling back to internal stream_file
recursive_copy_dir failed due to boost::filesystem::copy_file: Invalid cross-device link: "/opt/vyatta/config/tmp/new_config_5175/vpn/sstp/gateway-address/node.val", "/opt/vyatta/config/tmp/tmp_5175/active/vpn/sstp/gateway-address/node.val" in copy_file. Falling back to internal stream_file
recursive_copy_dir failed due to boost::filesystem::copy_file: Invalid cross-device link: "/opt/vyatta/config/tmp/new_config_5175/vpn/sstp/ssl/ca-certificate/node.val", "/opt/vyatta/config/tmp/tmp_5175/active/vpn/sstp/ssl/ca-certificate/node.val" in copy_file. Falling back to internal stream_file
recursive_copy_dir failed due to boost::filesystem::copy_file: Invalid cross-device link: "/opt/vyatta/config/tmp/new_config_5175/vpn/sstp/ssl/certificate/node.val", "/opt/vyatta/config/tmp/tmp_5175/active/vpn/sstp/ssl/certificate/node.val" in copy_file. Falling back to internal stream_file
recursive_copy_dir failed due to boost::filesystem::copy_file: Invalid cross-device link: "/opt/vyatta/config/tmp/new_config_5175/pki/certificate/Server/certificate/node.val", "/opt/vyatta/config/tmp/tmp_5175/active/pki/certificate/Server/certificate/node.val" in copy_file. Falling back to internal stream_file
recursive_copy_dir failed due to boost::filesystem::copy_file: Invalid cross-device link: "/opt/vyatta/config/tmp/new_config_5175/pki/certificate/Server/private/key/node.val", "/opt/vyatta/config/tmp/tmp_5175/active/pki/certificate/Server/private/key/node.val" in copy_file. Falling back to internal stream_file
recursive_copy_dir failed due to boost::filesystem::copy_file: Invalid cross-device link: "/opt/vyatta/config/tmp/new_config_5175/pki/ca/CA/certificate/node.val", "/opt/vyatta/config/tmp/tmp_5175/active/pki/ca/CA/certificate/node.val" in copy_file. Falling back to internal stream_file
recursive_copy_dir failed due to boost::filesystem::copy_file: Invalid cross-device link: "/opt/vyatta/config/tmp/new_config_5175/pki/ca/CA/private/key/node.val", "/opt/vyatta/config/tmp/tmp_5175/active/pki/ca/CA/private/key/node.val" in copy_file. Falling back to internal stream_file
recursive_copy_dir failed due to boost::filesystem::copy_file: Invalid cross-device link: "/opt/vyatta/config/tmp/new_config_5175/system/login/user/admin/authentication/encrypted-password/node.val", "/opt/vyatta/config/tmp/tmp_5175/active/system/login/user/admin/authentication/encrypted-password/node.val" in copy_file. Falling back to internal stream_file
recursive_copy_dir failed due to boost::filesystem::copy_file: Invalid cross-device link: "/opt/vyatta/config/tmp/new_config_5175/system/login/user/vyos/authentication/encrypted-password/node.val", "/opt/vyatta/config/tmp/tmp_5175/active/system/login/user/vyos/authentication/encrypted-password/node.val" in copy_file. Falling back to internal stream_file
recursive_copy_dir failed due to boost::filesystem::copy_file: Invalid cross-device link: "/opt/vyatta/config/tmp/new_config_5175/system/config-management/commit-revisions/node.val", "/opt/vyatta/config/tmp/tmp_5175/active/system/config-management/commit-revisions/node.val" in copy_file. Falling back to internal stream_file
recursive_copy_dir failed due to boost::filesystem::copy_file: Invalid cross-device link: "/opt/vyatta/config/tmp/new_config_5175/system/console/device/ttyS0/speed/node.val", "/opt/vyatta/config/tmp/tmp_5175/active/system/console/device/ttyS0/speed/node.val" in copy_file. Falling back to internal stream_file
recursive_copy_dir failed due to boost::filesystem::copy_file: Invalid cross-device link: "/opt/vyatta/config/tmp/new_config_5175/system/host-name/node.val", "/opt/vyatta/config/tmp/tmp_5175/active/system/host-name/node.val" in copy_file. Falling back to internal stream_file
recursive_copy_dir failed due to boost::filesystem::copy_file: Invalid cross-device link: "/opt/vyatta/config/tmp/new_config_5175/system/syslog/global/facility/all/level/node.val", "/opt/vyatta/config/tmp/tmp_5175/active/system/syslog/global/facility/all/level/node.val" in copy_file. Falling back to internal stream_file
recursive_copy_dir failed due to boost::filesystem::copy_file: Invalid cross-device link: "/opt/vyatta/config/tmp/new_config_5175/system/syslog/global/facility/local7/level/node.val", "/opt/vyatta/config/tmp/tmp_5175/active/system/syslog/global/facility/local7/level/node.val" in copy_file. Falling back to internal stream_file
recursive_copy_dir failed due to boost::filesystem::copy_file: Invalid cross-device link: "/opt/vyatta/config/tmp/new_config_5175/firewall/ipv4/name/PHANTOM_MANAGEMENT/default-action/node.val", "/opt/vyatta/config/tmp/tmp_5175/active/firewall/ipv4/name/PHANTOM_MANAGEMENT/default-action/node.val" in copy_file. Falling back to internal stream_file
recursive_copy_dir failed due to boost::filesystem::copy_file: Invalid cross-device link: "/opt/vyatta/config/tmp/new_config_5175/firewall/ipv4/name/CONN_FILTER/default-action/node.val", "/opt/vyatta/config/tmp/tmp_5175/active/firewall/ipv4/name/CONN_FILTER/default-action/node.val" in copy_file. Falling back to internal stream_file
recursive_copy_dir failed due to boost::filesystem::copy_file: Invalid cross-device link: "/opt/vyatta/config/tmp/new_config_5175/firewall/ipv4/name/CONN_FILTER/rule/10/action/node.val", "/opt/vyatta/config/tmp/tmp_5175/active/firewall/ipv4/name/CONN_FILTER/rule/10/action/node.val" in copy_file. Falling back to internal stream_file
recursive_copy_dir failed due to boost::filesystem::copy_file: Invalid cross-device link: "/opt/vyatta/config/tmp/new_config_5175/firewall/ipv4/name/CONN_FILTER/rule/10/state/node.val", "/opt/vyatta/config/tmp/tmp_5175/active/firewall/ipv4/name/CONN_FILTER/rule/10/state/node.val" in copy_file. Falling back to internal stream_file
recursive_copy_dir failed due to boost::filesystem::copy_file: Invalid cross-device link: "/opt/vyatta/config/tmp/new_config_5175/firewall/ipv4/name/CONN_FILTER/rule/20/action/node.val", "/opt/vyatta/config/tmp/tmp_5175/active/firewall/ipv4/name/CONN_FILTER/rule/20/action/node.val" in copy_file. Falling back to internal stream_file
recursive_copy_dir failed due to boost::filesystem::copy_file: Invalid cross-device link: "/opt/vyatta/config/tmp/new_config_5175/firewall/ipv4/name/CONN_FILTER/rule/20/state/node.val", "/opt/vyatta/config/tmp/tmp_5175/active/firewall/ipv4/name/CONN_FILTER/rule/20/state/node.val" in copy_file. Falling back to internal stream_file
recursive_copy_dir failed due to boost::filesystem::copy_file: Invalid cross-device link: "/opt/vyatta/config/tmp/new_config_5175/firewall/ipv4/input/filter/rule/20/action/node.val", "/opt/vyatta/config/tmp/tmp_5175/active/firewall/ipv4/input/filter/rule/20/action/node.val" in copy_file. Falling back to internal stream_file
recursive_copy_dir failed due to boost::filesystem::copy_file: Invalid cross-device link: "/opt/vyatta/config/tmp/new_config_5175/firewall/ipv4/input/filter/rule/20/jump-target/node.val", "/opt/vyatta/config/tmp/tmp_5175/active/firewall/ipv4/input/filter/rule/20/jump-target/node.val" in copy_file. Falling back to internal stream_file
recursive_copy_dir failed due to boost::filesystem::copy_file: Invalid cross-device link: "/opt/vyatta/config/tmp/new_config_5175/firewall/ipv4/input/filter/rule/20/destination/port/node.val", "/opt/vyatta/config/tmp/tmp_5175/active/firewall/ipv4/input/filter/rule/20/destination/port/node.val" in copy_file. Falling back to internal stream_file
recursive_copy_dir failed due to boost::filesystem::copy_file: Invalid cross-device link: "/opt/vyatta/config/tmp/new_config_5175/firewall/ipv4/input/filter/rule/20/protocol/node.val", "/opt/vyatta/config/tmp/tmp_5175/active/firewall/ipv4/input/filter/rule/20/protocol/node.val" in copy_file. Falling back to internal stream_file
recursive_copy_dir failed due to boost::filesystem::copy_file: Invalid cross-device link: "/opt/vyatta/config/tmp/new_config_5175/firewall/ipv4/input/filter/rule/10/action/node.val", "/opt/vyatta/config/tmp/tmp_5175/active/firewall/ipv4/input/filter/rule/10/action/node.val" in copy_file. Falling back to internal stream_file
recursive_copy_dir failed due to boost::filesystem::copy_file: Invalid cross-device link: "/opt/vyatta/config/tmp/new_config_5175/firewall/ipv4/input/filter/rule/10/jump-target/node.val", "/opt/vyatta/config/tmp/tmp_5175/active/firewall/ipv4/input/filter/rule/10/jump-target/node.val" in copy_file. Falling back to internal stream_file
recursive_copy_dir failed due to boost::filesystem::copy_file: Invalid cross-device link: "/opt/vyatta/config/tmp/new_config_5175/firewall/ipv4/input/filter/rule/10/state/node.val", "/opt/vyatta/config/tmp/tmp_5175/active/firewall/ipv4/input/filter/rule/10/state/node.val" in copy_file. Falling back to internal stream_file
recursive_copy_dir failed due to boost::filesystem::copy_file: Invalid cross-device link: "/opt/vyatta/config/tmp/new_config_5175/firewall/ipv4/input/filter/rule/5/action/node.val", "/opt/vyatta/config/tmp/tmp_5175/active/firewall/ipv4/input/filter/rule/5/action/node.val" in copy_file. Falling back to internal stream_file
recursive_copy_dir failed due to boost::filesystem::copy_file: Invalid cross-device link: "/opt/vyatta/config/tmp/new_config_5175/firewall/ipv4/input/filter/rule/5/state/node.val", "/opt/vyatta/config/tmp/tmp_5175/active/firewall/ipv4/input/filter/rule/5/state/node.val" in copy_file. Falling back to internal stream_file
recursive_copy_dir failed due to boost::filesystem::copy_file: Invalid cross-device link: "/opt/vyatta/config/tmp/new_config_5175/firewall/ipv4/forward/filter/rule/10/action/node.val", "/opt/vyatta/config/tmp/tmp_5175/active/firewall/ipv4/forward/filter/rule/10/action/node.val" in copy_file. Falling back to internal stream_file
recursive_copy_dir failed due to boost::filesystem::copy_file: Invalid cross-device link: "/opt/vyatta/config/tmp/new_config_5175/firewall/ipv4/forward/filter/rule/10/jump-target/node.val", "/opt/vyatta/config/tmp/tmp_5175/active/firewall/ipv4/forward/filter/rule/10/jump-target/node.val" in copy_file. Falling back to internal stream_file
recursive_copy_dir failed due to boost::filesystem::copy_file: Invalid cross-device link: "/opt/vyatta/config/tmp/new_config_5175/firewall/ipv4/forward/filter/rule/10/state/node.val", "/opt/vyatta/config/tmp/tmp_5175/active/firewall/ipv4/forward/filter/rule/10/state/node.val" in copy_file. Falling back to internal stream_file
recursive_copy_dir failed due to boost::filesystem::copy_file: Invalid cross-device link: "/opt/vyatta/config/tmp/new_config_5175/firewall/ipv4/forward/filter/rule/5/action/node.val", "/opt/vyatta/config/tmp/tmp_5175/active/firewall/ipv4/forward/filter/rule/5/action/node.val" in copy_file. Falling back to internal stream_file
recursive_copy_dir failed due to boost::filesystem::copy_file: Invalid cross-device link: "/opt/vyatta/config/tmp/new_config_5175/firewall/ipv4/forward/filter/rule/5/state/node.val", "/opt/vyatta/config/tmp/tmp_5175/active/firewall/ipv4/forward/filter/rule/5/state/node.val" in copy_file. Falling back to internal stream_file
recursive_copy_dir failed due to boost::filesystem::copy_file: Invalid cross-device link: "/opt/vyatta/config/tmp/new_config_5175/firewall/global-options/state-policy/established/action/node.val", "/opt/vyatta/config/tmp/tmp_5175/active/firewall/global-options/state-policy/established/action/node.val" in copy_file. Falling back to internal stream_file
recursive_copy_dir failed due to boost::filesystem::copy_file: Invalid cross-device link: "/opt/vyatta/config/tmp/new_config_5175/firewall/global-options/state-policy/related/action/node.val", "/opt/vyatta/config/tmp/tmp_5175/active/firewall/global-options/state-policy/related/action/node.val" in copy_file. Falling back to internal stream_file
recursive_copy_dir failed due to boost::filesystem::copy_file: Invalid cross-device link: "/opt/vyatta/config/tmp/new_config_5175/firewall/global-options/state-policy/invalid/action/node.val", "/opt/vyatta/config/tmp/tmp_5175/active/firewall/global-options/state-policy/invalid/action/node.val" in copy_file. Falling back to internal stream_file
recursive_copy_dir failed due to boost::filesystem::copy_file: Invalid cross-device link: "/opt/vyatta/config/tmp/new_config_5175/interfaces/ethernet/eth0/description/node.val", "/opt/vyatta/config/tmp/tmp_5175/active/interfaces/ethernet/eth0/description/node.val" in copy_file. Falling back to internal stream_file
recursive_copy_dir failed due to boost::filesystem::copy_file: Invalid cross-device link: "/opt/vyatta/config/tmp/new_config_5175/interfaces/ethernet/eth0/address/node.val", "/opt/vyatta/config/tmp/tmp_5175/active/interfaces/ethernet/eth0/address/node.val" in copy_file. Falling back to internal stream_file
recursive_copy_dir failed due to boost::filesystem::copy_file: Invalid cross-device link: "/opt/vyatta/config/tmp/new_config_5175/interfaces/ethernet/eth0/hw-id/node.val", "/opt/vyatta/config/tmp/tmp_5175/active/interfaces/ethernet/eth0/hw-id/node.val" in copy_file. Falling back to internal stream_file
recursive_copy_dir failed due to boost::filesystem::copy_file: Invalid cross-device link: "/opt/vyatta/config/tmp/new_config_5175/service/ntp/allow-client/address/node.val", "/opt/vyatta/config/tmp/tmp_5175/active/service/ntp/allow-client/address/node.val" in copy_file. Falling back to internal stream_file
recursive_copy_dir failed due to boost::filesystem::copy_file: Invalid cross-device link: "/opt/vyatta/config/tmp/new_config_5175/service/ssh/port/node.val", "/opt/vyatta/config/tmp/tmp_5175/active/service/ssh/port/node.val" in copy_file. Falling back to internal stream_file
cp[/opt/vyatta/config/tmp/new_config_1632]->[/opt/vyatta/config/tmp/tmp_1632/work]
recursive_copy_dir failed due to boost::filesystem::copy_file: Invalid cross-device link: "/opt/vyatta/config/tmp/new_config_1632/firewall/global-options/state-policy/established/action/node.val", "/opt/vyatta/config/tmp/tmp_1632/work/firewall/global-options/state-policy/established/action/node.val" in copy_file. Falling back to internal stream_file
recursive_copy_dir failed due to boost::filesystem::copy_file: Invalid cross-device link: "/opt/vyatta/config/tmp/new_config_1632/firewall/global-options/state-policy/invalid/action/node.val", "/opt/vyatta/config/tmp/tmp_1632/work/firewall/global-options/state-policy/invalid/action/node.val" in copy_file. Falling back to internal stream_file
recursive_copy_dir failed due to boost::filesystem::copy_file: Invalid cross-device link: "/opt/vyatta/config/tmp/new_config_1632/firewall/global-options/state-policy/related/action/node.val", "/opt/vyatta/config/tmp/tmp_1632/work/firewall/global-options/state-policy/related/action/node.val" in copy_file. Falling back to internal stream_file
recursive_copy_dir failed due to boost::filesystem::copy_file: Invalid cross-device link: "/opt/vyatta/config/tmp/new_config_1632/firewall/ipv4/forward/filter/rule/5/action/node.val", "/opt/vyatta/config/tmp/tmp_1632/work/firewall/ipv4/forward/filter/rule/5/action/node.val" in copy_file. Falling back to internal stream_file
recursive_copy_dir failed due to boost::filesystem::copy_file: Invalid cross-device link: "/opt/vyatta/config/tmp/new_config_1632/firewall/ipv4/forward/filter/rule/5/state/node.val", "/opt/vyatta/config/tmp/tmp_1632/work/firewall/ipv4/forward/filter/rule/5/state/node.val" in copy_file. Falling back to internal stream_file
recursive_copy_dir failed due to boost::filesystem::copy_file: Invalid cross-device link: "/opt/vyatta/config/tmp/new_config_1632/firewall/ipv4/forward/filter/rule/10/action/node.val", "/opt/vyatta/config/tmp/tmp_1632/work/firewall/ipv4/forward/filter/rule/10/action/node.val" in copy_file. Falling back to internal stream_file
recursive_copy_dir failed due to boost::filesystem::copy_file: Invalid cross-device link: "/opt/vyatta/config/tmp/new_config_1632/firewall/ipv4/forward/filter/rule/10/jump-target/node.val", "/opt/vyatta/config/tmp/tmp_1632/work/firewall/ipv4/forward/filter/rule/10/jump-target/node.val" in copy_file. Falling back to internal stream_file
recursive_copy_dir failed due to boost::filesystem::copy_file: Invalid cross-device link: "/opt/vyatta/config/tmp/new_config_1632/firewall/ipv4/forward/filter/rule/10/state/node.val", "/opt/vyatta/config/tmp/tmp_1632/work/firewall/ipv4/forward/filter/rule/10/state/node.val" in copy_file. Falling back to internal stream_file
recursive_copy_dir failed due to boost::filesystem::copy_file: Invalid cross-device link: "/opt/vyatta/config/tmp/new_config_1632/firewall/ipv4/input/filter/rule/5/action/node.val", "/opt/vyatta/config/tmp/tmp_1632/work/firewall/ipv4/input/filter/rule/5/action/node.val" in copy_file. Falling back to internal stream_file
recursive_copy_dir failed due to boost::filesystem::copy_file: Invalid cross-device link: "/opt/vyatta/config/tmp/new_config_1632/firewall/ipv4/input/filter/rule/5/state/node.val", "/opt/vyatta/config/tmp/tmp_1632/work/firewall/ipv4/input/filter/rule/5/state/node.val" in copy_file. Falling back to internal stream_file
recursive_copy_dir failed due to boost::filesystem::copy_file: Invalid cross-device link: "/opt/vyatta/config/tmp/new_config_1632/firewall/ipv4/input/filter/rule/10/action/node.val", "/opt/vyatta/config/tmp/tmp_1632/work/firewall/ipv4/input/filter/rule/10/action/node.val" in copy_file. Falling back to internal stream_file
recursive_copy_dir failed due to boost::filesystem::copy_file: Invalid cross-device link: "/opt/vyatta/config/tmp/new_config_1632/firewall/ipv4/input/filter/rule/10/jump-target/node.val", "/opt/vyatta/config/tmp/tmp_1632/work/firewall/ipv4/input/filter/rule/10/jump-target/node.val" in copy_file. Falling back to internal stream_file
recursive_copy_dir failed due to boost::filesystem::copy_file: Invalid cross-device link: "/opt/vyatta/config/tmp/new_config_1632/firewall/ipv4/input/filter/rule/10/state/node.val", "/opt/vyatta/config/tmp/tmp_1632/work/firewall/ipv4/input/filter/rule/10/state/node.val" in copy_file. Falling back to internal stream_file
recursive_copy_dir failed due to boost::filesystem::copy_file: Invalid cross-device link: "/opt/vyatta/config/tmp/new_config_1632/firewall/ipv4/input/filter/rule/20/action/node.val", "/opt/vyatta/config/tmp/tmp_1632/work/firewall/ipv4/input/filter/rule/20/action/node.val" in copy_file. Falling back to internal stream_file
recursive_copy_dir failed due to boost::filesystem::copy_file: Invalid cross-device link: "/opt/vyatta/config/tmp/new_config_1632/firewall/ipv4/input/filter/rule/20/destination/port/node.val", "/opt/vyatta/config/tmp/tmp_1632/work/firewall/ipv4/input/filter/rule/20/destination/port/node.val" in copy_file. Falling back to internal stream_file
recursive_copy_dir failed due to boost::filesystem::copy_file: Invalid cross-device link: "/opt/vyatta/config/tmp/new_config_1632/firewall/ipv4/input/filter/rule/20/jump-target/node.val", "/opt/vyatta/config/tmp/tmp_1632/work/firewall/ipv4/input/filter/rule/20/jump-target/node.val" in copy_file. Falling back to internal stream_file
recursive_copy_dir failed due to boost::filesystem::copy_file: Invalid cross-device link: "/opt/vyatta/config/tmp/new_config_1632/firewall/ipv4/input/filter/rule/20/protocol/node.val", "/opt/vyatta/config/tmp/tmp_1632/work/firewall/ipv4/input/filter/rule/20/protocol/node.val" in copy_file. Falling back to internal stream_file
recursive_copy_dir failed due to boost::filesystem::copy_file: Invalid cross-device link: "/opt/vyatta/config/tmp/new_config_1632/firewall/ipv4/name/CONN_FILTER/default-action/node.val", "/opt/vyatta/config/tmp/tmp_1632/work/firewall/ipv4/name/CONN_FILTER/default-action/node.val" in copy_file. Falling back to internal stream_file
recursive_copy_dir failed due to boost::filesystem::copy_file: Invalid cross-device link: "/opt/vyatta/config/tmp/new_config_1632/firewall/ipv4/name/CONN_FILTER/rule/10/action/node.val", "/opt/vyatta/config/tmp/tmp_1632/work/firewall/ipv4/name/CONN_FILTER/rule/10/action/node.val" in copy_file. Falling back to internal stream_file
recursive_copy_dir failed due to boost::filesystem::copy_file: Invalid cross-device link: "/opt/vyatta/config/tmp/new_config_1632/firewall/ipv4/name/CONN_FILTER/rule/10/state/node.val", "/opt/vyatta/config/tmp/tmp_1632/work/firewall/ipv4/name/CONN_FILTER/rule/10/state/node.val" in copy_file. Falling back to internal stream_file
recursive_copy_dir failed due to boost::filesystem::copy_file: Invalid cross-device link: "/opt/vyatta/config/tmp/new_config_1632/firewall/ipv4/name/CONN_FILTER/rule/20/action/node.val", "/opt/vyatta/config/tmp/tmp_1632/work/firewall/ipv4/name/CONN_FILTER/rule/20/action/node.val" in copy_file. Falling back to internal stream_file
recursive_copy_dir failed due to boost::filesystem::copy_file: Invalid cross-device link: "/opt/vyatta/config/tmp/new_config_1632/firewall/ipv4/name/CONN_FILTER/rule/20/state/node.val", "/opt/vyatta/config/tmp/tmp_1632/work/firewall/ipv4/name/CONN_FILTER/rule/20/state/node.val" in copy_file. Falling back to internal stream_file
recursive_copy_dir failed due to boost::filesystem::copy_file: Invalid cross-device link: "/opt/vyatta/config/tmp/new_config_1632/firewall/ipv4/name/PHANTOM_MANAGEMENT/default-action/node.val", "/opt/vyatta/config/tmp/tmp_1632/work/firewall/ipv4/name/PHANTOM_MANAGEMENT/default-action/node.val" in copy_file. Falling back to internal stream_file
recursive_copy_dir failed due to boost::filesystem::copy_file: Invalid cross-device link: "/opt/vyatta/config/tmp/new_config_1632/interfaces/ethernet/eth0/address/node.val", "/opt/vyatta/config/tmp/tmp_1632/work/interfaces/ethernet/eth0/address/node.val" in copy_file. Falling back to internal stream_file
recursive_copy_dir failed due to boost::filesystem::copy_file: Invalid cross-device link: "/opt/vyatta/config/tmp/new_config_1632/interfaces/ethernet/eth0/description/node.val", "/opt/vyatta/config/tmp/tmp_1632/work/interfaces/ethernet/eth0/description/node.val" in copy_file. Falling back to internal stream_file
recursive_copy_dir failed due to boost::filesystem::copy_file: Invalid cross-device link: "/opt/vyatta/config/tmp/new_config_1632/interfaces/ethernet/eth0/hw-id/node.val", "/opt/vyatta/config/tmp/tmp_1632/work/interfaces/ethernet/eth0/hw-id/node.val" in copy_file. Falling back to internal stream_file
recursive_copy_dir failed due to boost::filesystem::copy_file: Invalid cross-device link: "/opt/vyatta/config/tmp/new_config_1632/pki/ca/CA/certificate/node.val", "/opt/vyatta/config/tmp/tmp_1632/work/pki/ca/CA/certificate/node.val" in copy_file. Falling back to internal stream_file
recursive_copy_dir failed due to boost::filesystem::copy_file: Invalid cross-device link: "/opt/vyatta/config/tmp/new_config_1632/pki/ca/CA/private/key/node.val", "/opt/vyatta/config/tmp/tmp_1632/work/pki/ca/CA/private/key/node.val" in copy_file. Falling back to internal stream_file
recursive_copy_dir failed due to boost::filesystem::copy_file: Invalid cross-device link: "/opt/vyatta/config/tmp/new_config_1632/pki/certificate/Server/certificate/node.val", "/opt/vyatta/config/tmp/tmp_1632/work/pki/certificate/Server/certificate/node.val" in copy_file. Falling back to internal stream_file
recursive_copy_dir failed due to boost::filesystem::copy_file: Invalid cross-device link: "/opt/vyatta/config/tmp/new_config_1632/pki/certificate/Server/private/key/node.val", "/opt/vyatta/config/tmp/tmp_1632/work/pki/certificate/Server/private/key/node.val" in copy_file. Falling back to internal stream_file
recursive_copy_dir failed due to boost::filesystem::copy_file: Invalid cross-device link: "/opt/vyatta/config/tmp/new_config_1632/service/ntp/allow-client/address/node.val", "/opt/vyatta/config/tmp/tmp_1632/work/service/ntp/allow-client/address/node.val" in copy_file. Falling back to internal stream_file
recursive_copy_dir failed due to boost::filesystem::copy_file: Invalid cross-device link: "/opt/vyatta/config/tmp/new_config_1632/service/ssh/port/node.val", "/opt/vyatta/config/tmp/tmp_1632/work/service/ssh/port/node.val" in copy_file. Falling back to internal stream_file
recursive_copy_dir failed due to boost::filesystem::copy_file: Invalid cross-device link: "/opt/vyatta/config/tmp/new_config_1632/system/config-management/commit-revisions/node.val", "/opt/vyatta/config/tmp/tmp_1632/work/system/config-management/commit-revisions/node.val" in copy_file. Falling back to internal stream_file
recursive_copy_dir failed due to boost::filesystem::copy_file: Invalid cross-device link: "/opt/vyatta/config/tmp/new_config_1632/system/console/device/ttyS0/speed/node.val", "/opt/vyatta/config/tmp/tmp_1632/work/system/console/device/ttyS0/speed/node.val" in copy_file. Falling back to internal stream_file
recursive_copy_dir failed due to boost::filesystem::copy_file: Invalid cross-device link: "/opt/vyatta/config/tmp/new_config_1632/system/host-name/node.val", "/opt/vyatta/config/tmp/tmp_1632/work/system/host-name/node.val" in copy_file. Falling back to internal stream_file
recursive_copy_dir failed due to boost::filesystem::copy_file: Invalid cross-device link: "/opt/vyatta/config/tmp/new_config_1632/system/login/user/admin/authentication/encrypted-password/node.val", "/opt/vyatta/config/tmp/tmp_1632/work/system/login/user/admin/authentication/encrypted-password/node.val" in copy_file. Falling back to internal stream_file
recursive_copy_dir failed due to boost::filesystem::copy_file: Invalid cross-device link: "/opt/vyatta/config/tmp/new_config_1632/system/login/user/vyos/authentication/encrypted-password/node.val", "/opt/vyatta/config/tmp/tmp_1632/work/system/login/user/vyos/authentication/encrypted-password/node.val" in copy_file. Falling back to internal stream_file
recursive_copy_dir failed due to boost::filesystem::copy_file: Invalid cross-device link: "/opt/vyatta/config/tmp/new_config_1632/system/syslog/global/facility/all/level/node.val", "/opt/vyatta/config/tmp/tmp_1632/work/system/syslog/global/facility/all/level/node.val" in copy_file. Falling back to internal stream_file
recursive_copy_dir failed due to boost::filesystem::copy_file: Invalid cross-device link: "/opt/vyatta/config/tmp/new_config_1632/system/syslog/global/facility/local7/level/node.val", "/opt/vyatta/config/tmp/tmp_1632/work/system/syslog/global/facility/local7/level/node.val" in copy_file. Falling back to internal stream_file
recursive_copy_dir failed due to boost::filesystem::copy_file: Invalid cross-device link: "/opt/vyatta/config/tmp/new_config_1632/vpn/sstp/authentication/local-users/username/lstanley/password/node.val", "/opt/vyatta/config/tmp/tmp_1632/work/vpn/sstp/authentication/local-users/username/lstanley/password/node.val" in copy_file. Falling back to internal stream_file
recursive_copy_dir failed due to boost::filesystem::copy_file: Invalid cross-device link: "/opt/vyatta/config/tmp/new_config_1632/vpn/sstp/authentication/mode/node.val", "/opt/vyatta/config/tmp/tmp_1632/work/vpn/sstp/authentication/mode/node.val" in copy_file. Falling back to internal stream_file
recursive_copy_dir failed due to boost::filesystem::copy_file: Invalid cross-device link: "/opt/vyatta/config/tmp/new_config_1632/vpn/sstp/client-ip-pool/SSTP-POOL/range/node.val", "/opt/vyatta/config/tmp/tmp_1632/work/vpn/sstp/client-ip-pool/SSTP-POOL/range/node.val" in copy_file. Falling back to internal stream_file
recursive_copy_dir failed due to boost::filesystem::copy_file: Invalid cross-device link: "/opt/vyatta/config/tmp/new_config_1632/vpn/sstp/default-pool/node.val", "/opt/vyatta/config/tmp/tmp_1632/work/vpn/sstp/default-pool/node.val" in copy_file. Falling back to internal stream_file
recursive_copy_dir failed due to boost::filesystem::copy_file: Invalid cross-device link: "/opt/vyatta/config/tmp/new_config_1632/vpn/sstp/gateway-address/node.val", "/opt/vyatta/config/tmp/tmp_1632/work/vpn/sstp/gateway-address/node.val" in copy_file. Falling back to internal stream_file
recursive_copy_dir failed due to boost::filesystem::copy_file: Invalid cross-device link: "/opt/vyatta/config/tmp/new_config_1632/vpn/sstp/ssl/ca-certificate/node.val", "/opt/vyatta/config/tmp/tmp_1632/work/vpn/sstp/ssl/ca-certificate/node.val" in copy_file. Falling back to internal stream_file
recursive_copy_dir failed due to boost::filesystem::copy_file: Invalid cross-device link: "/opt/vyatta/config/tmp/new_config_1632/vpn/sstp/ssl/certificate/node.val", "/opt/vyatta/config/tmp/tmp_1632/work/vpn/sstp/ssl/certificate/node.val" in copy_file. Falling back to internal stream_file
no tap[/opt/vyatta/config/tmp/tmp_1632/active]
cp[/opt/vyatta/config/tmp/new_config_1632]->[/opt/vyatta/config/tmp/tmp_1632/active]
recursive_copy_dir failed due to boost::filesystem::copy_file: Invalid cross-device link: "/opt/vyatta/config/tmp/new_config_1632/firewall/global-options/state-policy/established/action/node.val", "/opt/vyatta/config/tmp/tmp_1632/active/firewall/global-options/state-policy/established/action/node.val" in copy_file. Falling back to internal stream_file
recursive_copy_dir failed due to boost::filesystem::copy_file: Invalid cross-device link: "/opt/vyatta/config/tmp/new_config_1632/firewall/global-options/state-policy/invalid/action/node.val", "/opt/vyatta/config/tmp/tmp_1632/active/firewall/global-options/state-policy/invalid/action/node.val" in copy_file. Falling back to internal stream_file
recursive_copy_dir failed due to boost::filesystem::copy_file: Invalid cross-device link: "/opt/vyatta/config/tmp/new_config_1632/firewall/global-options/state-policy/related/action/node.val", "/opt/vyatta/config/tmp/tmp_1632/active/firewall/global-options/state-policy/related/action/node.val" in copy_file. Falling back to internal stream_file
recursive_copy_dir failed due to boost::filesystem::copy_file: Invalid cross-device link: "/opt/vyatta/config/tmp/new_config_1632/firewall/ipv4/forward/filter/rule/5/action/node.val", "/opt/vyatta/config/tmp/tmp_1632/active/firewall/ipv4/forward/filter/rule/5/action/node.val" in copy_file. Falling back to internal stream_file
recursive_copy_dir failed due to boost::filesystem::copy_file: Invalid cross-device link: "/opt/vyatta/config/tmp/new_config_1632/firewall/ipv4/forward/filter/rule/5/state/node.val", "/opt/vyatta/config/tmp/tmp_1632/active/firewall/ipv4/forward/filter/rule/5/state/node.val" in copy_file. Falling back to internal stream_file
recursive_copy_dir failed due to boost::filesystem::copy_file: Invalid cross-device link: "/opt/vyatta/config/tmp/new_config_1632/firewall/ipv4/forward/filter/rule/10/action/node.val", "/opt/vyatta/config/tmp/tmp_1632/active/firewall/ipv4/forward/filter/rule/10/action/node.val" in copy_file. Falling back to internal stream_file
recursive_copy_dir failed due to boost::filesystem::copy_file: Invalid cross-device link: "/opt/vyatta/config/tmp/new_config_1632/firewall/ipv4/forward/filter/rule/10/jump-target/node.val", "/opt/vyatta/config/tmp/tmp_1632/active/firewall/ipv4/forward/filter/rule/10/jump-target/node.val" in copy_file. Falling back to internal stream_file
recursive_copy_dir failed due to boost::filesystem::copy_file: Invalid cross-device link: "/opt/vyatta/config/tmp/new_config_1632/firewall/ipv4/forward/filter/rule/10/state/node.val", "/opt/vyatta/config/tmp/tmp_1632/active/firewall/ipv4/forward/filter/rule/10/state/node.val" in copy_file. Falling back to internal stream_file
recursive_copy_dir failed due to boost::filesystem::copy_file: Invalid cross-device link: "/opt/vyatta/config/tmp/new_config_1632/firewall/ipv4/input/filter/rule/5/action/node.val", "/opt/vyatta/config/tmp/tmp_1632/active/firewall/ipv4/input/filter/rule/5/action/node.val" in copy_file. Falling back to internal stream_file
recursive_copy_dir failed due to boost::filesystem::copy_file: Invalid cross-device link: "/opt/vyatta/config/tmp/new_config_1632/firewall/ipv4/input/filter/rule/5/state/node.val", "/opt/vyatta/config/tmp/tmp_1632/active/firewall/ipv4/input/filter/rule/5/state/node.val" in copy_file. Falling back to internal stream_file
recursive_copy_dir failed due to boost::filesystem::copy_file: Invalid cross-device link: "/opt/vyatta/config/tmp/new_config_1632/firewall/ipv4/input/filter/rule/10/action/node.val", "/opt/vyatta/config/tmp/tmp_1632/active/firewall/ipv4/input/filter/rule/10/action/node.val" in copy_file. Falling back to internal stream_file
recursive_copy_dir failed due to boost::filesystem::copy_file: Invalid cross-device link: "/opt/vyatta/config/tmp/new_config_1632/firewall/ipv4/input/filter/rule/10/jump-target/node.val", "/opt/vyatta/config/tmp/tmp_1632/active/firewall/ipv4/input/filter/rule/10/jump-target/node.val" in copy_file. Falling back to internal stream_file
recursive_copy_dir failed due to boost::filesystem::copy_file: Invalid cross-device link: "/opt/vyatta/config/tmp/new_config_1632/firewall/ipv4/input/filter/rule/10/state/node.val", "/opt/vyatta/config/tmp/tmp_1632/active/firewall/ipv4/input/filter/rule/10/state/node.val" in copy_file. Falling back to internal stream_file
recursive_copy_dir failed due to boost::filesystem::copy_file: Invalid cross-device link: "/opt/vyatta/config/tmp/new_config_1632/firewall/ipv4/input/filter/rule/20/action/node.val", "/opt/vyatta/config/tmp/tmp_1632/active/firewall/ipv4/input/filter/rule/20/action/node.val" in copy_file. Falling back to internal stream_file
recursive_copy_dir failed due to boost::filesystem::copy_file: Invalid cross-device link: "/opt/vyatta/config/tmp/new_config_1632/firewall/ipv4/input/filter/rule/20/destination/port/node.val", "/opt/vyatta/config/tmp/tmp_1632/active/firewall/ipv4/input/filter/rule/20/destination/port/node.val" in copy_file. Falling back to internal stream_file
recursive_copy_dir failed due to boost::filesystem::copy_file: Invalid cross-device link: "/opt/vyatta/config/tmp/new_config_1632/firewall/ipv4/input/filter/rule/20/jump-target/node.val", "/opt/vyatta/config/tmp/tmp_1632/active/firewall/ipv4/input/filter/rule/20/jump-target/node.val" in copy_file. Falling back to internal stream_file
recursive_copy_dir failed due to boost::filesystem::copy_file: Invalid cross-device link: "/opt/vyatta/config/tmp/new_config_1632/firewall/ipv4/input/filter/rule/20/protocol/node.val", "/opt/vyatta/config/tmp/tmp_1632/active/firewall/ipv4/input/filter/rule/20/protocol/node.val" in copy_file. Falling back to internal stream_file
recursive_copy_dir failed due to boost::filesystem::copy_file: Invalid cross-device link: "/opt/vyatta/config/tmp/new_config_1632/firewall/ipv4/name/CONN_FILTER/default-action/node.val", "/opt/vyatta/config/tmp/tmp_1632/active/firewall/ipv4/name/CONN_FILTER/default-action/node.val" in copy_file. Falling back to internal stream_file
recursive_copy_dir failed due to boost::filesystem::copy_file: Invalid cross-device link: "/opt/vyatta/config/tmp/new_config_1632/firewall/ipv4/name/CONN_FILTER/rule/10/action/node.val", "/opt/vyatta/config/tmp/tmp_1632/active/firewall/ipv4/name/CONN_FILTER/rule/10/action/node.val" in copy_file. Falling back to internal stream_file
recursive_copy_dir failed due to boost::filesystem::copy_file: Invalid cross-device link: "/opt/vyatta/config/tmp/new_config_1632/firewall/ipv4/name/CONN_FILTER/rule/10/state/node.val", "/opt/vyatta/config/tmp/tmp_1632/active/firewall/ipv4/name/CONN_FILTER/rule/10/state/node.val" in copy_file. Falling back to internal stream_file
recursive_copy_dir failed due to boost::filesystem::copy_file: Invalid cross-device link: "/opt/vyatta/config/tmp/new_config_1632/firewall/ipv4/name/CONN_FILTER/rule/20/action/node.val", "/opt/vyatta/config/tmp/tmp_1632/active/firewall/ipv4/name/CONN_FILTER/rule/20/action/node.val" in copy_file. Falling back to internal stream_file
recursive_copy_dir failed due to boost::filesystem::copy_file: Invalid cross-device link: "/opt/vyatta/config/tmp/new_config_1632/firewall/ipv4/name/CONN_FILTER/rule/20/state/node.val", "/opt/vyatta/config/tmp/tmp_1632/active/firewall/ipv4/name/CONN_FILTER/rule/20/state/node.val" in copy_file. Falling back to internal stream_file
recursive_copy_dir failed due to boost::filesystem::copy_file: Invalid cross-device link: "/opt/vyatta/config/tmp/new_config_1632/firewall/ipv4/name/PHANTOM_MANAGEMENT/default-action/node.val", "/opt/vyatta/config/tmp/tmp_1632/active/firewall/ipv4/name/PHANTOM_MANAGEMENT/default-action/node.val" in copy_file. Falling back to internal stream_file
recursive_copy_dir failed due to boost::filesystem::copy_file: Invalid cross-device link: "/opt/vyatta/config/tmp/new_config_1632/interfaces/ethernet/eth0/address/node.val", "/opt/vyatta/config/tmp/tmp_1632/active/interfaces/ethernet/eth0/address/node.val" in copy_file. Falling back to internal stream_file
recursive_copy_dir failed due to boost::filesystem::copy_file: Invalid cross-device link: "/opt/vyatta/config/tmp/new_config_1632/interfaces/ethernet/eth0/description/node.val", "/opt/vyatta/config/tmp/tmp_1632/active/interfaces/ethernet/eth0/description/node.val" in copy_file. Falling back to internal stream_file
recursive_copy_dir failed due to boost::filesystem::copy_file: Invalid cross-device link: "/opt/vyatta/config/tmp/new_config_1632/interfaces/ethernet/eth0/hw-id/node.val", "/opt/vyatta/config/tmp/tmp_1632/active/interfaces/ethernet/eth0/hw-id/node.val" in copy_file. Falling back to internal stream_file
recursive_copy_dir failed due to boost::filesystem::copy_file: Invalid cross-device link: "/opt/vyatta/config/tmp/new_config_1632/pki/ca/CA/certificate/node.val", "/opt/vyatta/config/tmp/tmp_1632/active/pki/ca/CA/certificate/node.val" in copy_file. Falling back to internal stream_file
recursive_copy_dir failed due to boost::filesystem::copy_file: Invalid cross-device link: "/opt/vyatta/config/tmp/new_config_1632/pki/ca/CA/private/key/node.val", "/opt/vyatta/config/tmp/tmp_1632/active/pki/ca/CA/private/key/node.val" in copy_file. Falling back to internal stream_file
recursive_copy_dir failed due to boost::filesystem::copy_file: Invalid cross-device link: "/opt/vyatta/config/tmp/new_config_1632/pki/certificate/Server/certificate/node.val", "/opt/vyatta/config/tmp/tmp_1632/active/pki/certificate/Server/certificate/node.val" in copy_file. Falling back to internal stream_file
recursive_copy_dir failed due to boost::filesystem::copy_file: Invalid cross-device link: "/opt/vyatta/config/tmp/new_config_1632/pki/certificate/Server/private/key/node.val", "/opt/vyatta/config/tmp/tmp_1632/active/pki/certificate/Server/private/key/node.val" in copy_file. Falling back to internal stream_file
recursive_copy_dir failed due to boost::filesystem::copy_file: Invalid cross-device link: "/opt/vyatta/config/tmp/new_config_1632/service/ntp/allow-client/address/node.val", "/opt/vyatta/config/tmp/tmp_1632/active/service/ntp/allow-client/address/node.val" in copy_file. Falling back to internal stream_file
recursive_copy_dir failed due to boost::filesystem::copy_file: Invalid cross-device link: "/opt/vyatta/config/tmp/new_config_1632/service/ssh/port/node.val", "/opt/vyatta/config/tmp/tmp_1632/active/service/ssh/port/node.val" in copy_file. Falling back to internal stream_file
recursive_copy_dir failed due to boost::filesystem::copy_file: Invalid cross-device link: "/opt/vyatta/config/tmp/new_config_1632/system/config-management/commit-revisions/node.val", "/opt/vyatta/config/tmp/tmp_1632/active/system/config-management/commit-revisions/node.val" in copy_file. Falling back to internal stream_file
recursive_copy_dir failed due to boost::filesystem::copy_file: Invalid cross-device link: "/opt/vyatta/config/tmp/new_config_1632/system/console/device/ttyS0/speed/node.val", "/opt/vyatta/config/tmp/tmp_1632/active/system/console/device/ttyS0/speed/node.val" in copy_file. Falling back to internal stream_file
recursive_copy_dir failed due to boost::filesystem::copy_file: Invalid cross-device link: "/opt/vyatta/config/tmp/new_config_1632/system/host-name/node.val", "/opt/vyatta/config/tmp/tmp_1632/active/system/host-name/node.val" in copy_file. Falling back to internal stream_file
recursive_copy_dir failed due to boost::filesystem::copy_file: Invalid cross-device link: "/opt/vyatta/config/tmp/new_config_1632/system/login/user/admin/authentication/encrypted-password/node.val", "/opt/vyatta/config/tmp/tmp_1632/active/system/login/user/admin/authentication/encrypted-password/node.val" in copy_file. Falling back to internal stream_file
recursive_copy_dir failed due to boost::filesystem::copy_file: Invalid cross-device link: "/opt/vyatta/config/tmp/new_config_1632/system/login/user/vyos/authentication/encrypted-password/node.val", "/opt/vyatta/config/tmp/tmp_1632/active/system/login/user/vyos/authentication/encrypted-password/node.val" in copy_file. Falling back to internal stream_file
recursive_copy_dir failed due to boost::filesystem::copy_file: Invalid cross-device link: "/opt/vyatta/config/tmp/new_config_1632/system/syslog/global/facility/all/level/node.val", "/opt/vyatta/config/tmp/tmp_1632/active/system/syslog/global/facility/all/level/node.val" in copy_file. Falling back to internal stream_file
recursive_copy_dir failed due to boost::filesystem::copy_file: Invalid cross-device link: "/opt/vyatta/config/tmp/new_config_1632/system/syslog/global/facility/local7/level/node.val", "/opt/vyatta/config/tmp/tmp_1632/active/system/syslog/global/facility/local7/level/node.val" in copy_file. Falling back to internal stream_file
recursive_copy_dir failed due to boost::filesystem::copy_file: Invalid cross-device link: "/opt/vyatta/config/tmp/new_config_1632/vpn/sstp/authentication/local-users/username/lstanley/password/node.val", "/opt/vyatta/config/tmp/tmp_1632/active/vpn/sstp/authentication/local-users/username/lstanley/password/node.val" in copy_file. Falling back to internal stream_file
recursive_copy_dir failed due to boost::filesystem::copy_file: Invalid cross-device link: "/opt/vyatta/config/tmp/new_config_1632/vpn/sstp/authentication/mode/node.val", "/opt/vyatta/config/tmp/tmp_1632/active/vpn/sstp/authentication/mode/node.val" in copy_file. Falling back to internal stream_file
recursive_copy_dir failed due to boost::filesystem::copy_file: Invalid cross-device link: "/opt/vyatta/config/tmp/new_config_1632/vpn/sstp/client-ip-pool/SSTP-POOL/range/node.val", "/opt/vyatta/config/tmp/tmp_1632/active/vpn/sstp/client-ip-pool/SSTP-POOL/range/node.val" in copy_file. Falling back to internal stream_file
recursive_copy_dir failed due to boost::filesystem::copy_file: Invalid cross-device link: "/opt/vyatta/config/tmp/new_config_1632/vpn/sstp/default-pool/node.val", "/opt/vyatta/config/tmp/tmp_1632/active/vpn/sstp/default-pool/node.val" in copy_file. Falling back to internal stream_file
recursive_copy_dir failed due to boost::filesystem::copy_file: Invalid cross-device link: "/opt/vyatta/config/tmp/new_config_1632/vpn/sstp/gateway-address/node.val", "/opt/vyatta/config/tmp/tmp_1632/active/vpn/sstp/gateway-address/node.val" in copy_file. Falling back to internal stream_file
recursive_copy_dir failed due to boost::filesystem::copy_file: Invalid cross-device link: "/opt/vyatta/config/tmp/new_config_1632/vpn/sstp/ssl/ca-certificate/node.val", "/opt/vyatta/config/tmp/tmp_1632/active/vpn/sstp/ssl/ca-certificate/node.val" in copy_file. Falling back to internal stream_file
recursive_copy_dir failed due to boost::filesystem::copy_file: Invalid cross-device link: "/opt/vyatta/config/tmp/new_config_1632/vpn/sstp/ssl/certificate/node.val", "/opt/vyatta/config/tmp/tmp_1632/active/vpn/sstp/ssl/certificate/node.val" in copy_file. Falling back to internal stream_file
cp[/opt/vyatta/config/tmp/new_config_1775]->[/opt/vyatta/config/tmp/tmp_1775/work]
recursive_copy_dir failed due to boost::filesystem::copy_file: Invalid cross-device link: "/opt/vyatta/config/tmp/new_config_1775/firewall/global-options/state-policy/established/action/node.val", "/opt/vyatta/config/tmp/tmp_1775/work/firewall/global-options/state-policy/established/action/node.val" in copy_file. Falling back to internal stream_file
recursive_copy_dir failed due to boost::filesystem::copy_file: Invalid cross-device link: "/opt/vyatta/config/tmp/new_config_1775/firewall/global-options/state-policy/invalid/action/node.val", "/opt/vyatta/config/tmp/tmp_1775/work/firewall/global-options/state-policy/invalid/action/node.val" in copy_file. Falling back to internal stream_file
recursive_copy_dir failed due to boost::filesystem::copy_file: Invalid cross-device link: "/opt/vyatta/config/tmp/new_config_1775/firewall/global-options/state-policy/related/action/node.val", "/opt/vyatta/config/tmp/tmp_1775/work/firewall/global-options/state-policy/related/action/node.val" in copy_file. Falling back to internal stream_file
recursive_copy_dir failed due to boost::filesystem::copy_file: Invalid cross-device link: "/opt/vyatta/config/tmp/new_config_1775/firewall/ipv4/forward/filter/rule/5/action/node.val", "/opt/vyatta/config/tmp/tmp_1775/work/firewall/ipv4/forward/filter/rule/5/action/node.val" in copy_file. Falling back to internal stream_file
recursive_copy_dir failed due to boost::filesystem::copy_file: Invalid cross-device link: "/opt/vyatta/config/tmp/new_config_1775/firewall/ipv4/forward/filter/rule/5/state/node.val", "/opt/vyatta/config/tmp/tmp_1775/work/firewall/ipv4/forward/filter/rule/5/state/node.val" in copy_file. Falling back to internal stream_file
recursive_copy_dir failed due to boost::filesystem::copy_file: Invalid cross-device link: "/opt/vyatta/config/tmp/new_config_1775/firewall/ipv4/forward/filter/rule/10/action/node.val", "/opt/vyatta/config/tmp/tmp_1775/work/firewall/ipv4/forward/filter/rule/10/action/node.val" in copy_file. Falling back to internal stream_file
recursive_copy_dir failed due to boost::filesystem::copy_file: Invalid cross-device link: "/opt/vyatta/config/tmp/new_config_1775/firewall/ipv4/forward/filter/rule/10/jump-target/node.val", "/opt/vyatta/config/tmp/tmp_1775/work/firewall/ipv4/forward/filter/rule/10/jump-target/node.val" in copy_file. Falling back to internal stream_file
recursive_copy_dir failed due to boost::filesystem::copy_file: Invalid cross-device link: "/opt/vyatta/config/tmp/new_config_1775/firewall/ipv4/forward/filter/rule/10/state/node.val", "/opt/vyatta/config/tmp/tmp_1775/work/firewall/ipv4/forward/filter/rule/10/state/node.val" in copy_file. Falling back to internal stream_file
recursive_copy_dir failed due to boost::filesystem::copy_file: Invalid cross-device link: "/opt/vyatta/config/tmp/new_config_1775/firewall/ipv4/input/filter/rule/5/action/node.val", "/opt/vyatta/config/tmp/tmp_1775/work/firewall/ipv4/input/filter/rule/5/action/node.val" in copy_file. Falling back to internal stream_file
recursive_copy_dir failed due to boost::filesystem::copy_file: Invalid cross-device link: "/opt/vyatta/config/tmp/new_config_1775/firewall/ipv4/input/filter/rule/5/state/node.val", "/opt/vyatta/config/tmp/tmp_1775/work/firewall/ipv4/input/filter/rule/5/state/node.val" in copy_file. Falling back to internal stream_file
recursive_copy_dir failed due to boost::filesystem::copy_file: Invalid cross-device link: "/opt/vyatta/config/tmp/new_config_1775/firewall/ipv4/input/filter/rule/10/action/node.val", "/opt/vyatta/config/tmp/tmp_1775/work/firewall/ipv4/input/filter/rule/10/action/node.val" in copy_file. Falling back to internal stream_file
recursive_copy_dir failed due to boost::filesystem::copy_file: Invalid cross-device link: "/opt/vyatta/config/tmp/new_config_1775/firewall/ipv4/input/filter/rule/10/jump-target/node.val", "/opt/vyatta/config/tmp/tmp_1775/work/firewall/ipv4/input/filter/rule/10/jump-target/node.val" in copy_file. Falling back to internal stream_file
recursive_copy_dir failed due to boost::filesystem::copy_file: Invalid cross-device link: "/opt/vyatta/config/tmp/new_config_1775/firewall/ipv4/input/filter/rule/10/state/node.val", "/opt/vyatta/config/tmp/tmp_1775/work/firewall/ipv4/input/filter/rule/10/state/node.val" in copy_file. Falling back to internal stream_file
recursive_copy_dir failed due to boost::filesystem::copy_file: Invalid cross-device link: "/opt/vyatta/config/tmp/new_config_1775/firewall/ipv4/input/filter/rule/20/action/node.val", "/opt/vyatta/config/tmp/tmp_1775/work/firewall/ipv4/input/filter/rule/20/action/node.val" in copy_file. Falling back to internal stream_file
recursive_copy_dir failed due to boost::filesystem::copy_file: Invalid cross-device link: "/opt/vyatta/config/tmp/new_config_1775/firewall/ipv4/input/filter/rule/20/destination/port/node.val", "/opt/vyatta/config/tmp/tmp_1775/work/firewall/ipv4/input/filter/rule/20/destination/port/node.val" in copy_file. Falling back to internal stream_file
recursive_copy_dir failed due to boost::filesystem::copy_file: Invalid cross-device link: "/opt/vyatta/config/tmp/new_config_1775/firewall/ipv4/input/filter/rule/20/jump-target/node.val", "/opt/vyatta/config/tmp/tmp_1775/work/firewall/ipv4/input/filter/rule/20/jump-target/node.val" in copy_file. Falling back to internal stream_file
recursive_copy_dir failed due to boost::filesystem::copy_file: Invalid cross-device link: "/opt/vyatta/config/tmp/new_config_1775/firewall/ipv4/input/filter/rule/20/protocol/node.val", "/opt/vyatta/config/tmp/tmp_1775/work/firewall/ipv4/input/filter/rule/20/protocol/node.val" in copy_file. Falling back to internal stream_file
recursive_copy_dir failed due to boost::filesystem::copy_file: Invalid cross-device link: "/opt/vyatta/config/tmp/new_config_1775/firewall/ipv4/name/CONN_FILTER/default-action/node.val", "/opt/vyatta/config/tmp/tmp_1775/work/firewall/ipv4/name/CONN_FILTER/default-action/node.val" in copy_file. Falling back to internal stream_file
recursive_copy_dir failed due to boost::filesystem::copy_file: Invalid cross-device link: "/opt/vyatta/config/tmp/new_config_1775/firewall/ipv4/name/CONN_FILTER/rule/10/action/node.val", "/opt/vyatta/config/tmp/tmp_1775/work/firewall/ipv4/name/CONN_FILTER/rule/10/action/node.val" in copy_file. Falling back to internal stream_file
recursive_copy_dir failed due to boost::filesystem::copy_file: Invalid cross-device link: "/opt/vyatta/config/tmp/new_config_1775/firewall/ipv4/name/CONN_FILTER/rule/10/state/node.val", "/opt/vyatta/config/tmp/tmp_1775/work/firewall/ipv4/name/CONN_FILTER/rule/10/state/node.val" in copy_file. Falling back to internal stream_file
recursive_copy_dir failed due to boost::filesystem::copy_file: Invalid cross-device link: "/opt/vyatta/config/tmp/new_config_1775/firewall/ipv4/name/CONN_FILTER/rule/20/action/node.val", "/opt/vyatta/config/tmp/tmp_1775/work/firewall/ipv4/name/CONN_FILTER/rule/20/action/node.val" in copy_file. Falling back to internal stream_file
recursive_copy_dir failed due to boost::filesystem::copy_file: Invalid cross-device link: "/opt/vyatta/config/tmp/new_config_1775/firewall/ipv4/name/CONN_FILTER/rule/20/state/node.val", "/opt/vyatta/config/tmp/tmp_1775/work/firewall/ipv4/name/CONN_FILTER/rule/20/state/node.val" in copy_file. Falling back to internal stream_file
recursive_copy_dir failed due to boost::filesystem::copy_file: Invalid cross-device link: "/opt/vyatta/config/tmp/new_config_1775/firewall/ipv4/name/PHANTOM_MANAGEMENT/default-action/node.val", "/opt/vyatta/config/tmp/tmp_1775/work/firewall/ipv4/name/PHANTOM_MANAGEMENT/default-action/node.val" in copy_file. Falling back to internal stream_file
recursive_copy_dir failed due to boost::filesystem::copy_file: Invalid cross-device link: "/opt/vyatta/config/tmp/new_config_1775/interfaces/ethernet/eth0/address/node.val", "/opt/vyatta/config/tmp/tmp_1775/work/interfaces/ethernet/eth0/address/node.val" in copy_file. Falling back to internal stream_file
recursive_copy_dir failed due to boost::filesystem::copy_file: Invalid cross-device link: "/opt/vyatta/config/tmp/new_config_1775/interfaces/ethernet/eth0/description/node.val", "/opt/vyatta/config/tmp/tmp_1775/work/interfaces/ethernet/eth0/description/node.val" in copy_file. Falling back to internal stream_file
recursive_copy_dir failed due to boost::filesystem::copy_file: Invalid cross-device link: "/opt/vyatta/config/tmp/new_config_1775/interfaces/ethernet/eth0/hw-id/node.val", "/opt/vyatta/config/tmp/tmp_1775/work/interfaces/ethernet/eth0/hw-id/node.val" in copy_file. Falling back to internal stream_file
recursive_copy_dir failed due to boost::filesystem::copy_file: Invalid cross-device link: "/opt/vyatta/config/tmp/new_config_1775/pki/ca/CA/certificate/node.val", "/opt/vyatta/config/tmp/tmp_1775/work/pki/ca/CA/certificate/node.val" in copy_file. Falling back to internal stream_file
recursive_copy_dir failed due to boost::filesystem::copy_file: Invalid cross-device link: "/opt/vyatta/config/tmp/new_config_1775/pki/ca/CA/private/key/node.val", "/opt/vyatta/config/tmp/tmp_1775/work/pki/ca/CA/private/key/node.val" in copy_file. Falling back to internal stream_file
recursive_copy_dir failed due to boost::filesystem::copy_file: Invalid cross-device link: "/opt/vyatta/config/tmp/new_config_1775/pki/certificate/Server/certificate/node.val", "/opt/vyatta/config/tmp/tmp_1775/work/pki/certificate/Server/certificate/node.val" in copy_file. Falling back to internal stream_file
recursive_copy_dir failed due to boost::filesystem::copy_file: Invalid cross-device link: "/opt/vyatta/config/tmp/new_config_1775/pki/certificate/Server/private/key/node.val", "/opt/vyatta/config/tmp/tmp_1775/work/pki/certificate/Server/private/key/node.val" in copy_file. Falling back to internal stream_file
recursive_copy_dir failed due to boost::filesystem::copy_file: Invalid cross-device link: "/opt/vyatta/config/tmp/new_config_1775/service/ntp/allow-client/address/node.val", "/opt/vyatta/config/tmp/tmp_1775/work/service/ntp/allow-client/address/node.val" in copy_file. Falling back to internal stream_file
recursive_copy_dir failed due to boost::filesystem::copy_file: Invalid cross-device link: "/opt/vyatta/config/tmp/new_config_1775/service/ssh/port/node.val", "/opt/vyatta/config/tmp/tmp_1775/work/service/ssh/port/node.val" in copy_file. Falling back to internal stream_file
recursive_copy_dir failed due to boost::filesystem::copy_file: Invalid cross-device link: "/opt/vyatta/config/tmp/new_config_1775/system/config-management/commit-revisions/node.val", "/opt/vyatta/config/tmp/tmp_1775/work/system/config-management/commit-revisions/node.val" in copy_file. Falling back to internal stream_file
recursive_copy_dir failed due to boost::filesystem::copy_file: Invalid cross-device link: "/opt/vyatta/config/tmp/new_config_1775/system/console/device/ttyS0/speed/node.val", "/opt/vyatta/config/tmp/tmp_1775/work/system/console/device/ttyS0/speed/node.val" in copy_file. Falling back to internal stream_file
recursive_copy_dir failed due to boost::filesystem::copy_file: Invalid cross-device link: "/opt/vyatta/config/tmp/new_config_1775/system/host-name/node.val", "/opt/vyatta/config/tmp/tmp_1775/work/system/host-name/node.val" in copy_file. Falling back to internal stream_file
recursive_copy_dir failed due to boost::filesystem::copy_file: Invalid cross-device link: "/opt/vyatta/config/tmp/new_config_1775/system/login/user/admin/authentication/encrypted-password/node.val", "/opt/vyatta/config/tmp/tmp_1775/work/system/login/user/admin/authentication/encrypted-password/node.val" in copy_file. Falling back to internal stream_file
recursive_copy_dir failed due to boost::filesystem::copy_file: Invalid cross-device link: "/opt/vyatta/config/tmp/new_config_1775/system/login/user/vyos/authentication/encrypted-password/node.val", "/opt/vyatta/config/tmp/tmp_1775/work/system/login/user/vyos/authentication/encrypted-password/node.val" in copy_file. Falling back to internal stream_file
recursive_copy_dir failed due to boost::filesystem::copy_file: Invalid cross-device link: "/opt/vyatta/config/tmp/new_config_1775/system/syslog/global/facility/all/level/node.val", "/opt/vyatta/config/tmp/tmp_1775/work/system/syslog/global/facility/all/level/node.val" in copy_file. Falling back to internal stream_file
recursive_copy_dir failed due to boost::filesystem::copy_file: Invalid cross-device link: "/opt/vyatta/config/tmp/new_config_1775/system/syslog/global/facility/local7/level/node.val", "/opt/vyatta/config/tmp/tmp_1775/work/system/syslog/global/facility/local7/level/node.val" in copy_file. Falling back to internal stream_file
recursive_copy_dir failed due to boost::filesystem::copy_file: Invalid cross-device link: "/opt/vyatta/config/tmp/new_config_1775/vpn/sstp/authentication/local-users/username/lstanley/password/node.val", "/opt/vyatta/config/tmp/tmp_1775/work/vpn/sstp/authentication/local-users/username/lstanley/password/node.val" in copy_file. Falling back to internal stream_file
recursive_copy_dir failed due to boost::filesystem::copy_file: Invalid cross-device link: "/opt/vyatta/config/tmp/new_config_1775/vpn/sstp/authentication/mode/node.val", "/opt/vyatta/config/tmp/tmp_1775/work/vpn/sstp/authentication/mode/node.val" in copy_file. Falling back to internal stream_file
recursive_copy_dir failed due to boost::filesystem::copy_file: Invalid cross-device link: "/opt/vyatta/config/tmp/new_config_1775/vpn/sstp/client-ip-pool/SSTP-POOL/range/node.val", "/opt/vyatta/config/tmp/tmp_1775/work/vpn/sstp/client-ip-pool/SSTP-POOL/range/node.val" in copy_file. Falling back to internal stream_file
recursive_copy_dir failed due to boost::filesystem::copy_file: Invalid cross-device link: "/opt/vyatta/config/tmp/new_config_1775/vpn/sstp/default-pool/node.val", "/opt/vyatta/config/tmp/tmp_1775/work/vpn/sstp/default-pool/node.val" in copy_file. Falling back to internal stream_file
recursive_copy_dir failed due to boost::filesystem::copy_file: Invalid cross-device link: "/opt/vyatta/config/tmp/new_config_1775/vpn/sstp/gateway-address/node.val", "/opt/vyatta/config/tmp/tmp_1775/work/vpn/sstp/gateway-address/node.val" in copy_file. Falling back to internal stream_file
recursive_copy_dir failed due to boost::filesystem::copy_file: Invalid cross-device link: "/opt/vyatta/config/tmp/new_config_1775/vpn/sstp/ssl/ca-certificate/node.val", "/opt/vyatta/config/tmp/tmp_1775/work/vpn/sstp/ssl/ca-certificate/node.val" in copy_file. Falling back to internal stream_file
recursive_copy_dir failed due to boost::filesystem::copy_file: Invalid cross-device link: "/opt/vyatta/config/tmp/new_config_1775/vpn/sstp/ssl/certificate/node.val", "/opt/vyatta/config/tmp/tmp_1775/work/vpn/sstp/ssl/certificate/node.val" in copy_file. Falling back to internal stream_file
no tap[/opt/vyatta/config/tmp/tmp_1775/active]
cp[/opt/vyatta/config/tmp/new_config_1775]->[/opt/vyatta/config/tmp/tmp_1775/active]
recursive_copy_dir failed due to boost::filesystem::copy_file: Invalid cross-device link: "/opt/vyatta/config/tmp/new_config_1775/firewall/global-options/state-policy/established/action/node.val", "/opt/vyatta/config/tmp/tmp_1775/active/firewall/global-options/state-policy/established/action/node.val" in copy_file. Falling back to internal stream_file
recursive_copy_dir failed due to boost::filesystem::copy_file: Invalid cross-device link: "/opt/vyatta/config/tmp/new_config_1775/firewall/global-options/state-policy/invalid/action/node.val", "/opt/vyatta/config/tmp/tmp_1775/active/firewall/global-options/state-policy/invalid/action/node.val" in copy_file. Falling back to internal stream_file
recursive_copy_dir failed due to boost::filesystem::copy_file: Invalid cross-device link: "/opt/vyatta/config/tmp/new_config_1775/firewall/global-options/state-policy/related/action/node.val", "/opt/vyatta/config/tmp/tmp_1775/active/firewall/global-options/state-policy/related/action/node.val" in copy_file. Falling back to internal stream_file
recursive_copy_dir failed due to boost::filesystem::copy_file: Invalid cross-device link: "/opt/vyatta/config/tmp/new_config_1775/firewall/ipv4/forward/filter/rule/5/action/node.val", "/opt/vyatta/config/tmp/tmp_1775/active/firewall/ipv4/forward/filter/rule/5/action/node.val" in copy_file. Falling back to internal stream_file
recursive_copy_dir failed due to boost::filesystem::copy_file: Invalid cross-device link: "/opt/vyatta/config/tmp/new_config_1775/firewall/ipv4/forward/filter/rule/5/state/node.val", "/opt/vyatta/config/tmp/tmp_1775/active/firewall/ipv4/forward/filter/rule/5/state/node.val" in copy_file. Falling back to internal stream_file
recursive_copy_dir failed due to boost::filesystem::copy_file: Invalid cross-device link: "/opt/vyatta/config/tmp/new_config_1775/firewall/ipv4/forward/filter/rule/10/action/node.val", "/opt/vyatta/config/tmp/tmp_1775/active/firewall/ipv4/forward/filter/rule/10/action/node.val" in copy_file. Falling back to internal stream_file
recursive_copy_dir failed due to boost::filesystem::copy_file: Invalid cross-device link: "/opt/vyatta/config/tmp/new_config_1775/firewall/ipv4/forward/filter/rule/10/jump-target/node.val", "/opt/vyatta/config/tmp/tmp_1775/active/firewall/ipv4/forward/filter/rule/10/jump-target/node.val" in copy_file. Falling back to internal stream_file
recursive_copy_dir failed due to boost::filesystem::copy_file: Invalid cross-device link: "/opt/vyatta/config/tmp/new_config_1775/firewall/ipv4/forward/filter/rule/10/state/node.val", "/opt/vyatta/config/tmp/tmp_1775/active/firewall/ipv4/forward/filter/rule/10/state/node.val" in copy_file. Falling back to internal stream_file
recursive_copy_dir failed due to boost::filesystem::copy_file: Invalid cross-device link: "/opt/vyatta/config/tmp/new_config_1775/firewall/ipv4/input/filter/rule/5/action/node.val", "/opt/vyatta/config/tmp/tmp_1775/active/firewall/ipv4/input/filter/rule/5/action/node.val" in copy_file. Falling back to internal stream_file
recursive_copy_dir failed due to boost::filesystem::copy_file: Invalid cross-device link: "/opt/vyatta/config/tmp/new_config_1775/firewall/ipv4/input/filter/rule/5/state/node.val", "/opt/vyatta/config/tmp/tmp_1775/active/firewall/ipv4/input/filter/rule/5/state/node.val" in copy_file. Falling back to internal stream_file
recursive_copy_dir failed due to boost::filesystem::copy_file: Invalid cross-device link: "/opt/vyatta/config/tmp/new_config_1775/firewall/ipv4/input/filter/rule/10/action/node.val", "/opt/vyatta/config/tmp/tmp_1775/active/firewall/ipv4/input/filter/rule/10/action/node.val" in copy_file. Falling back to internal stream_file
recursive_copy_dir failed due to boost::filesystem::copy_file: Invalid cross-device link: "/opt/vyatta/config/tmp/new_config_1775/firewall/ipv4/input/filter/rule/10/jump-target/node.val", "/opt/vyatta/config/tmp/tmp_1775/active/firewall/ipv4/input/filter/rule/10/jump-target/node.val" in copy_file. Falling back to internal stream_file
recursive_copy_dir failed due to boost::filesystem::copy_file: Invalid cross-device link: "/opt/vyatta/config/tmp/new_config_1775/firewall/ipv4/input/filter/rule/10/state/node.val", "/opt/vyatta/config/tmp/tmp_1775/active/firewall/ipv4/input/filter/rule/10/state/node.val" in copy_file. Falling back to internal stream_file
recursive_copy_dir failed due to boost::filesystem::copy_file: Invalid cross-device link: "/opt/vyatta/config/tmp/new_config_1775/firewall/ipv4/input/filter/rule/20/action/node.val", "/opt/vyatta/config/tmp/tmp_1775/active/firewall/ipv4/input/filter/rule/20/action/node.val" in copy_file. Falling back to internal stream_file
recursive_copy_dir failed due to boost::filesystem::copy_file: Invalid cross-device link: "/opt/vyatta/config/tmp/new_config_1775/firewall/ipv4/input/filter/rule/20/destination/port/node.val", "/opt/vyatta/config/tmp/tmp_1775/active/firewall/ipv4/input/filter/rule/20/destination/port/node.val" in copy_file. Falling back to internal stream_file
recursive_copy_dir failed due to boost::filesystem::copy_file: Invalid cross-device link: "/opt/vyatta/config/tmp/new_config_1775/firewall/ipv4/input/filter/rule/20/jump-target/node.val", "/opt/vyatta/config/tmp/tmp_1775/active/firewall/ipv4/input/filter/rule/20/jump-target/node.val" in copy_file. Falling back to internal stream_file
recursive_copy_dir failed due to boost::filesystem::copy_file: Invalid cross-device link: "/opt/vyatta/config/tmp/new_config_1775/firewall/ipv4/input/filter/rule/20/protocol/node.val", "/opt/vyatta/config/tmp/tmp_1775/active/firewall/ipv4/input/filter/rule/20/protocol/node.val" in copy_file. Falling back to internal stream_file
recursive_copy_dir failed due to boost::filesystem::copy_file: Invalid cross-device link: "/opt/vyatta/config/tmp/new_config_1775/firewall/ipv4/name/CONN_FILTER/default-action/node.val", "/opt/vyatta/config/tmp/tmp_1775/active/firewall/ipv4/name/CONN_FILTER/default-action/node.val" in copy_file. Falling back to internal stream_file
recursive_copy_dir failed due to boost::filesystem::copy_file: Invalid cross-device link: "/opt/vyatta/config/tmp/new_config_1775/firewall/ipv4/name/CONN_FILTER/rule/10/action/node.val", "/opt/vyatta/config/tmp/tmp_1775/active/firewall/ipv4/name/CONN_FILTER/rule/10/action/node.val" in copy_file. Falling back to internal stream_file
recursive_copy_dir failed due to boost::filesystem::copy_file: Invalid cross-device link: "/opt/vyatta/config/tmp/new_config_1775/firewall/ipv4/name/CONN_FILTER/rule/10/state/node.val", "/opt/vyatta/config/tmp/tmp_1775/active/firewall/ipv4/name/CONN_FILTER/rule/10/state/node.val" in copy_file. Falling back to internal stream_file
recursive_copy_dir failed due to boost::filesystem::copy_file: Invalid cross-device link: "/opt/vyatta/config/tmp/new_config_1775/firewall/ipv4/name/CONN_FILTER/rule/20/action/node.val", "/opt/vyatta/config/tmp/tmp_1775/active/firewall/ipv4/name/CONN_FILTER/rule/20/action/node.val" in copy_file. Falling back to internal stream_file
recursive_copy_dir failed due to boost::filesystem::copy_file: Invalid cross-device link: "/opt/vyatta/config/tmp/new_config_1775/firewall/ipv4/name/CONN_FILTER/rule/20/state/node.val", "/opt/vyatta/config/tmp/tmp_1775/active/firewall/ipv4/name/CONN_FILTER/rule/20/state/node.val" in copy_file. Falling back to internal stream_file
recursive_copy_dir failed due to boost::filesystem::copy_file: Invalid cross-device link: "/opt/vyatta/config/tmp/new_config_1775/firewall/ipv4/name/PHANTOM_MANAGEMENT/default-action/node.val", "/opt/vyatta/config/tmp/tmp_1775/active/firewall/ipv4/name/PHANTOM_MANAGEMENT/default-action/node.val" in copy_file. Falling back to internal stream_file
recursive_copy_dir failed due to boost::filesystem::copy_file: Invalid cross-device link: "/opt/vyatta/config/tmp/new_config_1775/interfaces/ethernet/eth0/address/node.val", "/opt/vyatta/config/tmp/tmp_1775/active/interfaces/ethernet/eth0/address/node.val" in copy_file. Falling back to internal stream_file
recursive_copy_dir failed due to boost::filesystem::copy_file: Invalid cross-device link: "/opt/vyatta/config/tmp/new_config_1775/interfaces/ethernet/eth0/description/node.val", "/opt/vyatta/config/tmp/tmp_1775/active/interfaces/ethernet/eth0/description/node.val" in copy_file. Falling back to internal stream_file
recursive_copy_dir failed due to boost::filesystem::copy_file: Invalid cross-device link: "/opt/vyatta/config/tmp/new_config_1775/interfaces/ethernet/eth0/hw-id/node.val", "/opt/vyatta/config/tmp/tmp_1775/active/interfaces/ethernet/eth0/hw-id/node.val" in copy_file. Falling back to internal stream_file
recursive_copy_dir failed due to boost::filesystem::copy_file: Invalid cross-device link: "/opt/vyatta/config/tmp/new_config_1775/pki/ca/CA/certificate/node.val", "/opt/vyatta/config/tmp/tmp_1775/active/pki/ca/CA/certificate/node.val" in copy_file. Falling back to internal stream_file
recursive_copy_dir failed due to boost::filesystem::copy_file: Invalid cross-device link: "/opt/vyatta/config/tmp/new_config_1775/pki/ca/CA/private/key/node.val", "/opt/vyatta/config/tmp/tmp_1775/active/pki/ca/CA/private/key/node.val" in copy_file. Falling back to internal stream_file
recursive_copy_dir failed due to boost::filesystem::copy_file: Invalid cross-device link: "/opt/vyatta/config/tmp/new_config_1775/pki/certificate/Server/certificate/node.val", "/opt/vyatta/config/tmp/tmp_1775/active/pki/certificate/Server/certificate/node.val" in copy_file. Falling back to internal stream_file
recursive_copy_dir failed due to boost::filesystem::copy_file: Invalid cross-device link: "/opt/vyatta/config/tmp/new_config_1775/pki/certificate/Server/private/key/node.val", "/opt/vyatta/config/tmp/tmp_1775/active/pki/certificate/Server/private/key/node.val" in copy_file. Falling back to internal stream_file
recursive_copy_dir failed due to boost::filesystem::copy_file: Invalid cross-device link: "/opt/vyatta/config/tmp/new_config_1775/service/ntp/allow-client/address/node.val", "/opt/vyatta/config/tmp/tmp_1775/active/service/ntp/allow-client/address/node.val" in copy_file. Falling back to internal stream_file
recursive_copy_dir failed due to boost::filesystem::copy_file: Invalid cross-device link: "/opt/vyatta/config/tmp/new_config_1775/service/ssh/port/node.val", "/opt/vyatta/config/tmp/tmp_1775/active/service/ssh/port/node.val" in copy_file. Falling back to internal stream_file
recursive_copy_dir failed due to boost::filesystem::copy_file: Invalid cross-device link: "/opt/vyatta/config/tmp/new_config_1775/system/config-management/commit-revisions/node.val", "/opt/vyatta/config/tmp/tmp_1775/active/system/config-management/commit-revisions/node.val" in copy_file. Falling back to internal stream_file
recursive_copy_dir failed due to boost::filesystem::copy_file: Invalid cross-device link: "/opt/vyatta/config/tmp/new_config_1775/system/console/device/ttyS0/speed/node.val", "/opt/vyatta/config/tmp/tmp_1775/active/system/console/device/ttyS0/speed/node.val" in copy_file. Falling back to internal stream_file
recursive_copy_dir failed due to boost::filesystem::copy_file: Invalid cross-device link: "/opt/vyatta/config/tmp/new_config_1775/system/host-name/node.val", "/opt/vyatta/config/tmp/tmp_1775/active/system/host-name/node.val" in copy_file. Falling back to internal stream_file
recursive_copy_dir failed due to boost::filesystem::copy_file: Invalid cross-device link: "/opt/vyatta/config/tmp/new_config_1775/system/login/user/admin/authentication/encrypted-password/node.val", "/opt/vyatta/config/tmp/tmp_1775/active/system/login/user/admin/authentication/encrypted-password/node.val" in copy_file. Falling back to internal stream_file
recursive_copy_dir failed due to boost::filesystem::copy_file: Invalid cross-device link: "/opt/vyatta/config/tmp/new_config_1775/system/login/user/vyos/authentication/encrypted-password/node.val", "/opt/vyatta/config/tmp/tmp_1775/active/system/login/user/vyos/authentication/encrypted-password/node.val" in copy_file. Falling back to internal stream_file
recursive_copy_dir failed due to boost::filesystem::copy_file: Invalid cross-device link: "/opt/vyatta/config/tmp/new_config_1775/system/syslog/global/facility/all/level/node.val", "/opt/vyatta/config/tmp/tmp_1775/active/system/syslog/global/facility/all/level/node.val" in copy_file. Falling back to internal stream_file
recursive_copy_dir failed due to boost::filesystem::copy_file: Invalid cross-device link: "/opt/vyatta/config/tmp/new_config_1775/system/syslog/global/facility/local7/level/node.val", "/opt/vyatta/config/tmp/tmp_1775/active/system/syslog/global/facility/local7/level/node.val" in copy_file. Falling back to internal stream_file
recursive_copy_dir failed due to boost::filesystem::copy_file: Invalid cross-device link: "/opt/vyatta/config/tmp/new_config_1775/vpn/sstp/authentication/local-users/username/lstanley/password/node.val", "/opt/vyatta/config/tmp/tmp_1775/active/vpn/sstp/authentication/local-users/username/lstanley/password/node.val" in copy_file. Falling back to internal stream_file
recursive_copy_dir failed due to boost::filesystem::copy_file: Invalid cross-device link: "/opt/vyatta/config/tmp/new_config_1775/vpn/sstp/authentication/mode/node.val", "/opt/vyatta/config/tmp/tmp_1775/active/vpn/sstp/authentication/mode/node.val" in copy_file. Falling back to internal stream_file
recursive_copy_dir failed due to boost::filesystem::copy_file: Invalid cross-device link: "/opt/vyatta/config/tmp/new_config_1775/vpn/sstp/client-ip-pool/SSTP-POOL/range/node.val", "/opt/vyatta/config/tmp/tmp_1775/active/vpn/sstp/client-ip-pool/SSTP-POOL/range/node.val" in copy_file. Falling back to internal stream_file
recursive_copy_dir failed due to boost::filesystem::copy_file: Invalid cross-device link: "/opt/vyatta/config/tmp/new_config_1775/vpn/sstp/default-pool/node.val", "/opt/vyatta/config/tmp/tmp_1775/active/vpn/sstp/default-pool/node.val" in copy_file. Falling back to internal stream_file
recursive_copy_dir failed due to boost::filesystem::copy_file: Invalid cross-device link: "/opt/vyatta/config/tmp/new_config_1775/vpn/sstp/gateway-address/node.val", "/opt/vyatta/config/tmp/tmp_1775/active/vpn/sstp/gateway-address/node.val" in copy_file. Falling back to internal stream_file
recursive_copy_dir failed due to boost::filesystem::copy_file: Invalid cross-device link: "/opt/vyatta/config/tmp/new_config_1775/vpn/sstp/ssl/ca-certificate/node.val", "/opt/vyatta/config/tmp/tmp_1775/active/vpn/sstp/ssl/ca-certificate/node.val" in copy_file. Falling back to internal stream_file
recursive_copy_dir failed due to boost::filesystem::copy_file: Invalid cross-device link: "/opt/vyatta/config/tmp/new_config_1775/vpn/sstp/ssl/certificate/node.val", "/opt/vyatta/config/tmp/tmp_1775/active/vpn/sstp/ssl/certificate/node.val" in copy_file. Falling back to internal stream_file
